L1,L2,L3,L4,Final level Category,product_id,product_name
Furniture,Lamps & Lighting,Ceiling Lighting,,Ceiling Lighting,24664082,"Bulbrite 12 Watt 4"" Integrated LED Recessed Downlight with E26 Quick Connect, 3000K Soft White Light, 1100 Lumens, 4/Pack"
Furniture,Lamps & Lighting,Ceiling Lighting,,Ceiling Lighting,24664096,"Bulbrite 5"" Round 10.3-Watt 3000K LED Flush Mount Light, 850 Lumens, White (773600)"
Furniture,Lamps & Lighting,Ceiling Lighting,,Ceiling Lighting,24588843,"Adesso Eliza 1-Light Incandescent Pendant, Black/Smoked Glass (2141-01)"
Furniture,Lamps & Lighting,Ceiling Lighting,,Ceiling Lighting,24588777,"Adesso Hazel 1-Light Incandescent Pendant, Antique Brass/White (4276-21)"
Furniture,Lamps & Lighting,Ceiling Lighting,,Ceiling Lighting,24664097,"Bulbrite 5"" Round 10.3-Watt 3000K LED Flush Mount Light, 850 Lumens, Black (773601)"
Furniture,Lamps & Lighting,Ceiling Lighting,,Ceiling Lighting,24664091,"Bulbrite 9 Watt Adjustable 4"" Integrated LED Recessed Downlight with E26 Quick Connect, 4000K Cool White, 650 Lumens, 4/Pack"
Furniture,Lamps & Lighting,Ceiling Lighting,,Ceiling Lighting,24686491,"Adesso Incandescent Swirl Flush Mount Lamp, 11.5""H, Antique Brass/White Swirl Glosted Glass (3254-21)"
Furniture,Lamps & Lighting,Ceiling Lighting,,Ceiling Lighting,24664081,"Bulbrite 14 Watt 7"" LED Disc Light with Pigtail - 3000K Soft White Light, 1100 Lumens, Black, 12/Pack (862902)"
Furniture,Lamps & Lighting,Ceiling Lighting,,Ceiling Lighting,24664074,"Bulbrite 14 Watt 7"" LED Disc Light, 5CCT Selectable - 27/30/35/40/50K, 1100 Lumens, 6/Pack (862882)"
Furniture,Lamps & Lighting,Ceiling Lighting,,Ceiling Lighting,24664092,"Bulbrite 9W Adjustable 4"" Integrated LED Gimbal Downlight with E26 Quick Connect, 2700K Warm White, 650 Lumens, 4/Pack"
Furniture,Lamps & Lighting,Ceiling Lighting,,Ceiling Lighting,24664075,"Bulbrite 14 Watt 7"" LED Disc Light, 5CCT Selectable - 27/30/35/40/50K, 1100 Lumens, 12/Pack (862883)"
Furniture,Lamps & Lighting,Ceiling Lighting,,Ceiling Lighting,24664073,"Bulbrite 14 Watt 7"" LED Disc Light, 5CCT Selectable - 27/30/35/40/50K, 1100 Lumens, 4/Pack (862881)"
Furniture,Lamps & Lighting,Ceiling Lighting,,Ceiling Lighting,24588829,"Adesso Bristol 1-Light Incandescent Pendant, Dark Bronze/Clear (4287-01)"
Furniture,Lamps & Lighting,Ceiling Lighting,,Ceiling Lighting,24664099,"Bulbrite 5"" Round 10.3-Watt 5 Color Selectable LED Flush Mount Light, 850 Lumens, White (773603)"
Furniture,Lamps & Lighting,Ceiling Lighting,,Ceiling Lighting,24664080,"Bulbrite 14 Watt 7"" LED Disc Light with Pigtail - 3000K Soft White Light, 1100 Lumens, Black, 6/Pack (862901)"
Furniture,Lamps & Lighting,Ceiling Lighting,,Ceiling Lighting,24664094,"Bulbrite 12 Watt 4"" Integrated LED Recessed Downlight with E26 Quick Connect, 5CCT - 27/30/35/40/50K, 1100 Lumens, 4/Pack"
Furniture,Lamps & Lighting,Ceiling Lighting,,Ceiling Lighting,24664076,"Bulbrite 14 Watt 7"" LED Disc Light with Pigtail - 3000K Soft White Light, 1100 Lumens, White, 4/Pack (862897)"
Furniture,Lamps & Lighting,Ceiling Lighting,,Ceiling Lighting,24664090,"Bulbrite 14W Adjustable 5/6"" Integrated LED Recessed Downlight with E26 Quick Connect, 3000K Soft White, 1100 Lumens, 4/Pack"
Furniture,Lamps & Lighting,Ceiling Lighting,,Ceiling Lighting,24664077,"Bulbrite 14 Watt 7"" LED Disc Light with Pigtail - 3000K Soft White Light, 1100 Lumens, White, 6/Pack (862898)"
Furniture,Lamps & Lighting,Ceiling Lighting,,Ceiling Lighting,24664100,"Bulbrite 7"" Round 14-Watt 3000K LED Flush Mount Light, 1150 Lumens, White (773604)"
Furniture,Lamps & Lighting,Ceiling Lighting,,Ceiling Lighting,24664107,"Bulbrite 9"" Round 17-Watt 5 Color Selectable LED Flush Mount Light, 1400 Lumens, White (773611)"
Furniture,Lamps & Lighting,Ceiling Lighting,,Ceiling Lighting,24664098,"Bulbrite 5"" Round 10.3-Watt 3000K LED Flush Mount Light, 850 Lumens, Nickel (773602)"
Furniture,Lamps & Lighting,Ceiling Lighting,,Ceiling Lighting,24571646,"Stonco, Garage and Canopy DualSelect LED Ceiling Lamp, Bronze (911401872181)"
Furniture,Lamps & Lighting,Ceiling Lighting,,Ceiling Lighting,24664085,"Bulbrite 9 Watt Adjustable 4"" Integrated LED Recessed Downlight with E26 Quick Connect, 2700K Warm White, 650 Lumens, 4/Pack"
Furniture,Lamps & Lighting,Ceiling Lighting,,Ceiling Lighting,3130546,"Newhouse Lighting 4 ft. Linkable LED Shop Light, 55 Watt/5K Lumens, 4/Pack, Gray (NH-SHOP-M4FT-4)"
Furniture,Lamps & Lighting,Ceiling Lighting,,Ceiling Lighting,24664105,"Bulbrite 9"" Round 17-Watt 3000K LED Flush Mount Light, 1400 Lumens, Black (773609)"
Furniture,Lamps & Lighting,Ceiling Lighting,,Ceiling Lighting,24664103,"Bulbrite 7"" Round 14-Watt 5 Color Selectable LED Flush Mount Light, 1150 Lumens, White (773607)"
Furniture,Lamps & Lighting,Ceiling Lighting,,Ceiling Lighting,24664084,"Bulbrite 12 Watt 4"" Integrated LED Recessed Downlight with E26 Quick Connect, 2700K Warm White Light, 1100 Lumens, 4/Pack"
Furniture,Lamps & Lighting,Ceiling Lighting,,Ceiling Lighting,24664083,"Bulbrite 12 Watt 4"" Integrated LED Recessed Downlight with E26 Quick Connect, 4000K Cool White Light, 1100 Lumens, 4/Pack"
Furniture,Lamps & Lighting,Ceiling Lighting,,Ceiling Lighting,24686492,"Adesso Incandescent Swirl Pendant Lamp, 10.5""H, Antique Brass/White Swirl Glosted Glass (3256-21)"
Furniture,Lamps & Lighting,Ceiling Lighting,,Ceiling Lighting,24664102,"Bulbrite 7"" Round 14-Watt 3000K LED Flush Mount Light, 1150 Lumens, Nickel (773606)"
Furniture,Lamps & Lighting,Ceiling Lighting,,Ceiling Lighting,24664078,"Bulbrite 14 Watt 7"" LED Disc Light with Pigtail - 3000K Soft White Light, 1100 Lumens, White, 12/Pack (862899)"
Furniture,Lamps & Lighting,Ceiling Lighting,,Ceiling Lighting,3130543,"Newhouse Lighting 4 ft. LED Shop Light, 100 Watt/10K Lumens, Black (NH-SHOP-M4FT10K)"
Furniture,Lamps & Lighting,Ceiling Lighting,,Ceiling Lighting,24664106,"Bulbrite 9"" Round 17-Watt 3000K LED Flush Mount Light, 1400 Lumens, Nickel (773610)"
Furniture,Lamps & Lighting,Ceiling Lighting,,Ceiling Lighting,24664087,"Bulbrite 14W Adjustable 5/6"" Integrated LED Gimbal Downlight with E26 Quick Connect, 3000K Soft White, 1100 Lumens, 4/Pack"
Furniture,Lamps & Lighting,Ceiling Lighting,,Ceiling Lighting,24664101,"Bulbrite 7"" Round 14-Watt 3000K LED Flush Mount Light, 1150 Lumens, Black (773605)"
Furniture,Lamps & Lighting,Ceiling Lighting,,Ceiling Lighting,24664086,"Bulbrite 14 Watt Adjustable 5/6""Integrated LED Recessed Downlight, E26 Quick Connect, 4000K Cool White, 1100 Lumens, 4/Pack"
Furniture,Lamps & Lighting,Ceiling Lighting,,Ceiling Lighting,24588810,"Adesso Dale 1-Light Incandescent/CFL Pendant, Matte Black/Natural Rubberwood (6267-01)"
Furniture,Lamps & Lighting,Ceiling Lighting,,Ceiling Lighting,24664093,"Bulbrite 9W Adjustable 4"" Integrated LED Gimbal Downlight with E26 Quick Connect, 3000K Soft White, 650 Lumens, 4/Pack"
Furniture,Lamps & Lighting,Ceiling Lighting,,Ceiling Lighting,3130545,"Newhouse Lighting 4 ft. LED Shop Light, 100 Watt/10K Lumens, 4/Pack, Black (NH-SHOP-10K-4)"
Furniture,Lamps & Lighting,Ceiling Lighting,,Ceiling Lighting,24664088,"Bulbrite 14W Adjustable 5/6"" Integrated LED Gimbal Downlight with E26 Quick Connect, 2700K Warm White, 1100 Lumens, 4/Pack"
Furniture,Lamps & Lighting,Ceiling Lighting,,Ceiling Lighting,24664079,"Bulbrite 14 Watt 7"" LED Disc Light with Pigtail - 3000K Soft White Light, 1100 Lumens, Black, 4/Pack (862900)"
Furniture,Lamps & Lighting,Ceiling Lighting,,Ceiling Lighting,3130556,"Newhouse Lighting 4 ft. Linkable LED Shop Light, 55 Watt/5K Lumens, Gray (NH-SHOP-M4FT)"
Furniture,Lamps & Lighting,Ceiling Lighting,,Ceiling Lighting,1182731,"Trademark NBA 14"" Single Shade Gameroom Lamp, Utah Jazz"
Furniture,Lamps & Lighting,Ceiling Lighting,,Ceiling Lighting,1182726,"Trademark NBA 14"" Single Shade Gameroom Lamp, Denver Nuggets"
Furniture,Lamps & Lighting,Ceiling Lighting,,Ceiling Lighting,302321,"Ore International® K-5126H Incandescent 75 W Rosie Crystal Chandelier, Gray/Light Pink"
Furniture,Desks,CPU Holders & Mounts,,CPU Holders & Mounts,24465923,"Mount-It! Metal CPU Stand with Four Casters, Black (MI-7153)"
Furniture,Desks,CPU Holders & Mounts,,CPU Holders & Mounts,2607850,"Mount-It! Aluminum CPU Under Desk Stand, Black (MI-7150)"
Furniture,Desks,CPU Holders & Mounts,,CPU Holders & Mounts,24596730,"Mount-It! Steel CPU Rotating Heavy-Duty Under-Desk/Wall Mount, Matte Black (MI-7170)"
Furniture,Desks,CPU Holders & Mounts,,CPU Holders & Mounts,2508765,"Uncaged Ergonomics Adjustable Monitor Mounting Kit, Gray/Silver (CPU1G)"
Furniture,Desks,CPU Holders & Mounts,,CPU Holders & Mounts,24294686,"LifeFlo Ergonomics Enclosed CPU Holder, 12.13""H x 4 - 5.5""W x 15.74""D, Silver (LFO-ACTSCPU81)"
Furniture,Desks,CPU Holders & Mounts,,CPU Holders & Mounts,24596731,"Mount-It! Deluxe Steel CPU Mount with Sliding Track, Matte Black (MI-7172)"
Furniture,Desks,CPU Holders & Mounts,,CPU Holders & Mounts,24294687,"LifeFlo Ergonomics CPU Cradle for Fluid LT Workstation, 7.25” Height, 4.5 - 8” Width, 10"" Depth.  Silver (LFO-ACTSCPU61)"
Furniture,Desks,CPU Holders & Mounts,,CPU Holders & Mounts,24763387,"Mount-It! MedHub Adjustable Mini CPU Mount for Wall and Mobile Medical Workstations, 0.67""-2.8"" Width, 11 lb Capacity (MI-16052)"
Furniture,Desks,CPU Holders & Mounts,,CPU Holders & Mounts,2720826,"Kantek Steel Mobile CPU Stand, Black (CS200B)"
Furniture,Desks,CPU Holders & Mounts,,CPU Holders & Mounts,24763386,"Mount-It! MedHub Space-Saving Adjustable CPU Mount for Mobile Medical Carts, Fits 4.8""- 8.3"" CPUs, 22 lbs. Capacity (MI-16051)"
Furniture,Desks,CPU Holders & Mounts,,CPU Holders & Mounts,24596732,"Mount-It! Steel CPU Heavy-Duty Under-Desk/Wall Mount, Matte Black (MI-7171)"
Furniture,Desks,CPU Holders & Mounts,,CPU Holders & Mounts,24780876,"Mount-It! Heavy-Duty Clamp-On CPU Mount for Mid & Full Tower PCs, Holds up to 66 lbs., Matte Black (MI-7159)"
Furniture,Desks,CPU Holders & Mounts,,CPU Holders & Mounts,24780877,"Mount-It! Universal Mini PC, CPU & Thin Client Mount, Holds up to 11 lbs., Black (MI-7157)"
Furniture,Desks,CPU Holders & Mounts,,CPU Holders & Mounts,2508752,"Uncaged Ergonomics CPU Mounting Kit, Gray (CPU2G)"
Furniture,Desks,CPU Holders & Mounts,,CPU Holders & Mounts,24394945,Mount-It! Anti-Theft Under Desk CPU Mount (MI-7156)
Furniture,Desks,CPU Holders & Mounts,,CPU Holders & Mounts,321036,"Fellowes Premium Steel CPU Stand, Platinum (91781)"
Furniture,Lamps & Lighting,Craft Lighting & Magnifiers,,Craft Lighting & Magnifiers,2831809,"Staples 2x Sheet Magnifier, 8.4"" x 11"", Clear (TR56459)"
Furniture,Lamps & Lighting,Craft Lighting & Magnifiers,,Craft Lighting & Magnifiers,24327887,"Carson Optical MicroMini 20x LED Lighted Pocket Microscope, Orange (MM-280O)"
Furniture,Lamps & Lighting,Craft Lighting & Magnifiers,,Craft Lighting & Magnifiers,922731,"Staples 2x Handheld Magnifier, 3"", Clear (TR56453)"
Furniture,Lamps & Lighting,Craft Lighting & Magnifiers,,Craft Lighting & Magnifiers,208609,Carson Optical MiniBrite 3x Slide-Out LED Magnifier (PO-25)
Furniture,Lamps & Lighting,Craft Lighting & Magnifiers,,Craft Lighting & Magnifiers,23978983,Carson Optical LumiLoupe 10x Magnifier (LL-20)
Furniture,Lamps & Lighting,Craft Lighting & Magnifiers,,Craft Lighting & Magnifiers,208679,"Carson MagniVisor 3x Head-Mounted Magnifier, Black (CSNMV23)"
Furniture,Lamps & Lighting,Craft Lighting & Magnifiers,,Craft Lighting & Magnifiers,23978959,"Carson Optical Credit Card-Size Magnifier with 6x Spot Lens, 2-Pack (WM-01)"
Furniture,Lamps & Lighting,Craft Lighting & Magnifiers,,Craft Lighting & Magnifiers,1592888,"Carson Optical BigEye 2x Round Hand Magnifier, Green (CSNHU20)"
Furniture,Lamps & Lighting,Craft Lighting & Magnifiers,,Craft Lighting & Magnifiers,24688252,"CARSON BigEye 2x Handheld Magnifier & MagniView Magnifier, 2/Pack (KITCSNMAG01)"
Furniture,Lamps & Lighting,Craft Lighting & Magnifiers,,Craft Lighting & Magnifiers,24005711,"Carson Optical TriView 5x–15x Folding Magnifier, (TV-15)"
Furniture,Lamps & Lighting,Craft Lighting & Magnifiers,,Craft Lighting & Magnifiers,24496120,"TickiT 3x Handheld Magnifiers, 3/Bundle (CTU48123-3)"
Furniture,Lamps & Lighting,Craft Lighting & Magnifiers,,Craft Lighting & Magnifiers,922728,"Staples 2x Handheld Magnifier, 2.2"" x 3.6"", Clear (TR56452)"
Furniture,Lamps & Lighting,Craft Lighting & Magnifiers,,Craft Lighting & Magnifiers,23978985,Carson Optical MagniFlip Flip-Open Handheld Magnifiers (CSNGN33)
Furniture,Lamps & Lighting,Craft Lighting & Magnifiers,,Craft Lighting & Magnifiers,23978958,Carson Optical MagniTouch Touch Activated 3x Magnifier (MT-33)
Furniture,Lamps & Lighting,Craft Lighting & Magnifiers,,Craft Lighting & Magnifiers,24680312,Carson Lumé LED Handheld Magnifier (AS-70)
Furniture,Lamps & Lighting,Craft Lighting & Magnifiers,,Craft Lighting & Magnifiers,1592856,"Carson Optical BugLoupe 4.5x Stand Magnifier, Green (CSNHU55)"
Furniture,Lamps & Lighting,Craft Lighting & Magnifiers,,Craft Lighting & Magnifiers,24688253,"CARSON BigEye 2x Round Handheld Magnifier & BugLoupe 4.5x Stand Magnifier, 2/Pack (KITCSNMAG02)"
Furniture,Lamps & Lighting,Craft Lighting & Magnifiers,,Craft Lighting & Magnifiers,24688257,CARSON BugView Magnifier & Quick-Release Bug-Catching Tool with BugLoupe 4.5x Stand Magnifier (KITCSNMAG03)
Furniture,Lamps & Lighting,Craft Lighting & Magnifiers,,Craft Lighting & Magnifiers,24005760,"Carson Minibrite 3x Slide-out Led Magnifier, 2-Pack (818549020331)"
Furniture,Lamps & Lighting,Craft Lighting & Magnifiers,,Craft Lighting & Magnifiers,24688255,"CARSON BigEye 2x Handheld Magnifier, 2/Pack (KITCSNHU202PK)"
Furniture,Lamps & Lighting,Craft Lighting & Magnifiers,,Craft Lighting & Magnifiers,24688254,"CARSON Pocket Handheld Magnifiers, 2/Pack, 10 Packs/Bundle (KITCSNWM0110PK)"
Furniture,Lamps & Lighting,Craft Lighting & Magnifiers,,Craft Lighting & Magnifiers,2134421,The Color Wheel Company Viewcatcher Artist'S View Finder View Finder [Pack Of 2] (2PK-7002)
Furniture,Lamps & Lighting,Craft Lighting & Magnifiers,,Craft Lighting & Magnifiers,24005747,"Carson Minibrite 3x Slide-out Led Magnifier, 4-Pack (818549020348)"
Furniture,Lamps & Lighting,Craft Lighting & Magnifiers,,Craft Lighting & Magnifiers,24005762,"Carson Bigeye 2x Round Hand Magnifier, 10-Pack (818549020249)"
Furniture,Lamps & Lighting,Craft Lighting & Magnifiers,,Craft Lighting & Magnifiers,24688256,"CARSON TriView 5x–15x Folding Magnifier & SureGrip 2x Handheld Magnifier, 12/Pack (KITCSNMAG04)"
Furniture,Lamps & Lighting,Craft Lighting & Magnifiers,,Craft Lighting & Magnifiers,24701256,"CARSON HandHeld LED 4x Lighted Magnifier, Beige (SV-40)"
Furniture,Lamps & Lighting,Craft Lighting & Magnifiers,,Craft Lighting & Magnifiers,931966,Staples® Pop-up Lighted 2x Magnifier (10643)
Furniture,Lamps & Lighting,Craft Lighting & Magnifiers,,Craft Lighting & Magnifiers,234922,Hawk LED 4x Handheld Magnifier w/Light (MG7616)
Furniture,Lamps & Lighting,Craft Lighting & Magnifiers,,Craft Lighting & Magnifiers,208015,Carson Optical SureGrip 2x Soft-Grip Magnifier with 11.5x Spot Lens (SG-10)
Furniture,Lamps & Lighting,Craft Lighting & Magnifiers,,Craft Lighting & Magnifiers,24005749,"Carson Bigeye 2x Round Hand Magnifier, 5-Pack (818549020232)"
Furniture,Lamps & Lighting,Craft Lighting & Magnifiers,,Craft Lighting & Magnifiers,2438240,"Carson SureGrip 2x Handheld Magnifier, Black (SG-14)"
Furniture,Lamps & Lighting,Craft Lighting & Magnifiers,,Craft Lighting & Magnifiers,2438241,"Carson TriView Handheld Magnifier, Black (TV-36)"
Furniture,Lamps & Lighting,Craft Lighting & Magnifiers,,Craft Lighting & Magnifiers,2438242,"Carson RimFree 2x Handheld Magnifiers w/Light, Black (RM-77)"
Furniture,Lamps & Lighting,Craft Lighting & Magnifiers,,Craft Lighting & Magnifiers,24543639,V-Light LED 1.75x Magnifier Lamp (SVL40203BR)
Furniture,Lamps & Lighting,Craft Lighting & Magnifiers,,Craft Lighting & Magnifiers,31638,Magnifree Hands-Free Magnifier
Furniture,Lamps & Lighting,Craft Lighting & Magnifiers,,Craft Lighting & Magnifiers,24572619,OttLite LED 1.75x 2-in-1 Magnifier Floor and Table Lamp (43828C-SHPR)
Furniture,Lamps & Lighting,Craft Lighting & Magnifiers,,Craft Lighting & Magnifiers,28865,"MagniSheet Deluxe Framed Page Magnifier, 10-3/4""X8-1/4"" (DM11)"
Furniture,Lamps & Lighting,Craft Lighting & Magnifiers,,Craft Lighting & Magnifiers,25712,MagEyes Magnifier Lens-#5 (2.25x)
Furniture,Lamps & Lighting,Craft Lighting & Magnifiers,,Craft Lighting & Magnifiers,931990,Staples® Rectangular Magnifier
Furniture,Lamps & Lighting,Craft Lighting & Magnifiers,,Craft Lighting & Magnifiers,935735,Bausch & Lomb Sight Savers LED 2x Handheld Magnifier w/Light (628003)
Furniture,Desks,Desk Components & Hutches,Desk Components,Desk Components,24658292,"Mount-It! 360° Rotating Pegboard and Document Organizer with Accessories for Desks, White (MI-7301WHT)"
Furniture,Desks,Desk Components & Hutches,Desk Components,Desk Components,24658294,"Mount-It! Clamp-On Pegboard Organizer with Accessories for Desks, White (MI-7302WHT)"
Furniture,Desks,Desk Components & Hutches,Desk Components,Desk Components,2637939,"Offices To Go Superior Laminate Top for BBF and FF, Autumn Walnut Laminate (TDSL22TOP-AWL)"
Furniture,Desks,Desk Components & Hutches,Desk Components,Desk Components,24609562,"Purely E5620 Ergonomic Arm Rest/Elbow Support for Desk, 180° Adjustable Computer Desk Support Extender, Black (PARE5620)"
Furniture,Desks,Desk Components & Hutches,Desk Components,Desk Components,24658295,"Mount-It! 15""H x 42""W Under Desk Privacy Panel with Mesh Storage Pockets, Black (MI-7250)"
Furniture,Desks,Desk Components & Hutches,Desk Components,Desk Components,1025903,"Offices To Go Common Top, American Espresso"
Furniture,Desks,Desk Components & Hutches,Desk Components,Desk Components,24598107,"Mount-It! 2""H x 21""W Under-Desk Drawer, White (MI-7294WHT)"
Furniture,Desks,Desk Components & Hutches,Desk Components,Desk Components,24658296,"Mount-It! 15""H x 60""W Under Desk Privacy Panel with Mesh Storage Pockets, Black (MI-7251)"
Furniture,Desks,Desk Components & Hutches,Desk Components,Desk Components,2508790,"Uncaged Ergonomics Rise Up 3-stage Dual Motor Electric Standing Desk Frame, Gray, Desktop Not Included (RUG)"
Furniture,Desks,Desk Components & Hutches,Desk Components,Desk Components,24658291,"Mount-It! 360° Rotating Pegboard and Document Organizer with Accessories for Desks, Black (MI-7301BLK)"
Furniture,Desks,Desk Components & Hutches,Desk Components,Desk Components,24598108,"Mount-It! 2""H x 21""W Under-Desk Drawer, Black (MI-7294BLK)"
Furniture,Desks,Desk Components & Hutches,Desk Components,Desk Components,24658293,"Mount-It! Clamp-On Pegboard Organizer with Accessories for Desks, Black (MI-7302BLK)"
Furniture,Desks,Desk Components & Hutches,Desk Components,Desk Components,24425105,"Mount-lt! Steel Under the Desk Mounting Component, Matte Black (MI-7290)"
Furniture,Desks,Desk Components & Hutches,Desk Components,Desk Components,24609561,"Purely E5720 Ergonomic Arm/Elbow Support Rest for Desk, Computer Desk Arm Extender, Black (PARE5720)"
Furniture,Desks,Desk Components & Hutches,Desk Components,Desk Components,1928887,"OfficeSource Center Drawer 1-Drawer Desktop Storage, Black (CDR1BLK)"
Furniture,Desks,Desk Components & Hutches,Desk Components,Desk Components,24425122,"Mount-It! Plastic  Under Desk Organizer, Black (MI-7292)"
Furniture,Desks,Desk Components & Hutches,Desk Components,Desk Components,24056262,"Mount-It! Manual Crank Standing Desk Frame, Black (MI-7931)"
Furniture,Desks,Desk Components & Hutches,Desk Components,Desk Components,1023379,"Offices To Go 6.5"" Wide Handle, Black, 1""H x 6 1/2""W x 1""D"
Furniture,Desks,Desk Components & Hutches,Desk Components,Desk Components,24425111,"Mount-lt! Steel Under the Desk Mounting Component,  7.4""H x 20.2""W, Matte Black (MI-7291)"
Furniture,Desks,Desk Components & Hutches,Desk Components,Desk Components,24418401,"Offices To Go Superior 16"" Pedestal Top Desk, Artisan Gray (TDSL22TOPAGL)"
Furniture,Desks,Desk Components & Hutches,Desk Components,Desk Components,2637918,"Offices To Go Superior Laminate ""D"" Island - Full end Panel + Post (T-Base), Autumn Walnut Laminate"
Furniture,Desks,Desk Components & Hutches,Desk Components,Desk Components,24148279,"Mount-It! 48""W Desk Table Top For Standing Desks, White  (MI-7935)"
Furniture,Desks,Desk Components & Hutches,Desk Components,Desk Components,24145609,"Uncaged Ergonomics Rise Up 3-stage Dual Motor Electric Standing Desk Frame, White, Desktop Not Included (RUW)"
Furniture,Desks,Desk Components & Hutches,Desk Components,Desk Components,24418405,"Offices To Go Superior 71"" Full End Panel Desk, Artisan Gray (TDSL7136DI-AGL)"
Furniture,Desks,Desk Components & Hutches,Desk Components,Desk Components,24299685,"Monoprice 4' Table Top for Sit-Stand Height Adjustable Desk, White (121602)"
Furniture,Desks,Desk Components & Hutches,Desk Components,Desk Components,24418388,"Offices To Go Superior 48"" Flush Bridge Desk, Artisan Gray (TDSL4824FBAGL)"
Furniture,Desks,Desk Components & Hutches,Desk Components,Desk Components,1025866,"Offices To Go 20"" Wide Center Drawer, American Espresso, 4""H x 20""W x 20 1/4""L"
Furniture,Desks,Desk Components & Hutches,Desk Components,Desk Components,2508791,"Uncaged Ergonomics Rise Up 3-stage Dual Motor Electric Standing Desk Frame, Black, Desktop Not Included (RUB)"
Furniture,Desks,Desk Components & Hutches,Desk Components,Desk Components,24299686,"Monoprice 6' Table Top for Sit-Stand Height Adjustable Desk, Black (121605)"
Furniture,Desks,Desk Components & Hutches,Desk Components,Desk Components,24299683,"Monoprice 5' Table Top for Sit-Stand Height Adjustable Desk, White (121604)"
Furniture,Desks,Desk Components & Hutches,Desk Components,Desk Components,24299684,"Monoprice 4' Table Top for Sit-Stand Height Adjustable Desk, Black (121601)"
Furniture,Desks,Desk Components & Hutches,Desk Components,Desk Components,24493332,"HON Mod 15"" Hanging Pedestal, Slate Teak (HLPLPHBF.LSL1)"
Furniture,Desks,Desk Components & Hutches,Desk Components,Desk Components,1023380,"Offices To Go 3"" Wide Handle, Silver, 1""H x 3""W x 1""D"
Furniture,Desks,Desk Components & Hutches,Desk Components,Desk Components,24484737,"HON Mod 36"" Return Shell, Sepia Walnut (HLPLRS3624.LSE1)"
Furniture,Desks,Desk Components & Hutches,Desk Components,Desk Components,806153,"Offices To Go Furniture Collection in American Dark Cherry, Reception Return"
Furniture,Desks,Desk Components & Hutches,Desk Components,Desk Components,24425127,"Mount-It! 1""H x 6""W Drawer Organizer, Black (MI-7144)"
Furniture,Desks,Desk Components & Hutches,Desk Components,Desk Components,2596443,"HON Metro Classic Left Return, 42"" x 24"" x 29.5"", Mocha/Black (HONP3236LMOP)"
Furniture,Desks,Desk Components & Hutches,Desk Components,Desk Components,24637506,"Bush Business Furniture Hustle 17""H x 58""W Tackboard for 60"" Cubicle Desk, Warm Beige (HUP158WB-03)"
Furniture,Desks,Desk Components & Hutches,Desk Components,Desk Components,24637503,"Bush Business Furniture Hustle 17""H x 58""W Tackboard for 60"" Cubicle Desk, Cool Charcoal (HUP158CL-03)"
Furniture,Desks,Desk Components & Hutches,Desk Components,Desk Components,24637505,"Bush Business Furniture Hustle 17""H x 46""W Tackboard for 48"" Cubicle Desk, Warm Beige (HUP146WB-03)"
Furniture,Desks,Desk Components & Hutches,Desk Components,Desk Components,24578059,Tech Help Plus
Furniture,Desks,Desk Components & Hutches,Desk Components,Desk Components,24598108,"Mount-It! 2""H x 21""W Under-Desk Drawer, Black (MI-7294BLK)"
Furniture,Desks,Desk Components & Hutches,Desk Components,Desk Components,24466080,"HON Mod 15"" Pedestal, Traditional Mahogany (HLPLPSBBF.LTM1)"
Furniture,Desks,Desk Components & Hutches,Desk Components,Desk Components,24484675,"HON Mod 36"" Return Shell, Traditional Mahogany (HLPLRS3624.LTM1)"
Furniture,Desks,Desk Components & Hutches,Desk Components,Desk Components,2637966,"Offices To Go Superior Laminate 48"" Return Shell - Reversible, Autumn Walnut Laminate"
Furniture,Desks,Desk Components & Hutches,Desk Components,Desk Components,24493078,"MooreCo Hierarchy 58"" Storage Shelf, Cool Gray, 2/Pack (91699)"
Furniture,Desks,Desk Components & Hutches,Desk Components,Desk Components,24443167,"Offices To Go Superior 71""W Hutch Door, American Dark Cherry (TDSL71LDRADC)"
Furniture,Desks,Desk Components & Hutches,Desk Components,Desk Components,24443154,"Offices To Go Superior 60""W Desktop Hutch Door, Autumn Walnut (TDSL60LDRAWL)"
Furniture,Desks,Desk Components & Hutches,Desk Components,Desk Components,24455252,"Offices To Go Superior 48"" Return Shell, Artisan Gray (TDSL4820RAML)"
Furniture,Desks,Desk Components & Hutches,Desk Components,Desk Components,24484744,"HON Mod 42"" Reception Return Shell, Slate Teak (HLPLRCPNRS4225.LSL1)"
Furniture,Desks,Desk Components & Hutches,Desk Components,Desk Components,24484819,"HON Mod 42"" Desk Returns, Java Oak (HLPLB4224.LJA1)"
Furniture,Desks,Desk Components & Hutches,Desk Components,Desk Components,24484689,"HON Mod 16"" Door, Traditional Mahogany, 3/Set (HLPLDR48LM.LTM1)"
Furniture,Desks,Desk Components & Hutches,Desk Components,Desk Components,24443160,"Offices To Go Superior 60""W Desktop Hutch Door, American Espresso (TDSL60LDRAEL)"
Furniture,Desks,Desk Components & Hutches,Desk Components,Desk Components,24493110,"MooreCo Hierarchy 22"" Peg Side Panel, Purple, 2/Pack (52990-Purple)"
Furniture,Desks,Desk Components & Hutches,Desk Components,Desk Components,24443168,"Offices To Go Superior 71""W Hutch Door, American Espresso (TDSL71LDRAEL)"
Furniture,Desks,Desk Components & Hutches,Desk Components,Desk Components,24443162,"Offices To Go Superior 66""W Desktop Hutch Door, American Dark Cherry (TDSL66LDRADC)"
Furniture,Desks,Desk Components & Hutches,Desk Components,Desk Components,24443164,"Offices To Go Superior 66"" Hutch Door, Artisan Gray (TDSL66LDRAGL)"
Furniture,Desks,Desk Components & Hutches,Desk Components,Desk Components,24443152,"Offices To Go Superior 48"" Hutch Door, Artisan Gray (TDSL48LDR-AGL)"
Furniture,Desks,Desk Components & Hutches,Desk Components,Desk Components,24443149,"Offices To Go Superior 48""W Hutch Door, Autumn Walnut (TDSL48LDRAML)"
Furniture,Desks,Desk Components & Hutches,Desk Components,Desk Components,24484621,"HON Mod 15"" Glass Door, Frosted Glass, 2/Set (HLPLDR60GS)"
Furniture,Desks,Desk Components & Hutches,Desk Components,Desk Components,24493116,"MooreCo Hierarchy 22"" Peg Side Panel, Cool Gray, 2/Pack (52990-Grey)"
Furniture,Desks,Desk Components & Hutches,Desk Components,Desk Components,24443153,"Offices To Go Superior 48""W Hutch Door, Silver (TDSL48SIDR)"
Furniture,Desks,Desk Components & Hutches,Desk Components,Desk Components,24443156,"Offices To Go Superior 66""W Desktop Hutch Door, Autumn Walnut (TDSL66LDRAWL)"
Furniture,Desks,Desk Components & Hutches,Desk Components,Desk Components,24493123,"MooreCo Hierarchy 22"" Peg Side Panel, Black, 2/Pack (52990-Black)"
Furniture,Desks,Desk Components & Hutches,Desk Components,Desk Components,24443158,"Offices To Go Superior 60""W Desktop Hutch Door, American Mahogany (TDSL60LDRAML)"
Furniture,Desks,Desk Components & Hutches,Desk Components,Desk Components,24443151,"Offices To Go Superior 48""W Hutch Door, American Espresso (TDSL48LDRAEL)"
Furniture,Desks,Desk Components & Hutches,Desk Components,Desk Components,24484569,"HON Mod 48"" Desk Bridge, Traditional Mahogany (HLPLB4824.LTM1)"
Furniture,Desks,Desk Components & Hutches,Desk Components,Desk Components,24484773,"HON Mod 36"" Return Shell, Java Oak (HLPLRS3624.LJA1)"
Furniture,Desks,Desk Components & Hutches,Desk Components,Desk Components,24484810,"HON Mod 48"" Desk Bridge, Java Oak (HLPLB4824.LJA1)"
Furniture,Desks,Desk Components & Hutches,Desk Components,Desk Components,24418357,"Offices To Go Superior 42"" Reception Return, Artisan Gray (TDSL4224RRAGL)"
Furniture,Desks,Desk Components & Hutches,Desk Components,Desk Components,24530244,"HON Coordinate 27""-46""H Height-Adjustable Base, Designer White (HHATB2S2LT.PJW.X.MEM)"
Furniture,Desks,Desk Components & Hutches,Desk Components,Desk Components,1025883,"Offices To Go 48"" Wide Reversible Return Shell, American Espresso, 29 1/2""H x 48""W x 24""D"
Furniture,Desks,Desk Components & Hutches,Desk Components,Desk Components,24484717,"HON Mod 16"" Door, Traditional Mahogany, 2/Set (HLPLDR66LM.LTM1)"
Furniture,Desks,Desk Components & Hutches,Desk Components,Desk Components,24443169,"Offices To Go Superior 71""W Hutch Door, Artisan Gray (TDSL71LDRAGL)"
Furniture,Desks,Desk Components & Hutches,Desk Components,Desk Components,24484591,"HON Mod 15"" Door, Sepia Walnut, 2/Set (HLPLDR60LM.LSE1)"
Furniture,Desks,Desk Components & Hutches,Desk Components,Desk Components,909147,"Offices To Go Superior Laminate Desking Reversible Return Shelf for Desks, Mahogany, 29.5""x48""x24"""
Furniture,Desks,Desk Components & Hutches,Desk Components,Desk Components,24443159,"Offices To Go Superior 60""W Desktop Hutch Door, American Dark Cherry (TDSL60LDRADC)"
Furniture,Desks,Desk Components & Hutches,Desk Components,Desk Components,24274726,"Bush Business Furniture Studio C 42""W Desk Return, White (SCR142WH)"
Furniture,Desks,Desk Components & Hutches,Desk Components,Desk Components,1961286,"Safco Medina™ Left Hand Return w/Ped, Mocha, 29 1/2""H x 63""W x 24""D"
Furniture,Desks,Desk Components & Hutches,Desk Components,Desk Components,279711,"Offices To Go Superior Laminate D-Island, American Dark Cherry Laminate, 71Wx36Dx29.5H"
Furniture,Desks,Desk Components & Hutches,Desk Components,Desk Components,734982,"Safco Aberdeen Collection in Mocha, Contour Bridge"
Furniture,Desks,Desk Components & Hutches,Desk Components,Desk Components,1025897,"Offices To Go 42"" Wide Flush Bridge, American Espresso, 29 1/2""H x 42""W x 24""D"
Furniture,Desks,Desk Components & Hutches,Desk Components,Desk Components,24609561,"Purely E5720 Ergonomic Arm/Elbow Support Rest for Desk, Computer Desk Arm Extender, Black (PARE5720)"
Furniture,Desks,Desk Components & Hutches,Desk Components,Desk Components,24658293,"Mount-It! Clamp-On Pegboard Organizer with Accessories for Desks, Black (MI-7302BLK)"
Furniture,Desks,Desk Components & Hutches,Desk Components,Desk Components,24658292,"Mount-It! 360° Rotating Pegboard and Document Organizer with Accessories for Desks, White (MI-7301WHT)"
Furniture,Desks,Desk Components & Hutches,Desk Components,Desk Components,24658295,"Mount-It! 15""H x 42""W Under Desk Privacy Panel with Mesh Storage Pockets, Black (MI-7250)"
Furniture,Desks,Desk Components & Hutches,Desk Components,Desk Components,2637939,"Offices To Go Superior Laminate Top for BBF and FF, Autumn Walnut Laminate (TDSL22TOP-AWL)"
Furniture,Desks,Desk Components & Hutches,Desk Components,Desk Components,24609562,"Purely E5620 Ergonomic Arm Rest/Elbow Support for Desk, 180° Adjustable Computer Desk Support Extender, Black (PARE5620)"
Furniture,Desks,Desk Components & Hutches,Desk Components,Desk Components,1025903,"Offices To Go Common Top, American Espresso"
Furniture,Lamps & Lighting,Desk Lamps,,Desk Lamps,24656233,"Adesso Rico Supercharger Incandescent Desk Lamp, 19""H, Brushed Steel (2609-22)"
Furniture,Lamps & Lighting,Desk Lamps,,Desk Lamps,24657982,"Adesso Rico Supercharger Incandescent Desk Lamp, 19""H, Antique Brass (2609-21)"
Furniture,Lamps & Lighting,Desk Lamps,,Desk Lamps,24462229,"Black & Decker LED Desk Lamp, Silver (VLED1812GRAY-BD)"
Furniture,Lamps & Lighting,Desk Lamps,,Desk Lamps,24588850,"Adesso Bristol Incandescent Desk Lamp, 19"", Antique Brass (4288-21)"
Furniture,Lamps & Lighting,Desk Lamps,,Desk Lamps,24656586,"Adesso Viper Supercharger LED Desk Lamp, 15""H, Black (2615-01)"
Furniture,Lamps & Lighting,Desk Lamps,,Desk Lamps,1012330,Newhouse Lighting 3 Watt Steel/Plastic Clamp LED Lamp
Furniture,Lamps & Lighting,Desk Lamps,,Desk Lamps,3130544,"Newhouse Lighting Oxford LED Desk Lamp, 13""H, Black (NHDK-OX-BK)"
Furniture,Lamps & Lighting,Desk Lamps,,Desk Lamps,24656235,"Adesso Dover Supercharger Incandescent Desk Lamp, 22.25""H, Antique Brass/Off-White (2616-21)"
Furniture,Lamps & Lighting,Desk Lamps,,Desk Lamps,24597226,"Mount-It! LED Desk Lamp, 16.54"", Silver/White (TS-7009)"
Furniture,Lamps & Lighting,Desk Lamps,,Desk Lamps,24588111,"TRU RED™ LED Desk Lamp, 13.5"", Black Metal, 8/Pack (TR61984-8PK)"
Furniture,Lamps & Lighting,Desk Lamps,,Desk Lamps,2614801,"Mount-It! Turcom LED Desk Lamp, 16"", with USB Port, White (TS-7005)"
Furniture,Lamps & Lighting,Desk Lamps,,Desk Lamps,24656585,"Adesso Wyatt Supercharger Incandescent Desk Lamp, 22""H, Brushed Steel/White (2610-22)"
Furniture,Lamps & Lighting,Desk Lamps,,Desk Lamps,24632550,"V-Light LED Desk Lamp, 16""H, Black (VLH094UN)"
Furniture,Lamps & Lighting,Desk Lamps,,Desk Lamps,24656232,"Adesso Rowe Supercharger Incandescent Desk Lamp, 19""H, Black (2606-01)"
Furniture,Lamps & Lighting,Desk Lamps,,Desk Lamps,24656582,"Adesso Rowe Supercharger Incandescent Desk Lamp, 19""H, Brushed Steel (2606-22)"
Furniture,Lamps & Lighting,Desk Lamps,,Desk Lamps,24656587,"Adesso Viper Supercharger LED Desk Lamp, 15""H, Antique Brass (2615-21)"
Furniture,Lamps & Lighting,Desk Lamps,,Desk Lamps,24550635,"Adesso Bolton LED Desk Lamp, 19"", Antique Brass/Brown Marble (4306-21)"
Furniture,Lamps & Lighting,Desk Lamps,,Desk Lamps,24550762,"Adesso Elmore LED Desk Lamp, 16.5"", Black/Walnut (5180-01)"
Furniture,Lamps & Lighting,Desk Lamps,,Desk Lamps,24609570,"Humanscale Nova LED Desk Lamp, Jet Black (NV3EBB)"
Furniture,Lamps & Lighting,Desk Lamps,,Desk Lamps,24609574,"Humanscale Nova LED Desk Lamp, Jet Black (NV3ECB)"
Furniture,Lamps & Lighting,Desk Lamps,,Desk Lamps,730623,"HON Simplicity® II Systems Task Light, 1 1/8""H, Black (H870930)"
Furniture,Lamps & Lighting,Desk Lamps,,Desk Lamps,24609573,"Humanscale Nova LED Desk Lamp, Light Gray (NV3ECG)"
Furniture,Lamps & Lighting,Desk Lamps,,Desk Lamps,24455234,"Offices To Go LED Desk Lamp, 17.6"", Silver (OTGLEDLAMP)"
Furniture,Lamps & Lighting,Desk Lamps,,Desk Lamps,24601416,"Simplee Adesso Slender LED Desk Lamp, 13.5""H, Black & Brushed Steel (SL3973-01)"
Furniture,Lamps & Lighting,Desk Lamps,,Desk Lamps,24656583,"Adesso Wyatt Supercharger Incandescent Desk Lamp, 22""H, Black/Beige (2610-01)"
Furniture,Lamps & Lighting,Desk Lamps,,Desk Lamps,24462226,"Black & Decker LED Desk Lamp, Wood (VLED1818-BD)"
Furniture,Lamps & Lighting,Desk Lamps,,Desk Lamps,24700417,"Adesso Amari LED Desk Lamp, 12""H, Antique Brass (2617-21)"
Furniture,Lamps & Lighting,Desk Lamps,,Desk Lamps,24543648,"V-Light LED Desk Lamp, 14.8""H, White Brushed Nickel (8VS688029BN)"
Furniture,Lamps & Lighting,Desk Lamps,,Desk Lamps,24543640,"V-Light LED Multifunctional Desk Lamp, 18.75"", Gray/Wood (SVLC0052WUG)"
Furniture,Lamps & Lighting,Desk Lamps,,Desk Lamps,24550704,"Adesso Reader LED Desk Lamp, 15"", Antique Brass/Brown Marble (3557-21)"
Furniture,Lamps & Lighting,Desk Lamps,,Desk Lamps,24354734,"Bostitch LED Desk Lamp with Bluetooth Speaker & USB Charging Port, 14.63""H, White (VLED1817-BOS)"
Furniture,Lamps & Lighting,Desk Lamps,,Desk Lamps,24649980,"Giftmark Personalized LED Desk Lamp, with USB Port (GR940005)"
Furniture,Lamps & Lighting,Desk Lamps,,Desk Lamps,24543644,"V-Light LED Desk Lamp, 19""H, Gold/Black Matte Metal (SV20106TH)"
Furniture,Lamps & Lighting,Desk Lamps,,Desk Lamps,3130551,"Newhouse Lighting Olivia LED Desk Lamp, 22""H, Black (NHCLP-OL-BK)"
Furniture,Lamps & Lighting,Desk Lamps,,Desk Lamps,2614800,"Mount-It! LED Desk Lamp, 16"", White (TS-7006)"
Furniture,Lamps & Lighting,Desk Lamps,,Desk Lamps,24465810,"Adesso Kaye AdessoCharge LED Desk Lamp, 16.5"", Antique Brass (3162-21)"
Furniture,Lamps & Lighting,Desk Lamps,,Desk Lamps,24550667,"Adesso Roman LED Desk Lamp, 17"", Matte Black/Natural Wood (6106-01)"
Furniture,Lamps & Lighting,Desk Lamps,,Desk Lamps,24700428,"Adesso Emery SuperCharger Incandescent Desk Lamp, 19""H, with USB Port, Black (2624-01)"
Furniture,Lamps & Lighting,Desk Lamps,,Desk Lamps,2056628,"Alba LED Desk Lamp, Silver (LEDMY)"
Furniture,Lamps & Lighting,Desk Lamps,,Desk Lamps,1440234,"V-Light LED Desk Lamp, 16.2""H, with USB Port, Gray (VSLD363GN)"
Furniture,Lamps & Lighting,Desk Lamps,,Desk Lamps,24632540,"Adesso Josephine Desk Lamp, Antique Brass (9410-21)"
Furniture,Lamps & Lighting,Desk Lamps,,Desk Lamps,24660352,"Excello Global Products Wellness Series LED Desk Lamp, 16"", with USB Port, Black (EGP-DL-10-BLK)"
Furniture,Lamps & Lighting,Desk Lamps,,Desk Lamps,24632552,"V-Light LED Desk Lamp, 15"", Brushed Nickel (VLD2402BN)"
Furniture,Lamps & Lighting,Desk Lamps,,Desk Lamps,24543638,"V-Light LED Desk Lamp, 19"", Black (8VSL90988BC)"
Furniture,Lamps & Lighting,Desk Lamps,,Desk Lamps,24472834,"OttLite Wellness Series Emerge LED Desk Lamp, 26"", White (SCAY000S)"
Furniture,Lamps & Lighting,Desk Lamps,,Desk Lamps,24550786,"OttLite Wellness Series Swerve LED Desk Lamp, 23.25"", Glossy/Matte Black (CSN34KCC-SHPR)"
Furniture,Lamps & Lighting,Desk Lamps,,Desk Lamps,24610579,"TRU RED™ Brightwell 5-in-1 Productivity LED Desk Light, White (TR62804)"
Furniture,Lamps & Lighting,Desk Lamps,,Desk Lamps,24634877,"Excello Global Products Wellness Series LED Desk Lamp, 17.5"", Black (EGP-DL-18-BLK-S)"
Furniture,Lamps & Lighting,Desk Lamps,,Desk Lamps,24656233,"Adesso Rico Supercharger Incandescent Desk Lamp, 19""H, Brushed Steel (2609-22)"
Furniture,Lamps & Lighting,Desk Lamps,,Desk Lamps,24656587,"Adesso Viper Supercharger LED Desk Lamp, 15""H, Antique Brass (2615-21)"
Furniture,Lamps & Lighting,Desk Lamps,,Desk Lamps,1980101,"Adesso Quinn Incandescent Table Lamp, 23.75""H, Walnut Birch Wood (1503-15)"
Furniture,Lamps & Lighting,Desk Lamps,,Desk Lamps,24656582,"Adesso Rowe Supercharger Incandescent Desk Lamp, 19""H, Brushed Steel (2606-22)"
Furniture,Lamps & Lighting,Desk Lamps,,Desk Lamps,24656235,"Adesso Dover Supercharger Incandescent Desk Lamp, 22.25""H, Antique Brass/Off-White (2616-21)"
Furniture,Lamps & Lighting,Desk Lamps,,Desk Lamps,24588112,"TRU RED™ LED Desk Lamp, 13.5"", White Metal, 8/Pack (TR61986-8PK)"
Furniture,Lamps & Lighting,Desk Lamps,,Desk Lamps,24656234,"Adesso Dover Supercharger Incandescent Desk Lamp, 22.25""H, Black/Beige (2616-01)"
Furniture,Lamps & Lighting,Desk Lamps,,Desk Lamps,24656586,"Adesso Viper Supercharger LED Desk Lamp, 15""H, Black (2615-01)"
Furniture,Lamps & Lighting,Desk Lamps,,Desk Lamps,24656232,"Adesso Rowe Supercharger Incandescent Desk Lamp, 19""H, Black (2606-01)"
Furniture,Lamps & Lighting,Desk Lamps,,Desk Lamps,24700429,"Adesso Emery SuperCharger Incandescent Desk Lamp, 19""H, with USB Port, Antique Brass (2624-21)"
Furniture,Lamps & Lighting,Desk Lamps,,Desk Lamps,2614801,"Mount-It! Turcom LED Desk Lamp, 16"", with USB Port, White (TS-7005)"
Furniture,Lamps & Lighting,Desk Lamps,,Desk Lamps,24597226,"Mount-It! LED Desk Lamp, 16.54"", Silver/White (TS-7009)"
Furniture,Lamps & Lighting,Desk Lamps,,Desk Lamps,24550696,"Adesso Oscar Incandescent Desk Lamp, 31.75"", Matte Black/Antique Brass (4282-01)"
Furniture,Lamps & Lighting,Desk Lamps,,Desk Lamps,24656585,"Adesso Wyatt Supercharger Incandescent Desk Lamp, 22""H, Brushed Steel/White (2610-22)"
Furniture,Lamps & Lighting,Desk Lamps,,Desk Lamps,24657982,"Adesso Rico Supercharger Incandescent Desk Lamp, 19""H, Antique Brass (2609-21)"
Furniture,Lamps & Lighting,Desk Lamps,,Desk Lamps,24550635,"Adesso Bolton LED Desk Lamp, 19"", Antique Brass/Brown Marble (4306-21)"
Furniture,Lamps & Lighting,Desk Lamps,,Desk Lamps,24550762,"Adesso Elmore LED Desk Lamp, 16.5"", Black/Walnut (5180-01)"
Furniture,Lamps & Lighting,Desk Lamps,,Desk Lamps,1440105,"V-Light LED Desk Lamp, 16.2""H, with USB Port, Black (VSLD363BN)"
Furniture,Lamps & Lighting,Desk Lamps,,Desk Lamps,24686493,"Adesso Swirl Incandescent Desk Lamp, 21.6""H, Antique Brass/White (3259-21)"
Furniture,Lamps & Lighting,Desk Lamps,,Desk Lamps,24656588,"Adesso Viper Supercharger LED Desk Lamp, 15""H, Brushed Steel (2615-22)"
Furniture,Lamps & Lighting,Desk Lamps,,Desk Lamps,24656236,"Adesso Dover Supercharger Incandescent Desk Lamp, 22.25""H, Brushed Steel/White (2616-22)"
Furniture,Lamps & Lighting,Desk Lamps,,Desk Lamps,24700416,"Adesso Amari LED Desk Lamp, 12""H, Black (2617-01)"
Furniture,Lamps & Lighting,Desk Lamps,,Desk Lamps,24609567,"Humanscale Horizon 2.0 LED Desk Lamp, Silver (H2BES)"
Furniture,Lamps & Lighting,Desk Lamps,,Desk Lamps,1440233,"V-LIGHT Full Spectrum Tilt-Arm Metal Desk Lamp, 24""H, Brushed Nickel (VS687372BN)"
Furniture,Lamps & Lighting,Desk Lamps,,Desk Lamps,24504679,"V-Light LED Gooseneck Desk Lamp, 15"", White/Chrome (SVCA150002W)"
Furniture,Lamps & Lighting,Desk Lamps,,Desk Lamps,24462232,"Bostitch LED Desk Lamp, 20"", Polished Chrome (VLED1510)"
Furniture,Lamps & Lighting,Desk Lamps,,Desk Lamps,24588786,"Adesso Windsor LED Desk Lamp, 17.5"", Antique Brass/White (3214-21)"
Furniture,Lamps & Lighting,Desk Lamps,,Desk Lamps,24656584,"Adesso Wyatt Supercharger Incandescent Desk Lamp, 22""H, Antique Brass/Off-White (2610-21)"
Furniture,Lamps & Lighting,Desk Lamps,,Desk Lamps,24700430,"Adesso Emery SuperCharger Incandescent Desk Lamp, 19""H, with USB Port, Brushed Steel (2624-22)"
Furniture,Lamps & Lighting,Desk Lamps,,Desk Lamps,24476831,"Bostitch LED Desk Lamp, 36""H, Black Metal (VLF100)"
Furniture,Lamps & Lighting,Desk Lamps,,Desk Lamps,24656581,"Adesso Rowe Supercharger Incandescent Desk, 19""H, Antique Brass (2606-21)"
Furniture,Lamps & Lighting,Desk Lamps,,Desk Lamps,1106490,"Northwest LED Desk Lamp, Black (72-SL159B)"
Furniture,Lamps & Lighting,Desk Lamps,,Desk Lamps,24472835,"OttLite Wellness Series Thrive LED Desk Lamp, 18.75"", White (SCEY700S)"
Furniture,Lamps & Lighting,Desk Lamps,,Desk Lamps,24572606,"OttLite Wellness Strive LED Desk Lamp, 22"", Black (CSN30G5W)"
Furniture,Lamps & Lighting,Desk Lamps,,Desk Lamps,24314427,"OttLite LED Wellness Series Revive Lamp, White (F1485009-SHPR)"
Furniture,Lamps & Lighting,Desk Lamps,,Desk Lamps,24550781,"OttLite Adapt LED Desk Lamp, 22"", Black/Brushed Brass (CS01B19-SHPR)"
Furniture,Lamps & Lighting,Desk Lamps,,Desk Lamps,24550653,"Adesso Eternity LED Desk Lamp, 37.5"", Brushed Steel (5027-22)"
Furniture,Lamps & Lighting,Desk Lamps,,Desk Lamps,24572601,"OttLite Wellness Shine LED Desk Lamp, 17"", Black (CS03KQI)"
Furniture,Lamps & Lighting,Desk Lamps,,Desk Lamps,24543647,"V-Light Architect CFL Desk Lamp, 40"", Black Glossy (VSL111902JB)"
Furniture,Lamps & Lighting,Desk Lamps,,Desk Lamps,24550676,"Adesso Dylan Incandescent Desk Lamp, 19"", Matte Black/Natural Wood (6073-01)"
Furniture,Lamps & Lighting,Desk Lamps,,Desk Lamps,24550796,"OttLite Restore LED Desk Lamp, 22"", Rubbed Bronze (CS01RB9-SHPR)"
Furniture,Lamps & Lighting,Desk Lamps,,Desk Lamps,1945356,"V-LIGHT CFL Gooseneck Style Desk Lamp with Charging Outlets, Brushed Nickel Finish (VS20105BN)"
Furniture,Lamps & Lighting,Desk Lamps,,Desk Lamps,24550690,"Adesso Sawyer LED Desk Lamp, 24.5"", Black/Camel Brown (3039-01)"
Furniture,Lamps & Lighting,Desk Lamps,,Desk Lamps,24550737,"Adesso Grover LED Desk Lamp, 27"", Matte Black (2150-01)"
Furniture,Lamps & Lighting,Desk Lamps,,Desk Lamps,24610579,"TRU RED™ Brightwell 5-in-1 Productivity LED Desk Light, White (TR62804)"
Furniture,Lamps & Lighting,Desk Lamps,,Desk Lamps,24634877,"Excello Global Products Wellness Series LED Desk Lamp, 17.5"", Black (EGP-DL-18-BLK-S)"
Furniture,Lamps & Lighting,Desk Lamps,,Desk Lamps,24656233,"Adesso Rico Supercharger Incandescent Desk Lamp, 19""H, Brushed Steel (2609-22)"
Furniture,Lamps & Lighting,Desk Lamps,,Desk Lamps,24656235,"Adesso Dover Supercharger Incandescent Desk Lamp, 22.25""H, Antique Brass/Off-White (2616-21)"
Furniture,Lamps & Lighting,Desk Lamps,,Desk Lamps,24528706,"Rumi Lighting Incandescent Desk Lamp, 15.35"", White/Wood Grain (ERPL36)"
Furniture,Lamps & Lighting,Desk Lamps,,Desk Lamps,24463560,"Rumi Lighting LED Desk Lamp, 17.67"", Glossy Black (ERP11ST)"
Furniture,Lamps & Lighting,Desk Lamps,,Desk Lamps,24657982,"Adesso Rico Supercharger Incandescent Desk Lamp, 19""H, Antique Brass (2609-21)"
Furniture,Lamps & Lighting,Desk Lamps,,Desk Lamps,24477004,"Rumi Lighting LED Desk Lamp, 11"", Clear Chrome (ERP14ST)"
Furniture,Lamps & Lighting,Desk Lamps,,Desk Lamps,24478428,"Sheffield Labs EXECUTIVE Wireless Charging LED Desk Lamp, 18.6"", Gunmetal (TL25911)"
Furniture,Lamps & Lighting,Desk Lamps,,Desk Lamps,24656586,"Adesso Viper Supercharger LED Desk Lamp, 15""H, Black (2615-01)"
Furniture,Lamps & Lighting,Desk Lamps,,Desk Lamps,24462227,"Bostitch LED Desk Lamp, White (KTVLED1502-WHITE)"
Furniture,Lamps & Lighting,Desk Lamps,,Desk Lamps,24528708,"Rumi Lighting LED Desk Lamp, 10.9'', Black (ERP1200ST)"
Furniture,Lamps & Lighting,Desk Lamps,,Desk Lamps,2614801,"Mount-It! Turcom LED Desk Lamp, 16"", with USB Port, White (TS-7005)"
Furniture,Lamps & Lighting,Desk Lamps,,Desk Lamps,24597226,"Mount-It! LED Desk Lamp, 16.54"", Silver/White (TS-7009)"
Furniture,Lamps & Lighting,Desk Lamps,,Desk Lamps,24510602,"Bostitch LED Desk Lamp, 16"", Navy (LED2103-NVY)"
Furniture,Lamps & Lighting,Desk Lamps,,Desk Lamps,24656585,"Adesso Wyatt Supercharger Incandescent Desk Lamp, 22""H, Brushed Steel/White (2610-22)"
Furniture,Lamps & Lighting,Desk Lamps,,Desk Lamps,24656232,"Adesso Rowe Supercharger Incandescent Desk Lamp, 19""H, Black (2606-01)"
Furniture,Lamps & Lighting,Desk Lamps,,Desk Lamps,24656587,"Adesso Viper Supercharger LED Desk Lamp, 15""H, Antique Brass (2615-21)"
Furniture,Lamps & Lighting,Desk Lamps,,Desk Lamps,24656582,"Adesso Rowe Supercharger Incandescent Desk Lamp, 19""H, Brushed Steel (2606-22)"
Furniture,Lamps & Lighting,Desk Lamps,,Desk Lamps,24550635,"Adesso Bolton LED Desk Lamp, 19"", Antique Brass/Brown Marble (4306-21)"
Furniture,Lamps & Lighting,Desk Lamps,,Desk Lamps,24550762,"Adesso Elmore LED Desk Lamp, 16.5"", Black/Walnut (5180-01)"
Furniture,Lamps & Lighting,Desk Lamps,,Desk Lamps,24463561,"Rumi Lighting LED Desk Lamp, 17.67"", Glossy White (ERP11ST)"
Furniture,Lamps & Lighting,Desk Lamps,,Desk Lamps,24525834,"Bostitch LED Desk Lamp, 13.78"", White (LED2107-WHT)"
Furniture,Lamps & Lighting,Desk Lamps,,Desk Lamps,24527919,"Sheffield Labs LUCAS LED Desk Lamp, 18.9"", Matte White/Chrome (TL363Q)"
Furniture,Lamps & Lighting,Desk Lamps,,Desk Lamps,24527456,"Tzumi PowerSync LED Desk Lamp, 10.2"", White (8679ST)"
Furniture,Lamps & Lighting,Desk Lamps,,Desk Lamps,24531805,"Sheffield Labs EXECUTIVE LED Desk Lamp, 18.6"", Matte White (TL25911-WHT)"
Furniture,Lamps & Lighting,Desk Lamps,,Desk Lamps,24527455,"Tzumi PowerSync LED Desk Lamp, 10.2"", Black (8564ST)"
Furniture,Lamps & Lighting,Desk Lamps,,Desk Lamps,24477906,"Tzumi Atmosphere LED Task Lamp, Black Matte (6140ST)"
Furniture,Lamps & Lighting,Desk Lamps,,Desk Lamps,24478431,"Sheffield Labs T-Bar LED Desk Lamp, 23"", Black (TLU13Q)"
Furniture,Lamps & Lighting,Desk Lamps,,Desk Lamps,24513048,"Rumi Lighting LED Desk Lamp, 7.95"", Light Gray (ERP18ST-GR)"
Furniture,Lamps & Lighting,Desk Lamps,,Desk Lamps,24527922,"Sheffield Labs NEWPORT LED Desk Lamp, 16.7"", Blue Metal (TL439Q)"
Furniture,Lamps & Lighting,Desk Lamps,,Desk Lamps,24531287,"V-Light LED Desk Lamp, 20"", Matte Black/Gold Metal (V210815HB)"
Furniture,Lamps & Lighting,Desk Lamps,,Desk Lamps,24476828,"Bostitch LED Desk Lamp, Gold/White Matte (VLED1825GOLDBOS)"
Furniture,Lamps & Lighting,Desk Lamps,,Desk Lamps,24527920,"Sheffield Labs JAMES LED Desk Lamp, 18"", Matte Blue/Gold (TL343Q)"
Furniture,Lamps & Lighting,Desk Lamps,,Desk Lamps,24615249,"Adesso Cullen LED Desk Lamp, 24""H, Antique Brass (4353-21)"
Furniture,Lamps & Lighting,Desk Lamps,,Desk Lamps,24463559,"Rumi Lighting LED Desk Lamp, 6.92"", Multiple (ERP18ST)"
Furniture,Lamps & Lighting,Desk Lamps,,Desk Lamps,24531286,"V-Light LED Desk Lamp, 18.75"", Gray/Wood Grain (VLC0052WUG)"
Furniture,Lamps & Lighting,Desk Lamps,,Desk Lamps,24528707,"Rumi Lighting Incandescent Desk Lamp, 17"", Black/Gold (ERP1207ST)"
Furniture,Lamps & Lighting,Desk Lamps,,Desk Lamps,24527921,"Sheffield Labs RAQUEL LED Desk Lamp, 16.6"", Black Matte (TL344Q)"
Furniture,Lamps & Lighting,Desk Lamps,,Desk Lamps,24478078,"V-Light LED Desk Lamp, 19"", Black/Gold, Matte (V20106TH)"
Furniture,Lamps & Lighting,Desk Lamps,,Desk Lamps,506582,LUXO BANKERS LAMP
Furniture,Lamps & Lighting,Desk Lamps,,Desk Lamps,24504675,"V-Light LED Banker's Desk Lamp, 15"", Green/Antique Brass (SVCA150402GR)"
Furniture,Lamps & Lighting,Desk Lamps,,Desk Lamps,24681538,"Excello Brands USB LED Flexible Light, Black, 2/Pack (USB-LED-LG-BK-2)"
Furniture,Lamps & Lighting,Desk Lamps,,Desk Lamps,24681539,"Excello Brands USB LED Flexible Light, Black, 3/Pack (USB-LED-LG-BK-3)"
Furniture,Lamps & Lighting,Desk Lamps,,Desk Lamps,1599689,"OttLite 2-in-1 LED Magnifier Floor and Table Light, Black (438PN9)"
Furniture,Lamps & Lighting,Desk Lamps,,Desk Lamps,227926,Black Clamp-On Architect Halogen Desk Lamp
Furniture,Lamps & Lighting,Desk Lamps,,Desk Lamps,2741861,"Black & Decker Ultra Reach Magnifier LED Desk Lamp, Black (LED10ARCMAG-BLK)"
Furniture,Lamps & Lighting,Desk Lamps,,Desk Lamps,24504681,"V-Light LED Magnifier Desk Lamp, 31.5"", Black Metal (SVCA100515BR)"
Furniture,Lamps & Lighting,Desk Lamps,,Desk Lamps,933962,"Tensor Evolution LED Desk Lamp, 28.34"", Black (18175-002)"
Furniture,Lamps & Lighting,Desk Lamps,,Desk Lamps,24572618,"OttLite Creative Curves LED Desk Lamp, 23.75"", Black (A30G59-FFP)"
Furniture,Lamps & Lighting,Desk Lamps,,Desk Lamps,24572600,"OttLite Organizer LED Desk Lamp, 15"", White (7QC00W)"
Furniture,Lamps & Lighting,Desk Lamps,,Desk Lamps,24550789,"OttLite Wellness Series Pivot LED Desk Lamp, 26"", Matte Black (CSN59G5W)"
Furniture,Lamps & Lighting,Desk Lamps,,Desk Lamps,24572596,"OttLite Extended Reach LED Desk Lamp, 27"", White (CSN8500C-SHPR)"
Furniture,Lamps & Lighting,Desk Lamps,,Desk Lamps,24572594,"OttLite Space-Saving LED Magnifier Desk Lamp, 14"", Black (G97BGC-FFP)"
Furniture,Lamps & Lighting,Desk Lamps,,Desk Lamps,24578059,Tech Help Plus
Furniture,Lamps & Lighting,Desk Lamps,,Desk Lamps,24610579,"TRU RED™ Brightwell 5-in-1 Productivity LED Desk Light, White (TR62804)"
Furniture,Lamps & Lighting,Desk Lamps,,Desk Lamps,24634877,"Excello Global Products Wellness Series LED Desk Lamp, 17.5"", Black (EGP-DL-18-BLK-S)"
Furniture,Lamps & Lighting,Desk Lamps,,Desk Lamps,24656233,"Adesso Rico Supercharger Incandescent Desk Lamp, 19""H, Brushed Steel (2609-22)"
Furniture,Lamps & Lighting,Desk Lamps,,Desk Lamps,24656586,"Adesso Viper Supercharger LED Desk Lamp, 15""H, Black (2615-01)"
Furniture,Lamps & Lighting,Desk Lamps,,Desk Lamps,850796,"V-Light Compact Fluorescent (CFL) Desk Lamp, 23"", Black (VS80907B)"
Furniture,Lamps & Lighting,Desk Lamps,,Desk Lamps,24528709,"Rumi Lighting Incandescent Desk Lamp, 17.52"", Gold/White (ERPL28)"
Furniture,Lamps & Lighting,Desk Lamps,,Desk Lamps,24656235,"Adesso Dover Supercharger Incandescent Desk Lamp, 22.25""H, Antique Brass/Off-White (2616-21)"
Furniture,Lamps & Lighting,Desk Lamps,,Desk Lamps,24477001,"Rumi Lighting LED Desk Lamp, 15.75"", Black Matte (ERP0149)"
Furniture,Lamps & Lighting,Desk Lamps,,Desk Lamps,24528705,"Rumi Lighting LED Desk Lamp, 14.7"", White (ERP1206ST)"
Furniture,Lamps & Lighting,Desk Lamps,,Desk Lamps,24656587,"Adesso Viper Supercharger LED Desk Lamp, 15""H, Antique Brass (2615-21)"
Furniture,Lamps & Lighting,Desk Lamps,,Desk Lamps,24477005,"Rumi Lighting LED Desk Lamp, 3.54"", White Matte (ERP40ST)"
Furniture,Lamps & Lighting,Desk Lamps,,Desk Lamps,24495223,"Black & Decker Verve Designer LED Desk Lamp, 17.91"", Ultimate Gray Brushed Aluminum (LED2100-QISM-S)"
Furniture,Lamps & Lighting,Desk Lamps,,Desk Lamps,2614801,"Mount-It! Turcom LED Desk Lamp, 16"", with USB Port, White (TS-7005)"
Furniture,Lamps & Lighting,Desk Lamps,,Desk Lamps,24597226,"Mount-It! LED Desk Lamp, 16.54"", Silver/White (TS-7009)"
Furniture,Lamps & Lighting,Desk Lamps,,Desk Lamps,24507869,"Gry Mattr LED Desk Lamp, 23.62"", Black Metal (GMCC-00857)"
Furniture,Lamps & Lighting,Desk Lamps,,Desk Lamps,24656585,"Adesso Wyatt Supercharger Incandescent Desk Lamp, 22""H, Brushed Steel/White (2610-22)"
Furniture,Lamps & Lighting,Desk Lamps,,Desk Lamps,24656232,"Adesso Rowe Supercharger Incandescent Desk Lamp, 19""H, Black (2606-01)"
Furniture,Lamps & Lighting,Desk Lamps,,Desk Lamps,24656582,"Adesso Rowe Supercharger Incandescent Desk Lamp, 19""H, Brushed Steel (2606-22)"
Furniture,Lamps & Lighting,Desk Lamps,,Desk Lamps,24657982,"Adesso Rico Supercharger Incandescent Desk Lamp, 19""H, Antique Brass (2609-21)"
Furniture,Lamps & Lighting,Desk Lamps,,Desk Lamps,24550635,"Adesso Bolton LED Desk Lamp, 19"", Antique Brass/Brown Marble (4306-21)"
Furniture,Lamps & Lighting,Desk Lamps,,Desk Lamps,24550762,"Adesso Elmore LED Desk Lamp, 16.5"", Black/Walnut (5180-01)"
Furniture,Lamps & Lighting,Desk Lamps,,Desk Lamps,24477003,"Rumi Lighting LED Desk Lamp, 20.8"", Gold Brass (ERP001)"
Furniture,Lamps & Lighting,Desk Lamps,,Desk Lamps,24572608,"OttLite Clip-On LED Desk Lamp, 16.6"", Black (CSJ37G5W)"
Furniture,Lamps & Lighting,Desk Lamps,,Desk Lamps,24572602,"OttLite Wellness Entice LED Desk Lamp, 22"", White/Silver (CSDQA02W-SHPR)"
Furniture,Lamps & Lighting,Desk Lamps,,Desk Lamps,560633,"Tensor® Adjustable Architect's Organizer CFL Desk Lamp, Black"
Furniture,Lamps & Lighting,Desk Lamps,,Desk Lamps,24314419,"OttLite LED Wellness Series Revive Lamp, Turquoise (F1485TU9-SHPR)"
Furniture,Lamps & Lighting,Desk Lamps,,Desk Lamps,24472833,"OttLite Wellness Series Purify LED Desk Lamp, 26"", White (SCNQC00S)"
Furniture,Lamps & Lighting,Desk Lamps,,Desk Lamps,24550788,"OttLite Slimline LED Desk Lamp, 19"", Black (CS336G5C-SHPR)"
Furniture,Lamps & Lighting,Desk Lamps,,Desk Lamps,24572615,"OttLite Wellness Capture LED Desk Lamp, 21.25"", Black (CSJ36G5W)"
Furniture,Lamps & Lighting,Desk Lamps,,Desk Lamps,24572598,"OttLite Wellness Inspire LED Desk Lamp, 18"", White (CS3QN4WW)"
Furniture,Lamps & Lighting,Desk Lamps,,Desk Lamps,24314426,"OttLite LED Wellness Series Renew Lamp, Black (F1DY8G59-SHPR)"
Furniture,Lamps & Lighting,Desk Lamps,,Desk Lamps,24572620,"OttLite Wellness Infuse LED Desk Lamp, 15.5"", Black (CSA26KUQ-SHPR)"
Furniture,Lamps & Lighting,Desk Lamps,,Desk Lamps,915121,"V-LIGHT LED Task Lamp with Gooseneck Arm, 11.4""H, Brushed Nickel (VS01126BN)"
Furniture,Lamps & Lighting,Desk Lamps,,Desk Lamps,24572597,"OttLite Extended Reach LED Desk Lamp, 27"", Black (CSN85G5C-SHPR)"
Furniture,Lamps & Lighting,Desk Lamps,,Desk Lamps,24504680,"V-Light LED Architect Desk Lamp, 10"", Black Glossy (SVL913863B)"
Furniture,Lamps & Lighting,Desk Lamps,,Desk Lamps,24572616,"OttLite Wellness Switch Rechargeable LED Desk Lamp, 14.6"", Black (CSR07G5W-SHPR)"
Furniture,Lamps & Lighting,Desk Lamps,,Desk Lamps,24472836,"OttLite Wellness Sanitize LED Desk Lamp, 16.38"", White Matte (SCD0500S)"
Furniture,Lamps & Lighting,Desk Lamps,,Desk Lamps,24572611,"OttLite Cool Breeze LED Fan Desk Lamp, 26.5"", Gray (F261G9-SHPR)"
Furniture,Lamps & Lighting,Desk Lamps,,Desk Lamps,24572604,"OttLite Wellness Power Up LED Desk Lamp, 21"", White (CS030QI)"
Furniture,Lamps & Lighting,Desk Lamps,,Desk Lamps,24550782,"OttLite Direct LED Desk Lamp, 18"", Brass (CS01BS9-SHPR)"
Furniture,Lamps & Lighting,Desk Lamps,,Desk Lamps,24572614,"OttLite Wellness Recharge LED Desk Lamp, 18.75"", Black (CS59G59-SHPR)"
Furniture,Lamps & Lighting,Desk Lamps,,Desk Lamps,24572605,"OttLite Rise LED Desk Lamp, 19"", Black (CSE13G59)"
Furniture,Lamps & Lighting,Desk Lamps,,Desk Lamps,24550794,"OttLite Adjust LED Desk Lamp, 22"", Black/Silver Matte (CS01KC9-SHPR)"
Furniture,Lamps & Lighting,Desk Lamps,,Desk Lamps,24550795,"OttLite Wellness Series Merge LED Desk Lamp, 18.25"", Matte Black/Gold (CS7QAK1W)"
Furniture,Lamps & Lighting,Desk Lamps,,Desk Lamps,24550787,"OttLite Pivot LED Desk Lamp, 26"", White (CSN5900C)"
Furniture,Lamps & Lighting,Desk Lamps,,Desk Lamps,24572599,"OttLite Wellness Swivel LED Desk Lamp, 25"", White (CSN0800W)"
Furniture,Lamps & Lighting,Desk Lamps,,Desk Lamps,24572595,"OttLite Wellness Clarify LED Desk Lamp, 13.5"", White (CSD9000W)"
Furniture,Lamps & Lighting,Desk Lamps,,Desk Lamps,24572609,"OttLite Cool Breeze LED Fan Desk Lamp, 26.5"", White/Gray (F26WG9-SHPR)"
Furniture,Lamps & Lighting,Desk Lamps,,Desk Lamps,24572607,"OttLite Wellness Balance LED Desk Lamp, 18"", Black/Antique Brass (CS01KA9-SHPR)"
Furniture,Lamps & Lighting,Desk Lamps,,Desk Lamps,24504676,"V-Light LED Wireless Charging Desk Lamp, 20.5"", Matte Gray (SV250PG)"
Furniture,Lamps & Lighting,Desk Lamps,,Desk Lamps,24504677,"V-Light LED Desk Lamp with Clock, 16"", Brushed Chrome/Black (SVLU2FBR)"
Furniture,Lamps & Lighting,Desk Lamps,,Desk Lamps,24572613,"OttLite Wellness LED Desk Lamp, 18.75"", White (CS59089-SHPR)"
Furniture,Lamps & Lighting,Desk Lamps,,Desk Lamps,24550790,"OttLite Perform LED Desk Clamp Lamp, 24.75"", White (CS49602W)"
Furniture,Lamps & Lighting,Desk Lamps,,Desk Lamps,24550785,"OttLite Command LED Desk Lamp, 29"", White (CS59029-SHPR)"
Furniture,Lamps & Lighting,Desk Lamps,,Desk Lamps,24610579,"TRU RED™ Brightwell 5-in-1 Productivity LED Desk Light, White (TR62804)"
Furniture,Lamps & Lighting,Desk Lamps,,Desk Lamps,24634877,"Excello Global Products Wellness Series LED Desk Lamp, 17.5"", Black (EGP-DL-18-BLK-S)"
Furniture,Lamps & Lighting,Floor Lamps,,Floor Lamps,3130547,"Newhouse Lighting William Double Mother-Son 71"" Torchiere Floor Lamp, Black (NHFL-WI-BK)"
Furniture,Lamps & Lighting,Floor Lamps,,Floor Lamps,24588856,"Simplee Adesso Rockwell 74"" Matte Black Floor Lamp with Drum Oatmeal Shade (SL1170-01)"
Furniture,Lamps & Lighting,Floor Lamps,,Floor Lamps,3130541,"Newhouse Lighting Charles 71"" Torchiere Floor Lamp, Black (NHFL-CH-BK)"
Furniture,Lamps & Lighting,Floor Lamps,,Floor Lamps,24588814,"Adesso Trudy 62"" Walnut Floor Lamp with Natural Drum Shade (1569-12)"
Furniture,Lamps & Lighting,Floor Lamps,,Floor Lamps,24588807,"Monarch Specialties Inc. 62.75"" Brass Floor Lamp with Ivory Drum Shade (I 9736)"
Furniture,Lamps & Lighting,Floor Lamps,,Floor Lamps,281027,"Adesso Aries 73""H Brushed Steel Floor Lamp with White Acrylic Cone Shade (7500-22)"
Furniture,Lamps & Lighting,Floor Lamps,,Floor Lamps,24588804,"Simplee Adesso 66"" Matte Black Floor Lamp with Oatmeal Drum Shade (SL1140-01)"
Furniture,Lamps & Lighting,Floor Lamps,,Floor Lamps,24588771,"Adesso Director 60.25"" Walnut Floor Lamp with Off-White Drum Shade (6424-15)"
Furniture,Lamps & Lighting,Floor Lamps,,Floor Lamps,281026,"Adesso® Aries 73""H 300 W Torchiere, Black with White Acrylic Cone Shade (7500-01)"
Furniture,Lamps & Lighting,Floor Lamps,,Floor Lamps,24601409,"Simplee Adesso Milo 60"" Antique Brass Floor Lamp with Off-White Drum Shade (SL9503-21)"
Furniture,Lamps & Lighting,Floor Lamps,,Floor Lamps,281024,"Adesso® Piedmont 71""H Brushed Steel 300W Torchiere Floor Lamp with Reading Light and White Plastic Shades (7202-22)"
Furniture,Lamps & Lighting,Floor Lamps,,Floor Lamps,24686511,"Adesso Caldwell 62""H Antique Brass Floor Lamp with White Linen Shade (4229-21)"
Furniture,Lamps & Lighting,Floor Lamps,,Floor Lamps,24700400,"Adesso Shiloh 63""H Antique Brass Floor Lamp with Soft Pleated Oatmeal Linen Shade (1578-21)"
Furniture,Lamps & Lighting,Floor Lamps,,Floor Lamps,24686510,"Adesso Caldwell 62""H Black Floor Lamp with Beige Linen Shade (4229-01)"
Furniture,Lamps & Lighting,Floor Lamps,,Floor Lamps,24588783,"Adesso Corinne 80"" Antique Bronze Floor Lamp with Oval Off-White Shade (5024-01)"
Furniture,Lamps & Lighting,Floor Lamps,,Floor Lamps,24632534,"Adesso Thalia 58.5"" Antique Brass Floor Lamp with Empire Shade (SL2614-21)"
Furniture,Lamps & Lighting,Floor Lamps,,Floor Lamps,24588846,"Adesso Bahama 58"" Dark Bronze Floor Lamp with Dome Rattan Shade (4332-26)"
Furniture,Lamps & Lighting,Floor Lamps,,Floor Lamps,24601410,"Simplee Adesso Jeremy 60.75""H Antique Brass Floor Lamp with White Pleated Fabric Shade (SL9500-21)"
Furniture,Lamps & Lighting,Floor Lamps,,Floor Lamps,24700418,"Adesso Elodie 60""H Black Floor Lamp with White Scalloped Fabric Shade (2618-01)"
Furniture,Lamps & Lighting,Floor Lamps,,Floor Lamps,24601413,"Simplee Adesso Eli 60""H Antique Brass Floor Lamp with Drum Shade (SL9504-21)"
Furniture,Lamps & Lighting,Floor Lamps,,Floor Lamps,24601419,"Simplee Adesso Evan 60""H Antique Brass Floor Lamp with Drum Shade (SL9502-21)"
Furniture,Lamps & Lighting,Floor Lamps,,Floor Lamps,24550664,"Adesso Solar 70.5"" Brushed Steel Floor Lamp with Cone Shade (5121-22)"
Furniture,Lamps & Lighting,Floor Lamps,,Floor Lamps,24601417,"Simplee Adesso Evan 60""H Black Floor Lamp with Drum Shade (SL9502-01)"
Furniture,Lamps & Lighting,Floor Lamps,,Floor Lamps,24588778,"Simplee Adesso Zion 65"" Antique Brass Floor Lamp with White Drum Shade (SL1156-21)"
Furniture,Lamps & Lighting,Floor Lamps,,Floor Lamps,24601408,"Simplee Adesso Milo 60"" Black Floor Lamp with Light Brown Drum Shade (SL9503-01)"
Furniture,Lamps & Lighting,Floor Lamps,,Floor Lamps,134484,"Adesso Swivel 71.5""H Black Torchiere Floor Lamp with White Cone Shade (3677-01)"
Furniture,Lamps & Lighting,Floor Lamps,,Floor Lamps,24686494,"Adesso Swirl 58.75""H Antique Brass Floor Lamp with White Swirl Glosted Glass Shade (3262-21)"
Furniture,Lamps & Lighting,Floor Lamps,,Floor Lamps,24686509,"Adesso Caldwell 61""H Antique Brass Floor Lamp with White Linen Shade (4227-21)"
Furniture,Lamps & Lighting,Floor Lamps,,Floor Lamps,24550711,"Adesso Cove 58"" Metal Floor Lamp with Irregular Shade (5113-01)"
Furniture,Lamps & Lighting,Floor Lamps,,Floor Lamps,24550666,"Adesso Elmore 56"" Metal/Wood Floor Lamp with Round Shade (5181-01)"
Furniture,Lamps & Lighting,Floor Lamps,,Floor Lamps,24686498,"Adesso Claret Torchiere 72""H Black Floor Lamp with White Alabaster Glass Shade (3285-01)"
Furniture,Lamps & Lighting,Floor Lamps,,Floor Lamps,24700447,"Simplee Adesso Luther LED RGB Color Changing Torchiere, 71.75""H, Black with Plastic Shade (SL0373-01)"
Furniture,Lamps & Lighting,Floor Lamps,,Floor Lamps,24588800,"Adesso Wright 63"" Walnut Floor Lamp with Square Natural Shade (3138-12)"
Furniture,Lamps & Lighting,Floor Lamps,,Floor Lamps,2360542,"Adesso® Director 60.25""H Floor Lamp, Natural with Off-White Fabric Drum Shade (6424-12)"
Furniture,Lamps & Lighting,Floor Lamps,,Floor Lamps,24588766,"Adesso Bahama 80"" Dark Bronze Floor Lamp with Dome Rattan Shade (4333-26)"
Furniture,Lamps & Lighting,Floor Lamps,,Floor Lamps,1980625,"Adesso® Louise 60.25""H Tripod Floor Lamp, Black with Black Fabric Shade (6285-01)"
Furniture,Lamps & Lighting,Floor Lamps,,Floor Lamps,24550693,"Adesso Bianca 63"" Antique Brass Floor Lamp with 3 Globe Shades (4023-21)"
Furniture,Lamps & Lighting,Floor Lamps,,Floor Lamps,24601411,"Simplee Adesso Eli 60""H Black Floor Lamp with Drum Shade (SL9504-01)"
Furniture,Lamps & Lighting,Floor Lamps,,Floor Lamps,24686482,"Adesso Sonora 50.5""H Walnut Floor Lamp with Off-White Pleated Shade (3011-15)"
Furniture,Lamps & Lighting,Floor Lamps,,Floor Lamps,24550689,"Simplee Adesso 5 Light 67"" Matte Black/Antique Brass Floor Lamp with 5 Cone Shades (7205-01)"
Furniture,Lamps & Lighting,Floor Lamps,,Floor Lamps,24632535,"Adesso Lyra 60"" Antique Brass Floor Lamp with Empire Shade (2608-21)"
Furniture,Lamps & Lighting,Floor Lamps,,Floor Lamps,24700444,"Simplee Adesso Keely Incandescent RGB Color Changing Shelf Lamp, 56.8""H, Black/Linen Fabric Shade (SL0970-01)"
Furniture,Lamps & Lighting,Floor Lamps,,Floor Lamps,24588797,"Simplee Adesso Zion 65"" Matte Black Floor Lamp with Beige Drum Shade (SL1156-01)"
Furniture,Lamps & Lighting,Floor Lamps,,Floor Lamps,24466163,"Adesso Emmett 61"" Antique Brass Floor Lamp with Drum Shade (3159-01)"
Furniture,Lamps & Lighting,Floor Lamps,,Floor Lamps,24550671,"Adesso Flora 60"" Matte Black/Brushed Steel Floor Lamp with Square Shade (4183-22)"
Furniture,Lamps & Lighting,Floor Lamps,,Floor Lamps,24588826,"Adesso Liam 60.5"" Antique Brass Floor Lamp with Light Beige Cylinder Shade (1547-21)"
Furniture,Lamps & Lighting,Floor Lamps,,Floor Lamps,24550700,"Adesso Lyle 71"" Antique Brass Floor Lamp with Bell Shades (3282-01)"
Furniture,Lamps & Lighting,Floor Lamps,,Floor Lamps,24601415,"Simplee Adesso Jeremy 60.75""H Black Floor Lamp with White Pleated Fabric Shade (SL9500-01)"
Furniture,Lamps & Lighting,Floor Lamps,,Floor Lamps,1699824,"Ledu Slim Line Multiple Floor Lamp with Cylindrical/Tubular Shade, Pair (L9135)"
Furniture,Lamps & Lighting,Floor Lamps,,Floor Lamps,24700422,"Adesso Esme 60""H Antique Brass Floor Lamp with White Textured Fabric Shade (2620-21)"
Furniture,Lamps & Lighting,Floor Lamps,,Floor Lamps,24550729,"Adesso Warren 61.5"" Metal Floor Lamp with Drum Shade (6007-01)"
Furniture,Lamps & Lighting,Floor Lamps,,Floor Lamps,24615236,"Adesso Chrystie 83.5""H Black Floor Lamp with Drum Shade (4053-01)"
Furniture,Lamps & Lighting,Floor Lamps,,Floor Lamps,281026,"Adesso® Aries 73""H 300 W Torchiere, Black with White Acrylic Cone Shade (7500-01)"
Furniture,Lamps & Lighting,Floor Lamps,,Floor Lamps,281024,"Adesso® Piedmont 71""H Brushed Steel 300W Torchiere Floor Lamp with Reading Light and White Plastic Shades (7202-22)"
Furniture,Lamps & Lighting,Floor Lamps,,Floor Lamps,24700439,"Adesso Rayne 61.25""H Floor Lamp, Brown Marble Base with Rattan Shade (3296-01)"
Furniture,Lamps & Lighting,Floor Lamps,,Floor Lamps,24686511,"Adesso Caldwell 62""H Antique Brass Floor Lamp with White Linen Shade (4229-21)"
Furniture,Lamps & Lighting,Floor Lamps,,Floor Lamps,24686510,"Adesso Caldwell 62""H Black Floor Lamp with Beige Linen Shade (4229-01)"
Furniture,Lamps & Lighting,Floor Lamps,,Floor Lamps,24632517,"Adesso Scallop 60.75"" Black Floor Lamp with Empire Shade (4146-01)"
Furniture,Lamps & Lighting,Floor Lamps,,Floor Lamps,24632541,"Adesso Josephine 60.5"" Antique Brass Floor Lamp with Cone Shades (9411-21)"
Furniture,Lamps & Lighting,Floor Lamps,,Floor Lamps,24010609,"Adesso Sinclair 70""H Black and Antique Brass 3-Arm LED Floor Lamp with Frosted Glass Shades (3765-01)"
Furniture,Lamps & Lighting,Floor Lamps,,Floor Lamps,24615239,"Adesso Chrystie 83.5""H Antique Brass Floor Lamp with Drum Shade (4053-21)"
Furniture,Lamps & Lighting,Floor Lamps,,Floor Lamps,24686495,"Adesso Swirl Torchiere 73.75""H Antique Brass Floor Lamp with Round Shade (3265-21)"
Furniture,Lamps & Lighting,Floor Lamps,,Floor Lamps,24686513,"Adesso Laine 62.5""H Antique Brass Floor Lamp with Beige Linen Shade (4344-15)"
Furniture,Lamps & Lighting,Floor Lamps,,Floor Lamps,24632544,"Adesso Maeve 60"" Antique Brass Floor Lamp with Round Shade (9407-21)"
Furniture,Lamps & Lighting,Floor Lamps,,Floor Lamps,24588841,"Adesso Hazel 65"" Antique Brass Floor Lamp with Round Frosted Shade (4278-21)"
Furniture,Lamps & Lighting,Floor Lamps,,Floor Lamps,24588837,"Adesso Bowery 82"" Black Marble Floor Lamp with 3 Drum Taupe Shades (4250-01)"
Furniture,Lamps & Lighting,Floor Lamps,,Floor Lamps,24686507,"Adesso Greer LED Torchiere 70""H Matte Black Floor Lamp (4219-01)"
Furniture,Lamps & Lighting,Floor Lamps,,Floor Lamps,24700427,"Adesso Uma 63""H Antique Brass Floor Lamp with KD White Knife Pleated Fabric Shade (2623-21)"
Furniture,Lamps & Lighting,Floor Lamps,,Floor Lamps,24550659,"Adesso Henry 63.25"" Metal/Wood Floor Lamp with Cylindrical Shade (3459-12)"
Furniture,Lamps & Lighting,Floor Lamps,,Floor Lamps,24615233,"Adesso Atticus 59""H Antique Brass Floor Lamp with Round Shade (3898-21)"
Furniture,Lamps & Lighting,Floor Lamps,,Floor Lamps,24466164,"Adesso Devin 60.75"" Matte Black/Gray Floor Lamp with Drum Shade (5019-01)"
Furniture,Lamps & Lighting,Floor Lamps,,Floor Lamps,24686501,"Adesso Gio 65""H Antique Brass Floor Lamp with White Glossed Glass Shades (3312-21)"
Furniture,Lamps & Lighting,Floor Lamps,,Floor Lamps,24700426,"Adesso Uma 63""H Black Floor Lamp with KD White Knife Pleated Fabric Shade (2623-01)"
Furniture,Lamps & Lighting,Floor Lamps,,Floor Lamps,24700425,"Adesso Wyatt 60""H Antique Brass Floor Lamp with White Textured Fabric Shade (2622-21)"
Furniture,Lamps & Lighting,Floor Lamps,,Floor Lamps,24632546,"Adesso Kendra 62"" Floor Lamp with Empire Shade (9409-01)"
Furniture,Lamps & Lighting,Floor Lamps,,Floor Lamps,24550703,"Adesso Patrick 61"" Matte Black/Antique Brass Floor Lamp with Cone Shade (3759-01)"
Furniture,Lamps & Lighting,Floor Lamps,,Floor Lamps,24588845,"Adesso Bowery 73.5"" Black Marble Floor Lamp with Drum Taupe Shade (4249-01)"
Furniture,Lamps & Lighting,Floor Lamps,,Floor Lamps,24686502,"Adesso Renata 65.5""H Floor Lamp with Paper Raffia Shade (4107-12)"
Furniture,Lamps & Lighting,Floor Lamps,,Floor Lamps,24632531,"Adesso Thalia 58.5"" Black Floor Lamp with Empire Shade (SL2614-01)"
Furniture,Lamps & Lighting,Floor Lamps,,Floor Lamps,24686497,"Adesso Claret 59.75""H Black Floor Lamp with Off-White Fabric Shade (3274-01)"
Furniture,Lamps & Lighting,Floor Lamps,,Floor Lamps,3130558,"Newhouse Lighting Joey 71"" Torchiere Floor Lamp, White (NHFL-JO-WH)"
Furniture,Lamps & Lighting,Floor Lamps,,Floor Lamps,24588823,"Adesso Liam 60.5"" Antique Bronze Floor Lamp with Natural Cylinder Shade (1547-26)"
Furniture,Lamps & Lighting,Floor Lamps,,Floor Lamps,24700423,"Adesso Esme 60""H Brushed Steel Floor Lamp with White Textured Fabric Shade (2620-22)"
Furniture,Lamps & Lighting,Floor Lamps,,Floor Lamps,24588819,"Adesso Eve 61.25"" Natural Oak Floor Lamp with Off-White Drum Shade (1577-12)"
Furniture,Lamps & Lighting,Floor Lamps,,Floor Lamps,24550716,"Adesso Lucas 54"" Matte Black/Antique Brass Floor Lamp with Cone Shade (4263-01)"
Furniture,Lamps & Lighting,Floor Lamps,,Floor Lamps,3130547,"Newhouse Lighting William Double Mother-Son 71"" Torchiere Floor Lamp, Black (NHFL-WI-BK)"
Furniture,Lamps & Lighting,Floor Lamps,,Floor Lamps,24588856,"Simplee Adesso Rockwell 74"" Matte Black Floor Lamp with Drum Oatmeal Shade (SL1170-01)"
Furniture,Lamps & Lighting,Floor Lamps,,Floor Lamps,3130541,"Newhouse Lighting Charles 71"" Torchiere Floor Lamp, Black (NHFL-CH-BK)"
Furniture,Lamps & Lighting,Floor Lamps,,Floor Lamps,24588814,"Adesso Trudy 62"" Walnut Floor Lamp with Natural Drum Shade (1569-12)"
Furniture,Lamps & Lighting,Floor Lamps,,Floor Lamps,24588807,"Monarch Specialties Inc. 62.75"" Brass Floor Lamp with Ivory Drum Shade (I 9736)"
Furniture,Lamps & Lighting,Floor Lamps,,Floor Lamps,281027,"Adesso Aries 73""H Brushed Steel Floor Lamp with White Acrylic Cone Shade (7500-22)"
Furniture,Lamps & Lighting,Floor Lamps,,Floor Lamps,24686508,"Adesso Caldwell 61""H Black Floor Lamp with Beige Linen Shade (4227-01)"
Furniture,Lamps & Lighting,Floor Lamps,,Floor Lamps,24686519,"Adesso Foster 62""H Black Floor Lamp with Off-White Linen Shade (4360-01)"
Furniture,Lamps & Lighting,Floor Lamps,,Floor Lamps,24700402,"Adesso Keanu 64.5""H Antique Brass Floor Lamp with White Paper Shade (1597-21)"
Furniture,Lamps & Lighting,Floor Lamps,,Floor Lamps,24632518,"Adesso Scallop 60.75"" Wood Floor Lamp with Empire Shade (4146-12)"
Furniture,Lamps & Lighting,Floor Lamps,,Floor Lamps,24632543,"Adesso Maeve 60"" Black Floor Lamp with Round Shade (9407-01)"
Furniture,Lamps & Lighting,Floor Lamps,,Floor Lamps,24255664,"Adesso® Presley 69""H Shiny Gold 3-Arm Adjustable Floor Lamp with Frosted Bell Shade (3566-04)"
Furniture,Lamps & Lighting,Floor Lamps,,Floor Lamps,24588794,"Adesso Liam 60.5"" Brushed Steel Floor Lamp with White Cylinder Shade (1547-22)"
Furniture,Lamps & Lighting,Floor Lamps,,Floor Lamps,24700404,"Adesso Amos 63""H Black Floor Lamp with Soft Pleated Oatmeal Linen Shade (1643-01)"
Furniture,Lamps & Lighting,Floor Lamps,,Floor Lamps,24686511,"Adesso Caldwell 62""H Antique Brass Floor Lamp with White Linen Shade (4229-21)"
Furniture,Lamps & Lighting,Floor Lamps,,Floor Lamps,24700432,"Adesso Imogen 67""H Antique Brass Floor Lamp with Linen Textured Fabric Shade (3189-21)"
Furniture,Lamps & Lighting,Floor Lamps,,Floor Lamps,281026,"Adesso® Aries 73""H 300 W Torchiere, Black with White Acrylic Cone Shade (7500-01)"
Furniture,Lamps & Lighting,Floor Lamps,,Floor Lamps,281024,"Adesso® Piedmont 71""H Brushed Steel 300W Torchiere Floor Lamp with Reading Light and White Plastic Shades (7202-22)"
Furniture,Lamps & Lighting,Floor Lamps,,Floor Lamps,24550643,"Adesso Oscar 68"" Antique Brass/Black Metal Floor Lamp with 2 Cone Shades (4285-01)"
Furniture,Lamps & Lighting,Floor Lamps,,Floor Lamps,24686510,"Adesso Caldwell 62""H Black Floor Lamp with Beige Linen Shade (4229-01)"
Furniture,Lamps & Lighting,Floor Lamps,,Floor Lamps,24686517,"Adesso Nigel 61""H Black Floor Lamp with Off-White Linen Shade (4358-01)"
Furniture,Lamps & Lighting,Floor Lamps,,Floor Lamps,24700413,"Adeso Samira 61""H Black Floor Lamp with Soft Pleated Blue Printed Fabric Shade (1652-01)"
Furniture,Lamps & Lighting,Floor Lamps,,Floor Lamps,24700424,"Adesso Rowe 56""H Antique Brass Task Floor Lamp with Metal Shade (2621-21)"
Furniture,Lamps & Lighting,Floor Lamps,,Floor Lamps,2491342,"Adesso Dalton 64.25""H Antique Brass Floor Lamp with Clear Glass Cylinder Shades (3853-21)"
Furniture,Lamps & Lighting,Floor Lamps,,Floor Lamps,24632522,"Adesso Linis 66"" Antique Brass Floor Lamp with White Glass Shade (AD9105-21)"
Furniture,Lamps & Lighting,Floor Lamps,,Floor Lamps,24700399,"Adesso Shiloh 63""H Black Floor Lamp with Soft Pleated Oatmeal Linen Shade (1578-01)"
Furniture,Lamps & Lighting,Floor Lamps,,Floor Lamps,24700419,"Adesso Elodie 60""H Antique Brass Floor Lamp with White Scalloped Fabric Shade (2618-21)"
Furniture,Lamps & Lighting,Floor Lamps,,Floor Lamps,24686515,"Adesso Norfolk 63""H Black Floor Lamp with Woven Paper Raffia Shade (4356-01)"
Furniture,Lamps & Lighting,Floor Lamps,,Floor Lamps,2607995,"Adesso Eden 59.25""H Wood Floor Lamp with Drum Shade (3208-12)"
Furniture,Lamps & Lighting,Floor Lamps,,Floor Lamps,24615231,"Adesso Atticus 59""H Black Floor Lamp with Round Shade (3898-01)"
Furniture,Lamps & Lighting,Floor Lamps,,Floor Lamps,24588818,"Adesso Trio 68"" Matte Black Floor Lamp with Three Cylindrical Light Brown Shades (4305-01)"
Furniture,Lamps & Lighting,Floor Lamps,,Floor Lamps,24550750,"Adesso Cove 62.75"" Antique Brass Floor Lamp with 2 Irregular Shades (5114-21)"
Furniture,Lamps & Lighting,Floor Lamps,,Floor Lamps,24780154,"Adesso Rutherford 64""H LED Tree Lamp, Black (3967-01)"
Furniture,Lamps & Lighting,Floor Lamps,,Floor Lamps,24550694,"Adesso Oscar 59"" Matte White/Antique Brass Floor Lamp with Cone Shade (4283-02)"
Furniture,Lamps & Lighting,Floor Lamps,,Floor Lamps,24780153,"Adesso Zane Collection 66"" Antique Brass Floor Lamp with Cyndrical Shade (3958-21)"
Furniture,Lamps & Lighting,Floor Lamps,,Floor Lamps,24700431,"Adesso Imogen 67""H Black Floor Lamp with Linen Textured Fabric Shade (3189-01)"
Furniture,Lamps & Lighting,Floor Lamps,,Floor Lamps,24615223,"Adesso Amira 64""H Brushed Steel Floor Lamp with Drum Shade (4062-22)"
Furniture,Lamps & Lighting,Floor Lamps,,Floor Lamps,24572612,"OttLite Webster 61"" Metal Floor Lamp with Dome Shade (L1604RB9-SHPR)"
Furniture,Lamps & Lighting,Floor Lamps,,Floor Lamps,24466154,"Adesso Fiona 71"" Antique Brass/White Marble Floor Lamp with Round Shade (5179-21)"
Furniture,Lamps & Lighting,Floor Lamps,,Floor Lamps,24700401,"Adesso Keanu 64.5""H Black Floor Lamp with White Paper Shade (1597-01)"
Furniture,Lamps & Lighting,Floor Lamps,,Floor Lamps,24588799,"Simplee Adesso Max 66"" Antique Brass Floor Lamp with Off-White Drum Shade (SL1140-21)"
Furniture,Lamps & Lighting,Floor Lamps,,Floor Lamps,24657884,"Newhouse Lighting Henry 71"" Silver Floor Torch Lamp with Round Shade (NHFL-HE-SI)"
Furniture,Lamps & Lighting,Floor Lamps,,Floor Lamps,24686506,"Adesso Greer 71""H Matte Black Floor Lamp with 3 Cylindrical LED Shades (4216-01)"
Furniture,Lamps & Lighting,Floor Lamps,,Floor Lamps,24700406,"Adesso Lanai 60""H Black Floor Lamp with White Paper Shade (1645-01)"
Furniture,Lamps & Lighting,Floor Lamps,,Floor Lamps,24686500,"Adesso Gio 56""H Antique Brass Floor Lamp with White Glossed Glass Shade (3305-21)"
Furniture,Lamps & Lighting,Floor Lamps,,Floor Lamps,24700445,"Simplee Adesso Astra LED RGB Color Changing Floor Lamp, 58.5""H, Black with Plastic Shade (SL0371-01)"
Furniture,Lamps & Lighting,Floor Lamps,,Floor Lamps,24550680,"Adesso Norman 60.5"" Brushed Steel Floor Lamp with Cylindrical Shade (1518-22)"
Furniture,Lamps & Lighting,Floor Lamps,,Floor Lamps,24466179,"Adesso Bergen 71"" Antique Brass/Black Floor Lamp with Dome Shade (4208-21)"
Furniture,Lamps & Lighting,Floor Lamps,,Floor Lamps,24588851,"Monarch Specialties Inc. 62.75"" Matte Black Floor Lamp with Ivory Drum Shade (I 9735)"
Furniture,Lamps & Lighting,Floor Lamps,,Floor Lamps,3130547,"Newhouse Lighting William Double Mother-Son 71"" Torchiere Floor Lamp, Black (NHFL-WI-BK)"
Furniture,Lamps & Lighting,Floor Lamps,,Floor Lamps,24588856,"Simplee Adesso Rockwell 74"" Matte Black Floor Lamp with Drum Oatmeal Shade (SL1170-01)"
Furniture,Lamps & Lighting,Floor Lamps,,Floor Lamps,3130541,"Newhouse Lighting Charles 71"" Torchiere Floor Lamp, Black (NHFL-CH-BK)"
Furniture,Lamps & Lighting,Floor Lamps,,Floor Lamps,24588814,"Adesso Trudy 62"" Walnut Floor Lamp with Natural Drum Shade (1569-12)"
Furniture,Lamps & Lighting,Floor Lamps,,Floor Lamps,24588807,"Monarch Specialties Inc. 62.75"" Brass Floor Lamp with Ivory Drum Shade (I 9736)"
Furniture,Lamps & Lighting,Floor Lamps,,Floor Lamps,281027,"Adesso Aries 73""H Brushed Steel Floor Lamp with White Acrylic Cone Shade (7500-22)"
Furniture,Desks,Desk Components & Hutches,Hutches,Hutches,24608945,"Sauder Whitaker Point 67""W Desktop Hutch, Natural Maple (429371)"
Furniture,Desks,Desk Components & Hutches,Hutches,Hutches,1025878,"Offices To Go Superior 66""W Desktop Hutch, American Espresso (TDSL66HD-AEL)"
Furniture,Desks,Desk Components & Hutches,Hutches,Hutches,24608939,"Sauder Cannery Bridge 60""W Desktop Hutch, Sindoori Mango (429511)"
Furniture,Desks,Desk Components & Hutches,Hutches,Hutches,24608929,"Sauder Tiffin Line 66""W Desktop Hutch, Raven Oak (433264)"
Furniture,Desks,Desk Components & Hutches,Hutches,Hutches,24460396,"Offices To Go Superior Laminate 48""W Desk Hutch, Artisan Gray (SL48HOAGL)"
Furniture,Desks,Desk Components & Hutches,Hutches,Hutches,24608855,"Sauder Whitaker Point 31""W Desktop Hutch, Natural Maple (429372)"
Furniture,Desks,Desk Components & Hutches,Hutches,Hutches,24484559,"HON Mod 60""W Desktop Hutch, Traditional Mahogany (HONLDH60LT1)"
Furniture,Desks,Desk Components & Hutches,Hutches,Hutches,24484688,"HON Mod 66""W Desktop Hutch, Traditional Mahogany (HONLDH66LT1)"
Furniture,Desks,Desk Components & Hutches,Hutches,Hutches,24484892,"HON Mod 66""W Desktop Hutch, Slate Teak (HONLDH66LS1)"
Furniture,Desks,Desk Components & Hutches,Hutches,Hutches,24443148,"Offices To Go Superior 48""W Desktop Hutch, Autumn Walnut (TDSL48LDRAWL)"
Furniture,Desks,Desk Components & Hutches,Hutches,Hutches,24460394,"Offices To Go Superior Laminate 66""W Desk Hutch, Artisan Gray (SL66HOAGL)"
Furniture,Desks,Desk Components & Hutches,Hutches,Hutches,1607557,"Regency Legacy 36""H x 35""W Open Hutch, Cherry (LHO35CH)"
Furniture,Desks,Desk Components & Hutches,Hutches,Hutches,1961207,"Safco Medina™ Corner Hutch Support, Gray Steel 2 shelves, 20""H"
Furniture,Desks,Desk Components & Hutches,Hutches,Hutches,24460393,"Offices To Go Superior Laminate 48""W Desktop Hutch, Autumn Walnut (TDSL48HOAWL)"
Furniture,Desks,Desk Components & Hutches,Hutches,Hutches,24484828,"HON Mod 72""W Desktop Hutch, Java Oak (HONLDH72LJ1)"
Furniture,Desks,Desk Components & Hutches,Hutches,Hutches,24484777,"HON Mod 66""W Desktop Hutch, Sepia Walnut (HONLDH66LE1)"
Furniture,Desks,Desk Components & Hutches,Hutches,Hutches,24460386,"Offices To Go Superior Laminate 60""W Desktop Hutch, American Mahogany (TDSL60HOAML)"
Furniture,Desks,Desk Components & Hutches,Hutches,Hutches,1961209,"Safco Medina™ Corner Hutch Support Gray Steel, 2 shelves, 20""H"
Furniture,Desks,Desk Components & Hutches,Hutches,Hutches,24442087,"Ameriwood Parkside 71 ""W Wall-Mounted Hutch, Light Brown Oak (9958848COM)"
Furniture,Desks,Desk Components & Hutches,Hutches,Hutches,24460388,"Offices To Go Superior Laminate 48""W Desktop Hutch, American Mahogany (TDSL48HOAML)"
Furniture,Desks,Desk Components & Hutches,Hutches,Hutches,811632,"Offices To Go 66""W Desktop Hutch, American Mahogany (TDSL66HDAML)"
Furniture,Desks,Desk Components & Hutches,Hutches,Hutches,24455230,"Offices To Go Superior 71""W Desktop Hutch, American Mahogany (TDSL71HOAML)"
Furniture,Desks,Desk Components & Hutches,Hutches,Hutches,24460385,"Offices To Go Superior Laminate 48""W Desktop Hutch, American Espresso (TDSL48HOAEL)"
Furniture,Desks,Desk Components & Hutches,Hutches,Hutches,24484643,"HON Mod 60""W Desktop Hutch, Sepia Walnut (HONLDH60LE1)"
Furniture,Desks,Desk Components & Hutches,Hutches,Hutches,661606,"Bush Home Somerset 60"" W Desk Hutch, Storage Shelves for Office Desk, Hansen Cherry (WC81731)"
Furniture,Desks,Desk Components & Hutches,Hutches,Hutches,661599,"Bush Home Somerset 72"" W Desk Hutch, Storage Shelves for Office Desk, Hansen Cherry (WC81711)"
Furniture,Desks,Desk Components & Hutches,Hutches,Hutches,462530,"Bush Furniture Somerset 72""W Desktop Hutch, Maple Cross (WC81411)"
Furniture,Desks,Desk Components & Hutches,Hutches,Hutches,570257,"Bush Business Furniture Westfield 72""W Desktop Hutch, Mahogany (WC36777K)"
Furniture,Desks,Desk Components & Hutches,Hutches,Hutches,1638822,"Bush Home Somerset 72"" W Desk Hutch, Storage Shelves for Office Desk, Mocha Cherry (WC81811)"
Furniture,Desks,Desk Components & Hutches,Hutches,Hutches,569910,"Bush Business Furniture Westfield 60""W Desktop Hutch, Hansen Cherry (WC24462K)"
Furniture,Desks,Desk Components & Hutches,Hutches,Hutches,570256,"Bush Business Furniture Westfield 72""W Desktop Hutch, Natural Cherry (WC72477K)"
Furniture,Desks,Desk Components & Hutches,Hutches,Hutches,24468242,"Bush Home Somerset 60""W Desktop Hutch, Storm Gray (WC81031)"
Furniture,Desks,Desk Components & Hutches,Hutches,Hutches,24458859,"Bush Home Somerset 72"" W Desk Hutch, Storage Shelves for Office Desk, White (WC81911)"
Furniture,Desks,Desk Components & Hutches,Hutches,Hutches,147120,"Bush Furniture Cabot 60""W Desktop Hutch, Espresso Oak (WC31831)"
Furniture,Desks,Desk Components & Hutches,Hutches,Hutches,24424879,"Bush Business Furniture Studio C 72""W Desktop Hutch, Platinum Gray (SCH172PG)"
Furniture,Desks,Desk Components & Hutches,Hutches,Hutches,24417291,"Bush Furniture Cabot 60""W Desktop Hutch, White (WC31931)"
Furniture,Desks,Desk Components & Hutches,Hutches,Hutches,88319,"Bush Furniture 60""W Desktop Hutch, Cherry (WC31431)"
Furniture,Desks,Desk Components & Hutches,Hutches,Hutches,24391065,"Bush Home Somerset 72""W Desktop Hutch, Ash Gray (WC81611)"
Furniture,Desks,Desk Components & Hutches,Hutches,Hutches,2094376,"Bush Furniture Cabot 60""W Desktop Hutch, Gray (WC31731)"
Furniture,Desks,Desk Components & Hutches,Hutches,Hutches,24458855,"Bush Home Somerset 60"" W Desk Hutch, Storage Shelves for Office Desk, Platinum Gray (WC81231)"
Furniture,Lamps & Lighting,"Lighting Controls, Dimmers & Accessories",Lighting Accessories,Lighting Accessories,2127453,"Learning Resources Classroom Light Filters for Ceiling Lighting, Blue/White, Set of 3 Seasons (1233)"
Furniture,Lamps & Lighting,"Lighting Controls, Dimmers & Accessories",Lighting Accessories,Lighting Accessories,24619028,"Teacher Created Resources Light Filter for Ceiling Lighting, Clouds, 4/Pack (TCR20140)"
Furniture,Lamps & Lighting,"Lighting Controls, Dimmers & Accessories",Lighting Accessories,Lighting Accessories,24619085,"Teacher Created Resources Calming Covers Light Filter for Ceiling Lighting, Modern Rainbow, 4/Pack (TCR20142)"
Furniture,Lamps & Lighting,"Lighting Controls, Dimmers & Accessories",Lighting Accessories,Lighting Accessories,872257,"Educational Insights The Original Fluorescent Light Filters, 2' x 4', Whisper White, 4/Set (1231)"
Furniture,Lamps & Lighting,"Lighting Controls, Dimmers & Accessories",Lighting Accessories,Lighting Accessories,2102207,"Woods 13569 Indoor Wireless Remote Control with 3-Outlets, 3-Pack, White"
Furniture,Lamps & Lighting,"Lighting Controls, Dimmers & Accessories",Lighting Accessories,Lighting Accessories,24485071,"Educaitonal Insights Light Filters for Ceiling Lighting, Whisper White, 2' x 2', 4/Set (1237)"
Furniture,Lamps & Lighting,"Lighting Controls, Dimmers & Accessories",Lighting Accessories,Lighting Accessories,24600512,"Educational Insights Calming Clouds Light Filters, White/Blue, 2' x 4', 4/Set (1235)"
Furniture,Lamps & Lighting,"Lighting Controls, Dimmers & Accessories",Lighting Accessories,Lighting Accessories,24530439,"Excello Global Products Bistro Pole for String Lights, Black, 4/Pack (EGP-HD-0361)"
Furniture,Lamps & Lighting,"Lighting Controls, Dimmers & Accessories",Lighting Accessories,Lighting Accessories,24485059,"Educational Insights Pete the Cat Light Filter for Ceiling Lighting, Blue, 3/Pack (1238)"
Furniture,Lamps & Lighting,"Lighting Controls, Dimmers & Accessories",Lighting Accessories,Lighting Accessories,1308847,GE 15150 Plug-In Digital Timer
Furniture,Lamps & Lighting,"Lighting Controls, Dimmers & Accessories",Lighting Accessories,Lighting Accessories,24485055,"Educational Insights Mini Light Filters, Tranquil Blue, 2’ x 2’, 4/Set (1236)"
Furniture,Lamps & Lighting,"Lighting Controls, Dimmers & Accessories",Lighting Accessories,Lighting Accessories,24619057,"Teacher Created Resources Light Filter for Ceiling Lighting, Be Positive,  4/Pack (TCR20143)"
Furniture,Lamps & Lighting,"Lighting Controls, Dimmers & Accessories",Lighting Accessories,Lighting Accessories,24530437,"Excello Global Products Bistro Pole for String Lights with 50' G40 Lights, Black, 2/Pack (EGP-HD-0360)"
Furniture,Lamps & Lighting,"Lighting Controls, Dimmers & Accessories",Lighting Accessories,Lighting Accessories,878147,"Educational Insights The Original Fluorescent Light Filters, 2' x 4', Blue, 4/Set (1230)"
Furniture,Lamps & Lighting,"Lighting Controls, Dimmers & Accessories",Lighting Accessories,Lighting Accessories,24477406,"Tzumi On Air HaloLight Tripod with LED Ring Light, Black (8071ST)"
Furniture,Lamps & Lighting,"Lighting Controls, Dimmers & Accessories",Lighting Controls & Dimmers,Lighting Controls & Dimmers,24005464,"GoGreen Power Indoor AC Timer, White (GG-36011)"
Furniture,Lamps & Lighting,"Lighting Controls, Dimmers & Accessories",Lighting Controls & Dimmers,Lighting Controls & Dimmers,24681791,"Stanley LightTimer Select Twin 2-Outlet Outdoor Photocell Timer, Black, 2/Pack (W38463)"
Furniture,Lamps & Lighting,"Lighting Controls, Dimmers & Accessories",Lighting Controls & Dimmers,Lighting Controls & Dimmers,24667376,"PRIME 2-Outlet Outdoor-Rated Countdown Timer, 0.5', Black (TNOCD002)"
Furniture,Lamps & Lighting,"Lighting Controls, Dimmers & Accessories",Lighting Controls & Dimmers,Lighting Controls & Dimmers,24681788,"Stanley LightTimer Select Twin 2-Outlet Outdoor Photocell Timer, 8 ft., Black (KITNCCST4)"
Furniture,Desks,Office Desks,,Office Desks,868972,"Sauder Edge Water 65""W Executive Desk, Estate Black (409042)"
Furniture,Desks,Office Desks,,Office Desks,1929202,"Staples Gillespie 62"" W L-Shaped Computer Desk, Sonoma Cherry (ST28189-CC)"
Furniture,Desks,Office Desks,,Office Desks,24290479,"Staples Kendall Park 58.5” Double Pedestal Desk, Cherry Finish, Executive Office Desk with Storage Drawers & Spacious Worktop"
Furniture,Desks,Office Desks,,Office Desks,24442485,"Emerge Vizon 47""W Gaming Desk, Black (59260)"
Furniture,Desks,Office Desks,,Office Desks,24549562,"Eureka Ergonomic 47""W Computer Desk, Teak (CD009)"
Furniture,Desks,Office Desks,,Office Desks,24503499,"Union & Scale™ Essentials 60""W L-Shaped Desk, Natural (UN60420)"
Furniture,Desks,Office Desks,,Office Desks,3092071,"Boss Office Products 66""W L-Shaped Executive Corner Desk with Box/Box/File Storage Pedestal, Driftwood (GROUPA20-DW)"
Furniture,Desks,Office Desks,,Office Desks,674053,"Techni Mobili 47""W Computer Desk, Espresso (RTA-8211-ES18)"
Furniture,Desks,Office Desks,,Office Desks,24497073,"Techni Mobili 48"" Writing Desk, Espresso (RTA-913D-ES)"
Furniture,Desks,Office Desks,,Office Desks,24522186,"Emerge Vizon 47""W Gaming Desk, White (60986)"
Furniture,Desks,Office Desks,,Office Desks,24423949,"Techni Mobili 52"" L-Shaped Desk, Gray (RTA-8413L-GRY)"
Furniture,Desks,Office Desks,,Office Desks,24443091,"Offices To Go Superior Laminate 71"" Table, Artisan Gray (TDSL7142RECSAGL)"
Furniture,Desks,Office Desks,,Office Desks,3092062,"Boss Office Products 66""W L-Shaped Executive Corner Desk with Dual Box/Box/File Storage Pedestals, Driftwood (GROUPA21-DW)"
Furniture,Desks,Office Desks,,Office Desks,24302820,"Techni Sport Carbon Computer Gaming Desk with Shelving, Black (RTA-TS200-BK)"
Furniture,Desks,Office Desks,,Office Desks,3092063,"Boss Office Products 71""W L-Shaped Executive Corner Desk with Box/Box/File Storage Pedestal, Driftwood (GROUPA10-DW)"
Furniture,Desks,Office Desks,,Office Desks,819636,"Offices To Go Superior Laminate Desking 42""W Bow-Front Desk Shell, American Dark Cherry (TDSL7141BDSADC)"
Furniture,Desks,Office Desks,,Office Desks,24530252,"HON Mod 60""W L-Shaped Workstation, Traditional Mahogany (HLPL6072LDESK2BBFTM1)"
Furniture,Desks,Office Desks,,Office Desks,24302821,"Techni Mobili 51.25""W Modern Office Desk with Storage, Gray (RTA-7002-GRY)"
Furniture,Desks,Office Desks,,Office Desks,24423950,"Techni Mobili 47"" Modern L-Shaped Desk with Hutch, Gray (RTA-8410-GRY)"
Furniture,Desks,Office Desks,,Office Desks,24698411,"Boss Office Products 66"" L-Shaped Desk with File Pedestal, Mocha (GROUPA20-MOC)"
Furniture,Desks,Office Desks,,Office Desks,24698386,"Boss Office Products 71"" L-Shaped Desk with Dual File Pedestals, Mocha (GROUPA11-MOC)"
Furniture,Desks,Office Desks,,Office Desks,2410339,"Sauder Edge Water Executive Desk, Chalked Chestnut (418795)"
Furniture,Desks,Office Desks,,Office Desks,24463040,"Bush Home Cabot 60W L Shaped Computer Desk with Storage, Modern Gray (WC31330K)"
Furniture,Desks,Office Desks,,Office Desks,24458826,"Bush Home Somerset 72W L-Shaped Sit to Stand Desk with Hutch, Platinum Gray (SET015PG)"
Furniture,Desks,Office Desks,,Office Desks,24388334,"Bush Business Furniture Echo 60""W L Shaped Bow Front Desk, Gray Sand (ECH025GS)"
Furniture,Desks,Office Desks,,Office Desks,24698415,"Boss Office Products 66"" Desk with Box/Box/File Pedestal and File/File Pedestal, Mahogany (GROUPA22-M)"
Furniture,Desks,Office Desks,,Office Desks,24698408,"Boss Office Products 66"" L-Shaped Desk with File Pedestal and Lateral File, Mahogany (GROUPA19-M)"
Furniture,Desks,Office Desks,,Office Desks,24463033,"Bush Furniture Salinas 60""W L Shaped Desk with Lateral File Cabinet and 5 Shelf Bookcase, Reclaimed Pine (SAL003RCP)"
Furniture,Desks,Office Desks,,Office Desks,55898,"Winsome Studio Beech Wood Computer Desk, Honey"
Furniture,Desks,Office Desks,,Office Desks,24357057,"Bush Home Salinas 60W L Shaped Desk with Storage, Vintage Black (SAD160VB-03)"
Furniture,Desks,Office Desks,,Office Desks,24462986,"Bush Home Salinas Small Computer Desk with Hutch, Shiplap Gray/Pure White (MY72808-03)"
Furniture,Desks,Office Desks,,Office Desks,24463016,"Bush Home Cabot 60W L Shaped Computer Desk with Storage, Modern Walnut (WC31030K)"
Furniture,Desks,Office Desks,,Office Desks,24457583,"Bush Home Somerset 72W L-Shaped Sit to Stand Desk with Hutch, Storm Gray (SET015SG)"
Furniture,Desks,Office Desks,,Office Desks,500401,"Bush Business Furniture Westfield 66W x 30D Office Desk, Hansen Cherry/Graphite Gray (WC24442A)"
Furniture,Desks,Office Desks,,Office Desks,24698429,"Boss Office Products 71"" U-Shaped Desk with File Pedestal and Hutch, Mahogany (GROUPA5-M)"
Furniture,Desks,Office Desks,,Office Desks,147291,"Bush Furniture Saratoga 66""W L Shaped Computer Desk with Drawers, Harvest Cherry (EX45670-03K)"
Furniture,Desks,Office Desks,,Office Desks,24422810,"Bush Furniture Key West 60""W L-Shaped Desk, Pure White Oak (KWD160WT-03)"
Furniture,Desks,Office Desks,,Office Desks,24698410,"Boss Office Products 66"" L-Shaped Desk with File Pedestal, Mahogany (GROUPA20-M)"
Furniture,Desks,Office Desks,,Office Desks,24457585,"Bush Home Somerset 72W 3 Position Sit to Stand L Shaped Desk, Storm Gray (SET014SG)"
Furniture,Desks,Office Desks,,Office Desks,24463058,"Bush Home Cabot 60W L Shaped Computer Desk with Storage, Linen White Oak (WC31130K)"
Furniture,Desks,Office Desks,,Office Desks,24566683,"Regency Marque 72""W Curved Reception Desk Workstation, Driftwood Gray (77310GY)"
Furniture,Desks,Office Desks,,Office Desks,24580470,"HON Mod 60""W Double-Pedestal Desk, Slate Teak (HLPLDS6030BBFLS1)"
Furniture,Desks,Office Desks,,Office Desks,24497746,"Flash Furniture Optis 52""W Laminate Rectangle Gaming Desk Bundle, Red (BLNX40RSG1030RD)"
Furniture,Desks,Office Desks,,Office Desks,24547831,"Hirsh 48""W Single-Pedestal Desk, Charcoal/Mahogany (20093)"
Furniture,Desks,Office Desks,,Office Desks,901849,"HON 10500 Series Executive Workstation, Desk, Credenza, Hutch, Mahogany (HON105DCH7298N)"
Furniture,Desks,Office Desks,,Office Desks,24418316,"Offices To Go Superior 71"" Desk Shell, Artisan Gray (TDSL7141BDSAGL)"
Furniture,Desks,Office Desks,,Office Desks,24497952,"Flash Furniture Optis 45""W Laminate Rectangle Gaming Desk Bundle, Black (BLNX40D1904BK)"
Furniture,Desks,Office Desks,,Office Desks,24443084,"Offices To Go Superior 96"" Conference Table, American Mahogany (TDSL9644RECSAML)"
Furniture,Desks,Office Desks,,Office Desks,24459239,"Offices To Go 48"" Table Desk, Artisan Gray (TDOTG22BNDAGL)"
Furniture,Desks,Office Desks,,Office Desks,24466435,"HON Coze 54""W Desk, Designer White and Silver (HONRPL2454DWP6)"
Furniture,Desks,Office Desks,,Office Desks,24597124,"Flash Furniture Cambridge 60""W Single Pedestal Desk, Walnut/Black (GCMBLK175WLN)"
Furniture,Desks,Office Desks,,Office Desks,24729266,"Arozzi Arena Gaming Desk, Pure White (ARENANAPWT)"
Furniture,Desks,Office Desks,,Office Desks,24484845,"HON Mod 72""W Desk Shell, Java Oak (HLPLDS7230.LJA1)"
Furniture,Desks,Office Desks,,Office Desks,24490787,"HON Mod 48""W Credenza Shell, Slate Teak (HONLCS4824LS1)"
Furniture,Desks,Office Desks,,Office Desks,24497784,"Flash Furniture Optis 52""W Laminate Rectangle Gaming Desk Bundle, Red (BLNX30RSG1031RD)"
Furniture,Desks,Office Desks,,Office Desks,24484557,"HON Mod 66""W Credenza Shell, Traditional Mahogany (HLPLCS6624.LTM1)"
Furniture,Desks,Office Desks,,Office Desks,24530246,"HON Mod 72"" Table Desk, Traditional Mahogany (HLPLDS72PSTM1)"
Furniture,Desks,Office Desks,,Office Desks,24484767,"HON Mod 72"" Desk Shell, Sepia Walnut (HLPLDS7236B.LSE1)"
Furniture,Desks,Office Desks,,Office Desks,967611,"Offices To Go Superior Laminate Bundle 2, American Espresso, 29 1/2""H - 65 1/2""H x 71""W x 108""D"
Furniture,Desks,Office Desks,,Office Desks,24443067,"Offices To Go Superior Laminate 71"" Table, American Mahogany (TDSL7130DSAML)"
Furniture,Desks,Office Desks,,Office Desks,24459238,"Offices To Go Superior 48"" Workstation Desk, American Dark Cherry (TDOTG23BNDADC)"
Furniture,Desks,Office Desks,,Office Desks,24484750,"HON Mod 66""W Credenza Shell, Sepia Walnut (HLPLCS6624.LSE1)"
Furniture,Desks,Office Desks,,Office Desks,24542498,"HON Mod 66""W x 96""D U-Shaped Computer Desk with 2 Support Pedestals, Slate Teak (HLPL6696UDESKSL1)"
Furniture,Desks,Office Desks,,Office Desks,24443086,"Offices To Go Superior Laminate 96"" Conference Table Desk, American Espresso (SL9644RECS-AEL)"
Furniture,Desks,Office Desks,,Office Desks,24443083,"Offices To Go Superior 144"" Conference Table, American Espresso (TDSL14448RECSAEL)"
Furniture,Desks,Office Desks,,Office Desks,24459240,"Offices To Go Superior 48"" Workstation Desk, Autumn Walnut (TDOTG23BNDAWL)"
Furniture,Desks,Office Desks,,Office Desks,24502852,"Bush Business Furniture Hybrid 72""W Computer Table Desk with Metal Legs, Platinum Gray (HYD373PG)"
Furniture,Desks,Office Desks,,Office Desks,24502824,"Bush Business Furniture Hybrid 60""W Computer Table Desk with Metal Legs, Platinum Gray (HYD360PG)"
Furniture,Desks,Office Desks,,Office Desks,462496,"Bush Furniture Somerset 72""W L Shaped Desk with Storage, Maple Cross (WC81410K)"
Furniture,Desks,Office Desks,,Office Desks,24457579,"Bush Furniture Somerset 72""W L-Shaped Desk with Hutch, Lateral File Cabinet and Bookcase, Platinum Gray (SET012PG)"
Furniture,Desks,Office Desks,,Office Desks,24468137,"Bush Furniture Somerset 72""W L-Shaped Desk with Hutch, Lateral File Cabinet and 5-Shelf Bookcase, Fresh Walnut (SET012FW)"
Furniture,Desks,Office Desks,,Office Desks,24547840,"Hirsh 72""W Double-Pedestal Desk, Black/Walnut (20531)"
Furniture,Desks,Office Desks,,Office Desks,24424825,"Bush Business Furniture Studio C 72""W Bow Front Desk with Mobile File Cabinets, Platinum Gray (STC012PGSU)"
Furniture,Desks,Office Desks,,Office Desks,24458831,"Bush Home Somerset 72W 3 Position Sit to Stand L Shaped Desk, White (SET014WH)"
Furniture,Desks,Office Desks,,Office Desks,1669624,"Bush Business Furniture Cubix 48""W Corner Desk with Mobile File Cabinet, Hansen Cherry/Galaxy (SRA035HCSU)"
Furniture,Desks,Office Desks,,Office Desks,89283,"Bush Business Furniture Westfield Left Handed L Shaped Desk w/ Mobile File Cabinet, Hansen Cherry/Graphite Gray,  (SRC007HCLSU)"
Furniture,Desks,Office Desks,,Office Desks,24547806,"Hirsh 60""W Double-Pedestal Computer Desk, Charcoal/Mahogany (20102)"
Furniture,Desks,Office Desks,,Office Desks,2881261,"Bestar Logan 66""W U or L Shaped Desk with Drawers and Hutch, Bark Gray (46410-47)"
Furniture,Desks,Office Desks,,Office Desks,456291,"Bush Business Furniture Cubix 36""W Desk, Natural Cherry/Slate (WC57436)"
Furniture,Desks,Office Desks,,Office Desks,569890,"Bush Business Furniture Westfield 60""W Credenza Desk, Mocha Cherry (WC12961)"
Furniture,Desks,Office Desks,,Office Desks,868972,"Sauder Edge Water 65""W Executive Desk, Estate Black (409042)"
Furniture,Desks,Office Desks,,Office Desks,1929202,"Staples Gillespie 62"" W L-Shaped Computer Desk, Sonoma Cherry (ST28189-CC)"
Furniture,Desks,Office Desks,,Office Desks,24290479,"Staples Kendall Park 58.5” Double Pedestal Desk, Cherry Finish, Executive Office Desk with Storage Drawers & Spacious Worktop"
Furniture,Desks,Office Desks,,Office Desks,24442485,"Emerge Vizon 47""W Gaming Desk, Black (59260)"
Furniture,Desks,Office Desks,,Office Desks,24549562,"Eureka Ergonomic 47""W Computer Desk, Teak (CD009)"
Furniture,Desks,Office Desks,,Office Desks,24503499,"Union & Scale™ Essentials 60""W L-Shaped Desk, Natural (UN60420)"
Furniture,Desks,Office Desks,,Office Desks,24300309,"HON 10500 Series L-Workstation, Stack-On Storage, 66""W x 78""D, Mahogany Finish (HON105LRH6630N)"
Furniture,Desks,Office Desks,,Office Desks,24455254,"Offices To Go Superior 42"" Return Shell, American Mahogany (TDSL4220RAML)"
Furniture,Desks,Office Desks,,Office Desks,24459234,"Offices To Go Superior 48"" Workstation Desk, American Mahogany (TDOTG23BNDAML)"
Furniture,Desks,Office Desks,,Office Desks,24459235,"Offices To Go Superior 48"" Workstation Desk, American Espresso (TDOTG23BNDAEL)"
Furniture,Desks,Office Desks,,Office Desks,24443095,"Offices To Go Superior 120"" Conference Table, American Mahogany (TDSL12048RECSAML)"
Furniture,Desks,Office Desks,,Office Desks,24484583,"HON Mod 72"" Reception Desk Shell, Sepia Walnut (HLPLRCPNDS7230.LSE1)"
Furniture,Desks,Office Desks,,Office Desks,24455256,"Offices To Go Superior Laminate 71"" L-Shaped Desk, American Mahogany (TDOTG21-AML)"
Furniture,Desks,Office Desks,,Office Desks,24443092,"Offices To Go Superior 96"" High-Top Collaboration Table, Autumn Walnut (SL9644HT-AWL)"
Furniture,Desks,Office Desks,,Office Desks,24455211,"Offices To Go Superior 60"" Credenza Shell, Artisan Gray (TDSL6024CSAGL)"
Furniture,Desks,Office Desks,,Office Desks,24484863,"HON Mod 66""W Credenza Shell, Slate Teak (HLPLCS6624.LSL1)"
Furniture,Desks,Office Desks,,Office Desks,24484727,"HON Mod 42"" Reception Return Shell Desk, Sepia Walnut (HLPLRCPNRS4225.LSE1)"
Furniture,Desks,Office Desks,,Office Desks,24580471,"HON Mod 66""W x 96""D U-Shaped Computer Desk with 2 Support Pedestals, Sepia Walnut (HLPL6696UDESKSE1)"
Furniture,Desks,Office Desks,,Office Desks,24702371,"Sauder Pacific View 58""W L-Shaped Computer Desk, Prime Oak (433562)"
Furniture,Desks,Office Desks,,Office Desks,24484625,"HON Mod Slab Base for 120"" Table Top, Slate Teak (HLPLTBL120BASE.LSL1)"
Furniture,Desks,Office Desks,,Office Desks,24541792,"Safco Mirella SOHO 48""W Table Desk, Sand Dune (5511SDD)"
Furniture,Desks,Office Desks,,Office Desks,24443082,"Offices To Go Superior 144"" Conference Table, American Dark Cherry (SL14448RECS-ADC)"
Furniture,Desks,Office Desks,,Office Desks,24443068,"Offices To Go Superior Laminate 71"" Desk Shell, American Dark Cherry (TDSL7130DS-ADC)"
Furniture,Desks,Office Desks,,Office Desks,24455244,"Offices To Go Superior 48"" Return Shell, American Mahogany (TDSL4820RAML)"
Furniture,Desks,Office Desks,,Office Desks,811645,"Offices To Go Superior Laminate 71""W Desking Credenza Shell, American Mahogany (TDSL7124CSAML)"
Furniture,Desks,Office Desks,,Office Desks,24199303,"Legacy 71"" Full Double Pedestal Desk, Mahogany Laminate (LDPF7135MH)"
Furniture,Desks,Office Desks,,Office Desks,24468064,"Bush Home Somerset 72W Office Desk with Drawers, Storm Gray/White (WC81072)"
Furniture,Desks,Office Desks,,Office Desks,24478472,"Bestar Logan 66""W U or L Shaped Desk with Hutch, File Cabinet, and Bookcase, Antigua (46851-52)"
Furniture,Desks,Office Desks,,Office Desks,100752,"Bush Business Furniture Components 60""W L-Shaped Desk w/ Return and 3-Drawer File Cabinet, Hansen Cherry (BDL002HCL)"
Furniture,Desks,Office Desks,,Office Desks,1669481,"Bush Business Furniture Cubix 84""W Corner Desk with Mobile File Cabinet, Slate/White Spectrum (SRA041SLSU)"
Furniture,Desks,Office Desks,,Office Desks,24391082,"Bush Furniture Somerset 72W L Shaped Desk with Hutch and Lateral File Cabinet, Ash Gray (SET009AG)"
Furniture,Desks,Office Desks,,Office Desks,12313,"Bush Business Furniture Westfield 48W Desk with Pre-Assembled 3Dwr Mobile Pedestal, Mocha Cherry"
Furniture,Desks,Office Desks,,Office Desks,24457588,"Bush Furniture Somerset 72""W 3 Position Sit to Stand L Shaped Desk with Hutch and Bookcase, White (SET017WH)"
Furniture,Desks,Office Desks,,Office Desks,24501928,"Bush Business Furniture Studio C 72""W Bow Front Desk and Credenza with File Cabinets Bundle, Black Walnut (STC009BWSU)"
Furniture,Desks,Office Desks,,Office Desks,24547835,"Hirsh 60""W Double-Pedestal Teacher's Desk, Platinum/White (22645)"
Furniture,Desks,Office Desks,,Office Desks,456296,"Bush Business Furniture Westfield 72""W Credenza Desk, Hansen Cherry (WC24426)"
Furniture,Desks,Office Desks,,Office Desks,24595877,"Bush Furniture Cabot 40""W Writing Desk, Espresso Oak (WC31840)"
Furniture,Desks,Office Desks,,Office Desks,24600362,"Bush Business Furniture Westfield 72W Bow Front L Shaped Desk with 42W Return and Mobile File Cabinet, Mocha Cherry (SRC167MRSU)"
Furniture,Desks,Office Desks,,Office Desks,24604397,"Bush Business Furniture Arrive 60""W Reception Desk with Shelf, Storm Gray (ARV001SG)"
Furniture,Desks,Office Desks,,Office Desks,3082006,"Bush Business Furniture Studio C 60""W Credenza Desk, Natural Elm (SCD360NE)"
Furniture,Desks,Office Desks,,Office Desks,147549,"Bush Furniture Cabot 60""W L Shaped Computer Desk with Hutch and Lateral File Cabinet, Espresso Oak (CAB005EPO)"
Furniture,Desks,Office Desks,,Office Desks,24430549,"Bush Business Furniture Office 500 72""W U Shaped Executive Desk with Drawers, Storm Gray (OF5002SGSU)"
Furniture,Desks,Office Desks,,Office Desks,24589346,"Bush Business Furniture Hustle 72W x 30D L Shaped Computer Desk with Metal Legs, White (HUS001WH)"
Furniture,Desks,Office Desks,,Office Desks,24604386,"Bush Business Furniture Arrive 72""W L Shaped Reception Desk with Shelf, Mocha Cherry (ARV006MR)"
Furniture,Desks,Office Desks,,Office Desks,24274598,"Bush Business Furniture Studio C 72""W L Shaped Desk with Mobile File Cabinet and Return, White (STC007WH)"
Furniture,Desks,Office Desks,,Office Desks,868972,"Sauder Edge Water 65""W Executive Desk, Estate Black (409042)"
Furniture,Desks,Office Desks,,Office Desks,1929202,"Staples Gillespie 62"" W L-Shaped Computer Desk, Sonoma Cherry (ST28189-CC)"
Furniture,Desks,Office Desks,,Office Desks,24290479,"Staples Kendall Park 58.5” Double Pedestal Desk, Cherry Finish, Executive Office Desk with Storage Drawers & Spacious Worktop"
Furniture,Desks,Office Desks,,Office Desks,24442485,"Emerge Vizon 47""W Gaming Desk, Black (59260)"
Furniture,Desks,Office Desks,,Office Desks,24549562,"Eureka Ergonomic 47""W Computer Desk, Teak (CD009)"
Furniture,Desks,Office Desks,,Office Desks,24503499,"Union & Scale™ Essentials 60""W L-Shaped Desk, Natural (UN60420)"
Furniture,Desks,Office Desks,,Office Desks,24484838,"HON Mod 48"" Desk Shell, Java Oak (HLPLDS4830.LJA1)"
Furniture,Desks,Office Desks,,Office Desks,24455218,"Offices To Go Superior 60"" Credenza Shell, American Espresso (TDSL6024CSAEL)"
Furniture,Desks,Office Desks,,Office Desks,24530249,"HON Mod 72"" Table Desk, Gray (HLPLDS72PSSL1)"
Furniture,Desks,Office Desks,,Office Desks,24418402,"Offices To Go Superior 21"" Desk Center Drawer, Artisan Gray (TDSL20CD-AGL)"
Furniture,Desks,Office Desks,,Office Desks,24484840,"HON Mod 72""W Desk Shell, Java Oak (HLPLDS7236B.LJA1)"
Furniture,Desks,Office Desks,,Office Desks,24580464,"HON Mod 72""W Double-Pedestal Desk, Sepia Walnut (HLPLDS72PSSE1)"
Furniture,Desks,Office Desks,,Office Desks,24702338,"Sauder Palladia 65""W Executive Desk, Glacier Oak (432726)"
Furniture,Desks,Office Desks,,Office Desks,24580484,"HON Mod 72""W Double-Pedestal Desk, Java Oak (HLPLDS72PSJA1)"
Furniture,Desks,Office Desks,,Office Desks,24484853,"HON Mod 72"" Desk Shell, Slate Teak (HLPLDS7236B.LSL1)"
Furniture,Desks,Office Desks,,Office Desks,811648,"Offices To Go Furniture Collection 66""W Credenza Shell, American Mahogany (TDSL6624CSAML)"
Furniture,Desks,Office Desks,,Office Desks,24566702,"Regency Marque 144""W Curved Reception Desk Workstation, Driftwood Gray (77293GY)"
Furniture,Desks,Office Desks,,Office Desks,24729261,"Arozzi Arena Gaming Desk, Purple (ARENANAPP)"
Furniture,Desks,Office Desks,,Office Desks,2772926,"HON 10500 Series Right Pedestal Desk, 1 Box/1 File Drawer, 66""W, Mocha Finish"
Furniture,Desks,Office Desks,,Office Desks,24459232,"Offices To Go 48"" Table Desk, American Dark Cherry (TDOTG22BNDADC)"
Furniture,Desks,Office Desks,,Office Desks,24484834,"HON Mod 72"" Credenza Shell, Java Oak (HLPLCS7224.LJA1)"
Furniture,Desks,Office Desks,,Office Desks,24300303,"HON 10500 Series Double Pedestal Desk / Credenza, 72""W x 102""D, Mocha Finish (HON105DC3P72MO)"
Furniture,Desks,Office Desks,,Office Desks,24443066,"Offices To Go Superior 71"" Table, Autumn Walnut (TDSL7130DSAWL)"
Furniture,Desks,Office Desks,,Office Desks,24301755,"Bush Business Furniture Echo 60""W L Shaped Bow Front Desk, Pure White (ECH025PW)"
Furniture,Desks,Office Desks,,Office Desks,24367902,"Bush Furniture Somerset 72""W L Shaped Desk with Hutch and 5 Shelf Bookcase, Mocha Cherry (SET011MR)"
Furniture,Desks,Office Desks,,Office Desks,24388730,"Bush Home Somerset 72W Office Desk with Drawers, Maple Cross (WC81472)"
Furniture,Desks,Office Desks,,Office Desks,24388732,"Bush Home Somerset 72W Office Desk with Drawers, Mocha Cherry (WC81872)"
Furniture,Desks,Office Desks,,Office Desks,24457552,"Bush Furniture Somerset 72""W L-Shaped Desk with Hutch and File Cabinet, White (SET016WH)"
Furniture,Desks,Office Desks,,Office Desks,24501906,"Bush Business Furniture Studio C 60""W L Shaped Desk with 42W Return, Modern Hickory (STC050MH)"
Furniture,Desks,Office Desks,,Office Desks,24553871,"Bush Furniture Cabot 72""W Computer Desk with Drawers, Modern Gray (WC31372)"
Furniture,Desks,Office Desks,,Office Desks,24566689,"Regency Marque 72""W Curved Reception Desk Workstation, Cherry (77290CH)"
Furniture,Desks,Office Desks,,Office Desks,481444,"Bush Business Furniture Cubix 48""W Desk, Slate/White Spectrum (WC8448A)"
Furniture,Desks,Office Desks,,Office Desks,1669550,"Bush Business Furniture Cubix 84""W Corner Desk with Mobile File Cabinet, Natural Cherry/Slate (SRA041NCSU)"
Furniture,Desks,Office Desks,,Office Desks,24391069,"Bush Furniture Somerset 60""W Office Desk with Lateral File Cabinet and 5 Shelf Bookcase, Ash Gray (SET013AG)"
Furniture,Desks,Office Desks,,Office Desks,24402438,"Safco Wire Desk 36"" Workstation, Black (5203BL)"
Furniture,Desks,Office Desks,,Office Desks,24388734,"Bush Home Somerset 72W L-Shaped Sit to Stand Desk with Hutch, Maple Cross (SET015MC)"
Furniture,Desks,Office Desks,,Office Desks,24463215,"Bush Business Furniture Studio C 72""W Office Desk, Hansen Cherry (SCD272HC)"
Furniture,Desks,Office Desks,,Office Desks,24553852,"Bush Furniture Cabot 72""W Computer Desk with Drawers, Ash Gray (WC31272)"
Furniture,Desks,Office Desks,,Office Desks,24666303,"Bush Business Furniture Studio C 60""W Office Desk with Drawers, Natural Elm (STC014NESU)"
Furniture,Desks,Office Desks,,Office Desks,370099,"Bestar Connexion 72""W Laminated Wood L-Shaped Workstation Desk Bundle, Slate/Sandstone (93859-59)"
Furniture,Desks,Office Desks,,Office Desks,481443,"Bush Business Furniture Cubix 36""W Desk, Slate/White Spectrum (WC8436A)"
Furniture,Desks,Office Desks,,Office Desks,456300,"Bush Business Furniture Westfield 72""W Office Desk, Hansen Cherry/Graphite Gray (WC24436)"
Furniture,Desks,Office Desks,,Office Desks,87636,"Bush Business Furniture Cubix 60W Desk with Mobile File Cabinet, Hansen Cherry (SRA003HCSU)"
Furniture,Desks,Office Desks,,Office Desks,24457572,"Bush Home Somerset 60""W L Shaped Computer Desk with Hutch, Platinum Gray (SET002PG)"
Furniture,Desks,Office Desks,,Office Desks,24468061,"Bush Home Somerset 60"" W Office Computer Desk with Drawers, Storm Gray (WC81028K)"
Furniture,Desks,Office Desks,,Office Desks,88184,"Bush Business Furniture Westfield Bow Front Left Handed U Shaped Desk with Lateral File Cabinet, Hansen Cherry (SRC019HCLSU)"
Furniture,Desks,Office Desks,,Office Desks,868972,"Sauder Edge Water 65""W Executive Desk, Estate Black (409042)"
Furniture,Desks,Office Desks,,Office Desks,1929202,"Staples Gillespie 62"" W L-Shaped Computer Desk, Sonoma Cherry (ST28189-CC)"
Furniture,Desks,Office Desks,,Office Desks,24290479,"Staples Kendall Park 58.5” Double Pedestal Desk, Cherry Finish, Executive Office Desk with Storage Drawers & Spacious Worktop"
Furniture,Desks,Office Desks,,Office Desks,24442485,"Emerge Vizon 47""W Gaming Desk, Black (59260)"
Furniture,Desks,Office Desks,,Office Desks,24549562,"Eureka Ergonomic 47""W Computer Desk, Teak (CD009)"
Furniture,Desks,Office Desks,,Office Desks,24503499,"Union & Scale™ Essentials 60""W L-Shaped Desk, Natural (UN60420)"
Furniture,Desks,Office Desks,,Office Desks,24455246,"Offices To Go Superior Laminate 71"" L-Shaped Desk, American Espresso (TDOTG21-AEL)"
Furniture,Desks,Office Desks,,Office Desks,24195319,"Regency Kee 60"" Single Mobile Pedestal Desk- Maple/ Chrome (MTSPM6024PLBPCM)"
Furniture,Desks,Office Desks,,Office Desks,24195330,"Regency Kee 72"" Single Mobile Pedestal Desk- Grey/ Chrome (MTSPM7224GYBPCM)"
Furniture,Desks,Office Desks,,Office Desks,24542497,"HON Mod 48""W Table Desk with Mobile Storage, Traditional Mahogany (HLPL4824BFTM1ALEGSLV)"
Furniture,Desks,Office Desks,,Office Desks,24455271,"Offices To Go Superior 71"" Workstation Desk Bundle, American Mahogany (TDOTG20-AML)"
Furniture,Desks,Office Desks,,Office Desks,24195364,"Regency Kee 72"" Single Mobile Pedestal Desk- Cherry/ Chrome (MTSPM7224CHBPCM)"
Furniture,Desks,Office Desks,,Office Desks,24300302,"HON 10500 Series L-Workstation, Stack-On Storage, Full Pedestals, 72""W x 84""D, Mocha Finish (HON105LRSO7236M)"
Furniture,Desks,Office Desks,,Office Desks,24195372,"Regency Kee 60"" Single Mobile Pedestal Desk- Mahogany/ Chrome (MTSPM6024MHBPCM)"
Furniture,Desks,Office Desks,,Office Desks,24466441,"HON Coze 42""W Desk w/U-Storage, Designer White and Silver (HONRPL2442DWP6S)"
Furniture,Desks,Office Desks,,Office Desks,24729268,"Arozzi Arena Gaming Desk, Sakura (ARENANAWTSAKURA)"
Furniture,Desks,Office Desks,,Office Desks,24455257,"Offices To Go Superior 71"" Workstation Desk Bundle, American Espresso (TDOTG20-AEL)"
Furniture,Desks,Office Desks,,Office Desks,24443077,"Offices To Go Superior Laminate 71"" Conference Table Desk, Autumn Walnut (SL7142RECS-AWL)"
Furniture,Desks,Office Desks,,Office Desks,24455217,"Offices To Go Superior 60"" Credenza Shell, American Dark Cherry (TDSL6024CSADC)"
Furniture,Desks,Office Desks,,Office Desks,24443078,"Offices To Go Superior Laminate 71"" Conference Table Desk, American Mahogany (SL7142RECS-AML)"
Furniture,Desks,Office Desks,,Office Desks,24466438,"HON Coze 42""W Desk w/U-Storage, Natural Recon and Silver (HONRPL2442N1P6S)"
Furniture,Desks,Office Desks,,Office Desks,24195358,"Regency Kee 60"" L-Desk with 42"" Return, Grey/Chrome (ML602442GYBPCM)"
Furniture,Desks,Office Desks,,Office Desks,86056,"Safco 47"" Metal/Laminate Workstation Desk, Cherry/Black (1943CYBL)"
Furniture,Desks,Office Desks,,Office Desks,24274607,"Bush Business Furniture Studio C 60""W Credenza Desk, Storm Gray (SCD360SG)"
Furniture,Desks,Office Desks,,Office Desks,24301753,"Bush Business Furniture Echo 60""W L Shaped Desk, Pure White (ECH026PW)"
Furniture,Desks,Office Desks,,Office Desks,24468189,"Bush Home Somerset 72"" W Office Desk with Drawers and Hutch, Storm Gray (SET018SGWH)"
Furniture,Desks,Office Desks,,Office Desks,24501898,"Bush Business Furniture Studio C 72""W Credenza Desk, Black Walnut (SCD372BW-Z)"
Furniture,Desks,Office Desks,,Office Desks,24501971,"Bush Business Furniture Studio C 72""W U Shaped Desk with Hutch, Bookcase and File Cabinets, Black Walnut (STC001BWSU)"
Furniture,Desks,Office Desks,,Office Desks,24528873,"Bush Business Furniture Hybrid 60""W L Shaped Table Desk with Mobile File Cabinet, Storm Gray (HYB029SGSU)"
Furniture,Desks,Office Desks,,Office Desks,24602352,"Bush Business Furniture Arrive 72""W Reception Desk with Shelf, Storm Gray (AVD172SGK)"
Furniture,Desks,Office Desks,,Office Desks,24623689,"Bush Business Furniture Hustle 48""W Computer Desk and Storage Cabinet with Drawers and Shelves, Natural Elm (HUS007NE)"
Furniture,Desks,Office Desks,,Office Desks,24274597,"Bush Business Furniture Studio C 72""W Office Desk with Mobile File Cabinet, Storm Gray (STC013SG)"
Furniture,Desks,Office Desks,,Office Desks,24367908,"Bush Furniture Somerset 72""W L Shaped Desk with Hutch and Lateral File Cabinet, Hansen Cherry (SET009HC)"
Furniture,Desks,Office Desks,,Office Desks,24391073,"Bush Furniture Somerset 72""W 3 Position Sit to Stand L Shaped Desk with Hutch and Bookcase, Ash Gray (SET017AG)"
Furniture,Desks,Office Desks,,Office Desks,24391077,"Bush Home Somerset 72""W L Shaped Computer Desk with Hutch, Ash Gray (SET001AG)"
Furniture,Desks,Office Desks,,Office Desks,1668949,"Bestar Pro-Linea 71"" U-Desk with Hutch, White/Bark Grey (120880-47)"
Furniture,Desks,Office Desks,,Office Desks,23974005,"Bush Business Furniture Westfield 72""W Office Desk with Hutch and Mobile File Cabinet, Hansen Cherry/Graphite Gray (SRC080HCSU)"
Furniture,Desks,Office Desks,,Office Desks,24388727,"Bush Furniture Somerset 72""W 3 Position Sit to Stand L Shaped Desk with Hutch and File Cabinet, Maple Cross (SET016MC)"
Furniture,Desks,Office Desks,,Office Desks,24501968,"Bush Business Furniture Studio C 60""W Office Desk with Storage Return and Mobile File Cabinet, Platinum Gray (STC042PGSU)"
Furniture,Desks,Office Desks,,Office Desks,24502856,"Bush Business Furniture Hybrid 72""W Computer Table Desk with Metal Legs, Black Walnut (HYD373BW)"
Furniture,Desks,Office Desks,,Office Desks,24457580,"Bush Furniture Somerset 72""W L-Shaped Desk with Hutch, Lateral File Cabinet and Bookcase, Storm Gray (SET012SG)"
Furniture,Desks,Office Desks,,Office Desks,24528823,"Bush Business Furniture Echo 60""W L Shaped Bow Front Desk with Mobile File Cabinet, Charcoal Maple (ECH007CM)"
Furniture,Desks,Office Desks,,Office Desks,24528884,"Bush Business Furniture Echo 60""W Credenza Desk, Pure White/Modern Gray (KI60506-03)"
Furniture,Desks,Office Desks,,Office Desks,24589356,"Bush Business Furniture Hustle 72W x 24D L Shaped Computer Desk with Metal Legs, Natural Elm (HUS002NE)"
Furniture,Desks,Office Desks,,Office Desks,868972,"Sauder Edge Water 65""W Executive Desk, Estate Black (409042)"
Furniture,Desks,Office Desks,,Office Desks,1929202,"Staples Gillespie 62"" W L-Shaped Computer Desk, Sonoma Cherry (ST28189-CC)"
Furniture,Desks,Office Desks,,Office Desks,24290479,"Staples Kendall Park 58.5” Double Pedestal Desk, Cherry Finish, Executive Office Desk with Storage Drawers & Spacious Worktop"
Furniture,Desks,Office Desks,,Office Desks,24442485,"Emerge Vizon 47""W Gaming Desk, Black (59260)"
Furniture,Desks,Office Desks,,Office Desks,24549562,"Eureka Ergonomic 47""W Computer Desk, Teak (CD009)"
Furniture,Desks,Office Desks,,Office Desks,24503499,"Union & Scale™ Essentials 60""W L-Shaped Desk, Natural (UN60420)"
Furniture,Desks,Office Desks,,Office Desks,24566695,"Regency Marque 144""W Curved Reception Desk Workstation, Mahogany (77313MH)"
Furniture,Desks,Office Desks,,Office Desks,24542501,"HON Mod 48""W Table Desk with Mobile Storage, Slate Teak (HLPL4824BFTM1ALEGSLV)"
Furniture,Desks,Office Desks,,Office Desks,24484678,"HON Mod 72""W Reception Desk Shell, Traditional Mahogany (HLPLRCPNDS7230.LTM1)"
Furniture,Desks,Office Desks,,Office Desks,24566703,"Regency Marque 124.5""W Curved Reception Desk Workstation, Driftwood Gray (77292GY)"
Furniture,Desks,Office Desks,,Office Desks,24465839,"HON Coze 48""W Desk, w/U-Storage, Natural Recon and Silver (HONRPL2448N1P6S)"
Furniture,Desks,Office Desks,,Office Desks,24443081,"Offices To Go Superior 144"" Conference Table, American Mahogany (TDSL14448RECSAML)"
Furniture,Desks,Office Desks,,Office Desks,24443093,"Offices To Go Superior 96"" High-Top Collaboration Table, American Mahogany (SL9644HT-AML)"
Furniture,Desks,Office Desks,,Office Desks,24589366,"Bush Business Furniture Hustle 48W x 24D Computer Desk with Metal Legs, White (HUD148WH)"
Furniture,Desks,Office Desks,,Office Desks,24604391,"Bush Business Furniture Arrive 72""W Reception Desk with Shelf and Mobile File Cabinet, Storm Gray (ARV005SG)"
Furniture,Desks,Office Desks,,Office Desks,24623690,"Bush Business Furniture Hustle 72""W L Shaped Computer Desk with 3 Drawer Mobile File Cabinet, Platinum Gray (HUS005PG)"
Furniture,Desks,Office Desks,,Office Desks,24600361,"Bush Business Furniture Westfield 72""W L Shaped Desk with 42W Return and Mobile File Cabinet, Mocha Cherry (SRC166MRSU)"
Furniture,Desks,Office Desks,,Office Desks,24604374,"Bush Business Furniture Arrive 72""W Reception Desk with Counter and Mobile File Cabinet, Mocha Cherry (ARV008MR)"
Furniture,Desks,Office Desks,,Office Desks,24619206,"Bush Business Furniture Vista 72""W L Shaped Desk with Low Storage Cabinet, Natural Elm (VST005NE)"
Furniture,Desks,Office Desks,,Office Desks,24619199,"Bush Business Furniture Vista 72""W Computer Desk, Natural Elm (VSD172NE)"
Furniture,Desks,Office Desks,,Office Desks,24604375,"Bush Business Furniture Arrive 72""W L Shaped Reception Desk with Counter and Mobile File Cabinet, Storm Gray (ARV010SG)"
Furniture,Desks,Office Desks,,Office Desks,24619213,"Bush Business Furniture Vista 60""W Computer Desk, Black Walnut (VSD160BW)"
Furniture,Desks,Office Desks,,Office Desks,24623700,"Bush Business Furniture Hustle 60""W L Shaped Computer Desk with 3 Drawer Mobile File Cabinet, White (HUS006WH)"
Furniture,Desks,Office Desks,,Office Desks,24274599,"Bush Business Furniture Studio C 60""W L Shaped Desk with Mobile File Cabinet and Return, Storm Gray (STC008SG)"
Furniture,Desks,Office Desks,,Office Desks,24528913,"Bush Business Furniture Hybrid 72""W L Shaped Table Desk with Metal Legs, Platinum Gray (HYB026PG)"
Furniture,Desks,Office Desks,,Office Desks,24556749,"Bush Business Furniture Studio C 66""W Office Desk, White (SCD166WH)"
Furniture,Desks,Office Desks,,Office Desks,24589345,"Bush Business Furniture Hustle 48W x 24D Computer Desk with Metal Legs, Natural Elm (HUD148NE)"
Furniture,Desks,Office Desks,,Office Desks,24604403,"Bush Business Furniture Arrive 60""W Office Desk, Storm Gray (ARD260SG-Z)"
Furniture,Desks,Office Desks,,Office Desks,24274612,"Bush Business Furniture Studio C 72""W Office Desk, Storm Gray (SCD272SG)"
Furniture,Desks,Office Desks,,Office Desks,24367905,"Bush Furniture Somerset 72""W L Shaped Desk with Hutch, Lateral File Cabinet and Bookcase, Hansen Cherry (SET012HC)"
Furniture,Desks,Office Desks,,Office Desks,24457549,"Bush Home Somerset 72"" W L Shaped Computer Desk with Hutch, Storm Gray (SET001SG)"
Furniture,Desks,Office Desks,,Office Desks,24501889,"Bush Business Furniture Studio C 72""W Office Desk with Hutch and Mobile File Cabinet, Black Walnut (STC011BWSU)"
Furniture,Desks,Office Desks,,Office Desks,24501973,"Bush Business Furniture Studio C 72""W U Shaped Desk with Mobile File Cabinet, Modern Hickory (STC004MHSU)"
Furniture,Desks,Office Desks,,Office Desks,24502853,"Bush Business Furniture Hybrid 72""W Computer Table Desk with Metal Legs, Storm Gray (HYD373SG)"
Furniture,Desks,Office Desks,,Office Desks,24337032,"Bush Furniture Cabot 72""W L Shaped Computer Desk with Drawers, Espresso Oak (CAB051EPO)"
Furniture,Desks,Office Desks,,Office Desks,24367907,"Bush Furniture Somerset 72""W L Shaped Desk with Hutch, Lateral File Cabinet and Bookcase, Mocha Cherry (SET012MR)"
Furniture,Desks,Office Desks,,Office Desks,24501985,"Bush Business Furniture Studio C 60""W Office Desk with Mobile File Cabinet, Black Walnut (STC014BWSU)"
Furniture,Desks,Office Desks,,Office Desks,2094389,"Bush Furniture Cabot 60""W L Shaped Computer Desk with Hutch and Lateral File Cabinet, Heather Gray (CAB005HRG)"
Furniture,Desks,Office Desks,,Office Desks,2108882,"Flash Furniture 47"" Glass Glass Computer Desks Clear/Silver (NANYLCD1219)"
Furniture,Desks,Office Desks,,Office Desks,569908,"Bush Business Furniture Westfield 60""W Left Handed L Bow Desk, Hansen Cherry/Graphite Gray (WC24433)"
Furniture,Desks,Office Desks,,Office Desks,569951,"Bush Business Furniture Westfield 72""W Office Desk, Mahogany (WC36736)"
Furniture,Desks,Office Desks,,Office Desks,2094383,"Bush Furniture Cabot 60""W L Shaped Computer Desk with Hutch and 5 Shelf Bookcase, Heather Gray (CAB011HRG)"
Furniture,Desks,Office Desks,,Office Desks,87665,"Bush Business Furniture Cubix 36W Desk with Mobile File Cabinet, Natural Cherry/Slate (SRA024NCSU)"
Furniture,Desks,Office Desks,,Office Desks,1668957,"Bestar Pro-Linea 71""W L-Desk, White & Bark Grey (120883-47)"
Furniture,Desks,Office Desks,,Office Desks,24274637,"Bush Business Furniture Studio C 72""W Bow Front Desk with Mobile File Cabinets, Storm Gray (STC012SG)"
Furniture,Desks,Office Desks,,Office Desks,24388737,"Bush Home Somerset 72W 3 Position Sit to Stand L Shaped Desk, Mocha Cherry (SET014MR)"
Furniture,Desks,Office Desks,,Office Desks,868972,"Sauder Edge Water 65""W Executive Desk, Estate Black (409042)"
Furniture,Desks,Office Desks,,Office Desks,1929202,"Staples Gillespie 62"" W L-Shaped Computer Desk, Sonoma Cherry (ST28189-CC)"
Furniture,Desks,Office Desks,,Office Desks,24290479,"Staples Kendall Park 58.5” Double Pedestal Desk, Cherry Finish, Executive Office Desk with Storage Drawers & Spacious Worktop"
Furniture,Desks,Office Desks,,Office Desks,24442485,"Emerge Vizon 47""W Gaming Desk, Black (59260)"
Furniture,Desks,Office Desks,,Office Desks,24549562,"Eureka Ergonomic 47""W Computer Desk, Teak (CD009)"
Furniture,Desks,Office Desks,,Office Desks,24503499,"Union & Scale™ Essentials 60""W L-Shaped Desk, Natural (UN60420)"
Furniture,Desks,Office Desks,,Office Desks,3092066,"Boss Office Products 71""W L-Shaped Executive Corner Desk with Dual Box/Box/File Storage Pedestals, Driftwood (GROUPA11-DW)"
Furniture,Desks,Office Desks,,Office Desks,24342793,"Techni Mobili Complete Computer Workstation Desk With Storage, Gray (RTA-8211-GRY)"
Furniture,Desks,Office Desks,,Office Desks,24608964,"Sauder Palladia 65""W Executive Desk, Vintage Oak (420604)"
Furniture,Desks,Office Desks,,Office Desks,24530253,"HON Mod 60""W L-Shaped Workstation, Slate Teak (HLPL6072LDESK2BBFLS1)"
Furniture,Desks,Office Desks,,Office Desks,1025885,"Offices To Go 60""W Rectangular Desk Shell, American Espresso (TDSL6030DS-AEL)"
Furniture,Desks,Office Desks,,Office Desks,24580481,"HON Mod 66""W L-Shaped Double-Pedestal Desk, Traditional Mahogany (HONMOD073)"
Furniture,Desks,Office Desks,,Office Desks,909151,"Offices To Go Furniture Collection 60""W  Desk Shell, American Mahogany (TDSL6030DSAML)"
Furniture,Desks,Office Desks,,Office Desks,24580474,"HON Mod 60""W L-Shaped Double-Pedestal Desk, Sepia Walnut (HLPL6072LDESK2BBFSE1)"
Furniture,Desks,Office Desks,,Office Desks,24698390,"Boss Office Products 66"" U-Shaped Desk with File Pedestal, Driftwood (GROUPA13-DW)"
Furniture,Desks,Office Desks,,Office Desks,24698417,"Boss Office Products 60"" Desk with Box/Box/File Pedestal, Driftwood (GROUPA23-DW)"
Furniture,Desks,Office Desks,,Office Desks,24343243,"Techni Mobili Modern L-Shaped Computer Desk with File Cabinet, Espresso (RTA-4804L-ES)"
Furniture,Desks,Office Desks,,Office Desks,70710,"Offices to Go Laminate Executive Desk Bundle, American Mahogany (TDOTG2-AML)"
Furniture,Desks,Office Desks,,Office Desks,24698725,"Sauder Palladia 53""W Computer Desk, Vintage Oak (422002)"
Furniture,Desks,Office Desks,,Office Desks,24580466,"HON Mod 60""W L-Shaped Single-Pedestal Desk, Traditional Mahogany (HLPL6072LDESK1BBFTM1)"
Furniture,Desks,Office Desks,,Office Desks,55901,"Winsome Studio Beech Wood Writing Desk With Hutch, Honey (99333)"
Furniture,Desks,Office Desks,,Office Desks,24698724,"Sauder Palladia 69""W L-Shaped Desk, Vintage Oak (420606)"
Furniture,Desks,Office Desks,,Office Desks,24418356,"Offices To Go Superior 60"" Desk Shell, Artisan Gray (NTDSL6030DSAGL)"
Furniture,Desks,Office Desks,,Office Desks,24463026,"Bush Home Salinas 60W L Shaped Desk with Storage, Reclaimed Pine (SAD160RCP-03)"
Furniture,Desks,Office Desks,,Office Desks,24589360,"Bush Furniture Somerset 54""W Office Desk with Drawer and Storage Cabinet, Ash Gray (WC81654)"
Furniture,Desks,Office Desks,,Office Desks,24468200,"Bush Home Somerset 72"" W L Shaped Office Desk with Storage, Fresh Walnut (WC81310K)"
Furniture,Desks,Office Desks,,Office Desks,640141,"Bush Home Somerset 60"" W Office Computer Desk with Drawers, Maple Cross (WC81428K)"
Furniture,Desks,Office Desks,,Office Desks,24391074,"Bush Home Somerset 72W L-Shaped Sit to Stand Desk with Hutch, Ash Gray (SET015AG)"
Furniture,Desks,Office Desks,,Office Desks,24470106,"Bush Furniture Saratoga 66""W Wood Executive Desk, Modern Gray (EX45866-03K)"
Furniture,Desks,Office Desks,,Office Desks,2094396,"Bush Furniture Fairview 60""W L Shaped Desk with Drawers and Storage Cabinet, Antique Black/Hansen Cherry (WC53930-03K)"
Furniture,Desks,Office Desks,,Office Desks,24391072,"Bush Home Somerset 72W 3 Position Sit to Stand L Shaped Desk, Ash Gray (SET014AG)"
Furniture,Desks,Office Desks,,Office Desks,24592758,"Advantus Flipshelf 40""W Workstation Desk, Wood Grain/Black (39347)"
Furniture,Desks,Office Desks,,Office Desks,24337166,"Bush Furniture Cabot 60""W L Shaped Computer Desk with Hutch and Drawers, Espresso Oak (CAB046EPO)"
Furniture,Desks,Office Desks,,Office Desks,3082004,"Bush Business Furniture Studio C 72""W L Shaped Desk with Return, Natural Elm (STC049NE)"
Furniture,Desks,Office Desks,,Office Desks,24698418,"Boss Office Products Commerce Series 60"" Office Desk with Box/Box/File Pedestal, Mahogany (GROUPA23-M)"
Furniture,Desks,Office Desks,,Office Desks,24468098,"Bush Furniture Fairview 60""W L Shaped Desk with Drawers and Storage Cabinet, Shiplap Gray/Pure White (WC53630-03K)"
Furniture,Desks,Office Desks,,Office Desks,24387086,"Bush Furniture Salinas 60""W L Shaped Desk with Hutch, Lateral File Cabinet and 5 Shelf Bookcase, Cape Cod Gray (SAL007CG)"
Furniture,Desks,Office Desks,,Office Desks,24501897,"Bush Business Furniture Studio C 72""W L Shaped Desk with Return, Modern Hickory (STC049MH)"
Furniture,Desks,Office Desks,,Office Desks,24698397,"Boss Office Products 66"" U-Shaped Desk with File Pedestal and Hutch, Mocha (GROUPA15-MOC)"
Furniture,Desks,Office Desks,,Office Desks,24506903,"Bush Furniture Key West 34""W Small Corner Desk, Washed Gray (KWD134WG-03)"
Furniture,Desks,Office Desks,,Office Desks,24698726,"Sauder Palladia 53""W Computer Desk, Split Oak (424819)"
Furniture,Desks,Office Desks,,Office Desks,24698413,"Boss Office Products 66"" L-Shaped Desk with 2 File Pedestals, Mocha (GROUPA21-MOC)"
Furniture,Desks,Office Desks,,Office Desks,24430483,"Bush Business Furniture Office 500 72""W L Shaped Executive Desk with Drawers, Modern Hickory (OF5004MHSU)"
Furniture,Desks,Office Desks,,Office Desks,24387063,"Bush Home Salinas 60W L Shaped Desk with Storage, Cape Cod Gray (SAD160CG-03)"
Furniture,Desks,Office Desks,,Office Desks,1638823,"Bush Home Somerset 72"" W L Shaped Office Desk with Storage, Mocha Cherry (WC81810K)"
Furniture,Desks,Office Desks,,Office Desks,24388731,"Bush Home Somerset 72W Office Desk with Drawers, Hansen Cherry (WC81772)"
Furniture,Desks,Office Desks,,Office Desks,868972,"Sauder Edge Water 65""W Executive Desk, Estate Black (409042)"
Furniture,Desks,Office Desks,,Office Desks,1929202,"Staples Gillespie 62"" W L-Shaped Computer Desk, Sonoma Cherry (ST28189-CC)"
Furniture,Desks,Office Desks,,Office Desks,24290479,"Staples Kendall Park 58.5” Double Pedestal Desk, Cherry Finish, Executive Office Desk with Storage Drawers & Spacious Worktop"
Furniture,Desks,Office Desks,,Office Desks,24442485,"Emerge Vizon 47""W Gaming Desk, Black (59260)"
Furniture,Desks,Office Desks,,Office Desks,24549562,"Eureka Ergonomic 47""W Computer Desk, Teak (CD009)"
Furniture,Desks,Office Desks,,Office Desks,24503499,"Union & Scale™ Essentials 60""W L-Shaped Desk, Natural (UN60420)"
Furniture,Desks,Office Desks,,Office Desks,24702337,"Sauder Palladia 65""W Executive Desk, Split Oak (424809)"
Furniture,Desks,Office Desks,,Office Desks,24195329,"Regency Kee 72"" Single Mobile Pedestal Desk- Maple/ Chrome (MTSPM7224PLBPCM)"
Furniture,Desks,Office Desks,,Office Desks,24455265,"Offices To Go Superior 42"" Return Shell, American Dark Cherry (TDSL4220RADC)"
Furniture,Desks,Office Desks,,Office Desks,24702368,"Sauder Cottage Road 65""W L-Shaped Desk, Mystic Oak (428224)"
Furniture,Desks,Office Desks,,Office Desks,24566704,"Regency Marque 142""W Curved Reception Desk Workstation, Driftwood Gray (77314GY)"
Furniture,Desks,Office Desks,,Office Desks,24566682,"Regency Marque 142""W Curved Reception Desk Workstation, Driftwood Gray (77294GY)"
Furniture,Desks,Office Desks,,Office Desks,24566700,"Regency Marque 72""W Curved Reception Desk Workstation, Mahogany (77290MH)"
Furniture,Desks,Office Desks,,Office Desks,569909,"Bush Business Furniture Westfield 60""W Credenza Desk, Hansen Cherry/Graphite Gray (WC24461)"
Furniture,Desks,Office Desks,,Office Desks,147589,"Bush Home Somerset 72"" W L Shaped Computer Desk with Hutch, Hansen Cherry (SET001HC)"
Furniture,Desks,Office Desks,,Office Desks,3082009,"Bush Business Furniture Studio C 72""W Credenza Desk, Natural Elm (SCD372NE)"
Furniture,Desks,Office Desks,,Office Desks,88197,"Bush Business Furniture Westfield 60W x 24D Office Desk with Mobile File Cabinet, Hansen Cherry (SRC025HCSU)"
Furniture,Desks,Office Desks,,Office Desks,24274603,"Bush Business Furniture Studio C 72""W Office Desk with Mobile File Cabinet, White (STC013WH)"
Furniture,Desks,Office Desks,,Office Desks,24367903,"Bush Furniture Somerset 72""W L Shaped Desk with Hutch, Lateral File Cabinet and Bookcase, Maple Cross (SET012MC)"
Furniture,Desks,Office Desks,,Office Desks,24387089,"Bush Furniture Key West 60""W L Shaped Desk with File Cabinets and 5 Shelf Bookcase, Washed Gray (KWS017WG)"
Furniture,Desks,Office Desks,,Office Desks,24388720,"Bush Home Somerset 72""W Office Desk with Drawers and Hutch, Maple Cross (SET018MC)"
Furniture,Desks,Office Desks,,Office Desks,24424733,"Bush Business Furniture Studio C 72""W L Shaped Desk with Hutch, Mobile File Cabinet and Return, Platinum Gray (STC006PGSU)"
Furniture,Desks,Office Desks,,Office Desks,24478498,"Bestar Universel 60"" Table Desk, Deep Grey (65865-32)"
Furniture,Desks,Office Desks,,Office Desks,88260,"Bush Business Furniture Westfield 72W x 36D Bow Front U Shaped Desk w/ Mobile File Cabinets, Hansen Cherry (SRC043HCSU)"
Furniture,Desks,Office Desks,,Office Desks,24337150,"Bush Furniture Cabot 60""W L Shaped Computer Desk with Drawers, Espresso Oak (CAB044EPO)"
Furniture,Desks,Office Desks,,Office Desks,24528862,"Bush Business Furniture Studio C 60""W L Shaped Desk with Return, Storm Gray (STC050SG)"
Furniture,Desks,Office Desks,,Office Desks,24501920,"Bush Business Furniture Studio C 60""W L Shaped Desk with Mobile File Cabinet and Return, Black Walnut (STC008BWSU)"
Furniture,Desks,Office Desks,,Office Desks,24556735,"Bush Business Furniture Studio C 66""W Office Desk, Storm Gray (SCD166SG)"
Furniture,Desks,Office Desks,,Office Desks,24589364,"Bush Business Furniture Hustle 72W x 24D L Shaped Computer Desk with Metal Legs, White (HUS002WH)"
Furniture,Desks,Office Desks,,Office Desks,24589354,"Bush Business Furniture Hustle 72W x 24D Computer Desk with Metal Legs, Platinum Gray (HUD172PG)"
Furniture,Desks,Office Desks,,Office Desks,24589355,"Bush Business Furniture Hustle 60W x 30D Computer Desk with Metal Legs, White (HUD160WH)"
Furniture,Desks,Office Desks,,Office Desks,24604404,"Bush Business Furniture Arrive 72""W L Shaped Reception Desk with Shelf, Natural Elm (ARV006NE)"
Furniture,Desks,Office Desks,,Office Desks,430937,"Bush Business Furniture Cubix 36""W Desk, Hansen Cherry/Galaxy (WC90436A)"
Furniture,Desks,Office Desks,,Office Desks,569907,"Bush Business Furniture Westfield 60""W Right Handed L Bow Desk, Hansen Cherry/Graphite Gray (WC24422)"
Furniture,Desks,Office Desks,,Office Desks,569948,"Bush Business Furniture Westfield 72""W Credenza Desk, Mahogany (WC36726)"
Furniture,Desks,Office Desks,,Office Desks,864232,"Bush Business Furniture Cubix 48""W Corner Desk with Return and Mobile File Cabinet, Hansen Cherry (SRA005HCSU)"
Furniture,Desks,Office Desks,,Office Desks,88199,"Bush Business Furniture Westfield 60W x 24D Office Desk with Mobile File Cabinet, Mahogany (SRC025MASU)"
Furniture,Desks,Office Desks,,Office Desks,24623698,"Bush Business Furniture Hustle 48""W Computer Desk and Storage Cabinet with Drawers and Shelves, White (HUS007WH)"
Furniture,Desks,Office Desks,,Office Desks,87672,"Bush Business Furniture Cubix 48W Desk with Mobile File Cabinet, Slate/White Spectrum (SRA025SLSU)"
Furniture,Desks,Office Desks,,Office Desks,24623707,"Bush Business Furniture Hustle 72""W Computer Desk and Storage Cabinet with Drawers and Shelves, Natural Elm (HUS010NE)"
Furniture,Desks,Office Desks,,Office Desks,88174,"Bush Business Furniture Westfield 66W x 30D Office Desk with Mobile File Cabinet, Hansen Cherry (SRC015HCSU)"
Furniture,Desks,Office Desks,,Office Desks,24602351,"Bush Business Furniture Arrive 72""W Reception Desk with Shelf, Mocha Cherry (AVD172MRK)"
Furniture,Desks,Office Desks,,Office Desks,24604398,"Bush Business Furniture Arrive 3 Drawer Mobile File Cabinet - Assembled, Mocha Cherry (ARF116MR-Z)"
Furniture,Desks,Office Desks,,Office Desks,24589368,"Bush Business Furniture Hustle 60W x 30D L Shaped Computer Desk with Metal Legs, White (HUS003WH)"
Furniture,Desks,Office Desks,,Office Desks,24604388,"Bush Business Furniture Arrive 60""W L Shaped Reception Desk with Shelf and Mobile File Cabinet, Storm Gray (ARV004SG)"
Furniture,Desks,Office Desks,,Office Desks,24604395,"Bush Business Furniture Arrive 60""W Reception Desk with Shelf and Mobile File Cabinet, Storm Gray (ARV002SG)"
Furniture,Desks,Office Desks,,Office Desks,868972,"Sauder Edge Water 65""W Executive Desk, Estate Black (409042)"
Furniture,Desks,Office Desks,,Office Desks,1929202,"Staples Gillespie 62"" W L-Shaped Computer Desk, Sonoma Cherry (ST28189-CC)"
Furniture,Desks,Office Desks,,Office Desks,24290479,"Staples Kendall Park 58.5” Double Pedestal Desk, Cherry Finish, Executive Office Desk with Storage Drawers & Spacious Worktop"
Furniture,Desks,Office Desks,,Office Desks,24442485,"Emerge Vizon 47""W Gaming Desk, Black (59260)"
Furniture,Desks,Office Desks,,Office Desks,24549562,"Eureka Ergonomic 47""W Computer Desk, Teak (CD009)"
Furniture,Desks,Office Desks,,Office Desks,24503499,"Union & Scale™ Essentials 60""W L-Shaped Desk, Natural (UN60420)"
Furniture,Desks,Office Desks,,Office Desks,24766108,"Boss Office Products Simple System 66""W Desk with Pedestal, White, 2/Set  (SGSD006-202-WT)"
Furniture,Desks,Office Desks,,Office Desks,24766150,"Boss Office Products Simple System 66""W Office Desk with Pedestal, Driftwood, 4/Set (SGSD010-102)"
Furniture,Desks,Office Desks,,Office Desks,24766265,"Boss Office Products Simple System 71""W Desk, Driftwood, 6/Set (SGSD020-203)"
Furniture,Desks,Office Desks,,Office Desks,24766152,"Boss Office Products Simple System 66""W Desk with Pedestal, White, 4/Set (SGSD010-102-WT)"
Furniture,Desks,Office Desks,,Office Desks,24766294,"Boss Office Products Simple System 60""W L-Shaped Desk with Pedestal, White, 6/Set (SGSD023-201-WT)"
Furniture,Desks,Office Desks,,Office Desks,24766075,"Boss Office Products Simple System 66"" Office Desk with Two Pedestals, White (SGSD003-102-WT)"
Furniture,Desks,Office Desks,,Office Desks,24768003,"Boss Office Products 60"" Desk Shell, Mocha (N103-MOC)"
Furniture,Desks,Office Desks,,Office Desks,24766194,"Boss Office Products Simple System 60""W Desk with Pedestal, White, 2/Set (SGSD014-101-WT)"
Furniture,Desks,Office Desks,,Office Desks,24766175,"Boss Office Products Simple System 60""W L-Shaped Desk, Driftwood, 4/Set (SGSD012-201)"
Furniture,Desks,Office Desks,,Office Desks,24766084,"Boss Office Products Simple System 60""W L-Shaped Desk with 2-Pedestals, White (SGSD004-201-WT)"
Furniture,Desks,Office Desks,,Office Desks,24766140,"Boss Office Products Simple System 66""W Desk, White, 4/Set (SGSD009-202-WT)"
Furniture,Desks,Office Desks,,Office Desks,24766221,"Boss Office Products Simple System 66""W Desk with Pedestal, Driftwood, 4/Set (SGSD016-202)"
Furniture,Desks,Office Desks,,Office Desks,24766383,"Boss Office Products Simple System 66""W Desk with 1-Pedestal, White (SGSD032-102-WT)"
Furniture,Desks,Office Desks,,Office Desks,24766342,"Boss Office Products Simple System 71""W L-Shaped Desk, White, 8/Set (SGSD027-203-WT)"
Furniture,Desks,Office Desks,,Office Desks,24729236,"Arozzi Arena Gaming Desk, Chaos (ARENANABKCHAOS)"
Furniture,Desks,Office Desks,,Office Desks,24766259,"Boss Office Products Simple System 48""W Desk, Driftwood, 6/Set (SGSD020-110)"
Furniture,Desks,Office Desks,,Office Desks,24766308,"Boss Office Products Simple System 66""W Desk, White, 8/Set (SGSD024-202-WT)"
Furniture,Desks,Office Desks,,Office Desks,24766321,"Boss Office Products Simple System 71""W Desk with Pedestal, Driftwood, 8/Set (SGSD025-203)"
Furniture,Desks,Office Desks,,Office Desks,24766318,"Boss Office Products Simple System 60""W Desk with Pedestal, White, 8/Set (SGSD025-201-WT)"
Furniture,Desks,Office Desks,,Office Desks,24766264,"Boss Office Products Simple System 66""W Desk, White, 6/Set (SGSD020-202-WT)"
Furniture,Desks,Office Desks,,Office Desks,24766303,"Boss Office Products Simple System 48""W Desk, Driftwood, 8/Set (SGSD024-110)"
Furniture,Desks,Office Desks,,Office Desks,24766155,"Boss Office Products Simple System 60""W Office Desk with Pedestal, Driftwood, 4/Set (SGSD010-201)"
Furniture,Desks,Office Desks,,Office Desks,24766159,"Boss Office Products Simple System 71""W Office Desk with Pedestal, Driftwood, 4/Set (SGSD010-203)"
Furniture,Desks,Office Desks,,Office Desks,2646726,"Bestar Ridgeley U Shaped Desk with Hutch, File Cabinet, and Bookcase, White Chocolate (52850-31)"
Furniture,Desks,Office Desks,,Office Desks,24766317,"Boss Office Products Simple System 60""W Desk with Pedestal, Driftwood, 8/Set (SGSD025-201)"
Furniture,Desks,Office Desks,,Office Desks,24766272,"Boss Office Products Simple System 48""W Desk with Pedestal, White, 6/Set (SGSD021-110-WT)"
Furniture,Desks,Office Desks,,Office Desks,24766258,"Boss Office Products Simple System 66""W Desk, White, 6/Set (SGSD020-102-WT)"
Furniture,Desks,Office Desks,,Office Desks,24766374,"Boss Office Products Simple System 60""W Desk, Driftwood (SGSD031-101)"
Furniture,Desks,Office Desks,,Office Desks,24766137,"Boss Office Products Simple System 60""W Desk, White, 4/Set (SGSD009-201-WT)"
Furniture,Desks,Office Desks,,Office Desks,24766333,"Boss Office Products Simple System 60""W L-Shaped Desk with File Pedestal, Driftwood, 8/Set (SGSD027-101)"
Furniture,Desks,Office Desks,,Office Desks,24766096,"Boss Office Products Simple System 60"" Side-by-Side Double Desks, White (SGSD005-201-WT)"
Furniture,Desks,Office Desks,,Office Desks,24766362,"Boss Office Products Simple System 60""W Desk, Driftwood, 3/Set (SGSD030-101)"
Furniture,Desks,Office Desks,,Office Desks,24766230,"Boss Office Products Simple System 60""W Desk, White, 4/Set (SGSD017-201-WT)"
Furniture,Desks,Office Desks,,Office Desks,24766267,"Boss Office Products Simple System 60""W Desk with Pedestal, Driftwood, 6/Set (SGSD021-101)"
Furniture,Desks,Office Desks,,Office Desks,24766212,"Boss Office Products Simple System 60""W Desk, White, 4/Set (SGSD015-201-WT)"
Furniture,Desks,Office Desks,,Office Desks,24766229,"Boss Office Products Simple System 60""W Desk, Driftwood, 4/Set (SGSD017-201)"
Furniture,Desks,Office Desks,,Office Desks,24766054,"Boss Office Products Simple System 60""W Desk, White (SGSD001-101-WT)"
Furniture,Desks,Office Desks,,Office Desks,24766090,"Boss Office Products Simple System 60""W Desk, White, 2/Set (SGSD005-101-WT)"
Furniture,Desks,Office Desks,,Office Desks,24766165,"Boss Office Products Simple System 60""W Desk with Pedestal, Driftwood, 4/Set (SGSD011-201)"
Furniture,Desks,Office Desks,,Office Desks,24578059,Tech Help Plus
Furniture,Desks,Office Desks,,Office Desks,868972,"Sauder Edge Water 65""W Executive Desk, Estate Black (409042)"
Furniture,Desks,Office Desks,,Office Desks,1929202,"Staples Gillespie 62"" W L-Shaped Computer Desk, Sonoma Cherry (ST28189-CC)"
Furniture,Desks,Office Desks,,Office Desks,24290479,"Staples Kendall Park 58.5” Double Pedestal Desk, Cherry Finish, Executive Office Desk with Storage Drawers & Spacious Worktop"
Furniture,Desks,Office Desks,,Office Desks,24442485,"Emerge Vizon 47""W Gaming Desk, Black (59260)"
Furniture,Desks,Office Desks,,Office Desks,24549562,"Eureka Ergonomic 47""W Computer Desk, Teak (CD009)"
Furniture,Desks,Office Desks,,Office Desks,24503499,"Union & Scale™ Essentials 60""W L-Shaped Desk, Natural (UN60420)"
Furniture,Desks,Office Desks,,Office Desks,24766304,"Boss Office Products Simple System 48""W Desk, White, 8/Set (SGSD024-110-WT)"
Furniture,Desks,Office Desks,,Office Desks,24766361,"Boss Office Products Simple System 71""W L-Shaped Desk with Pedestal, Driftwood (SGSD029-203)"
Furniture,Desks,Office Desks,,Office Desks,24766298,"Boss Office Products Simple System 71""W L-Shaped Desk with Pedestal, White, 6/Set (SGSD023-203-WT)"
Furniture,Desks,Office Desks,,Office Desks,24766373,"Boss Office Products Simple System 71""W Desk, White, 3/Set (SGSD030-203-WT)"
Furniture,Desks,Office Desks,,Office Desks,2121335,"Bestar Prestige 92.3""W Laminated Wood U-Shaped Executive Desk Bundle, Antigua (99871-52)"
Furniture,Desks,Office Desks,,Office Desks,24766177,"Boss Office Products Simple System 66""W L-Shaped Desk, Driftwood, 4/Set (SGSD012-202)"
Furniture,Desks,Office Desks,,Office Desks,24766195,"Boss Office Products Simple System 66""W Desk with Pedestal, Driftwood, 2/Set  (SGSD014-102)"
Furniture,Desks,Office Desks,,Office Desks,24766315,"Boss Office Products Simple System 48""W Desk with Pedestal, Driftwood, 8/Set (SGSD025-110)"
Furniture,Desks,Office Desks,,Office Desks,24766370,"Boss Office Products Simple System 66""W Desk, Driftwood, 3/Set (SGSD030-202)"
Furniture,Desks,Office Desks,,Office Desks,24766088,"Boss Office Products Simple System 71""W L-Shaped Desk with 2-Pedestals, White (SGSD004-203-WT)"
Furniture,Desks,Office Desks,,Office Desks,24766309,"Boss Office Products Simple System 71""W Desk, Driftwood, 8/Set (SGSD024-203)"
Furniture,Desks,Office Desks,,Office Desks,24766164,"Boss Office Products Simple System 66""W Desk with Storage Cabinet, White, 4/Set (SGSD011-102-WT)"
Furniture,Desks,Office Desks,,Office Desks,24766292,"Boss Office Products Simple System 66""W L-Shaped Desk with Pedestal, White, 6/Set (SGSD023-102-WT)"
Furniture,Desks,Office Desks,,Office Desks,24766183,"Boss Office Products Simple System 66"" Face-to-Face Double Desks, Driftwood (SGSD013-102)"
Furniture,Desks,Office Desks,,Office Desks,24766185,"Boss Office Products Simple System 48"" Face-to-Face Double Desks, Driftwood (SGSD013-110)"
Furniture,Desks,Office Desks,,Office Desks,24766388,"Boss Office Products Simple System 36""W Meeting Table, Driftwood (S401)"
Furniture,Desks,Office Desks,,Office Desks,24766059,"Boss Office Products Simple System 60""W Desk, Driftwood (SGSD001-201)"
Furniture,Desks,Office Desks,,Office Desks,24766208,"Boss Office Products Simple System 66""W Desk, White, 4/Set (SGSD015-102-WT)"
Furniture,Desks,Office Desks,,Office Desks,2646741,"Bestar Ridgeley U Shaped Desk with Hutch, File Cabinet, and Bookcase, Dark Chocolate (52850-79)"
Furniture,Desks,Office Desks,,Office Desks,24766061,"Boss Office Products Simple System 66""W Desk, Driftwood (SGSD001-202)"
Furniture,Desks,Office Desks,,Office Desks,24766218,"Boss Office Products Simple System 66""W Desk with Pedestal, Driftwood, 4/Set (SGSD016-102)"
Furniture,Desks,Office Desks,,Office Desks,24766316,"Boss Office Products Simple System 48""W Desk with Pedestal, White, 8/Set (SGSD025-110-WT)"
Furniture,Desks,Office Desks,,Office Desks,24766260,"Boss Office Products Simple System 48""W Desk, White, 6/Set (SGSD020-110-WT)"
Furniture,Desks,Office Desks,,Office Desks,24766352,"Boss Office Products Simple System 71""W L-Shaped Desk, White, 8/Set (SGSD028-203-WT)"
Furniture,Desks,Office Desks,,Office Desks,24766228,"Boss Office Products Simple System 66""W Desk with Storage Cabinet, White, 4/Set (SGSD017-102-WT)"
Furniture,Desks,Office Desks,,Office Desks,24729273,"Arozzi Arena Angelo Corner Gaming Desk, Crawling Chaos (ARENA-ANGELO-CHAOS-M)"
Furniture,Desks,Office Desks,,Office Desks,24766341,"Boss Office Products Simple System 71""W L-Shaped Desk with Pedestal, Driftwood, 8/Set (SGSD027-203)"
Furniture,Desks,Office Desks,,Office Desks,24766099,"Boss Office Products Simple System 71"" Side-by-Side Double Desks, Driftwood (SGSD005-203)"
Furniture,Desks,Office Desks,,Office Desks,24766216,"Boss Office Products Simple System 71""W Desk, White, 4/Set (SGSD015-203-WT)"
Furniture,Desks,Office Desks,,Office Desks,24766269,"Boss Office Products Simple System 66""W Desk with Pedestal, Driftwood, 6/Set (SGSD021-102)"
Furniture,Desks,Office Desks,,Office Desks,24766256,"Boss Office Products Simple System 60""W Desk, White, 6/Set (SGSD020-101-WT)"
Furniture,Desks,Office Desks,,Office Desks,24766060,"Boss Office Products Simple System 60""W Desk, White (SGSD001-201-WT)"
Furniture,Desks,Office Desks,,Office Desks,24766076,"Boss Office Products Simple System 60"" Office Desk with Two Pedestals, Driftwood (SGSD003-201)"
Furniture,Desks,Office Desks,,Office Desks,24767984,"bali & pari Basile 51"" Rattan Writing Desk, Marbled Tortoise Brown (272-14498-HIT)"
Furniture,Desks,Office Desks,,Office Desks,24766369,"Boss Office Products Simple System 60""W Desk, White, 3/Set (SGSD030-201-WT)"
Furniture,Desks,Office Desks,,Office Desks,24766326,"Boss Office Products Simple System 66""W Desk, White, 8/Set (SGSD026-102-WT)"
Furniture,Desks,Office Desks,,Office Desks,24766166,"Boss Office Products Simple System 60""W Desk, White, 4/Set (SGSD011-201-WT)"
Furniture,Desks,Office Desks,,Office Desks,24766255,"Boss Office Products Simple System 60""W Desk, Driftwood, 6/Set (SGSD020-101)"
Furniture,Desks,Office Desks,,Office Desks,24766217,"Boss Office Products Simple System 60""W Desk with Pedestal, Driftwood, 4/Set (SGSD016-101)"
Furniture,Desks,Office Desks,,Office Desks,868972,"Sauder Edge Water 65""W Executive Desk, Estate Black (409042)"
Furniture,Desks,Office Desks,,Office Desks,1929202,"Staples Gillespie 62"" W L-Shaped Computer Desk, Sonoma Cherry (ST28189-CC)"
Furniture,Desks,Office Desks,,Office Desks,24290479,"Staples Kendall Park 58.5” Double Pedestal Desk, Cherry Finish, Executive Office Desk with Storage Drawers & Spacious Worktop"
Furniture,Desks,Office Desks,,Office Desks,24442485,"Emerge Vizon 47""W Gaming Desk, Black (59260)"
Furniture,Desks,Office Desks,,Office Desks,24549562,"Eureka Ergonomic 47""W Computer Desk, Teak (CD009)"
Furniture,Desks,Office Desks,,Office Desks,24503499,"Union & Scale™ Essentials 60""W L-Shaped Desk, Natural (UN60420)"
Furniture,Desks,Office Desks,,Office Desks,24766174,"Boss Office Products Simple System 66""W L-Shaped Desk with File Pedestal, White, 4/Set (SGSD012-102-WT)"
Furniture,Desks,Office Desks,,Office Desks,24766372,"Boss Office Products Simple System 71""W Desk, Driftwood, 3/Set (SGSD030-203)"
Furniture,Desks,Office Desks,,Office Desks,24766178,"Boss Office Products Simple System 66""W L-Shaped Desk, White, 4/Set (SGSD012-202-WT)"
Furniture,Desks,Office Desks,,Office Desks,24766340,"Boss Office Products Simple System 66""W L-Shaped Desk, White, 8/Set (SGSD027-202-WT)"
Furniture,Desks,Office Desks,,Office Desks,24766173,"Boss Office Products Simple System 66""W L-Shaped Desk with File Pedestal, Driftwood, 4/Set (SGSD012-102)"
Furniture,Desks,Office Desks,,Office Desks,2646728,"Bestar Ridgeley U Shaped Desk with Drawers, Hutch, and Keyboard Tray, White Chocolate (52414-31)"
Furniture,Desks,Office Desks,,Office Desks,24766378,"Boss Office Products Simple System 48""W Desk, Driftwood (SGSD031-110)"
Furniture,Desks,Office Desks,,Office Desks,24766237,"Boss Office Products Simple System 66""W L-Shaped Desk with File Pedestal, Driftwood, 4/Set (SGSD018-102)"
Furniture,Desks,Office Desks,,Office Desks,24766086,"Boss Office Products Simple System 66""W L-Shaped Desk with 2-Pedestals, White (SGSD004-202-WT)"
Furniture,Desks,Office Desks,,Office Desks,24766157,"Boss Office Products Simple System 66""W Office Desk with Pedestal, Driftwood, 4/Set (SGSD010-202)"
Furniture,Desks,Office Desks,,Office Desks,24766301,"Boss Office Products Simple System 66""W Desk, Driftwood, 8/Set (SGSD024-102)"
Furniture,Desks,Office Desks,,Office Desks,24766122,"Boss Office Products Simple System 66""W L-Shaped Desk with Pedestal, Driftwood, 2/Set (SGSD008-102)"
Furniture,Desks,Office Desks,,Office Desks,24766110,"Boss Office Products Simple System 71"" Side-by-Side Double Desks with Two Pedestals, White (SGSD006-203-WT)"
Furniture,Desks,Office Desks,,Office Desks,24766154,"Boss Office Products Simple System 48""W Desk with Pedestal, White, 4/Set (SGSD010-110-WT)"
Furniture,Desks,Office Desks,,Office Desks,24767982,"Baxton Studio Archwood 47"" Wood Writing Desk with Hutch, White (266-14492-HIT)"
Furniture,Desks,Office Desks,,Office Desks,24766389,"Boss Office Products Simple System 36""W Meeting Table, White (S401-WT)"
Furniture,Desks,Office Desks,,Office Desks,24766117,"Boss Office Products Simple System 66"" Two-Person Benching Workstations with Storage Returns, Driftwood (SGSD007-202)"
Furniture,Desks,Office Desks,,Office Desks,24766337,"Boss Office Products Simple System 60""W L-Shaped Desk with Pedestal, Driftwood, 8/Set (SGSD027-201)"
Furniture,Desks,Office Desks,,Office Desks,24766056,"Boss Office Products Simple System 66""W Desk, White (SGSD001-102-WT)"
Furniture,Desks,Office Desks,,Office Desks,24766114,"Boss Office Products Simple System 66""W Desk with Storage Cabinet, White, 2/Set (SGSD007-102-WT)"
Furniture,Desks,Office Desks,,Office Desks,24766091,"Boss Office Products Simple System 66"" Side-by-Side Double Desks, Driftwood (SGSD005-102)"
Furniture,Desks,Office Desks,,Office Desks,24766390,"Boss Office Products Simple System 95""W Meeting Table, Driftwood (S402)"
Furniture,Desks,Office Desks,,Office Desks,24766314,"Boss Office Products Simple System 66""W Desk with Pedestal, White, 8/Set (SGSD025-102-WT)"
Furniture,Desks,Office Desks,,Office Desks,24766268,"Boss Office Products Simple System 60""W Desk with Pedestal, White, 6/Set (SGSD021-101-WT)"
Furniture,Desks,Office Desks,,Office Desks,24766290,"Boss Office Products Simple System 60""W L-Shaped Desk with Pedestal, White, 6/Set (SGSD023-101-WT)"
Furniture,Desks,Office Desks,,Office Desks,24766310,"Boss Office Products Simple System 71""W Desk, White, 8/Set (SGSD024-203-WT)"
Furniture,Desks,Office Desks,,Office Desks,24766186,"Boss Office Products Simple System 48""W Desk, White, 2/Set (SGSD013-110-WT)"
Furniture,Desks,Office Desks,,Office Desks,24766066,"Boss Office Products Simple System 66""W Desk with Pedestal, White (SGSD002-102-WT)"
Furniture,Desks,Office Desks,,Office Desks,24766097,"Boss Office Products Simple System 66"" Side-by-Side Double Desks, Driftwood (SGSD005-202)"
Furniture,Desks,Office Desks,,Office Desks,24766240,"Boss Office Products Simple System 60""W L-Shaped Desk, White, 4/Set (SGSD018-201-WT)"
Furniture,Desks,Office Desks,,Office Desks,24766245,"Boss Office Products Simple System 60""W L-Shaped Desk with Pedestal, Driftwood, 4/Set (SGSD019-101)"
Furniture,Desks,Office Desks,,Office Desks,24766299,"Boss Office Products Simple System 60""W Desk, Driftwood, 8/Set (SGSD024-101)"
Furniture,Desks,Office Desks,,Office Desks,24766083,"Boss Office Products Simple System 60""W L-Shaped Desk with 2-Pedestals, Driftwood (SGSD004-201)"
Furniture,Desks,Office Desks,,Office Desks,24766130,"Boss Office Products Simple System 60""W Desk, White, 4/Set (SGSD009-101-WT)"
Furniture,Desks,Office Desks,,Office Desks,24766235,"Boss Office Products Simple System 60""W L-Shaped Desk with File Pedestal, Driftwood, 4/Set (SGSD018-101)"
Furniture,Desks,Office Desks,,Office Desks,24766112,"Boss Office Products Simple System 60""W Desk with Storage Cabinet, White, 2/Set (SGSD007-101-WT)"
Furniture,Desks,Office Desks,,Office Desks,24766079,"Boss Office Products Simple System 60""W L-Shaped Desk with 2-Pedestals, Driftwood (SGSD004-101)"
Furniture,Desks,Office Desks,,Office Desks,24766206,"Boss Office Products Simple System 60""W Desk, White, 4/Set (SGSD015-101-WT)"
Furniture,Desks,Office Desks,,Office Desks,24766053,"Boss Office Products Simple System 60""W Desk, Driftwood (SGSD001-101)"
Furniture,Desks,Office Desks,,Office Desks,868972,"Sauder Edge Water 65""W Executive Desk, Estate Black (409042)"
Furniture,Desks,Office Desks,,Office Desks,1929202,"Staples Gillespie 62"" W L-Shaped Computer Desk, Sonoma Cherry (ST28189-CC)"
Furniture,Desks,Office Desks,,Office Desks,24290479,"Staples Kendall Park 58.5” Double Pedestal Desk, Cherry Finish, Executive Office Desk with Storage Drawers & Spacious Worktop"
Furniture,Desks,Office Desks,,Office Desks,24442485,"Emerge Vizon 47""W Gaming Desk, Black (59260)"
Furniture,Desks,Office Desks,,Office Desks,24549562,"Eureka Ergonomic 47""W Computer Desk, Teak (CD009)"
Furniture,Desks,Office Desks,,Office Desks,24503499,"Union & Scale™ Essentials 60""W L-Shaped Desk, Natural (UN60420)"
Furniture,Desks,Office Desks,,Office Desks,24766251,"Boss Office Products Simple System 66""W L-Shaped Desk with Pedestal, Driftwood, 4/Set (SGSD019-202)"
Furniture,Desks,Office Desks,,Office Desks,24766253,"Boss Office Products Simple System 71""W L-Shaped Desk with Pedestal, Driftwood, 4/Set (SGSD019-203)"
Furniture,Desks,Office Desks,,Office Desks,24768018,"Boss Office Products 71"" Bow Front Desk Shell, Mocha (N189-MOC)"
Furniture,Desks,Office Desks,,Office Desks,24766109,"Boss Office Products Simple System 71""W Desk with Pedestal, Driftwood, 2/Set (SGSD006-203)"
Furniture,Desks,Office Desks,,Office Desks,24766080,"Boss Office Products Simple System 60""W L-Shaped Desk with 2 Pedestals, White (SGSD004-101-WT)"
Furniture,Desks,Office Desks,,Office Desks,24766092,"Boss Office Products Simple System 66""W Desk, White, 2/Set (SGSD005-102-WT)"
Furniture,Desks,Office Desks,,Office Desks,24766135,"Boss Office Products Simple System 60""W Workstation Desk, Driftwood, 4/Set (SGSD009-201)"
Furniture,Desks,Office Desks,,Office Desks,24766070,"Boss Office Products Simple System 66"" Office Desk with Pedestal, Driftwood (SGSD002-202)"
Furniture,Desks,Office Desks,,Office Desks,24766068,"Boss Office Products Simple System 48""W Desk with Pedestal, White (SGSD002-110-WT)"
Furniture,Desks,Office Desks,,Office Desks,24767997,"Boss Office Products L-Shaped Reception Desk, Driftwood (GROUPB-DW)"
Furniture,Desks,Office Desks,,Office Desks,24766067,"Boss Office Products Simple System 48""W Desk with Pedestal, Driftwood (SGSD002-110)"
Furniture,Desks,Office Desks,,Office Desks,24766085,"Boss Office Products Simple System 66""W L-Shaped Desk with 2-Pedestals, Driftwood (SGSD004-202)"
Furniture,Desks,Office Desks,,Office Desks,72853,"Sauder Palladia 53""W Computer Desk, Select Cherry (412116)"
Furniture,Desks,Office Desks,,Office Desks,24767222,"Boss Office Products 30"" Office Desk with Return, Driftwood (GROUPA26-DW)"
Furniture,Desks,Office Desks,,Office Desks,24766065,"Boss Office Products Simple System 66""W Desk with Pedestal, Driftwood (SGSD002-102)"
Furniture,Desks,Office Desks,,Office Desks,24766384,"Boss Office Products Simple System 48""W Desk with 1-Pedestal, Driftwood (SGSD032-110)"
Furniture,Desks,Office Desks,,Office Desks,24766254,"Boss Office Products Simple System 71""W L-Shaped Desk with Pedestal, White, 4/Set (SGSD019-203-WT)"
Furniture,Desks,Office Desks,,Office Desks,24766139,"Boss Office Products Simple System 66""W Desk, Driftwood, 4/Set (SGSD009-202)"
Furniture,Desks,Office Desks,,Office Desks,24766133,"Boss Office Products Simple System 48"" 4-Person Benching Workstation Desk, Driftwood (SGSD009-110)"
Furniture,Desks,Office Desks,,Office Desks,24766055,"Boss Office Products Simple System 66""W Desk, Driftwood (SGSD001-102)"
Furniture,Desks,Office Desks,,Office Desks,24766350,"Boss Office Products Simple System 66""W L-Shaped Desk, White, 8/Set (SGSD028-202-WT)"
Furniture,Desks,Office Desks,,Office Desks,24766071,"Boss Office Products Simple System 71"" Office Desk with Pedestal, Driftwood (SGSD002-203)"
Furniture,Desks,Office Desks,,Office Desks,24766163,"Boss Office Products Simple System 66""W Desk with Storage Cabinet, Driftwood, 4/Set (SGSD011-102)"
Furniture,Desks,Office Desks,,Office Desks,24766207,"Boss Office Products Simple System 66"" Office Desk, Driftwood (SGSD015-102)"
Furniture,Desks,Office Desks,,Office Desks,24766124,"Boss Office Products Simple System 60""W L-Shaped Desk with Pedestal, White, 2/Set (SGSD008-201-WT)"
Furniture,Desks,Office Desks,,Office Desks,24766158,"Boss Office Products Simple System 66""W Desk with Pedestal, White, 4/Set (SGSD010-202-WT)"
Furniture,Desks,Office Desks,,Office Desks,24766094,"Boss Office Products Simple System 48"" Side-by-Side Double Desks, White (SGSD005-110-WT)"
Furniture,Desks,Office Desks,,Office Desks,24766118,"Boss Office Products Simple System 66"" Two-Person Benching Workstations with Storage Returns, White (SGSD007-202-WT)"
Furniture,Desks,Office Desks,,Office Desks,24767216,"Boss Office Products 60""W Single-Pedestal Office Desk, White (GROUPA23-WT)"
Furniture,Desks,Office Desks,,Office Desks,24766319,"Boss Office Products Simple System 66""W Desk with Pedestal, Driftwood, 8/Set (SGSD025-202)"
Furniture,Desks,Office Desks,,Office Desks,24766276,"Boss Office Products Simple System 66""W Desk with Pedestal, White, 6/Set (SGSD021-202-WT)"
Furniture,Desks,Office Desks,,Office Desks,24766295,"Boss Office Products Simple System 66""W L-Shaped Desk with Pedestal, Driftwood, 6/Set (SGSD023-202)"
Furniture,Desks,Office Desks,,Office Desks,24766169,"Boss Office Products Simple System 71""W Desk with Storage Cabinet, Driftwood, 4/Set (SGSD011-203)"
Furniture,Desks,Office Desks,,Office Desks,24619189,"Bush Business Furniture Vista 72""W Desk with 3 Drawer Mobile File Cabinet, Natural Elm (VST001NESU)"
Furniture,Desks,Office Desks,,Office Desks,24768022,"Boss 71"" Desk with Box/Box/File Pedestal, Mahogany (GROUPA27-M)"
Furniture,Desks,Office Desks,,Office Desks,24768000,"Boss Office Products 71"" Reception Workstation with Pedestal, Mahogany (GROUPB-M)"
Furniture,Desks,Office Desks,,Office Desks,24768023,"Boss 71"" Desk with Box/Box/File Pedestal, Mocha (GROUPA27-MOC)"
Furniture,Desks,Office Desks,,Office Desks,24768024,"Boss Office Products U-Shaped Desk with Hutch, File Cabinet, and Bookcase, Driftwood (GROUPA28-DW)"
Furniture,Desks,Office Desks,,Office Desks,24767215,"Boss Office Products 66""W Double-Pedestal Office Desk, White (GROUPA22-WT)"
Furniture,Desks,Office Desks,,Office Desks,24578059,Tech Help Plus
Furniture,Desks,Office Desks,,Office Desks,868972,"Sauder Edge Water 65""W Executive Desk, Estate Black (409042)"
Furniture,Desks,Office Desks,,Office Desks,1929202,"Staples Gillespie 62"" W L-Shaped Computer Desk, Sonoma Cherry (ST28189-CC)"
Furniture,Desks,Office Desks,,Office Desks,24290479,"Staples Kendall Park 58.5” Double Pedestal Desk, Cherry Finish, Executive Office Desk with Storage Drawers & Spacious Worktop"
Furniture,Desks,Office Desks,,Office Desks,24442485,"Emerge Vizon 47""W Gaming Desk, Black (59260)"
Furniture,Desks,Office Desks,,Office Desks,24549562,"Eureka Ergonomic 47""W Computer Desk, Teak (CD009)"
Furniture,Desks,Office Desks,,Office Desks,24503499,"Union & Scale™ Essentials 60""W L-Shaped Desk, Natural (UN60420)"
Furniture,Desks,Office Desks,,Office Desks,24766271,"Boss Office Products Simple System 48""W Desk with Pedestal, Driftwood, 6/Set (SGSD021-110)"
Furniture,Desks,Office Desks,,Office Desks,24766144,"Boss Office Products Simple System 71""W Desk, White, 4/Set (SGSD009-203-WT)"
Furniture,Desks,Office Desks,,Office Desks,24766126,"Boss Office Products Simple System 66""W L-Shaped Desk with Pedestal, White, 2/Set (SGSD008-202-WT)"
Furniture,Desks,Office Desks,,Office Desks,24766168,"Boss Office Products Simple System 66""W Desk, White, 4/Set (SGSD011-202-WT)"
Furniture,Desks,Office Desks,,Office Desks,24766377,"Boss Office Products Simple System 66""W Desk, White (SGSD031-102-WT)"
Furniture,Desks,Office Desks,,Office Desks,24766120,"Boss Office Products Simple System 71"" Two-Person Benching Workstations with Storage Returns, White (SGSD007-203-WT)"
Furniture,Desks,Office Desks,,Office Desks,24766153,"Boss Office Products Simple System 48""W Office Desk with Pedestal, Driftwood, 4/Set (SGSD010-110)"
Furniture,Desks,Office Desks,,Office Desks,24766296,"Boss Office Products Simple System 66""W L-Shaped Desk with Pedestal, White, 6/Set (SGSD023-202-WT)"
Furniture,Desks,Office Desks,,Office Desks,2646759,"Bestar Dayton 62.6""W Laminated Wood L-Shaped Computer Desk Bundle, Bark Grey (88420-47)"
Furniture,Desks,Office Desks,,Office Desks,24766307,"Boss Office Products Simple System 66""W Desk, Driftwood, 8/Set (SGSD024-202)"
Furniture,Desks,Office Desks,,Office Desks,24766391,"Boss Office Products Simple System 95""W Meeting Table, White (S402-WT)"
Furniture,Desks,Office Desks,,Office Desks,24766179,"Boss Office Products Simple System 71""W L-Shaped Desk, Driftwood, 4/Set (SGSD012-203)"
Furniture,Desks,Office Desks,,Office Desks,24768004,"Boss Office Products 66"" Credenza, Mocha (N111-MOC)"
Furniture,Desks,Office Desks,,Office Desks,24766220,"Boss Office Products Simple System 60""W Desk with Pedestal, White, 4/Set (SGSD016-201-WT)"
Furniture,Desks,Office Desks,,Office Desks,24766132,"Boss Office Products Simple System 66""W Desk, White, 4/Set (SGSD009-102-WT)"
Furniture,Desks,Office Desks,,Office Desks,24766219,"Boss Office Products Simple System 48""W Desk with Pedestal, Driftwood, 4/Set (SGSD016-110)"
Furniture,Desks,Office Desks,,Office Desks,24766338,"Boss Office Products Simple System 60""W L-Shaped Desk, White, 8/Set (SGSD027-201-WT)"
Furniture,Desks,Office Desks,,Office Desks,24766344,"Boss Office Products Simple System 60""W L-Shaped Desk with File Pedestal, White, 8/Set (SGSD028-101-WT)"
Furniture,Desks,Office Desks,,Office Desks,24766241,"Boss Office Products Simple System 66""W L-Shaped Desk with Pedestal, Driftwood, 4/Set (SGSD018-202)"
Furniture,Desks,Office Desks,,Office Desks,24766058,"Boss Office Products Simple System 48""W Desk, White (SGSD001-110-WT)"
Furniture,Desks,Office Desks,,Office Desks,24766347,"Boss Office Products Simple System 60""W L-Shaped Desk with Pedestal, Driftwood, 8/Set (SGSD028-201)"
Furniture,Desks,Office Desks,,Office Desks,24766180,"Boss Office Products Simple System 71""W L-Shaped Desk, White, 4/Set (SGSD012-203-WT)"
Furniture,Desks,Office Desks,,Office Desks,24766275,"Boss Office Products Simple System 66""W Desk with Pedestal, Driftwood, 6/Set (SGSD021-202)"
Furniture,Desks,Office Desks,,Office Desks,24766339,"Boss Office Products Simple System 66""W L-Shaped Desk with Pedestal, Driftwood, 8/Set (SGSD027-202)"
Furniture,Desks,Office Desks,,Office Desks,24766320,"Boss Office Products Simple System 66""W Desk with Pedestal, White, 8/Set (SGSD025-202-WT)"
Furniture,Desks,Office Desks,,Office Desks,24766197,"Boss Office Products Simple System 48""W Desk with Pedestal, Driftwood, 2/Set (SGSD014-110)"
Furniture,Desks,Office Desks,,Office Desks,24766266,"Boss Office Products Simple System 71""W Desk, White, 6/Set (SGSD020-203-WT)"
Furniture,Desks,Office Desks,,Office Desks,24766224,"Boss Office Products Simple System 71""W Desk with Pedestal, White, 4/Set (SGSD016-203-WT)"
Furniture,Desks,Office Desks,,Office Desks,24766176,"Boss Office Products Simple System 60""W L-Shaped Desk, White, 4/Set (SGSD012-201-WT)"
Furniture,Desks,Office Desks,,Office Desks,24766162,"Boss Office Products Simple System 60""W Desk with Storage Cabinet, White, 4/Set (SGSD011-101-WT)"
Furniture,Desks,Office Desks,,Office Desks,24766182,"Boss Office Products Simple System 60""W Desk, White, 2/Set (SGSD013-101-WT)"
Furniture,Desks,Office Desks,,Office Desks,24766323,"Boss Office Products Simple System 60""W Desk, Driftwood, 8/Set (SGSD026-101)"
Furniture,Desks,Office Desks,,Office Desks,24766161,"Boss Office Products Simple System 60""W Desk with Storage Cabinet, Driftwood, 4/Set (SGSD011-101)"
Furniture,Desks,Office Desks,,Office Desks,24766101,"Boss Office Products Simple System 60""W Desk with Pedestal, Driftwood, 2/Set (SGSD006-101)"
Furniture,Desks,Office Desks,,Office Desks,24766170,"Boss Office Products Simple System 71""W Desk, White, 4/Set (SGSD011-203-WT)"
Furniture,Desks,Office Desks,,Office Desks,24766129,"Boss Office Products Simple System 60"" Office Desk, Driftwood (SGSD009-101)"
Furniture,Desks,Office Desks,,Office Desks,24766375,"Boss Office Products Simple System 60""W Desk, White (SGSD031-101-WT)"
Furniture,Desks,Office Desks,,Office Desks,24766311,"Boss Office Products Simple System 60""W Desk with Pedestal, Driftwood, 8/Set (SGSD025-101)"
Furniture,Desks,Office Desks,,Office Desks,24766193,"Boss Office Products Simple System 60""W Desk with Pedestal, Driftwood, 2/Set (SGSD014-101)"
Furniture,Desks,Office Desks,,Office Desks,24766115,"Boss Office Products Simple System 60"" Two-Person Benching Workstations with Storage Returns, Driftwood (SGSD007-201)"
Furniture,Desks,Office Desks,,Office Desks,868972,"Sauder Edge Water 65""W Executive Desk, Estate Black (409042)"
Furniture,Desks,Office Desks,,Office Desks,1929202,"Staples Gillespie 62"" W L-Shaped Computer Desk, Sonoma Cherry (ST28189-CC)"
Furniture,Desks,Office Desks,,Office Desks,24290479,"Staples Kendall Park 58.5” Double Pedestal Desk, Cherry Finish, Executive Office Desk with Storage Drawers & Spacious Worktop"
Furniture,Desks,Office Desks,,Office Desks,24442485,"Emerge Vizon 47""W Gaming Desk, Black (59260)"
Furniture,Desks,Office Desks,,Office Desks,24549562,"Eureka Ergonomic 47""W Computer Desk, Teak (CD009)"
Furniture,Desks,Office Desks,,Office Desks,24503499,"Union & Scale™ Essentials 60""W L-Shaped Desk, Natural (UN60420)"
Furniture,Desks,Office Desks,,Office Desks,24766119,"Boss Office Products Simple System 71"" Two-Person Benching Workstations with Storage Returns, Driftwood (SGSD007-203)"
Furniture,Desks,Office Desks,,Office Desks,24766291,"Boss Office Products Simple System 66""W L-Shaped Desk with Pedestal, Driftwood, 6/Set (SGSD023-102)"
Furniture,Desks,Office Desks,,Office Desks,24766077,"Boss Office Products Simple System 66"" Workstation Desk with 2 Pedestals, Driftwood (SGSD003-202)"
Furniture,Desks,Office Desks,,Office Desks,24766131,"Boss Office Products Simple System 66"" 4-Person Benching Workstation Desk, Driftwood (SGSD009-102)"
Furniture,Desks,Office Desks,,Office Desks,24766184,"Boss Office Products Simple System 66""W Desk, White, 2/Set (SGSD013-102-WT)"
Furniture,Desks,Office Desks,,Office Desks,24766127,"Boss Office Products Simple System 71""W L-Shaped Desk with Pedestal, Driftwood, 2/Set (SGSD008-203)"
Furniture,Desks,Office Desks,,Office Desks,24766172,"Boss Office Products Simple System 60""W L-Shaped Desk with File Pedestal, White, 4/Set (SGSD012-101-WT)"
Furniture,Desks,Office Desks,,Office Desks,24766261,"Boss Office Products Simple System 60""W Desk, Driftwood, 6/Set (SGSD020-201)"
Furniture,Desks,Office Desks,,Office Desks,24766322,"Boss Office Products Simple System 71""W Desk with Pedestal, White, 8/Set (SGSD025-203-WT)"
Furniture,Desks,Office Desks,,Office Desks,2410342,"Sauder Palladia Double-Pedestal Executive Desk, Wind Oak (416513)"
Furniture,Desks,Office Desks,,Office Desks,24766156,"Boss Office Products Simple System 60""W Desk with Pedestal, White, 4/Set (SGSD010-201-WT)"
Furniture,Desks,Office Desks,,Office Desks,24766242,"Boss Office Products Simple System 66""W L-Shaped Desk, White, 4/Set (SGSD018-202-WT)"
Furniture,Desks,Office Desks,,Office Desks,24766382,"Boss Office Products Simple System 66""W Desk with 1-Pedestal, Driftwood (SGSD032-102)"
Furniture,Desks,Office Desks,,Office Desks,24766142,"Boss Office Products Simple System 71"" 4-Person Benching Workstation Desk, Driftwood (SGSD009-203)"
Furniture,Desks,Office Desks,,Office Desks,24766351,"Boss Office Products Simple System 71""W L-Shaped Desk with Pedestal, Driftwood, 8/Set (SGSD028-203)"
Furniture,Desks,Office Desks,,Office Desks,2121358,"Bestar Pro-Linea 72-inch L-Shaped Standing Desk, Bark Gray (120857-47)"
Furniture,Desks,Office Desks,,Office Desks,24766095,"Boss Office Products Simple System 60"" Side-by-Side Double Desks, Driftwood (SGSD005-201)"
Furniture,Desks,Office Desks,,Office Desks,24766209,"Boss Office Products Simple System 48"" Office Desk, Driftwood (SGSD015-110)"
Furniture,Desks,Office Desks,,Office Desks,24766392,"Boss Office Products Simple System 142""W Meeting Table, Driftwood (S403)"
Furniture,Desks,Office Desks,,Office Desks,24766336,"Boss Office Products Simple System 66""W L-Shaped Desk with File Pedestal, White, 8/Set (SGSD027-102-WT)"
Furniture,Desks,Office Desks,,Office Desks,24766211,"Boss Office Products Simple System 60""W Desk, Driftwood, 4/Set (SGSD015-201)"
Furniture,Desks,Office Desks,,Office Desks,24766365,"Boss Office Products Simple System 66""W Desk, White, 3/Set (SGSD030-102-WT)"
Furniture,Desks,Office Desks,,Office Desks,2646733,"Bestar Ridgeley U Shaped Desk with Drawers, Hutch, and Keyboard Tray, Dark Chocolate (52414-79)"
Furniture,Desks,Office Desks,,Office Desks,24766125,"Boss Office Products Simple System 66""W L-Shaped Desk with Pedestal, Driftwood, 2/Set (SGSD008-202)"
Furniture,Desks,Office Desks,,Office Desks,24766246,"Boss Office Products Simple System 66""W L-Shaped Desk with Pedestal, Driftwood, 4/Set (SGSD019-102)"
Furniture,Desks,Office Desks,,Office Desks,24768011,"Boss Office Products 71"" Bullet Desk, Mahogany (N147-MOC)"
Furniture,Desks,Office Desks,,Office Desks,24766064,"Boss Office Products Simple System 60""W Desk with Pedestal, White (SGSD002-101-WT)"
Furniture,Desks,Office Desks,,Office Desks,24766073,"Boss Office Products Simple System 60"" Office Desk with Two Pedestals, White (SGSD003-101-WT)"
Furniture,Desks,Office Desks,,Office Desks,2121370,"Bestar Pro-Linea 72-inch L-Shaped Standing Desk, White (120857-17)"
Furniture,Desks,Office Desks,,Office Desks,24766305,"Boss Office Products Simple System 60""W Desk, Driftwood, 8/Set (SGSD024-201)"
Furniture,Desks,Office Desks,,Office Desks,24766277,"Boss Office Products Simple System 71""W Desk with Pedestal, Driftwood, 6/Set (SGSD021-203)"
Furniture,Desks,Office Desks,,Office Desks,24766238,"Boss Office Products Simple System 66""W L-Shaped Desk with File Pedestal, White, 4/Set (SGSD018-102-WT)"
Furniture,Desks,Office Desks,,Office Desks,24766273,"Boss Office Products Simple System 60""W Desk with Pedestal, Driftwood, 6/Set (SGSD021-201)"
Furniture,Desks,Office Desks,,Office Desks,24766225,"Boss Office Products Simple System 60""W Desk with Storage Cabinet, Driftwood, 4/Set (SGSD017-101)"
Furniture,Desks,Office Desks,,Office Desks,24766121,"Boss Office Products Simple System 60""W L-Shaped Desk with Pedestal, Driftwood, 2/Set (SGSD008-101)"
Furniture,Desks,Office Desks,,Office Desks,24766289,"Boss Office Products Simple System 60""W L-Shaped Desk with Pedestal, Driftwood, 6/Set (SGSD023-101)"
Furniture,Desks,Office Desks,,Office Desks,24766171,"Boss Office Products Simple System 60""W L-Shaped Desk with File Pedestal, Driftwood, 4/Set (SGSD012-101)"
Furniture,Desks,Office Desks,,Office Desks,24766380,"Boss Office Products Simple System 60""W Desk with 1-Pedestal, Driftwood (SGSD032-101)"
Furniture,Desks,Office Desks,,Office Desks,24766072,"Boss Office Products Simple System 60"" Office Desk with Two Pedestals, Driftwood (SGSD003-101)"
Furniture,Desks,Office Desks,,Office Desks,24766234,"Boss Office Products Simple System 71""W Desk, White, 4/Set (SGSD017-203-WT)"
Furniture,Desks,Office Desks,,Office Desks,55587,"Winsome Solid Wood Folding Computer Desk, Natural (81140)"
Furniture,Desks,Office Desks,,Office Desks,24463075,"Techni Mobili 36"" Mobile Desk, Black (RTA-3800SU-BK)"
Furniture,Desks,Office Desks,,Office Desks,24497074,"Techni Mobili 48"" Writing Desk, White (RTA-913D-WHT)"
Furniture,Desks,Office Desks,,Office Desks,24580465,"HON Mod 66""W L-Shaped Double-Pedestal Desk, Slate Teak (HLPL6672LDESKSL1)"
Furniture,Desks,Office Desks,,Office Desks,3092072,"Boss Office Products 66""W U-Shaped Executive Desk with Box/Box/File Storage Pedestal and 4 Door Hutch, Driftwood (GROUPA15-DW)"
Furniture,Desks,Office Desks,,Office Desks,24502568,"Eureka Ergonomic 44"" Computer Gaming Desk, Black (GD0085-BK)"
Furniture,Desks,Office Desks,,Office Desks,24580467,"HON Mod 60""W L-Shaped Double-Pedestal Desk, Java Oak (HLPL6072LDESK2BBFJA1)"
Furniture,Desks,Office Desks,,Office Desks,24698723,"Sauder Palladia 59""W Computer Desk with Hutch, Select Cherry (420513)"
Furniture,Desks,Office Desks,,Office Desks,24466340,"Techni Mobili 59"" L-Shaped Desk with Drawers and File Cabinet, Walnut/Black (RTA-4809DL-WAL)"
Furniture,Desks,Office Desks,,Office Desks,2705914,"HON 10500 Series L-Station, Left, Mahogany Finish (HONH105LL7236N)"
Furniture,Desks,Office Desks,,Office Desks,24580477,"HON Mod 66""W L-Shaped Double-Pedestal Desk, Java Oak (HLPL6672LDESKJA1)"
Furniture,Desks,Office Desks,,Office Desks,24460929,"Winsome Aldric 44"" Wood Rectangular Writing Desk, Walnut (94632)"
Furniture,Desks,Office Desks,,Office Desks,24463055,"Bush Furniture Cabot 60""W L Shaped Computer Desk with Hutch and Lateral File Cabinet, Linen White Oak (CAB005LW)"
Furniture,Desks,Office Desks,,Office Desks,24589358,"Bush Furniture Somerset 54""W Office Desk with Drawer and Storage Cabinet, White (WC81954)"
Furniture,Desks,Office Desks,,Office Desks,88148,"Bush Business Furniture Westfield Right Handed L Shaped Desk with Mobile File Cabinet, Mocha Cherry (SRC007MRRSU)"
Furniture,Desks,Office Desks,,Office Desks,24462987,"Bush Home Salinas 60W L Shaped Desk with Storage, Ash Brown (SAD160ABR-03)"
Furniture,Desks,Office Desks,,Office Desks,24422853,"Bush Furniture Key West 60""W L Shaped Desk, Bing Cherry (KWD160BC-03)"
Furniture,Desks,Office Desks,,Office Desks,24698444,"Boss Office Products 71"" U-Shaped Curved Bow Desk with File Pedestal and Hutch, Mahogany (GROUPAH-M)"
Furniture,Desks,Office Desks,,Office Desks,147586,"Bush Home Somerset 60"" W L Shaped Computer Desk with Hutch, Maple Cross (SET002MC)"
Furniture,Desks,Office Desks,,Office Desks,24698430,"Boss Office Products 71"" U-Shaped Desk with File Pedestal and Hutch, Mocha (GROUPA5-MOC)"
Furniture,Desks,Office Desks,,Office Desks,24698437,"Boss Office Products 71"" U-Shaped Desk with Lateral File, Driftwood (GROUPA8-DW)"
Furniture,Desks,Office Desks,,Office Desks,24470220,"Bush Furniture Key West 48""W Writing Desk, Reclaimed Pine (KWD148RCP-03)"
Furniture,Desks,Office Desks,,Office Desks,24430545,"Bush Business Furniture Office 500 72""W Executive Desk, Black Walnut (OFD172BWK)"
Furniture,Desks,Office Desks,,Office Desks,24501972,"Bush Business Furniture Studio C 72""W Bow Front Desk, Black Walnut (SCD172BW)"
Furniture,Desks,Office Desks,,Office Desks,24430488,"Bush Business Furniture Office 500 72""W Executive Desk, Modern Hickory (OFD172MHK)"
Furniture,Desks,Office Desks,,Office Desks,24468060,"Bush Furniture Fairview 60""W L Shaped Desk with Lateral File Cabinet and 5 Shelf Bookcase, Shiplap Gray/Pure White (FV008G2W)"
Furniture,Desks,Office Desks,,Office Desks,24458830,"Bush Home Somerset 72W 3 Position Sit to Stand L Shaped Desk, Platinum Gray (SET014PG)"
Furniture,Desks,Office Desks,,Office Desks,24501911,"Bush Business Furniture Studio C 72""W Bow Front Desk, Modern Hickory (SCD172MH)"
Furniture,Desks,Office Desks,,Office Desks,24457610,"Bush Home Somerset 60""W L Shaped Office Desk with Storage, Storm Gray (WC81530K)"
Furniture,Desks,Office Desks,,Office Desks,24698383,"Boss Office Products 71""W L-Shaped Executive Corner Desk with Box/Box/File Storage Pedestal, Mahogany (GROUPA10-M)"
Furniture,Desks,Office Desks,,Office Desks,24549571,"Eureka Ergonomic 47""W Writing Desk, White Woodgrain (CD012)"
Furniture,Desks,Office Desks,,Office Desks,1638821,"Bush Furniture Somerset 60""W Office Desk with Drawers, Mocha Cherry (WC81828K)"
Furniture,Desks,Office Desks,,Office Desks,24458818,"Bush Home Somerset 72W Office Desk with Drawers, Platinum Gray (WC81272)"
Furniture,Desks,Office Desks,,Office Desks,2128470,"Bush Business Furniture 66""W Arlington Executive Desk with Drawers, Harvest Cherry (WC65566-03K)"
Furniture,Desks,Office Desks,,Office Desks,24417294,"Bush Home Cabot 60W L Shaped Computer Desk with Storage, White (WC31930K)"
Furniture,Desks,Office Desks,,Office Desks,24553851,"Bush Furniture Cabot 72""W Computer Desk with Drawers, Heather Gray (WC31772)"
Furniture,Desks,Office Desks,,Office Desks,24468135,"Bush Furniture Fairview 60""W L Shaped Desk with Hutch, Bookcase, Storage and File Cab, Antique Black/Hansen Cherry (FV014AB)"
Furniture,Desks,Office Desks,,Office Desks,24387066,"Bush Home Salinas Small Computer Desk with Hutch, Cape Cod Gray (MY72308-03)"
Furniture,Desks,Office Desks,,Office Desks,24391083,"Bush Home Somerset 60""W Office Computer Desk with Drawers, Ash Gray (WC81628K)"
Furniture,Desks,Office Desks,,Office Desks,481446,"Bush Business Furniture Cubix 48""W Corner Desk, Slate/White Spectrum (WC8427A)"
Furniture,Desks,Office Desks,,Office Desks,24578059,Tech Help Plus
Furniture,Desks,Office Desks,,Office Desks,868972,"Sauder Edge Water 65""W Executive Desk, Estate Black (409042)"
Furniture,Desks,Office Desks,,Office Desks,1929202,"Staples Gillespie 62"" W L-Shaped Computer Desk, Sonoma Cherry (ST28189-CC)"
Furniture,Desks,Office Desks,,Office Desks,24290479,"Staples Kendall Park 58.5” Double Pedestal Desk, Cherry Finish, Executive Office Desk with Storage Drawers & Spacious Worktop"
Furniture,Desks,Office Desks,,Office Desks,24442485,"Emerge Vizon 47""W Gaming Desk, Black (59260)"
Furniture,Desks,Office Desks,,Office Desks,24549562,"Eureka Ergonomic 47""W Computer Desk, Teak (CD009)"
Furniture,Desks,Office Desks,,Office Desks,24503499,"Union & Scale™ Essentials 60""W L-Shaped Desk, Natural (UN60420)"
Furniture,Desks,Office Desks,,Office Desks,24766222,"Boss Office Products Simple System 66""W Desk with Pedestal, White, 4/Set (SGSD016-202-WT)"
Furniture,Desks,Office Desks,,Office Desks,24766297,"Boss Office Products Simple System 71""W L-Shaped Desk with Pedestal, Driftwood, 6/Set (SGSD023-203)"
Furniture,Desks,Office Desks,,Office Desks,24766244,"Boss Office Products Simple System 71""W L-Shaped Desk, White, 4/Set (SGSD018-203-WT)"
Furniture,Desks,Office Desks,,Office Desks,24766160,"Boss Office Products Simple System 71""W Desk with Pedestal, White, 4/Set (SGSD010-203-WT)"
Furniture,Desks,Office Desks,,Office Desks,24766082,"Boss Office Products Simple System 66""W L-Shaped Desk with 2-Pedestals, White (SGSD004-102-WT)"
Furniture,Desks,Office Desks,,Office Desks,24766100,"Boss Office Products Simple System 71"" Side-by-Side Double Desks, White (SGSD005-203-WT)"
Furniture,Desks,Office Desks,,Office Desks,24766104,"Boss Office Products Simple System 48""W Desk with Pedestal, White, 2/Set (SGSD006-110-WT)"
Furniture,Desks,Office Desks,,Office Desks,24766376,"Boss Office Products Simple System 66""W Desk, Driftwood (SGSD031-102)"
Furniture,Desks,Office Desks,,Office Desks,24766128,"Boss Office Products Simple System 71""W L-Shaped Desk with Pedestal, White, 2/Set (SGSD008-203-WT)"
Furniture,Desks,Office Desks,,Office Desks,24766105,"Boss Office Products Simple System 60""W Desk with Pedestal, Driftwood, 2/Set (SGSD006-201)"
Furniture,Desks,Office Desks,,Office Desks,24766103,"Boss Office Products Simple System 48""W Desk with Pedestal, Driftwood, 2/Set (SGSD006-110)"
Furniture,Desks,Office Desks,,Office Desks,24766167,"Boss Office Products Simple System 66""W Desk, Driftwood, 4/Set (SGSD011-202)"
Furniture,Desks,Office Desks,,Office Desks,24766134,"Boss Office Products Simple System 48"" 4-Person Benching Workstation Desk, White (SGSD009-110-WT)"
Furniture,Desks,Office Desks,,Office Desks,24766087,"Boss Office Products Simple System 71""W L-Shaped Desk with 2-Pedestals, Driftwood (SGSD004-203)"
Furniture,Desks,Office Desks,,Office Desks,24766227,"Boss Office Products Simple System 66""W Desk with Storage Cabinet, Driftwood, 4/Set (SGSD017-102)"
Furniture,Desks,Office Desks,,Office Desks,24766252,"Boss Office Products Simple System 66""W L-Shaped Desk with Pedestal, White, 4/Set (SGSD019-202-WT)"
Furniture,Desks,Office Desks,,Office Desks,24766081,"Boss Office Products Simple System 66""W L-Shaped Desk with 2-Pedestals, Driftwood (SGSD004-102)"
Furniture,Desks,Office Desks,,Office Desks,24766274,"Boss Office Products Simple System 60""W Desk with Pedestal, White, 6/Set (SGSD021-201-WT)"
Furniture,Desks,Office Desks,,Office Desks,24766270,"Boss Office Products Simple System 66""W Desk with Pedestal, White, 6/Set (SGSD021-102-WT)"
Furniture,Desks,Office Desks,,Office Desks,24766231,"Boss Office Products Simple System 66""W Desk, Driftwood, 4/Set (SGSD017-202)"
Furniture,Desks,Office Desks,,Office Desks,24766214,"Boss Office Products Simple System 66""W Desk, White, 4/Set (SGSD015-202-WT)"
Furniture,Desks,Office Desks,,Office Desks,24766302,"Boss Office Products Simple System 66""W Desk, White, 8/Set (SGSD024-102-WT)"
Furniture,Desks,Office Desks,,Office Desks,24766278,"Boss Office Products Simple System 71""W Desk with Pedestal, White, 6/Set (SGSD021-203-WT)"
Furniture,Desks,Office Desks,,Office Desks,24766367,"Boss Office Products Simple System 48""W Desk, White, 3/Set (SGSD030-110-WT)"
Furniture,Desks,Office Desks,,Office Desks,24766381,"Boss Office Products Simple System 60""W Desk with 1-Pedestal, White (SGSD032-101-WT)"
Furniture,Desks,Office Desks,,Office Desks,24766106,"Boss Office Products Simple System 60""W Desk with Pedestal, White, 2/Set (SGSD006-201-WT)"
Furniture,Desks,Office Desks,,Office Desks,24766192,"Boss Office Products Simple System 71""W Desk, White, 2/Set (SGSD013-203-WT)"
Furniture,Desks,Office Desks,,Office Desks,24766366,"Boss Office Products Simple System 48""W Desk, Driftwood, 3/Set (SGSD030-110)"
Furniture,Desks,Office Desks,,Office Desks,24766368,"Boss Office Products Simple System 60""W Desk, Driftwood, 3/Set (SGSD030-201)"
Furniture,Desks,Office Desks,,Office Desks,24766312,"Boss Office Products Simple System 60""W Desk with Pedestal, White, 8/Set (SGSD025-101-WT)"
Furniture,Desks,Office Desks,,Office Desks,24766063,"Boss Office Products Simple System 60""W Desk with Pedestal, Driftwood (SGSD002-101)"
Furniture,Desks,Office Desks,,Office Desks,24766116,"Boss Office Products Simple System 60"" Two-Person Benching Workstations with Storage Returns, White (SGSD007-201-WT)"
Furniture,Desks,Office Desks,,Office Desks,24766089,"Boss Office Products Simple System 60""W Desk, Driftwood, 2/Set (SGSD005-101)"
Furniture,Desks,Office Desks,,Office Desks,24766226,"Boss Office Products Simple System 60""W Desk with Storage Cabinet, White, 4/Set (SGSD017-101-WT)"
Furniture,Desks,Office Desks,,Office Desks,24766233,"Boss Office Products Simple System 71""W Desk, Driftwood, 4/Set (SGSD017-203)"
Furniture,Desks,Office Desks,,Office Desks,24766300,"Boss Office Products Simple System 60""W Desk, White, 8/Set (SGSD024-101-WT)"
Furniture,Desks,Office Desks,,Office Desks,24766363,"Boss Office Products Simple System 60""W Desk, White, 3/Set (SGSD030-101-WT)"
Furniture,Desks,Office Desks,,Office Desks,24766324,"Boss Office Products Simple System 60""W Desk, White, 8/Set (SGSD026-101-WT)"
Furniture,Desks,Office Desks,,Office Desks,24766262,"Boss Office Products Simple System 60""W Desk, White, 6/Set (SGSD020-201-WT)"
Furniture,Desks,Office Desks,,Office Desks,868972,"Sauder Edge Water 65""W Executive Desk, Estate Black (409042)"
Furniture,Desks,Office Desks,,Office Desks,1929202,"Staples Gillespie 62"" W L-Shaped Computer Desk, Sonoma Cherry (ST28189-CC)"
Furniture,Desks,Office Desks,,Office Desks,24290479,"Staples Kendall Park 58.5” Double Pedestal Desk, Cherry Finish, Executive Office Desk with Storage Drawers & Spacious Worktop"
Furniture,Desks,Office Desks,,Office Desks,24442485,"Emerge Vizon 47""W Gaming Desk, Black (59260)"
Furniture,Desks,Office Desks,,Office Desks,24549562,"Eureka Ergonomic 47""W Computer Desk, Teak (CD009)"
Furniture,Desks,Office Desks,,Office Desks,24503499,"Union & Scale™ Essentials 60""W L-Shaped Desk, Natural (UN60420)"
Furniture,Desks,Office Desks,,Office Desks,24766247,"Boss Office Products Simple System 66""W L-Shaped Desk with Pedestal, White, 4/Set (SGSD019-102-WT)"
Furniture,Desks,Office Desks,,Office Desks,24766239,"Boss Office Products Simple System 60""W L-Shaped Desk with Pedestal, Driftwood, 4/Set (SGSD018-201)"
Furniture,Desks,Office Desks,,Office Desks,24766359,"Boss Office Products Simple System 60""W L-Shaped Desk with Pedestal, Driftwood (SGSD029-201)"
Furniture,Desks,Office Desks,,Office Desks,24766371,"Boss Office Products Simple System 66""W Desk, White, 3/Set (SGSD030-202-WT)"
Furniture,Desks,Office Desks,,Office Desks,24766078,"Boss Office Products Simple System 71"" Workstation Desk with 2 Pedestals, Driftwood (SGSD003-203)"
Furniture,Desks,Office Desks,,Office Desks,24766062,"Boss Office Products Simple System 71""W Desk, Driftwood (SGSD001-203)"
Furniture,Desks,Office Desks,,Office Desks,24766210,"Boss Office Products Simple System 48""W Desk, White, 4/Set (SGSD015-110-WT)"
Furniture,Desks,Office Desks,,Office Desks,2410414,"Sauder Harbor View Computer Desk with Hutch, Salt Oak (415109)"
Furniture,Desks,Office Desks,,Office Desks,2410345,"Sauder Heritage Hill 48"" W Return Kit, Classic Cherry (109848)"
Furniture,Desks,Office Desks,,Office Desks,962176,"Sauder Select 43""W Computer Desk with Hutch, Carolina Oak (401353)"
Furniture,Desks,Office Desks,,Office Desks,24768016,"Boss Office Products 48"" Glazed Reception Desk, Mocha (N168-MOC)"
Furniture,Desks,Office Desks,,Office Desks,24768002,"Boss Office Products 71"" Desk Shell, Mocha (N101-MOC)"
Furniture,Desks,Office Desks,,Office Desks,24766113,"Boss Office Products Simple System 66""W Desk with Storage Cabinet, Driftwood, 2/Set (SGSD007-102)"
Furniture,Desks,Office Desks,,Office Desks,24767223,"Boss Office Products 66"" Office Desk, Mocha (N102-MOC)"
Furniture,Desks,Office Desks,,Office Desks,24767224,"Boss Office Products 48"" Office Desk, Mocha (N104-MOC)"
Furniture,Desks,Office Desks,,Office Desks,24698431,"Boss Office Products 71"" Desk and Credenza with Hutch and 2 File Pedestals, Driftwood (GROUPA6-DW)"
Furniture,Desks,Office Desks,,Office Desks,24698721,"Sauder Select 59""W Computer Desk, Laurel Oak (429448)"
Furniture,Desks,Office Desks,,Office Desks,24597159,"Flash Furniture Cambridge 70""W Single Pedestal Desk, White Oak/Black (GCMBLK177WOK)"
Furniture,Desks,Office Desks,,Office Desks,24597118,"Flash Furniture Cambridge 70""W Double Pedestal Desk, White Oak/Black (GCMBLK180WOK)"
Furniture,Desks,Office Desks,,Office Desks,24497748,"Flash Furniture Optis 45""W Laminate Rectangle Gaming Desk Bundle, Red (BLNX40D1904RD)"
Furniture,Desks,Office Desks,,Office Desks,24497951,"Flash Furniture Optis 45""W Laminate Rectangle Gaming Desk Bundle, White (BLNX40D1904WH)"
Furniture,Desks,Office Desks,,Office Desks,24497785,"Flash Furniture Optis 52""W Laminate Rectangle Gaming Desk Bundle, Black (BLNX30RSG1031BK)"
Furniture,Desks,Office Desks,,Office Desks,2881274,"Bestar Logan 66""W U or L Shaped Desk with Drawers and Hutch, White Chocolate (46410-31)"
Furniture,Desks,Office Desks,,Office Desks,24766306,"Boss Office Products Simple System 60""W Desk, White, 8/Set (SGSD024-201-WT)"
Furniture,Desks,Office Desks,,Office Desks,24604401,"Bush Business Furniture Arrive 60""W Reception Desk with Shelf and Mobile File Cabinet, Mocha Cherry (ARV002MR)"
Furniture,Desks,Office Desks,,Office Desks,24698409,"Boss Office Products 66"" L-Shaped Desk with File Pedestal and Lateral File, Mocha (GROUPA19-MOC)"
Furniture,Desks,Office Desks,,Office Desks,24608959,"Sauder Cannery Bridge 60""W Computer Desk, Sindoori Mango (429510)"
Furniture,Desks,Office Desks,,Office Desks,24698434,"Boss Office Products 71"" U-Shaped Desk with Lateral File and Hutch, Driftwood (GROUPA7-DW)"
Furniture,Desks,Office Desks,,Office Desks,2494079,"Regency Kee 72"" L-Desk with 42"" Return, Mahogany/Black (ML722442MHBPBK)"
Furniture,Desks,Office Desks,,Office Desks,269782,"Prepac 48"" W Computer Desk, Black (BDD-2948)"
Furniture,Desks,Office Desks,,Office Desks,24528867,"Bush Business Furniture Studio C 60""W L Shaped Desk with Return, White (STC050WH)"
Furniture,Desks,Office Desks,,Office Desks,24698403,"Boss Office Products 66"" U-Shaped Desk with Lateral File and Hutch, Mocha (GROUPA17-MOC)"
Furniture,Desks,Office Desks,,Office Desks,24698388,"Boss Office Products 66"" Desk and Credenza with Dual File Pedestals, Mahogany (GROUPA12-M)"
Furniture,Desks,Office Desks,,Office Desks,24698389,"Boss Office Products 66"" Desk and Credenza with Dual File Pedestals, Mocha (GROUPA12-MOC)"
Furniture,Desks,Office Desks,,Office Desks,24698394,"Boss Office Products 66"" U-Shaped Desk with 2 File Pedestals, Mahogany (GROUPA14-M)"
Furniture,Desks,Office Desks,,Office Desks,310217,"Ameriwood Home Parsons 39"" W Desk with Drawer, Black Oak (9178396)"
Furniture,Desks,Office Desks,,Office Desks,24698436,"Boss Office Products 71"" U-Shaped Desk with Lateral File and Hutch, Mocha (GROUPA7-MOC)"
Furniture,Desks,Office Desks,,Office Desks,24501927,"Bush Business Furniture Studio C 72""W Office Desk with Hutch and Mobile File Cabinet, Modern Hickory (STC011MHSU)"
Furniture,Desks,Office Desks,,Office Desks,24698395,"Boss Office Products 66"" U-Shaped Desk with 2 File Pedestals, Mocha (GROUPA14-MOC)"
Furniture,Desks,Office Desks,,Office Desks,868972,"Sauder Edge Water 65""W Executive Desk, Estate Black (409042)"
Furniture,Desks,Office Desks,,Office Desks,1929202,"Staples Gillespie 62"" W L-Shaped Computer Desk, Sonoma Cherry (ST28189-CC)"
Furniture,Desks,Office Desks,,Office Desks,24290479,"Staples Kendall Park 58.5” Double Pedestal Desk, Cherry Finish, Executive Office Desk with Storage Drawers & Spacious Worktop"
Furniture,Desks,Office Desks,,Office Desks,24442485,"Emerge Vizon 47""W Gaming Desk, Black (59260)"
Furniture,Desks,Office Desks,,Office Desks,24549562,"Eureka Ergonomic 47""W Computer Desk, Teak (CD009)"
Furniture,Desks,Office Desks,,Office Desks,24503499,"Union & Scale™ Essentials 60""W L-Shaped Desk, Natural (UN60420)"
Furniture,Desks,Office Desks,,Office Desks,24195357,"Regency Kee 60"" L-Desk with 42"" Return, Cherry/Chrome (ML602442CHBPCM)"
Furniture,Desks,Office Desks,,Office Desks,24698393,"Boss Office Products 66"" U-Shaped Desk with 2 File Pedestals, Driftwood (GROUPA14-DW)"
Furniture,Desks,Office Desks,,Office Desks,24455243,"Offices To Go Superior Laminate 71"" L-Shaped Desk with Mobile Pedestal, Artisan Gray (TDOTG21-AGL)"
Furniture,Desks,Office Desks,,Office Desks,24195361,"Regency Kee 66"" L-Desk with 42"" Return, Maple/Chrome (ML662442PLBPCM)"
Furniture,Desks,Office Desks,,Office Desks,24195351,"Regency Kee 72"" L-Desk with 42"" Return, Maple/Chrome (ML722442PLBPCM)"
Furniture,Desks,Office Desks,,Office Desks,24195317,"Regency Kee 66"" Single Mobile Pedestal Desk- Grey/ Chrome (MTSPM6624GYBPCM)"
Furniture,Desks,Office Desks,,Office Desks,24195324,"Regency Kee 66"" Single Mobile Pedestal Desk- Mahogany/ Chrome (MTSPM6624MHBPCM)"
Furniture,Desks,Office Desks,,Office Desks,24549564,"Eureka Ergonomic 55""W Computer Desk, Black (CD008)"
Furniture,Desks,Office Desks,,Office Desks,269771,"Prepac 42'' Wall Mounted Floating Desk with Storage, Espresso (EEHW-0200-1)"
Furniture,Desks,Office Desks,,Office Desks,24195373,"Regency Kee 60"" Single Mobile Pedestal Desk- Grey/ Black (MTSPM6024GYBPBK)"
Furniture,Desks,Office Desks,,Office Desks,2445368,"HON 38000 Series L-Shaped Office Desk, Mahogany/Charcoal (HON38LR7284NS)"
Furniture,Desks,Office Desks,,Office Desks,24195365,"Regency Kee 72"" Single Mobile Pedestal Desk- Grey/ Black (MTSPM7224GYBPBK)"
Furniture,Desks,Office Desks,,Office Desks,24274601,"Bush Business Furniture Studio C 72""W L Shaped Desk with Hutch, Mobile File Cabinet and Return, White (STC006WH)"
Furniture,Desks,Office Desks,,Office Desks,1668942,"Bestar Pro-Linea 71"" U-Desk, White (120861-17)"
Furniture,Desks,Office Desks,,Office Desks,569864,"Bush Business Furniture Westfield 60""W Left Handed L Bow Desk, Mocha Cherry (WC12933)"
Furniture,Desks,Office Desks,,Office Desks,1961526,"Safco Aberdeen 72"" Credenza, Gray Steel (ACD7224LGS)"
Furniture,Desks,Office Desks,,Office Desks,24478499,"Bestar Aquarius Small 44"" Computer Desk, Walnut Gray/Slate (114401-000035)"
Furniture,Desks,Office Desks,,Office Desks,1668926,"Bestar Pro-Linea U-Desk, Bark Grey/White (120895-47)"
Furniture,Desks,Office Desks,,Office Desks,24623688,"Bush Business Furniture Hustle 72""W L Shaped Computer Desk with 3 Drawer Mobile File Cabinet, Natural Elm (HUS005NE)"
Furniture,Desks,Office Desks,,Office Desks,24604396,"Bush Business Furniture Arrive 72""W L Shaped Reception Desk with Shelf and Mobile File Cabinet, Natural Elm (ARV007NE)"
Furniture,Desks,Office Desks,,Office Desks,24478517,"Bestar Universel 60"" Table Desk, White (65901-000017)"
Furniture,Desks,Office Desks,,Office Desks,24199325,"Legacy 71"" Full Double Pedestal Desk, Cherry Laminate (LDPF7135CH)"
Furniture,Desks,Office Desks,,Office Desks,24274635,"Bush Business Furniture Studio C 72""W Office Desk with Hutch and Mobile File Cabinet, Storm Gray (STC011SG)"
Furniture,Desks,Office Desks,,Office Desks,24195316,"Regency Kee 66"" Single Mobile Pedestal Desk- Grey/ Black (MTSPM6624GYBPBK)"
Furniture,Desks,Office Desks,,Office Desks,24195318,"Regency Kee 66"" Single Mobile Pedestal Desk- Mahogany/ Black (MTSPM6624MHBPBK)"
Furniture,Desks,Office Desks,,Office Desks,87658,"Bush Business Furniture Cubix 72W Desk with Mobile File Cabinet, Natural Cherry/Slate (SRA013NCSU)"
Furniture,Desks,Office Desks,,Office Desks,24478516,"Bestar Universel 60"" Table Desk, Black (65901-000018)"
Furniture,Desks,Office Desks,,Office Desks,868972,"Sauder Edge Water 65""W Executive Desk, Estate Black (409042)"
Furniture,Desks,Office Desks,,Office Desks,1929202,"Staples Gillespie 62"" W L-Shaped Computer Desk, Sonoma Cherry (ST28189-CC)"
Furniture,Desks,Office Desks,,Office Desks,24290479,"Staples Kendall Park 58.5” Double Pedestal Desk, Cherry Finish, Executive Office Desk with Storage Drawers & Spacious Worktop"
Furniture,Desks,Office Desks,,Office Desks,24442485,"Emerge Vizon 47""W Gaming Desk, Black (59260)"
Furniture,Desks,Office Desks,,Office Desks,24549562,"Eureka Ergonomic 47""W Computer Desk, Teak (CD009)"
Furniture,Desks,Office Desks,,Office Desks,24503499,"Union & Scale™ Essentials 60""W L-Shaped Desk, Natural (UN60420)"
Furniture,Desks,Office Desks,,Office Desks,24478475,"Bestar Universel 48""W Laminated Wood Workstation Desk, Black/White (65900-000018)"
Furniture,Desks,Office Desks,,Office Desks,735482,"Techni Mobili 47""W Computer Desk, Chocolate (RTA-4985-CH36)"
Furniture,Desks,Office Desks,,Office Desks,24581669,"Arozzi Arena 63""W Gaming Desk, Deep Purple/Black (ARENA-NA-DP-BK)"
Furniture,Desks,Office Desks,,Office Desks,2736559,"Whalen Asherton 60"" W L-Shaped Computer Desk, Fawn Aged Oak (SPUS-ASHD)"
Furniture,Desks,Office Desks,,Office Desks,24502570,"Eureka Colonel Z1-S 45"" Computer Gaming Desk, Black (GD0075-BK)"
Furniture,Desks,Office Desks,,Office Desks,24580463,"HON Mod 66""W L-Shaped Double-Pedestal Desk, Sepia Walnut (HLPL6672LDESKSE1)"
Furniture,Desks,Office Desks,,Office Desks,24549569,"Eureka Ergonomic 41""W Computer Desk, Cherry (CD004)"
Furniture,Desks,Office Desks,,Office Desks,2445380,"HON 10500 Series Right L-Shaped Office Desk, 72""W, Mahogany"
Furniture,Desks,Office Desks,,Office Desks,24497788,"Flash Furniture Optis 52""W Laminate Rectangle Gaming Desk Bundle, Blue (BLNX30RSG1031BL)"
Furniture,Desks,Office Desks,,Office Desks,634565,"Safco Eastwinds Empire, 30"" Mobile Desk, Anthracite (945ANT)"
Furniture,Desks,Office Desks,,Office Desks,1668987,"Bestar Pro-Linea 72W U-Shaped Executive Desk with Storage, Bark Gray (120861-47)"
Furniture,Desks,Office Desks,,Office Desks,392987,"HON 10500 Series 72""W Left Pedestal Desk, Mahogany (H10586LNN)"
Furniture,Desks,Office Desks,,Office Desks,1638588,"Offices To Go Superior Laminate Double Pedestal Desk, Box/File, American Dark Cherry, 29.5""x71""x36"""
Furniture,Desks,Office Desks,,Office Desks,24478486,"Bestar Aquarius 66"" Pedestal Desk, Deep Grey/White (114400-000032)"
Furniture,Desks,Office Desks,,Office Desks,24619198,"Bush Business Furniture Vista 72""W L Shaped Desk with Mobile File Cabinet, Black Walnut (VST007BWSU)"
Furniture,Desks,Office Desks,,Office Desks,1668959,"Bestar Pro-Linea 71""W L-Desk with Hutch, White & Bark Grey (120882-47)"
Furniture,Desks,Office Desks,,Office Desks,24468157,"Bush Furniture Somerset 72""W 3 Position Sit to Stand L Shaped Desk with Hutch and File Cabinet, Fresh Walnut (SET016FW)"
Furniture,Desks,Office Desks,,Office Desks,24424986,"Bush Business Furniture Studio C 72""W Office Desk with Hutch and Mobile File Cabinet, Platinum Gray (STC011PGSU)"
Furniture,Desks,Office Desks,,Office Desks,24274595,"Bush Business Furniture Studio C 72""W U Shaped Desk with Mobile File Cabinet, White (STC004WH)"
Furniture,Desks,Office Desks,,Office Desks,24767998,"Boss Office Products 71"" Frosted Reception Desk with Reversible Return, Driftwood (GROUPB-DW1)"
Furniture,Desks,Office Desks,,Office Desks,24290427,"Staples Kendall Park 58.8""W L-Shaped Desk, Cherry (52493)"
Furniture,Desks,Office Desks,,Office Desks,24501909,"Bush Business Furniture Studio C 60""W L Shaped Desk with 42W Return, Black Walnut (STC051BW)"
Furniture,Desks,Office Desks,,Office Desks,24468063,"Bush Home Somerset 72W 3 Position Sit to Stand L Shaped Desk, Storm Gray/White (SET014SGWH)"
Furniture,Desks,Office Desks,,Office Desks,24528919,"Bush Business Furniture Echo 60""W L Shaped Bow Front Desk, Pure White/Modern Gray (ECH025WHMG)"
Furniture,Desks,Office Desks,,Office Desks,24698396,"Boss Office Products 66"" U-Shaped Desk with File Pedestal and Hutch, Mahogany (GROUPA15-M)"
Furniture,Desks,Office Desks,,Office Desks,24398973,"Union & Scale™ MidMod 60""W Computer and Writing Storage Desk, Espresso (UN56950)"
Furniture,Desks,Office Desks,,Office Desks,24698400,"Boss Office Products 66"" Desk and Credenza with Hutch and 2 File Pedestals, Mocha (GROUPA16-MOC)"
Furniture,Desks,Office Desks,,Office Desks,24337031,"Bush Furniture Cabot 72""W L Shaped Computer Desk with Drawers, Harvest Cherry (CAB051HVC)"
Furniture,Desks,Office Desks,,Office Desks,24470224,"Bush Furniture Key West 54""W Computer Desk with Keyboard Tray and Storage, Shiplap Gray/Pure White (KWD154G2W-03)"
Furniture,Desks,Office Desks,,Office Desks,24698422,"Boss Office Products 71"" Desk and Credenza with Dual File Pedestals, Mocha (GROUPA2-MOC)"
Furniture,Desks,Office Desks,,Office Desks,1638820,"Bush Furniture Somerset 60""W L Shaped Desk with Storage, Mocha Cherry (WC81830K)"
Furniture,Desks,Office Desks,,Office Desks,24547843,"Hirsh 48""W Single-Pedestal Mobile Teacher's Desk, Black/Walnut (22646)"
Furniture,Desks,Office Desks,,Office Desks,24478473,"Bestar Logan 66"" U-Shaped Executive Desk with Hutch, Lateral File Cabinet, and Bookcase, White Chocolate (46851-31)"
Furniture,Desks,Office Desks,,Office Desks,24502821,"Bush Business Furniture Hybrid 60""W Computer Table Desk with Metal Legs, Black Walnut (HYD360BW)"
Furniture,Desks,Office Desks,,Office Desks,24498074,"Flash Furniture Optis 52""W Laminate Rectangle Gaming Desk Bundle, Gray (BLNX30RSG1031GY)"
Furniture,Desks,Office Desks,,Office Desks,24463022,"Bush Furniture Cabot 60"" L-Shaped Desk with Hutch and 5-Shelf Bookcase, Linen White Oak (CAB011LW)"
Furniture,Desks,Office Desks,,Office Desks,569861,"Bush Business Furniture Westfield 72""W Left Handed Corner Desk, Mocha Cherry (WC12932)"
Furniture,Desks,Office Desks,,Office Desks,24478502,"Bestar Universel 48""W Laminated Wood Table Desk, Bark Grey (65855-47)"
Furniture,Desks,Office Desks,,Office Desks,619127,"Hon 92000 Series Credenza w/Full-Height Pedestals and Doors, Mahogany"
Furniture,Desks,Office Desks,,Office Desks,868972,"Sauder Edge Water 65""W Executive Desk, Estate Black (409042)"
Furniture,Desks,Office Desks,,Office Desks,1929202,"Staples Gillespie 62"" W L-Shaped Computer Desk, Sonoma Cherry (ST28189-CC)"
Furniture,Desks,Office Desks,,Office Desks,24290479,"Staples Kendall Park 58.5” Double Pedestal Desk, Cherry Finish, Executive Office Desk with Storage Drawers & Spacious Worktop"
Furniture,Desks,Office Desks,,Office Desks,24442485,"Emerge Vizon 47""W Gaming Desk, Black (59260)"
Furniture,Desks,Office Desks,,Office Desks,24549562,"Eureka Ergonomic 47""W Computer Desk, Teak (CD009)"
Furniture,Desks,Office Desks,,Office Desks,24503499,"Union & Scale™ Essentials 60""W L-Shaped Desk, Natural (UN60420)"
Furniture,Desks,Office Desks,,Office Desks,24597164,"Flash Furniture Cambridge 60""W Double Pedestal Desk, Walnut/Black (GCMBLK179WLN)"
Furniture,Desks,Office Desks,,Office Desks,24698398,"Boss Office Products 66"" Desk and Credenza with Hutch and 2 File Pedestals, Driftwood (GROUPA16-DW)"
Furniture,Desks,Office Desks,,Office Desks,24597126,"Flash Furniture Cambridge 60""W Double Pedestal Desk, White Oak/Black (GCMBLK179WOK)"
Furniture,Desks,Office Desks,,Office Desks,24502574,"Eureka Ergonomic 47"" Computer Gaming Desk, Black (GD0072-BK)"
Furniture,Desks,Office Desks,,Office Desks,24479276,"Safco Simple 46"" Workstation Desk, Sterling Ash (5272BLGR)"
Furniture,Desks,Office Desks,,Office Desks,24702372,"Sauder Pacific View 58""W L-Shaped Computer Desk, Saddle Walnut (447303)"
Furniture,Desks,Office Desks,,Office Desks,791418,"HON Metro Classic 60"" Double Pedestal Desk, Mahogany/Charcoal (HONP3262NS)"
Furniture,Desks,Office Desks,,Office Desks,88142,"Bush Business Furniture Westfield Right Handed L Shaped Desk with Mobile File Cabinet, Hansen Cherry (SRC007HCRSU)"
Furniture,Desks,Office Desks,,Office Desks,100740,"Bush Furniture Cabot 60""W L Shaped Computer Desk with Storage, Espresso Oak (WC31830K)"
Furniture,Desks,Office Desks,,Office Desks,2108898,"Flash Furniture Flash Furniture 48""W Computer Desk, Black (NANWK004)"
Furniture,Desks,Office Desks,,Office Desks,24503864,"Union & Scale™ Essentials 42""W Rectangular Writing Desk, Natural (UN60411-C)"
Furniture,Desks,Office Desks,,Office Desks,24358530,"Bush Furniture Fairview 60""W L Shaped Desk with Hutch, File Cabinet, Bookcase and Storage, Antique White/Tea Maple (FV013AW)"
Furniture,Desks,Office Desks,,Office Desks,24501979,"Bush Business Furniture Studio C 72""W Bow Front Desk and Credenza with File Cabinets Bundle, Modern Hickory (STC009MHSU)"
Furniture,Desks,Office Desks,,Office Desks,24698428,"Boss Office Products 71"" U-Shaped Desk with 2 File Pedestals, Mocha (GROUPA4-MOC)"
Furniture,Desks,Office Desks,,Office Desks,24398974,"Union & Scale™ Essentials 48""W Computer and Writing Desk, Espresso (UN56970)"
Furniture,Desks,Office Desks,,Office Desks,88318,"Bush Furniture Cabot L Shaped Desk, Harvest Cherry (WC31430K)"
Furniture,Desks,Office Desks,,Office Desks,24549560,"Eureka Ergonomic 33""W Computer Desk, Black (CD002)"
Furniture,Desks,Office Desks,,Office Desks,24486312,"Prepac Milo 55"" Desk with Side Storage and 2 Drawers, Drifted Gray (DEHR-1413-1)"
Furniture,Desks,Office Desks,,Office Desks,24553854,"Bush Furniture Cabot 60""W Computer Desk with Drawers, Modern Gray (WC31360)"
Furniture,Desks,Office Desks,,Office Desks,24463019,"Bush Furniture Cabot 60""W L Shaped Computer Desk with Hutch and Storage, Modern Gray (CAB001MG)"
Furniture,Desks,Office Desks,,Office Desks,24337170,"Bush Furniture Cabot 60""W Computer Desk with Drawers, Harvest Cherry (WC31460-03)"
Furniture,Desks,Office Desks,,Office Desks,24698406,"Boss Office Products 66"" U-Shaped Desk with Lateral File, Mocha (GROUPA18-MOC)"
Furniture,Desks,Office Desks,,Office Desks,24597148,"Flash Furniture Cambridge 48""W Single Pedestal Desk, White Oak/Black (GCMBLK173WOK)"
Furniture,Desks,Office Desks,,Office Desks,24698425,"Boss Office Products 71"" U-Shaped Desk with File Pedestal, Mocha (GROUPA3-MOC)"
Furniture,Desks,Office Desks,,Office Desks,2094399,"Bush Home Cabot 60W L Shaped Computer Desk with Storage, Heather Gray (WC31730K)"
Furniture,Desks,Office Desks,,Office Desks,24430477,"Bush Business Furniture Office 500 72""W U Shaped Executive Desk with Drawers and Hutch, Storm Gray (OF5003SGSU)"
Furniture,Desks,Office Desks,,Office Desks,24195353,"Regency Kee 72"" L-Desk with 42"" Return, Grey/Chrome (ML722442GYBPCM)"
Furniture,Desks,Office Desks,,Office Desks,2073071,"Winsome Brighton 28""W Wood Rectangular Writing Area and Hutch, Walnut (94628)"
Furniture,Desks,Office Desks,,Office Desks,24457566,"Bush Home Somerset 60""W Office Computer Desk with Drawers, Platinum Gray (WC81228K)"
Furniture,Desks,Office Desks,,Office Desks,24418341,"Offices To Go Superior 71"" U-Shaped Desk with Hutch, Artisan Gray (TDOTG2-AGL)"
Furniture,Desks,Office Desks,,Office Desks,636088,"Safco Muv Mini Tower 36"" Workstation Desk, Cherry (1927CY)"
Furniture,Desks,Office Desks,,Office Desks,24600364,"Bush Business Furniture Westfield 66""W L Shaped Desk with 42W Return and Mobile File Cabinet, Mocha Cherry (SRC165MRSU)"
Furniture,Desks,Office Desks,,Office Desks,24589328,"Bush Furniture Somerset 54""W Office Desk with Drawer and Storage Cabinet, Platinum Gray (WC81254)"
Furniture,Desks,Office Desks,,Office Desks,147137,"Bush Furniture Fairview 60""W L Shaped Desk with Drawers and Storage Cabinet, Antique White/Tea Maple (WC53230-03K)"
Furniture,Desks,Office Desks,,Office Desks,24698402,"Boss Office Products 66"" U-Shaped Desk with Lateral File and Hutch, Mahogany (GROUPA17-M)"
Furniture,Desks,Office Desks,,Office Desks,88147,"Bush Business Furniture Westfield Left Handed L Shaped Desk with Mobile File Cabinet, Mocha Cherry (SRC007MRLSU)"
Furniture,Desks,Office Desks,,Office Desks,24274604,"Bush Business Furniture Studio C 60""W Office Desk with Mobile File Cabinet, Storm Gray (STC014SG)"
Furniture,Desks,Office Desks,,Office Desks,24274615,"Bush Business Furniture Studio C 72""W U Shaped Desk with Hutch and Mobile File Cabinet, Storm Gray (STC003SG)"
Furniture,Desks,Office Desks,,Office Desks,2094393,"Bush Furniture Cabot 60""W L Shaped Computer Desk with Hutch and Storage, Heather Gray (CAB001HRG)"
Furniture,Desks,Office Desks,,Office Desks,24729254,"Arozzi Arena Gaming Desk, Gunmetal (ARENANAGMDG)"
Furniture,Desks,Office Desks,,Office Desks,868972,"Sauder Edge Water 65""W Executive Desk, Estate Black (409042)"
Furniture,Desks,Office Desks,,Office Desks,1929202,"Staples Gillespie 62"" W L-Shaped Computer Desk, Sonoma Cherry (ST28189-CC)"
Furniture,Desks,Office Desks,,Office Desks,24290479,"Staples Kendall Park 58.5” Double Pedestal Desk, Cherry Finish, Executive Office Desk with Storage Drawers & Spacious Worktop"
Furniture,Desks,Office Desks,,Office Desks,24442485,"Emerge Vizon 47""W Gaming Desk, Black (59260)"
Furniture,Desks,Office Desks,,Office Desks,24549562,"Eureka Ergonomic 47""W Computer Desk, Teak (CD009)"
Furniture,Desks,Office Desks,,Office Desks,24503499,"Union & Scale™ Essentials 60""W L-Shaped Desk, Natural (UN60420)"
Furniture,Desks,Office Desks,,Office Desks,1668970,"Bestar Pro-Linea 71""W L-Desk, Bark Gray (120863-47)"
Furniture,Desks,Office Desks,,Office Desks,24195352,"Regency Kee 72"" L-Desk with 42"" Return, Cherry/Chrome (ML722442CHBPCM)"
Furniture,Desks,Office Desks,,Office Desks,269770,"Prepac 42'' W L-Shape Metal Contemporary Wall Mounted Desk, Black (BEHW-0200-1)"
Furniture,Desks,Office Desks,,Office Desks,24589343,"Bush Business Furniture Hustle 72W x 30D Computer Desk with Metal Legs, White (HUD272WH)"
Furniture,Desks,Office Desks,,Office Desks,1025915,"Offices To Go Superior Laminate Front Desk Shell w/Storage; Pedestal/Table, Espresso, 29.5""-65""x71""-161""x111"""
Furniture,Desks,Office Desks,,Office Desks,24608956,"Sauder Tiffin Line 60""W Double Pedestal Desk, Raven Oak (433266)"
Furniture,Desks,Office Desks,,Office Desks,2637915,"Offices To Go Superior Laminate Bow Front Desk Shell, Autumn Walnut Laminate"
Furniture,Desks,Office Desks,,Office Desks,24589344,"Bush Business Furniture Hustle 60W x 30D Computer Desk with Metal Legs, Platinum Gray (HUD160PG)"
Furniture,Desks,Office Desks,,Office Desks,24502799,"Bush Business Furniture Hybrid 48""W Computer Table Desk with Metal Legs, White (HYD148WH)"
Furniture,Desks,Office Desks,,Office Desks,88097,"Bush Business Furniture Westfield 72W L Shaped Desk with 48W Return and Mobile File Cabinet, Mocha Cherry (SRC001MRSU)"
Furniture,Desks,Office Desks,,Office Desks,2998080,"Oklahoma Sound WorkPod Teacher's Desk and Lectern Kit, Charcoal Slate and Black (TWP)"
Furniture,Desks,Office Desks,,Office Desks,884462,"HON 10500 Series Kneespace Credenza 72""W, Harvest, 29 1/2""H x 72""W x 24""D"
Furniture,Desks,Office Desks,,Office Desks,1025970,"Offices To Go Superior Laminate U-Shaped D-Island Desk, American Espresso (TDOTG5-AEL)"
Furniture,Desks,Office Desks,,Office Desks,24463061,"Bush Furniture Cabot 60""W L Shaped Computer Desk with Hutch and Lateral File Cabinet, Modern Walnut (CAB005MW)"
Furniture,Desks,Office Desks,,Office Desks,88248,"Bush Business Furniture Westfield Bow Front Right Handed L Shaped Desk w/ 2 Mobile Pedestals, Hansen Cherry (SRC034HCRSU)"
Furniture,Desks,Office Desks,,Office Desks,1025884,"Offices To Go 48"" Wide Rectangular Desk Shell, American Espresso, 29 1/2""H x 48""W x 24""D"
Furniture,Desks,Office Desks,,Office Desks,24430476,"Bush Business Furniture Office 500 72""W U Shaped Executive Desk with Drawers and Hutch, Modern Hickory (OF5003MHSU)"
Furniture,Desks,Office Desks,,Office Desks,610864,"HON 92000 Series 72"" Single Left Pedestal Desk, Mahogany"
Furniture,Desks,Office Desks,,Office Desks,24430481,"Bush Business Furniture Office 500 72""W L Shaped Executive Desk with Drawers, Black Walnut (OF5004BWSU)"
Furniture,Desks,Office Desks,,Office Desks,1961429,"Safco Medina™ 72"" Desk, Gray Steel, 29 1/2""H x 72""W x 36""D"
Furniture,Desks,Office Desks,,Office Desks,24274600,"Bush Business Furniture Studio C 72""W L Shaped Desk with Hutch, Mobile File Cabinet and Return, Storm Gray (STC006SG)"
Furniture,Desks,Office Desks,,Office Desks,24342282,"Bush Furniture Key West 54""W Computer Desk with Storage and 2 Drawer Lateral File Cabinet, Bing Cherry (KWS008BC)"
Furniture,Desks,Office Desks,,Office Desks,88089,"Bush Business Furniture Westfield 72W L Shaped Desk with Hutch and Mobile File Cabinet, Mahogany (SRC0018MASU)"
Furniture,Desks,Office Desks,,Office Desks,24468155,"Bush Furniture Somerset 72""W 3 Position Sit to Stand L Shaped Desk with Hutch and Bookcase, Fresh Walnut (SET017FW)"
Furniture,Desks,Office Desks,,Office Desks,24501953,"Bush Business Furniture Studio C 60""W Office Desk, Modern Hickory (SCD260MH)"
Furniture,Desks,Office Desks,,Office Desks,24418313,"Offices To Go Superior 48"" Desk Shell, Artisan Gray (TDSL4824DSAGL)"
Furniture,Desks,Office Desks,,Office Desks,89222,"Bush Business Furniture Cubix Bundle 48""W Desk with 3 Dwr Mobile Pedestal (B/B/F), Hansen Cherry/Galaxy (SRA025HCSU)"
Furniture,Desks,Office Desks,,Office Desks,147551,"Bush Furniture Cabot 60""W L Shaped Computer Desk with Hutch and Storage, Espresso Oak (CAB001EPO)"
Furniture,Desks,Office Desks,,Office Desks,24589359,"Bush Furniture Somerset 54""W Office Desk with Drawer and Storage Cabinet, Storm Gray (WC81554)"
Furniture,Desks,Office Desks,,Office Desks,24619187,"Bush Business Furniture Vista 48""W Computer Desk, Black Walnut (VSD148BW)"
Furniture,Desks,Office Desks,,Office Desks,24619184,"Bush Business Furniture Vista 72""W L Shaped Desk, Natural Elm (VST003NE)"
Furniture,Desks,Office Desks,,Office Desks,24623703,"Bush Business Furniture Hustle 72""W L Shaped Computer Desk with 3 Drawer Mobile File Cabinet, White (HUS005WH)"
Furniture,Desks,Office Desks,,Office Desks,24604383,"Bush Business Furniture Arrive 60""W Office Desk, Natural Elm (ARD260NE-Z)"
Furniture,Desks,Office Desks,,Office Desks,1025887,"Offices To Go Superior Laminate L Peninsula Desk, 29 1/2""H x 71""W x 72""D"
Furniture,Desks,Office Desks,,Office Desks,811666,"Offices To Go Superior Laminate Desking 71""W Rectangular Desk Shell, American Mahogany (TDSL7136DSAML)"
Furniture,Desks,Office Desks,,Office Desks,1961680,"Safco Medina 72"" Credenza, Mocha (MNCNZ72LDC)"
Furniture,Desks,Office Desks,,Office Desks,354718,"HON 38000 Series 72""W Kneespace Credenza, Harvest Oak/Putty (H38854CL)"
Furniture,Desks,Office Desks,,Office Desks,279661,"Offices To Go Superior Laminate Credenza with Left Corner Extension, American Dark Cherry Laminate, 71W x 24/36D x 29.5H"
Furniture,Desks,Office Desks,,Office Desks,24528859,"Bush Business Furniture Echo 60""W L Shaped Bow Front Desk, Modern Gray (ECH025MG)"
Furniture,Desks,Office Desks,,Office Desks,24544758,"HON Mod 48""W Computer Desk, Java Oak (HLPLDS48HBFJA1)"
Furniture,Desks,Office Desks,,Office Desks,868972,"Sauder Edge Water 65""W Executive Desk, Estate Black (409042)"
Furniture,Desks,Office Desks,,Office Desks,1929202,"Staples Gillespie 62"" W L-Shaped Computer Desk, Sonoma Cherry (ST28189-CC)"
Furniture,Desks,Office Desks,,Office Desks,24290479,"Staples Kendall Park 58.5” Double Pedestal Desk, Cherry Finish, Executive Office Desk with Storage Drawers & Spacious Worktop"
Furniture,Desks,Office Desks,,Office Desks,24442485,"Emerge Vizon 47""W Gaming Desk, Black (59260)"
Furniture,Desks,Office Desks,,Office Desks,24549562,"Eureka Ergonomic 47""W Computer Desk, Teak (CD009)"
Furniture,Desks,Office Desks,,Office Desks,24503499,"Union & Scale™ Essentials 60""W L-Shaped Desk, Natural (UN60420)"
Furniture,Desks,Office Desks,,Office Desks,3115644,"Boss Office Products 48""W Desk with Box/Box/File Pedestal, Driftwood (GROUP104-DW)"
Furniture,Desks,Office Desks,,Office Desks,24580482,"HON Mod 60""W x 30""D Single-Pedestal Desk, Sepia Walnut (HLPLDS60PSSE1)"
Furniture,Desks,Office Desks,,Office Desks,24580469,"HON Mod 60""W L-Shaped Single-Pedestal Desk, Java Oak (HLPL6072LDESK1BBFJA1)"
Furniture,Desks,Office Desks,,Office Desks,1983012,"Flash Furniture 84"" Glass L-Shape Computer Desk, Clear/Silver (NANCD22181)"
Furniture,Desks,Office Desks,,Office Desks,24580486,"HON Mod 60""W L-Shaped Single-Pedestal Desk, Slate Teak (HLPL6072LDESK1BBFLS1)"
Furniture,Desks,Office Desks,,Office Desks,71040,"Global Superior BUNDLE14 Workstation, Dark Cherry"
Furniture,Desks,Office Desks,,Office Desks,2637925,"Offices To Go Superior 66"" Rectangular Desk Shell, Autumn Walnut Laminate"
Furniture,Desks,Office Desks,,Office Desks,70713,"Offices to Go Superior Laminate Executive Desk Bundle, American Mahogany (TDOTG1-AML)"
Furniture,Desks,Office Desks,,Office Desks,24418275,"Offices To Go Superior 71"" Credenza Desk Shell, Artisan Gray (TDSL7136CELAGL)"
Furniture,Desks,Office Desks,,Office Desks,24580462,"HON Mod 60""W L-Shaped Single-Pedestal Desk, Sepia Walnut (HLPL6072LDESK1BBFSE1)"
Furniture,Desks,Office Desks,,Office Desks,24581052,"Martha Stewart Ollie 47""W Home Office Desk with 3 Drawers, Walnut/Polished Brass (ZGZP028BRGLD)"
Furniture,Desks,Office Desks,,Office Desks,24485930,"HON Mod 72"" L-Shaped Executive Desk with Storage, Slate Teak (HLPL8472LDSKSL1ULEGS)"
Furniture,Desks,Office Desks,,Office Desks,24542500,"HON Mod 66""W Computer Desk, Traditional Mahogany (HLPLDS66PSTM1)"
Furniture,Desks,Office Desks,,Office Desks,24485929,"HON Mod 72"" Executive Height-Adjustable Workstation with Storage, Slate Teak (HLPL8472HATHTCHSL1)"
Furniture,Desks,Office Desks,,Office Desks,24418311,"Offices To Go Superior 60"" Desk Shell, Artisan Gray (TDSL6030DSAGL)"
Furniture,Desks,Office Desks,,Office Desks,24457543,"Bush Home Somerset 60""W Office Computer Desk with Drawers, Storm Gray (WC81528K)"
Furniture,Desks,Office Desks,,Office Desks,24457574,"Bush Home Somerset 72""W L Shaped Office Desk with Storage, Platinum Gray (WC81210K)"
Furniture,Desks,Office Desks,,Office Desks,24462994,"Bush Home Salinas 60W L Shaped Desk with Storage, Shiplap Gray/Pure White (SAD160G2W-03)"
Furniture,Desks,Office Desks,,Office Desks,24458828,"Bush Home Somerset 72W L-Shaped Sit to Stand Desk with Hutch, White (SET015WH)"
Furniture,Desks,Office Desks,,Office Desks,24468147,"Bush Furniture Fairview 60""W L Shaped Desk with Hutch, Bookcase, Storage and File Cabinets, Shiplap Gray/Pure White (FV014G2W)"
Furniture,Desks,Office Desks,,Office Desks,24358532,"Bush Furniture Fairview 60""W L Shaped Desk with Hutch, Bookcase, Storage and File Cabinets, Antique White/Tea Maple (FV014AW)"
Furniture,Desks,Office Desks,,Office Desks,24470108,"Bush Furniture Saratoga 66""W L Shaped Computer Desk with Drawers, Modern Gray (EX45870-03K)"
Furniture,Desks,Office Desks,,Office Desks,147290,"Bush Furniture Saratoga 66""W Executive Desk with Drawers, Harvest Cherry/Black (EX45666-03K)"
Furniture,Desks,Office Desks,,Office Desks,24140531,"Bush Home Salinas 60W L Shaped Desk with Storage, Antique White (SAD160AW-03)"
Furniture,Desks,Office Desks,,Office Desks,3082011,"Bush Business Furniture Studio C 72""W L Shaped Desk with Hutch and Mobile File Cabinet, Natural Elm (STC006NESU)"
Furniture,Desks,Office Desks,,Office Desks,24501950,"Bush Business Furniture Studio C 72""W L Shaped Desk with Return, Black Walnut (STC049BW)"
Furniture,Desks,Office Desks,,Office Desks,24698433,"Boss Office Products 71"" Desk and Credenza with Hutch and 2 File Pedestals, Mocha (GROUPA6-MOC)"
Furniture,Desks,Office Desks,,Office Desks,661600,"Bush Home Somerset 60"" W Office Computer Desk with Drawers, Hansen Cherry (WC81728K)"
Furniture,Desks,Office Desks,,Office Desks,24388365,"Bush Business Furniture Echo 60""W L Shaped Desk, Gray Sand (ECH026GS)"
Furniture,Desks,Office Desks,,Office Desks,24424758,"Bush Business Furniture Studio C 72""W Bow Front Desk, Platinum Gray (SCD172PG)"
Furniture,Desks,Office Desks,,Office Desks,24502855,"Bush Business Furniture Hybrid 60""W Computer Table Desk with Metal Legs, White (HYD360WH)"
Furniture,Desks,Office Desks,,Office Desks,24468148,"Bush Home Somerset 60"" W L Shaped Computer Desk with Hutch, Storm Gray (SET002SGWH)"
Furniture,Desks,Office Desks,,Office Desks,661605,"Bush Home Somerset 60"" W L Shaped Office Desk with Storage, Hansen Cherry (WC81730K)"
Furniture,Desks,Office Desks,,Office Desks,24457563,"Bush Home Somerset 60""W L Shaped Computer Desk with Hutch, Storm Gray (SET002SG)"
Furniture,Desks,Office Desks,,Office Desks,24501974,"Bush Business Furniture Studio C 72""W U Shaped Desk with Hutch and Mobile File Cabinet, Modern Hickory (STC003MHSU)"
Furniture,Desks,Office Desks,,Office Desks,24462985,"Bush Home Salinas 60W L Shaped Desk with Storage, Driftwood Gray (SAD160DG-03)"
Furniture,Desks,Office Desks,,Office Desks,570273,"Bush Home Somerset 60"" W L Shaped Office Desk with Storage, Maple Cross (WC81430K)"
Furniture,Desks,Office Desks,,Office Desks,24457586,"Bush Furniture Somerset 72""W 3 Position Sit to Stand L Shaped Desk with Hutch and Bookcase, Platinum Gray (SET017PG)"
Furniture,Desks,Office Desks,,Office Desks,24457546,"Bush Home Somerset 60"" W Office Computer Desk with Drawers, White (WC81928K)"
Furniture,Desks,Office Desks,,Office Desks,24391080,"Bush Home Somerset 60""W L Shaped Office Desk with Storage, Ash Gray (WC81630K)"
Furniture,Desks,Office Desks,,Office Desks,24578059,Tech Help Plus
Furniture,Desks,Office Desks,,Office Desks,868972,"Sauder Edge Water 65""W Executive Desk, Estate Black (409042)"
Furniture,Desks,Office Desks,,Office Desks,1929202,"Staples Gillespie 62"" W L-Shaped Computer Desk, Sonoma Cherry (ST28189-CC)"
Furniture,Desks,Office Desks,,Office Desks,24290479,"Staples Kendall Park 58.5” Double Pedestal Desk, Cherry Finish, Executive Office Desk with Storage Drawers & Spacious Worktop"
Furniture,Desks,Office Desks,,Office Desks,24442485,"Emerge Vizon 47""W Gaming Desk, Black (59260)"
Furniture,Desks,Office Desks,,Office Desks,24549562,"Eureka Ergonomic 47""W Computer Desk, Teak (CD009)"
Furniture,Desks,Office Desks,,Office Desks,24503499,"Union & Scale™ Essentials 60""W L-Shaped Desk, Natural (UN60420)"
Furniture,Desks,Office Desks,,Office Desks,24484602,"HON Mod 36""W Corner Desk Shell, Java Oak (HLPLCS36.LJA1)"
Furniture,Desks,Office Desks,,Office Desks,2445379,"HON 10500 Series L-Shaped Office Desk w/ Hutch, 72""W, Harvest"
Furniture,Desks,Office Desks,,Office Desks,2445381,"HON 10500 Series L Shaped Office Desk, 72""W, Harvest"
Furniture,Desks,Office Desks,,Office Desks,967614,"Offices To Go Superior Laminate Bundle #13, American Espresso (TDOTG13-AEL)"
Furniture,Desks,Office Desks,,Office Desks,2705912,"HON 10500 Series L-Station, Right, Mahogany Finish"
Furniture,Desks,Office Desks,,Office Desks,1025881,"Offices To Go 71"" Wide Credenza Shell, American Espresso, 29 1/2""H x 71""W x 24""D"
Furniture,Desks,Office Desks,,Office Desks,24698716,"Sauder August Hill 59""W L-Shaped Home Office Desk, Mystic Oak (430757)"
Furniture,Desks,Office Desks,,Office Desks,24431112,"Techni Mobili Expandable 51"" MDF Table Desk, Gray/Mahogany (RTA-1854-MAH)"
Furniture,Desks,Office Desks,,Office Desks,24544757,"HON Mod 48""W Single Hanging Pedestal Desk, Traditional Mahogany (HLPLDS48HBFTM1)"
Furniture,Desks,Office Desks,,Office Desks,636104,"Safco Muv Stand-up 30"" Workstation Desk, Medium Oak (1929MO)"
Furniture,Desks,Office Desks,,Office Desks,24443023,"Offices To Go Superior 144"" Conference Table, Artisan Gray (TDSL14448RECSAGL)"
Furniture,Desks,Office Desks,,Office Desks,1025895,"Offices To Go 71""W Credenza Shell w/Right Corner Extension, American Espresso (TDSL7136CER-AEL)"
Furniture,Desks,Office Desks,,Office Desks,24566698,"Regency Marque 124.5""W Curved Reception Desk Workstation, Driftwood Gray (77312GY)"
Furniture,Desks,Office Desks,,Office Desks,71043,"Global Superior Bundle 13 Workstation, Dark Cherry (TDOTG13-ADC)"
Furniture,Desks,Office Desks,,Office Desks,24418312,"Offices To Go Superior 71"" Corner Desk, Artisan Gray (TDSL7136CER-AGL)"
Furniture,Desks,Office Desks,,Office Desks,24581671,"Arozzi Arena 63""W Gaming Desk, Dark Gray (ARENA-NA-DARK-GREY)"
Furniture,Desks,Office Desks,,Office Desks,24542494,"HON Mod 66""W U-Shaped Computer Desk with 2 Support Pedestals, Traditional Mahogany (HLPL6696UDESKTM1)"
Furniture,Desks,Office Desks,,Office Desks,24698420,"Boss Office Products 71"" Desk and Credenza with Dual File Pedestals, Driftwood (GROUPA2-DW)"
Furniture,Desks,Office Desks,,Office Desks,24463025,"Bush Home Salinas Small Computer Desk with Hutch, Reclaimed Pine (MY72408-03)"
Furniture,Desks,Office Desks,,Office Desks,24698421,"Boss Office Products 71"" Desk and Credenza with Dual File Pedestals, Mahogany (GROUPA2-M)"
Furniture,Desks,Office Desks,,Office Desks,147588,"Bush Home Somerset 60"" W L Shaped Computer Desk with Hutch, Hansen Cherry (SET002HC)"
Furniture,Desks,Office Desks,,Office Desks,24430550,"Bush Business Furniture Office 500 72""W Executive Desk with Drawers, Lateral File Cabinets and Hutch, Black Walnut (OF5001BWSU)"
Furniture,Desks,Office Desks,,Office Desks,24501966,"Bush Business Furniture Studio C 60""W Office Desk with Storage Return and Mobile File Cabinet, Modern Hickory (STC042MHSU)"
Furniture,Desks,Office Desks,,Office Desks,24468198,"Bush Home Somerset 60"" W Office Computer Desk with Drawers, Fresh Walnut (WC81328K)"
Furniture,Desks,Office Desks,,Office Desks,24458833,"Bush Home Somerset 72W Office Desk with Drawers, Storm Gray (WC81572)"
Furniture,Desks,Office Desks,,Office Desks,569953,"Bush Business Furniture Westfield 72""W Bow Front Desk, Mahogany (WC36746)"
Furniture,Desks,Office Desks,,Office Desks,24463009,"Bush Furniture Cabot 60""W L Shaped Computer Desk with Hutch, File Cabinet and Bookcase, Modern Gray (CAB010MG)"
Furniture,Desks,Office Desks,,Office Desks,24387046,"Bush Furniture Salinas 60""W L Shaped Desk with Hutch, Cape Cod Gray (SAL004CG)"
Furniture,Desks,Office Desks,,Office Desks,24698727,"Sauder Willow Place 65""W L-Shaped Home Office Desk, Grand Walnut (433812)"
Furniture,Desks,Office Desks,,Office Desks,430946,"Bush Business Furniture Cubix 48""W Corner Desk, Hansen Cherry/Galaxy (WC90466A)"
Furniture,Desks,Office Desks,,Office Desks,24274610,"Bush Business Furniture Studio C 60""W Office Desk with Mobile File Cabinet, White (STC014WH)"
Furniture,Desks,Office Desks,,Office Desks,24698424,"Boss Office Products 71"" U-Shaped Desk with File Pedestal, Mahogany (GROUPA3-M)"
Furniture,Desks,Office Desks,,Office Desks,569853,"Bush Business Furniture Westfield 60""W Right Handed L Bow Desk, Mocha Cherry (WC12922)"
Furniture,Desks,Office Desks,,Office Desks,24468158,"Bush Home Somerset 72W 3 Position Sit to Stand L Shaped Desk, Fresh Walnut (SET014FW)"
Furniture,Desks,Office Desks,,Office Desks,24424870,"Bush Business Furniture Studio C 60""W Office Desk with Mobile File Cabinet, Platinum Gray (STC014PGSU)"
Furniture,Desks,Office Desks,,Office Desks,430939,"Bush Business Furniture Cubix 48""W Desk, Hansen Cherry/Galaxy (WC90448A)"
Furniture,Desks,Office Desks,,Office Desks,24589334,"Bush Business Furniture Hustle 60W x 30D Computer Desk with Metal Legs, Natural Elm (HUD160NE)"
Furniture,Desks,Office Desks,,Office Desks,24307443,"Bush Furniture Salinas 60""W L Shaped Desk with Lateral File Cabinet and 5 Shelf Bookcase, Antique White (SAL003AW)"
Furniture,Desks,Office Desks,,Office Desks,24458825,"Bush Home Somerset 72"" W Office Desk with Drawers and Hutch, Storm Gray (SET018SG)"
Furniture,Desks,Office Desks,,Office Desks,24666301,"Bush Business Furniture Studio C 60""W L Shaped Desk with Drawers, Natural Elm (STC008NESU)"
Furniture,Desks,Office Desks,,Office Desks,868972,"Sauder Edge Water 65""W Executive Desk, Estate Black (409042)"
Furniture,Desks,Office Desks,,Office Desks,1929202,"Staples Gillespie 62"" W L-Shaped Computer Desk, Sonoma Cherry (ST28189-CC)"
Furniture,Desks,Office Desks,,Office Desks,24290479,"Staples Kendall Park 58.5” Double Pedestal Desk, Cherry Finish, Executive Office Desk with Storage Drawers & Spacious Worktop"
Furniture,Desks,Office Desks,,Office Desks,24442485,"Emerge Vizon 47""W Gaming Desk, Black (59260)"
Furniture,Desks,Office Desks,,Office Desks,24549562,"Eureka Ergonomic 47""W Computer Desk, Teak (CD009)"
Furniture,Desks,Office Desks,,Office Desks,24503499,"Union & Scale™ Essentials 60""W L-Shaped Desk, Natural (UN60420)"
Furniture,Desks,Sit & Stand Desks,,Sit & Stand Desks,24485662,"Mount-It! Height Adjustable Rolling Laptop Desk, Holds 17 lbs., White (MI-7997)"
Furniture,Desks,Sit & Stand Desks,,Sit & Stand Desks,24148276,"Mount-It! Mount-It! 36""W Manual Rectangular Adjustable Aluminum Standing Desk Converter, Black (MI-7934)"
Furniture,Desks,Sit & Stand Desks,,Sit & Stand Desks,24576675,"Workplace 2.0 55""W Electric Rectangular Adjustable Standing Desk with Micro Movements, White (WP62092)"
Furniture,Desks,Sit & Stand Desks,,Sit & Stand Desks,24619493,"Staples 48""W Electric Rectangular Adjustable Standing Desk, White (ST63148)"
Furniture,Desks,Sit & Stand Desks,,Sit & Stand Desks,24591123,"Mount-It! 55""W Electric Rectangular Adjustable Standing Desk, Black (MI-18087)"
Furniture,Desks,Sit & Stand Desks,,Sit & Stand Desks,24623232,"Workplace 2.0 55” Electric Standing Desk, Espresso/Gray Steel, Adjustable Height Sit-Stand Desk with Micro-Movement"
Furniture,Desks,Sit & Stand Desks,,Sit & Stand Desks,24686948,"FlexiSpot EC2 48""W Electric Rectangular Adjustable Standing Desk, Black (EC2B-4824B)"
Furniture,Desks,Sit & Stand Desks,,Sit & Stand Desks,24590806,"Mount-It! 63""W Electric Corner Adjustable Standing Desk, Rustic Brown/Black (MI-15010)"
Furniture,Desks,Sit & Stand Desks,,Sit & Stand Desks,24686946,"FlexiSpot EC2 40""W Electric Rectangular Adjustable Standing Desk, Black (EC2B-4024B)"
Furniture,Desks,Sit & Stand Desks,,Sit & Stand Desks,24572668,"FlexiSpot E7 76""W Electric L-Shaped Adjustable Standing Desk, Black (E7LB557624BLK)"
Furniture,Desks,Sit & Stand Desks,,Sit & Stand Desks,24658297,"Mount-It! 40""W Electric Rectangular Adjustable Standing Desk, Black (MI-8035)"
Furniture,Desks,Sit & Stand Desks,,Sit & Stand Desks,24563213,"Rocelco 32""W Manual Adjustable Standing Desk Converter, Black (R VADRB)"
Furniture,Desks,Sit & Stand Desks,,Sit & Stand Desks,24686947,"FlexiSpot EC2 40""W Electric Rectangular Adjustable Standing Desk, White (EC2W-4024W)"
Furniture,Desks,Sit & Stand Desks,,Sit & Stand Desks,24658298,"Mount-It! 40""W Electric Rectangular Adjustable Standing Desk, Hazelnut/Black (MI-8036)"
Furniture,Desks,Sit & Stand Desks,,Sit & Stand Desks,24148275,"Mount-It! Mount-It! 36""W Rectangular Adjustable Standing Desk Converter, Black (MI-7926)"
Furniture,Desks,Sit & Stand Desks,,Sit & Stand Desks,24288072,"Mount-It! 48""W Rectangular Adjustable Metal Standing Desk Converter, Black (MI-7925)"
Furniture,Desks,Sit & Stand Desks,,Sit & Stand Desks,24553834,"Mount-It! 38""W Manual Rectangular Adjustable Standing Desk Converter, Dark Walnut Woodgrain (MI-15006)"
Furniture,Desks,Sit & Stand Desks,,Sit & Stand Desks,24148274,"Mount-It! 36""W Electric Adjustable Standing Desk Converter with USB Charging Port, Black (MI-7927E)"
Furniture,Desks,Sit & Stand Desks,,Sit & Stand Desks,24654767,"Mount-It! 63""W Electric Corner Adjustable Standing Desk, Brown/White (MI-15018)"
Furniture,Desks,Sit & Stand Desks,,Sit & Stand Desks,2475069,"Rocelco 38""W Manual Adjustable Standing Desk Converter, Black (R DADRB)"
Furniture,Desks,Sit & Stand Desks,,Sit & Stand Desks,24056233,"Mount-It! Dual Monitor Sit-Stand Workstation, Height Adjustable Desk Converter with Full Motion Arm (MI-7904)"
Furniture,Desks,Sit & Stand Desks,,Sit & Stand Desks,24161578,"Rocelco 37.5"" Height Adjustable Standing Desk Converter, Sit Stand Up Retractable Keyboard Riser, White (R DADRW)"
Furniture,Desks,Sit & Stand Desks,,Sit & Stand Desks,24554108,"Mount-It! 63""W Electric Corner Adjustable Standing Desk, Black (MI-15001)"
Furniture,Desks,Sit & Stand Desks,,Sit & Stand Desks,24617562,"Mount-It! 63""W Electric Corner Adjustable Standing Desk, White (MI-15011)"
Furniture,Desks,Sit & Stand Desks,,Sit & Stand Desks,24572667,"FlexiSpot EW8 48""W Rectangular Adjustable Metal Standing Desk, White (EW8W)"
Furniture,Desks,Sit & Stand Desks,,Sit & Stand Desks,24686949,"FlexiSpot EC2 48""W Electric Rectangular Adjustable Standing Desk, White (EC2W-4824W)"
Furniture,Desks,Sit & Stand Desks,,Sit & Stand Desks,24572670,"FlexiSpot EW8 48""W Rectangular Adjustable Metal Standing Desk, Black (EW8B)"
Furniture,Desks,Sit & Stand Desks,,Sit & Stand Desks,24662142,"FlexiSpot E2 48''W Electric Rectangular Adjustable Standing Desk, Maple/White (E2W4824M)"
Furniture,Desks,Sit & Stand Desks,,Sit & Stand Desks,2452742,"Union & Scale™ FlexFit™ 35"" Manual Adjustable Desk Converter, Black (UN50710-CC)"
Furniture,Desks,Sit & Stand Desks,,Sit & Stand Desks,24503862,"Union & Scale Essentials 24"" Adjustable Mobile Standing Desk, Natural, Compact Sit-Stand Workstation on Wheels"
Furniture,Desks,Sit & Stand Desks,,Sit & Stand Desks,24588922,"FlexiSpot E7 Pro 55""W Electric Adjustable Standing Desk, White (E7WPRO5528-W)"
Furniture,Desks,Sit & Stand Desks,,Sit & Stand Desks,24563250,"Rocelco 46""W Manual Adjustable Corner Standing Desk Converter, Black (R CADRB-46)"
Furniture,Desks,Sit & Stand Desks,,Sit & Stand Desks,24503861,"Union & Scale™ Essentials 47.2""W Electric Rectangular Adjustable Standing Desk, Natural (UN60415-CC)"
Furniture,Desks,Sit & Stand Desks,,Sit & Stand Desks,24658299,"Mount-It! 48""W Electric Rectangular Adjustable Standing Desk, White (MI-8037)"
Furniture,Desks,Sit & Stand Desks,,Sit & Stand Desks,2447503,"Union & Scale™ FlexFit™ 27"" Manual Adjustable Desk Converter, Black (UN44901-CC)"
Furniture,Desks,Sit & Stand Desks,,Sit & Stand Desks,24654768,"Mount-It! XL 75""W Electric Corner Adjustable Standing Desk, Black (MI-15024)"
Furniture,Desks,Sit & Stand Desks,,Sit & Stand Desks,24654765,"Mount-It! 63""W Electric Corner Adjustable Standing Desk, Black/White (MI-15016)"
Furniture,Desks,Sit & Stand Desks,,Sit & Stand Desks,24588912,"FlexiSpot E7 Pro 60""W Electric Adjustable Standing Desk, Bamboo/White  (E7WPRO6030-LBZB)"
Furniture,Desks,Sit & Stand Desks,,Sit & Stand Desks,24587569,"VersaDesk Power Riser 32""W Electric Adjustable Standing Desk Converter, Black (VDPR3124-BB)"
Furniture,Desks,Sit & Stand Desks,,Sit & Stand Desks,24485661,"Mount-It! 24"" W Portable Lectern Adjustable Aluminum Standing Podium, Black (MI-7971)"
Furniture,Desks,Sit & Stand Desks,,Sit & Stand Desks,24572665,"FlexiSpot E7 72""W Electric Adjustable Bamboo Top Standing Desk, White  (E7WCR7230LBZB)"
Furniture,Desks,Sit & Stand Desks,,Sit & Stand Desks,24654769,"Mount-It! XL 75""W Electric Corner Adjustable Standing Desk, Brown/Black (MI-15025)"
Furniture,Desks,Sit & Stand Desks,,Sit & Stand Desks,24615659,"FlexiSpot E7 Series 60""W Electric Adjustable Standing Desk, Black/White (E7W6024B)"
Furniture,Desks,Sit & Stand Desks,,Sit & Stand Desks,24658317,"Huanuo 63""W Electric Rectangular Adjustable Standing Desk, Black (HNESD70B)"
Furniture,Desks,Sit & Stand Desks,,Sit & Stand Desks,24658311,"Huanuo 48""W Electric Rectangular Adjustable Standing Desk with Keyboard Tray, Walnut (HNESD71WN)"
Furniture,Desks,Sit & Stand Desks,,Sit & Stand Desks,24646747,"Bush Business Furniture Stratus 72""W Electric Adjustable Standing Desk with Drawers and Panel, Platinum Gray (SUT012PG)"
Furniture,Desks,Sit & Stand Desks,,Sit & Stand Desks,24606164,"Mount-It! 47"" W Manual Rectangular Adjustable Standing Desk Converter, Black (MI-15009L)"
Furniture,Desks,Sit & Stand Desks,,Sit & Stand Desks,24591123,"Mount-It! 55""W Electric Rectangular Adjustable Standing Desk, Black (MI-18087)"
Furniture,Desks,Sit & Stand Desks,,Sit & Stand Desks,24590806,"Mount-It! 63""W Electric Corner Adjustable Standing Desk, Rustic Brown/Black (MI-15010)"
Furniture,Desks,Sit & Stand Desks,,Sit & Stand Desks,24697444,"Mount-It! Dual Motor 55""W Electric Rectangular Adjustable Standing Desk, Oak/White (MI-18098)"
Furniture,Desks,Sit & Stand Desks,,Sit & Stand Desks,24697447,"Mount-It! Dual Motor 48""W Electric Rectangular Adjustable Standing Desk, White/Black (MI-18120)"
Furniture,Desks,Sit & Stand Desks,,Sit & Stand Desks,24288072,"Mount-It! 48""W Rectangular Adjustable Metal Standing Desk Converter, Black (MI-7925)"
Furniture,Desks,Sit & Stand Desks,,Sit & Stand Desks,24430958,"Safco AlphaBetter 26"" - 42"" Plastic/Steel Adjustable Desk, White/Black (1203DE)"
Furniture,Desks,Sit & Stand Desks,,Sit & Stand Desks,24294676,"LifeFlo Ergonomics Height Adjustable Desk, 36"" W x 24"" D x 1 1/8"" Thick. Double Column. Cherry. (LFO-3624-E2-CH)"
Furniture,Desks,Sit & Stand Desks,,Sit & Stand Desks,24553834,"Mount-It! 38""W Manual Rectangular Adjustable Standing Desk Converter, Dark Walnut Woodgrain (MI-15006)"
Furniture,Desks,Sit & Stand Desks,,Sit & Stand Desks,24430981,"Safco AlphaBetter 26"" - 42"" Plastic/Steel Adjustable Desk, White/Black (1208DE)"
Furniture,Desks,Sit & Stand Desks,,Sit & Stand Desks,24294681,"LifeFlo Ergonomics Height Adjustable Desk, 60"" W x 30"" D x 1 1/8"" Thick, White (LFO-6030-E2-WH)"
Furniture,Desks,Sit & Stand Desks,,Sit & Stand Desks,24563213,"Rocelco 32""W Manual Adjustable Standing Desk Converter, Black (R VADRB)"
Furniture,Desks,Sit & Stand Desks,,Sit & Stand Desks,24148275,"Mount-It! Mount-It! 36""W Rectangular Adjustable Standing Desk Converter, Black (MI-7926)"
Furniture,Desks,Sit & Stand Desks,,Sit & Stand Desks,24603406,"Humanscale eFloat Go 2.0 48""W Electric Rectangular Adjustable Standing Desk, Black (FYH12TS2448BL)"
Furniture,Desks,Sit & Stand Desks,,Sit & Stand Desks,24485662,"Mount-It! Height Adjustable Rolling Laptop Desk, Holds 17 lbs., White (MI-7997)"
Furniture,Desks,Sit & Stand Desks,,Sit & Stand Desks,24148276,"Mount-It! Mount-It! 36""W Manual Rectangular Adjustable Aluminum Standing Desk Converter, Black (MI-7934)"
Furniture,Desks,Sit & Stand Desks,,Sit & Stand Desks,24148274,"Mount-It! 36""W Electric Adjustable Standing Desk Converter with USB Charging Port, Black (MI-7927E)"
Furniture,Desks,Sit & Stand Desks,,Sit & Stand Desks,2475069,"Rocelco 38""W Manual Adjustable Standing Desk Converter, Black (R DADRB)"
Furniture,Desks,Sit & Stand Desks,,Sit & Stand Desks,24056233,"Mount-It! Dual Monitor Sit-Stand Workstation, Height Adjustable Desk Converter with Full Motion Arm (MI-7904)"
Furniture,Desks,Sit & Stand Desks,,Sit & Stand Desks,24161578,"Rocelco 37.5"" Height Adjustable Standing Desk Converter, Sit Stand Up Retractable Keyboard Riser, White (R DADRW)"
Furniture,Desks,Sit & Stand Desks,,Sit & Stand Desks,24554108,"Mount-It! 63""W Electric Corner Adjustable Standing Desk, Black (MI-15001)"
Furniture,Desks,Sit & Stand Desks,,Sit & Stand Desks,24563212,"Rocelco 37.4""W Electric Standing Desk Converter with ACUSB Charger Dual Monitor Mount, Black (R EDRB-DM2)"
Furniture,Desks,Sit & Stand Desks,,Sit & Stand Desks,24563296,"Rocelco 46""W Manual Adjustable Standing Desk Converter, Black (R DADRB-46)"
Furniture,Desks,Sit & Stand Desks,,Sit & Stand Desks,2106176,"Rocelco 32""W Manual Adjustable Standing Desk Converter, Black (R ADRB)"
Furniture,Desks,Sit & Stand Desks,,Sit & Stand Desks,24520142,"Mount-It! 55"" W Electric Adjustable Standing Desk, Hazelnut Brown/Black (MI-18065)"
Furniture,Desks,Sit & Stand Desks,,Sit & Stand Desks,24615371,"Mount-It! Dual Motor 72""W Electric Adjustable Standing Desk, Black/Hazelnut Brown (MI-18126)"
Furniture,Desks,Sit & Stand Desks,,Sit & Stand Desks,24580478,"HON Mod 60""W Rectangular Adjustable Standing Desk, Java Oak (HLPLRW6030CONHATJA1)"
Furniture,Desks,Sit & Stand Desks,,Sit & Stand Desks,24520138,"Mount-It! 55""W Electric Rectangular Adjustable Standing Desk, White/Black (MI-18064)"
Furniture,Desks,Sit & Stand Desks,,Sit & Stand Desks,24380899,"Bush Business Furniture Westfield 72""W 3 Position Bow Front Sit to Stand L Desk w/ File Cabinet, Hansen Cherry (SRC126HCSU)"
Furniture,Desks,Sit & Stand Desks,,Sit & Stand Desks,24430498,"Bush Business Furniture Office 500 72""W Adjustable Desk with Storage and Bookcase, Storm Gray (OF5006SGSU)"
Furniture,Desks,Sit & Stand Desks,,Sit & Stand Desks,24337153,"Bush Furniture Cabot 60""W 3 Position Sit to Stand L Shaped Desk, Espresso Oak (CAB043EPO)"
Furniture,Desks,Sit & Stand Desks,,Sit & Stand Desks,24630889,"Bush Business Furniture Move 40 Series 60""W Electric Adjustable Standing Desk, Modern Hickory (M4S6030MHWK)"
Furniture,Desks,Sit & Stand Desks,,Sit & Stand Desks,24630894,"Bush Business Furniture Move 60 Series 60""W L Shaped Adjustable Standing Desk, Black Walnut (M6SL6078BWSK)"
Furniture,Desks,Sit & Stand Desks,,Sit & Stand Desks,24630963,"Bush Business Furniture Move 60 Series 72""W L Shaped Adjustable Standing Desk, Natural Elm (M6SL7278NESK)"
Furniture,Desks,Sit & Stand Desks,,Sit & Stand Desks,24630993,"Bush Business Furniture Move 40 Series 60""W Electric Adjustable Standing Desk, Mocha Cherry (M4S6030MRWK)"
Furniture,Desks,Sit & Stand Desks,,Sit & Stand Desks,24649039,"Bush Business Furniture Stratus 60""W Electric L-Shaped Adjustable Standing Desk with File Cabinet, White (SUT015WH)"
Furniture,Desks,Sit & Stand Desks,,Sit & Stand Desks,24501960,"Bush Business Furniture Studio C 60""W Electric Height Adjustable Standing Desk w/ Credenza & File, Modern Hickory (STC017MHSUFA)"
Furniture,Desks,Sit & Stand Desks,,Sit & Stand Desks,24506445,"Bush Business Furniture Move 40 Series 72""W Electric Height Adjustable Standing Desk, Modern Hickory/Cool Gray (M4S7230MHSK)"
Furniture,Desks,Sit & Stand Desks,,Sit & Stand Desks,24506475,"Bush Business Furniture Move 40 Series 72""W Electric Height Adjustable Standing Desk, Platinum Gray/Cool Gray (M4S7230PGSK)"
Furniture,Desks,Sit & Stand Desks,,Sit & Stand Desks,24528943,"Bush Business Furniture Move 40 Series 72""W Electric Adjustable Standing Desk, Mocha Cherry/Black (M4S7230MRBK)"
Furniture,Desks,Sit & Stand Desks,,Sit & Stand Desks,24528988,"Bush Business Furniture Move 40 Series 72""W Adjustable Standing Desk, Platinum Gray/Black (M4S7230PGBK)"
Furniture,Desks,Sit & Stand Desks,,Sit & Stand Desks,24630969,"Bush Business Furniture Move 60 Series 60""W L Shaped Adjustable Standing Desk, Natural Elm (M6SL6078NEWK)"
Furniture,Desks,Sit & Stand Desks,,Sit & Stand Desks,24649040,"Bush Business Furniture Stratus 72""W Electric L-Shaped Adjustable Standing Desk with File Cabinet, Natural Elm (SUT016NE)"
Furniture,Desks,Sit & Stand Desks,,Sit & Stand Desks,24553786,"Bush Business Furniture Move 60 Series 60""W Adjustable Standing Desk, Platinum Gray/Cool Gray Metallic (M6S6030PGSK)"
Furniture,Desks,Sit & Stand Desks,,Sit & Stand Desks,24588908,"FlexiSpot E7Q 60""W Electric Adjustable Standing Desk, Black Walnut/Black (E7QB6030-BW)"
Furniture,Desks,Sit & Stand Desks,,Sit & Stand Desks,24595878,"Bush Business Furniture Move 60 Series 60""W Electric Adjustable Standing Desk, Natural Elm/Cool Gray Metallic (M6S6030NESK)"
Furniture,Desks,Sit & Stand Desks,,Sit & Stand Desks,24649042,"Bush Business Furniture Stratus 72""W Electric L-Shaped Adjustable Standing Desk with File Cabinet, White (SUT016WH)"
Furniture,Desks,Sit & Stand Desks,,Sit & Stand Desks,24289343,"Bush Business Furniture Move 60 Series 48""W Electric Height Adjustable Standing Desk, Hansen Cherry (M6S4824HCBK)"
Furniture,Desks,Sit & Stand Desks,,Sit & Stand Desks,24587697,"Kore Design Kids Sit-Stand Mobile Student Desk, Adjustable 31-38"", Blue"
Furniture,Desks,Sit & Stand Desks,,Sit & Stand Desks,24553785,"Bush Business Furniture Move 60 Series 48""W Adjustable Standing Desk, Storm Gray/Cool Gray Metallic (M6S4824SGSK)"
Furniture,Desks,Sit & Stand Desks,,Sit & Stand Desks,24630921,"Bush Business Furniture Move 40 Series 72""W Electric Adjustable Standing Desk, Storm Gray (M4S7230SGWK)"
Furniture,Desks,Sit & Stand Desks,,Sit & Stand Desks,24630940,"Bush Business Furniture Move 40 Series 60""W Electric Adjustable Standing Desk, White (M4S6030WHWK)"
Furniture,Desks,Sit & Stand Desks,,Sit & Stand Desks,24630972,"Bush Business Furniture Move 40 Series 60""W Electric Adjustable Standing Desk, Platinum Gray (M4S6030PGWK)"
Furniture,Desks,Sit & Stand Desks,,Sit & Stand Desks,24649025,"Bush Business Furniture Stratus 60""W Electric Adjustable Standing Desk with File Cabinet, Natural Elm (SUT007NE)"
Furniture,Desks,Sit & Stand Desks,,Sit & Stand Desks,24658305,"Huanuo 40""W Electric Rectangular Adjustable Standing Desk, Black (HNESD67B)"
Furniture,Desks,Sit & Stand Desks,,Sit & Stand Desks,24658312,"Huanuo 48""W Electric Rectangular Adjustable Standing Desk with Storage Drawer, Black (HNESD77B)"
Furniture,Desks,Sit & Stand Desks,,Sit & Stand Desks,24658300,"Mount-It! 48""W Electric Rectangular Adjustable Standing Desk, Maple/White (MI-8038)"
Furniture,Desks,Sit & Stand Desks,,Sit & Stand Desks,24658297,"Mount-It! 40""W Electric Rectangular Adjustable Standing Desk, Black (MI-8035)"
Furniture,Desks,Sit & Stand Desks,,Sit & Stand Desks,24576675,"Workplace 2.0 55""W Electric Rectangular Adjustable Standing Desk with Micro Movements, White (WP62092)"
Furniture,Desks,Sit & Stand Desks,,Sit & Stand Desks,24619493,"Staples 48""W Electric Rectangular Adjustable Standing Desk, White (ST63148)"
Furniture,Desks,Sit & Stand Desks,,Sit & Stand Desks,24591123,"Mount-It! 55""W Electric Rectangular Adjustable Standing Desk, Black (MI-18087)"
Furniture,Desks,Sit & Stand Desks,,Sit & Stand Desks,24590806,"Mount-It! 63""W Electric Corner Adjustable Standing Desk, Rustic Brown/Black (MI-15010)"
Furniture,Desks,Sit & Stand Desks,,Sit & Stand Desks,24780804,"Mount-It! Electric Standing Desk Converter with Monitor Mount, White (MI-7951WHT)"
Furniture,Desks,Sit & Stand Desks,,Sit & Stand Desks,24780805,"Mount-It! Electric Standing Desk Converter with Dual Monitor Mount, White (MI-7952WHT)"
Furniture,Desks,Sit & Stand Desks,,Sit & Stand Desks,24288072,"Mount-It! 48""W Rectangular Adjustable Metal Standing Desk Converter, Black (MI-7925)"
Furniture,Desks,Sit & Stand Desks,,Sit & Stand Desks,24780806,"Mount-It! Electric Standing Desk Converter with Triple Monitor Mount, White (MI-7983WHT)"
Furniture,Desks,Sit & Stand Desks,,Sit & Stand Desks,24563301,"Rocelco 32""W Manual Adjustable Standing Desk Converter, Gray (R ADRG)"
Furniture,Desks,Sit & Stand Desks,,Sit & Stand Desks,24553834,"Mount-It! 38""W Manual Rectangular Adjustable Standing Desk Converter, Dark Walnut Woodgrain (MI-15006)"
Furniture,Desks,Sit & Stand Desks,,Sit & Stand Desks,24563280,"Rocelco 46""W Large Standing Desk Converter, Stand Up Triple Monitor Riser, White (R DADRW-46)"
Furniture,Desks,Sit & Stand Desks,,Sit & Stand Desks,24566122,"Rocelco 31.5""W Adjustable Standing Desk Converter, Gray (R VADRG)"
Furniture,Desks,Sit & Stand Desks,,Sit & Stand Desks,24563213,"Rocelco 32""W Manual Adjustable Standing Desk Converter, Black (R VADRB)"
Furniture,Desks,Sit & Stand Desks,,Sit & Stand Desks,24148275,"Mount-It! Mount-It! 36""W Rectangular Adjustable Standing Desk Converter, Black (MI-7926)"
Furniture,Desks,Sit & Stand Desks,,Sit & Stand Desks,192629,"Ergotron WorkFit-S Adjustable Desk, Aluminum/Plastic/Steel (33-350-200)"
Furniture,Desks,Sit & Stand Desks,,Sit & Stand Desks,24148276,"Mount-It! Mount-It! 36""W Manual Rectangular Adjustable Aluminum Standing Desk Converter, Black (MI-7934)"
Furniture,Desks,Sit & Stand Desks,,Sit & Stand Desks,24485662,"Mount-It! Height Adjustable Rolling Laptop Desk, Holds 17 lbs., White (MI-7997)"
Furniture,Desks,Sit & Stand Desks,,Sit & Stand Desks,24148274,"Mount-It! 36""W Electric Adjustable Standing Desk Converter with USB Charging Port, Black (MI-7927E)"
Furniture,Desks,Sit & Stand Desks,,Sit & Stand Desks,2475069,"Rocelco 38""W Manual Adjustable Standing Desk Converter, Black (R DADRB)"
Furniture,Desks,Sit & Stand Desks,,Sit & Stand Desks,24056233,"Mount-It! Dual Monitor Sit-Stand Workstation, Height Adjustable Desk Converter with Full Motion Arm (MI-7904)"
Furniture,Desks,Sit & Stand Desks,,Sit & Stand Desks,24161578,"Rocelco 37.5"" Height Adjustable Standing Desk Converter, Sit Stand Up Retractable Keyboard Riser, White (R DADRW)"
Furniture,Desks,Sit & Stand Desks,,Sit & Stand Desks,24554108,"Mount-It! 63""W Electric Corner Adjustable Standing Desk, Black (MI-15001)"
Furniture,Desks,Sit & Stand Desks,,Sit & Stand Desks,24563212,"Rocelco 37.4""W Electric Standing Desk Converter with ACUSB Charger Dual Monitor Mount, Black (R EDRB-DM2)"
Furniture,Desks,Sit & Stand Desks,,Sit & Stand Desks,24563296,"Rocelco 46""W Manual Adjustable Standing Desk Converter, Black (R DADRB-46)"
Furniture,Desks,Sit & Stand Desks,,Sit & Stand Desks,2106176,"Rocelco 32""W Manual Adjustable Standing Desk Converter, Black (R ADRB)"
Furniture,Desks,Sit & Stand Desks,,Sit & Stand Desks,24698451,"Boss Office Products 66""W Electric Rectangular Adjustable Standing Desk, White (SGSD035WT)"
Furniture,Desks,Sit & Stand Desks,,Sit & Stand Desks,24563223,"Rocelco 28""W Adjustable Mobile School Standing Desk with Book Box, Wood Grain (R MSD-28-BB)"
Furniture,Desks,Sit & Stand Desks,,Sit & Stand Desks,1135781,Ergotron WorkFit-A Dual Adjustable Aluminum Desk Converter (24-392-026)
Furniture,Desks,Sit & Stand Desks,,Sit & Stand Desks,24563272,"Rocelco 32""W Manual Adjustable Standing Desk Converter with Dual Monitor Mount, Black (R VADRB-DM2)"
Furniture,Desks,Sit & Stand Desks,,Sit & Stand Desks,24698457,"Boss Office Products 71""W Electric Rectangular Adjustable Standing Desk, White (SGSD038WT)"
Furniture,Desks,Sit & Stand Desks,,Sit & Stand Desks,2493909,Regency Legacy Stand Up Side to Side Storage Cabinet/ Lateral File- Cherry
Furniture,Desks,Sit & Stand Desks,,Sit & Stand Desks,24563292,"Rocelco 32""W Manual Adjustable Standing Desk Converter, Teak Wood Grain (R EADRT)"
Furniture,Desks,Sit & Stand Desks,,Sit & Stand Desks,1931980,"Ergotron WorkFit-S Single HD Workstation with Worksurface Adjustable Converter, Aluminum/Plastic/Steel (33-351-200)"
Furniture,Desks,Sit & Stand Desks,,Sit & Stand Desks,24563260,"Rocelco 46""W Adjustable Corner Standing Desk Converter with Dual Monitor Mount, Black (R CADRB-46-DM2)"
Furniture,Desks,Sit & Stand Desks,,Sit & Stand Desks,24697452,"Mount-It! 55""W Electric Rectangular Adjustable Standing Desk, Black/White (MI-18083)"
Furniture,Desks,Sit & Stand Desks,,Sit & Stand Desks,24563220,"Rocelco 28""W Adjustable Mobile School Standing Desk, Wood Grain (R MSD-28)"
Furniture,Desks,Sit & Stand Desks,,Sit & Stand Desks,24697454,"Mount-It! 55""W Electric Rectangular Adjustable Standing Desk, Maple/White (MI-18085)"
Furniture,Desks,Sit & Stand Desks,,Sit & Stand Desks,24697453,"Mount-It! 55""W Electric Rectangular Adjustable Standing Desk, Adrift/White (MI-18084)"
Furniture,Desks,Sit & Stand Desks,,Sit & Stand Desks,24697448,"Mount-It! Dual Motor 48""W Electric Rectangular Adjustable Standing Desk, White (MI-18119)"
Furniture,Desks,Sit & Stand Desks,,Sit & Stand Desks,24697433,"Mount-It! Ultimate Dual Motor 55""W Electric Rectangular Adjustable Standing Desk, Black/White (MI-18075)"
Furniture,Desks,Sit & Stand Desks,,Sit & Stand Desks,24697450,"Mount-It! 55""W Electric Rectangular Adjustable Standing Desk, Maple/Black (MI-18089)"
Furniture,Desks,Sit & Stand Desks,,Sit & Stand Desks,24630903,"Bush Business Furniture Move 60 Series 60""W L Shaped Adjustable Standing Desk, Platinum Gray (M6SL6078PGBK)"
Furniture,Desks,Sit & Stand Desks,,Sit & Stand Desks,24630955,"Bush Business Furniture Move 40 Series 60""W Electric Adjustable Standing Desk, Black Walnut (M4S6030BWWK)"
Furniture,Desks,Sit & Stand Desks,,Sit & Stand Desks,24506477,"Bush Business Furniture Move 60 Series 48""W Electric Height Adjustable Standing Desk, Black Walnut/Cool Gray (M6S4824BWSK)"
Furniture,Desks,Sit & Stand Desks,,Sit & Stand Desks,24630990,"Bush Business Furniture Move 60 Series 72""W L Shaped Adjustable Standing Desk, Natural Elm (M6SL7278NEBK)"
Furniture,Desks,Sit & Stand Desks,,Sit & Stand Desks,1677759,"Bestar 48""W Electric Height Adjustable Table, White (65857-17)"
Furniture,Desks,Sit & Stand Desks,,Sit & Stand Desks,24690275,"VersaDesk PowerPro Elite Electric Standing Desk Converter with Programmable Switch, USB Port and Mobile App, 36 x 24 Inch, Black"
Furniture,Desks,Sit & Stand Desks,,Sit & Stand Desks,24430496,"Bush Business Furniture Office 500 72""W Adjustable Desk with Storage and Bookcase, Black Walnut (OF5006BWSU)"
Furniture,Desks,Sit & Stand Desks,,Sit & Stand Desks,24630936,"Bush Business Furniture Move 60 Series 72""W L Shaped Adjustable Standing Desk, Storm Gray (M6SL7278SGBK)"
Furniture,Desks,Sit & Stand Desks,,Sit & Stand Desks,24603429,"Humanscale QuickStand Eco 28""W Manual Rectangular Adjustable Standing Portable Desk for Dual Monitors, Black (QSE2DMB)"
Furniture,Desks,Sit & Stand Desks,,Sit & Stand Desks,24603516,"Humanscale QuickStand Eco 28""W Manual Rectangular Adjustable Standing Portable Desk for Dual Monitors, White (QSE2DMW)"
Furniture,Desks,Sit & Stand Desks,,Sit & Stand Desks,24658302,"ErgoAV 56.7""W Electric Rectangular Adjustable Standing Desk, Walnut (ERDS1-01W)"
Furniture,Desks,Sit & Stand Desks,,Sit & Stand Desks,24289351,"Bush Business Furniture Move 60 Series 48""W Electric Height Adjustable Standing Desk, White (M6S4824WHSK)"
Furniture,Desks,Sit & Stand Desks,,Sit & Stand Desks,1677757,"Bestar Universel 60""W Electric Rectangular Adjustable Desk, Black (65867-18)"
Furniture,Desks,Sit & Stand Desks,,Sit & Stand Desks,2121345,"Bestar Pro-Linea 28 - 45'' Electric Height-Adjustable Table, Bark Grey (65857-47)"
Furniture,Desks,Sit & Stand Desks,,Sit & Stand Desks,24478505,"Bestar Universel 60""W Electric Height Adjustable Desk, White (65838-17)"
Furniture,Desks,Sit & Stand Desks,,Sit & Stand Desks,24658303,"ErgoAV 56.7""W Electric Rectangular Adjustable Standing Desk, Black (ERDS1-01B)"
Furniture,Desks,Sit & Stand Desks,,Sit & Stand Desks,24630916,"Bush Business Furniture Move 60 Series 60""W L Shaped Adjustable Standing Desk, Mocha Cherry (M6SL6078MRSK)"
Furniture,Desks,Sit & Stand Desks,,Sit & Stand Desks,24658297,"Mount-It! 40""W Electric Rectangular Adjustable Standing Desk, Black (MI-8035)"
Furniture,Desks,Sit & Stand Desks,,Sit & Stand Desks,24658300,"Mount-It! 48""W Electric Rectangular Adjustable Standing Desk, Maple/White (MI-8038)"
Furniture,Desks,Sit & Stand Desks,,Sit & Stand Desks,24576675,"Workplace 2.0 55""W Electric Rectangular Adjustable Standing Desk with Micro Movements, White (WP62092)"
Furniture,Desks,Sit & Stand Desks,,Sit & Stand Desks,24619493,"Staples 48""W Electric Rectangular Adjustable Standing Desk, White (ST63148)"
Furniture,Desks,Sit & Stand Desks,,Sit & Stand Desks,24485662,"Mount-It! Height Adjustable Rolling Laptop Desk, Holds 17 lbs., White (MI-7997)"
Furniture,Desks,Sit & Stand Desks,,Sit & Stand Desks,24590806,"Mount-It! 63""W Electric Corner Adjustable Standing Desk, Rustic Brown/Black (MI-15010)"
Furniture,Desks,Sit & Stand Desks,,Sit & Stand Desks,24662141,"FlexiSpot E2 48''W Electric Rectangular Adjustable Standing Desk, Maple/Black (E2B4824M)"
Furniture,Desks,Sit & Stand Desks,,Sit & Stand Desks,24592395,"FlexiSpot M7 Series 32""W Manual Rectangular Adjustable Standing Desk Converter, Black (M7-E-32B)"
Furniture,Desks,Sit & Stand Desks,,Sit & Stand Desks,24288072,"Mount-It! 48""W Rectangular Adjustable Metal Standing Desk Converter, Black (MI-7925)"
Furniture,Desks,Sit & Stand Desks,,Sit & Stand Desks,24465930,"Mind Reader 27.5""- 39"" Mobile Adjustable Sit/Stand Desk, Black (SDROLLXL-BLK)"
Furniture,Desks,Sit & Stand Desks,,Sit & Stand Desks,24179665,"Seville Classics airLIFT 24""W Manual Rectangular Height Adjustable Mobile Sitting Desk, Walnut (WEB162)"
Furniture,Desks,Sit & Stand Desks,,Sit & Stand Desks,24553834,"Mount-It! 38""W Manual Rectangular Adjustable Standing Desk Converter, Dark Walnut Woodgrain (MI-15006)"
Furniture,Desks,Sit & Stand Desks,,Sit & Stand Desks,24609726,"Techni Mobili 22""W Manual Adjustable Standing Laptop Cart, White (RTA-B005-WHT)"
Furniture,Desks,Sit & Stand Desks,,Sit & Stand Desks,24554105,"Mount-It! 47""W Electric Adjustable Standing Desk, Maple/White (MI-15004)"
Furniture,Desks,Sit & Stand Desks,,Sit & Stand Desks,24563213,"Rocelco 32""W Manual Adjustable Standing Desk Converter, Black (R VADRB)"
Furniture,Desks,Sit & Stand Desks,,Sit & Stand Desks,24148275,"Mount-It! Mount-It! 36""W Rectangular Adjustable Standing Desk Converter, Black (MI-7926)"
Furniture,Desks,Sit & Stand Desks,,Sit & Stand Desks,24633788,"FlexiSpot EG9 48""W Electric Adjustable Glass Top Standing Desk, White (EG9W-E)"
Furniture,Desks,Sit & Stand Desks,,Sit & Stand Desks,24591123,"Mount-It! 55""W Electric Rectangular Adjustable Standing Desk, Black (MI-18087)"
Furniture,Desks,Sit & Stand Desks,,Sit & Stand Desks,24148276,"Mount-It! Mount-It! 36""W Manual Rectangular Adjustable Aluminum Standing Desk Converter, Black (MI-7934)"
Furniture,Desks,Sit & Stand Desks,,Sit & Stand Desks,24148274,"Mount-It! 36""W Electric Adjustable Standing Desk Converter with USB Charging Port, Black (MI-7927E)"
Furniture,Desks,Sit & Stand Desks,,Sit & Stand Desks,2475069,"Rocelco 38""W Manual Adjustable Standing Desk Converter, Black (R DADRB)"
Furniture,Desks,Sit & Stand Desks,,Sit & Stand Desks,24056233,"Mount-It! Dual Monitor Sit-Stand Workstation, Height Adjustable Desk Converter with Full Motion Arm (MI-7904)"
Furniture,Desks,Sit & Stand Desks,,Sit & Stand Desks,24161578,"Rocelco 37.5"" Height Adjustable Standing Desk Converter, Sit Stand Up Retractable Keyboard Riser, White (R DADRW)"
Furniture,Desks,Sit & Stand Desks,,Sit & Stand Desks,24554108,"Mount-It! 63""W Electric Corner Adjustable Standing Desk, Black (MI-15001)"
Furniture,Desks,Sit & Stand Desks,,Sit & Stand Desks,24563212,"Rocelco 37.4""W Electric Standing Desk Converter with ACUSB Charger Dual Monitor Mount, Black (R EDRB-DM2)"
Furniture,Desks,Sit & Stand Desks,,Sit & Stand Desks,24563296,"Rocelco 46""W Manual Adjustable Standing Desk Converter, Black (R DADRB-46)"
Furniture,Desks,Sit & Stand Desks,,Sit & Stand Desks,2106176,"Rocelco 32""W Manual Adjustable Standing Desk Converter, Black (R ADRB)"
Furniture,Desks,Sit & Stand Desks,,Sit & Stand Desks,24553832,"Mount-It! 38"" W Manual Rectangular Adjustable Standing Desk Converter, Maple Woodgrain (MI-15007)"
Furniture,Desks,Sit & Stand Desks,,Sit & Stand Desks,24588910,"FlexiSpot E7 Pro 78""W Electric Adjustable Standing Desk, Bamboo/Black (E7BPRO7830LBZB)"
Furniture,Desks,Sit & Stand Desks,,Sit & Stand Desks,2508787,"Uncaged Ergonomics Rise Up 60""W Electric Rectangular Adjustable Bamboo Standing Desk, Natural (RUBB)"
Furniture,Desks,Sit & Stand Desks,,Sit & Stand Desks,24697449,"Mount-It! 55""W Electric Rectangular Adjustable Standing Desk, Adrift/Black (MI-18088)"
Furniture,Desks,Sit & Stand Desks,,Sit & Stand Desks,24580480,"HON Mod 60""W Rectangular Adjustable Standing Desk, Sepia Walnut (HLPLRW6030CONHATSE1)"
Furniture,Desks,Sit & Stand Desks,,Sit & Stand Desks,24580476,"HON Mod 60""W Rectangular Adjustable Standing Desk, Traditional Mahogany (HLPLRW6030CONHATTM1)"
Furniture,Desks,Sit & Stand Desks,,Sit & Stand Desks,24615368,"Mount-It! Dual Motor 60""W Electric Adjustable Standing Desk, Black (MI-18121)"
Furniture,Desks,Sit & Stand Desks,,Sit & Stand Desks,24520139,"Mount-It! 55""W Electric Adjustable Standing Desk, Brown/White (MI-18062)"
Furniture,Desks,Sit & Stand Desks,,Sit & Stand Desks,24474776,"FlexiSpot Vici 48""W Electric Rectangular Adjustable Metal Standing Desk, Black (E9B)"
Furniture,Desks,Sit & Stand Desks,,Sit & Stand Desks,24461775,"Homenations Lake Shore 6""-30""H Adjustable Standing Desk, Washed Gray (SH-OF-2602)"
Furniture,Desks,Sit & Stand Desks,,Sit & Stand Desks,24589756,"FlexiSpot 40""W Electric Adjustable Standing Desk Converter, Black (EM7L)"
Furniture,Desks,Sit & Stand Desks,,Sit & Stand Desks,24698453,"Boss Office Products 60""W Electric Rectangular Adjustable Standing Desk, White (SGSD036WT)"
Furniture,Desks,Sit & Stand Desks,,Sit & Stand Desks,24654770,"Mount-It! XL 75""W Electric Corner Adjustable Standing Desk, White/Black (MI-15026)"
Furniture,Desks,Sit & Stand Desks,,Sit & Stand Desks,24588917,"FlexiSpot E7 Pro 78""W Electric Adjustable Standing Desk, Bamboo/White (E7WPRO7830LBZB)"
Furniture,Desks,Sit & Stand Desks,,Sit & Stand Desks,1677762,"Bestar Universel 60""W Electric Rectangular Adjustable Desk, Antigua (65867-52)"
Furniture,Desks,Sit & Stand Desks,,Sit & Stand Desks,24658301,"ErgoAV 57""W Electric Rectangular Adjustable Glass Standing Desk, Galaxy Glass (ERDS1-01G)"
Furniture,Desks,Sit & Stand Desks,,Sit & Stand Desks,24603431,"Humanscale QuickStand Eco 28""W Manual Rectangular Adjustable Standing Portable Desk for Single Monitor, Black (QSE2SMB)"
Furniture,Desks,Sit & Stand Desks,,Sit & Stand Desks,24630915,"Bush Business Furniture Move 60 Series 48""W Electric Adjustable Standing Desk, Black Walnut (M6S4824BWWK)"
Furniture,Desks,Sit & Stand Desks,,Sit & Stand Desks,24478508,"Bestar Universel 48""W Electric Height Adjustable Desk, White (65836-17)"
Furniture,Desks,Sit & Stand Desks,,Sit & Stand Desks,24388476,"Union & Scale™ Essentials 55""W Electric Rectangular Adjustable Desk, White (UN56206)"
Furniture,Desks,Sit & Stand Desks,,Sit & Stand Desks,24380841,"Bush Business Furniture Westfield 60""W Left Hand 3 Position Sit to Stand L Desk w/ File Cabinet, Hansen Cherry (SRC127HCSU)"
Furniture,Desks,Sit & Stand Desks,,Sit & Stand Desks,24289406,"Bush Business Furniture Move 60 Series 72""W Electric Height Adjustable Standing Desk, Mocha Cherry (M6S7230MRBK)"
Furniture,Desks,Sit & Stand Desks,,Sit & Stand Desks,1899248,"Bestar Connexion 72""W L-Desk with Hutch & Electric Height-Adjustable Desk, Slate/Sandstone (93886-59)"
Furniture,Desks,Sit & Stand Desks,,Sit & Stand Desks,24289328,"Bush Business Furniture Move 60 Series 60""W Electric Height Adjustable Standing Desk, Mocha Cherry (M6S6030MRBK)"
Furniture,Desks,Sit & Stand Desks,,Sit & Stand Desks,24528816,"Bush Business Furniture Move 40 Series 60""W Adjustable Standing Desk, Hansen Cherry/Black (M4S6030HCBK)"
Furniture,Desks,Sit & Stand Desks,,Sit & Stand Desks,24528917,"Bush Business Furniture Move 40 Series 60""W Electric Height Adjustable Standing Desk, Platinum Gray/Black (M4S6030PGBK)"
Furniture,Desks,Sit & Stand Desks,,Sit & Stand Desks,24630939,"Bush Business Furniture Move 60 Series 72""W L Shaped Adjustable Standing Desk, Mocha Cherry (M6SL7278MRSK)"
Furniture,Desks,Sit & Stand Desks,,Sit & Stand Desks,24595882,"Bush Business Furniture Move 60 Series 48""W Electric Adjustable Standing Desk, Natural Elm/Cool Gray Metallic (M6S4824NESK)"
Furniture,Desks,Sit & Stand Desks,,Sit & Stand Desks,24630996,"Bush Business Furniture Move 40 Series 48""W Electric Adjustable Standing Desk, Storm Gray (M4S4824SGWK)"
Furniture,Desks,Sit & Stand Desks,,Sit & Stand Desks,24289345,"Bush Business Furniture Move 60 Series 48""W Electric Height Adjustable Standing Desk, Hansen Cherry (M6S4824HCSK)"
Furniture,Desks,Sit & Stand Desks,,Sit & Stand Desks,24671638,"Staples 48""W Electric Rectangular Adjustable Standing Desk, Black (ST63656)"
Furniture,Desks,Sit & Stand Desks,,Sit & Stand Desks,24588911,"FlexiSpot E7 Pro 72""W Electric Adjustable Standing Desk, Bamboo/White  (E7WPRO7230-LBZB)"
Furniture,Desks,Sit & Stand Desks,,Sit & Stand Desks,24474900,"Seville Classics airLIFT 24""W Manual Rectangular Height Adjustable Mobile Sitting Desk, Black (OFF65994B)"
Furniture,Desks,Sit & Stand Desks,,Sit & Stand Desks,24658300,"Mount-It! 48""W Electric Rectangular Adjustable Standing Desk, Maple/White (MI-8038)"
Furniture,Desks,Sit & Stand Desks,,Sit & Stand Desks,24658299,"Mount-It! 48""W Electric Rectangular Adjustable Standing Desk, White (MI-8037)"
Furniture,Desks,Sit & Stand Desks,,Sit & Stand Desks,24576675,"Workplace 2.0 55""W Electric Rectangular Adjustable Standing Desk with Micro Movements, White (WP62092)"
Furniture,Desks,Sit & Stand Desks,,Sit & Stand Desks,24619493,"Staples 48""W Electric Rectangular Adjustable Standing Desk, White (ST63148)"
Furniture,Desks,Sit & Stand Desks,,Sit & Stand Desks,24148276,"Mount-It! Mount-It! 36""W Manual Rectangular Adjustable Aluminum Standing Desk Converter, Black (MI-7934)"
Furniture,Desks,Sit & Stand Desks,,Sit & Stand Desks,24590806,"Mount-It! 63""W Electric Corner Adjustable Standing Desk, Rustic Brown/Black (MI-15010)"
Furniture,Desks,Sit & Stand Desks,,Sit & Stand Desks,24161576,"Rocelco 37.5"" Height Adjustable Standing Desk Converter with Dual Monitor Mount, Sit Stand Up Riser, Black (R DADRB-DM2)"
Furniture,Desks,Sit & Stand Desks,,Sit & Stand Desks,24261428,"Rocelco 32"" Height Adjustable Standing Desk Converter, Tall Sit Stand Up Retractable Keyboard Riser, White (R EADRW)"
Furniture,Desks,Sit & Stand Desks,,Sit & Stand Desks,24288072,"Mount-It! 48""W Rectangular Adjustable Metal Standing Desk Converter, Black (MI-7925)"
Furniture,Desks,Sit & Stand Desks,,Sit & Stand Desks,24520141,"Mount-It! 55""W Manual Adjustable Standing Desk, Brown/Black (MI-18071)"
Furniture,Desks,Sit & Stand Desks,,Sit & Stand Desks,2072219,"Ergotron WorkFit-C Dual Sit-Stand 25""H Adjustable Desk (24-214-085)"
Furniture,Desks,Sit & Stand Desks,,Sit & Stand Desks,24553834,"Mount-It! 38""W Manual Rectangular Adjustable Standing Desk Converter, Dark Walnut Woodgrain (MI-15006)"
Furniture,Desks,Sit & Stand Desks,,Sit & Stand Desks,24563213,"Rocelco 32""W Manual Adjustable Standing Desk Converter, Black (R VADRB)"
Furniture,Desks,Sit & Stand Desks,,Sit & Stand Desks,24148275,"Mount-It! Mount-It! 36""W Rectangular Adjustable Standing Desk Converter, Black (MI-7926)"
Furniture,Desks,Sit & Stand Desks,,Sit & Stand Desks,24591123,"Mount-It! 55""W Electric Rectangular Adjustable Standing Desk, Black (MI-18087)"
Furniture,Desks,Sit & Stand Desks,,Sit & Stand Desks,24485662,"Mount-It! Height Adjustable Rolling Laptop Desk, Holds 17 lbs., White (MI-7997)"
Furniture,Desks,Sit & Stand Desks,,Sit & Stand Desks,24148274,"Mount-It! 36""W Electric Adjustable Standing Desk Converter with USB Charging Port, Black (MI-7927E)"
Furniture,Desks,Sit & Stand Desks,,Sit & Stand Desks,2475069,"Rocelco 38""W Manual Adjustable Standing Desk Converter, Black (R DADRB)"
Furniture,Desks,Sit & Stand Desks,,Sit & Stand Desks,24056233,"Mount-It! Dual Monitor Sit-Stand Workstation, Height Adjustable Desk Converter with Full Motion Arm (MI-7904)"
Furniture,Desks,Sit & Stand Desks,,Sit & Stand Desks,24161578,"Rocelco 37.5"" Height Adjustable Standing Desk Converter, Sit Stand Up Retractable Keyboard Riser, White (R DADRW)"
Furniture,Desks,Sit & Stand Desks,,Sit & Stand Desks,24554108,"Mount-It! 63""W Electric Corner Adjustable Standing Desk, Black (MI-15001)"
Furniture,Desks,Sit & Stand Desks,,Sit & Stand Desks,24563212,"Rocelco 37.4""W Electric Standing Desk Converter with ACUSB Charger Dual Monitor Mount, Black (R EDRB-DM2)"
Furniture,Desks,Sit & Stand Desks,,Sit & Stand Desks,24563296,"Rocelco 46""W Manual Adjustable Standing Desk Converter, Black (R DADRB-46)"
Furniture,Desks,Sit & Stand Desks,,Sit & Stand Desks,2106176,"Rocelco 32""W Manual Adjustable Standing Desk Converter, Black (R ADRB)"
Furniture,Desks,Sit & Stand Desks,,Sit & Stand Desks,24388477,"Union & Scale™ Essentials 55""W Electric Rectangular Adjustable Standing Desk, Espresso (UN56207)"
Furniture,Desks,Sit & Stand Desks,,Sit & Stand Desks,24503860,"Union & Scale™ Essentials 48""W Rectangular Adjustable Standing Desk, Natural (UN60416-CC)"
Furniture,Desks,Sit & Stand Desks,,Sit & Stand Desks,24630980,"Bush Business Furniture Move 40 Series 72""W Electric Adjustable Standing Desk, Modern Hickory (M4S7230MHWK)"
Furniture,Desks,Sit & Stand Desks,,Sit & Stand Desks,24646746,"Bush Business Furniture Stratus 72""W Electric Adjustable Standing Desk with Drawers and Panel, Natural Elm (SUT012NE)"
Furniture,Desks,Sit & Stand Desks,,Sit & Stand Desks,24572669,"FlexiSpot E7Q 71""W Electric Adjustable Bamboo Top Standing Desk, Black (E7QBR7135LBDB)"
Furniture,Desks,Sit & Stand Desks,,Sit & Stand Desks,24649047,"Bush Business Furniture Stratus 72""W Electric L-Shaped Adjustable Standing Desk with Drawers, Platinum Gray (SUT018PG)"
Furniture,Desks,Sit & Stand Desks,,Sit & Stand Desks,2508785,"Uncaged Ergonomics Electric CHANGEdesk Adjustable Height Standing Desk Conversion, Black (CDE)"
Furniture,Desks,Sit & Stand Desks,,Sit & Stand Desks,24699331,"VICTOR High Rise 36""W Electric Rectangular Adjustable Standing Desk, Black (DC830B)"
Furniture,Desks,Sit & Stand Desks,,Sit & Stand Desks,24289435,"Bush Business Furniture Move 60 Series 60""W Electric Height Adjustable Standing Desk, Hansen Cherry (M6S6030HCSK)"
Furniture,Desks,Sit & Stand Desks,,Sit & Stand Desks,24699332,"Victor Technology 36""W Electric Adjustable Standing Desk, White (DC830W)"
Furniture,Desks,Sit & Stand Desks,,Sit & Stand Desks,24699328,Victor Technology Electric Triple Monitor Standing Desk Workstation (DC475)
Furniture,Desks,Sit & Stand Desks,,Sit & Stand Desks,24458592,"Bush Business Furniture Move 40 Series 60""W Electric Height Adjustable Standing Desk, White/Cool Gray Metallic (M4S6030WHSK)"
Furniture,Desks,Sit & Stand Desks,,Sit & Stand Desks,24649037,"Bush Business Furniture Stratus 60""W Electric L-Shaped Adjustable Standing Desk with File Cabinet, Natural Elm (SUT015NE)"
Furniture,Desks,Sit & Stand Desks,,Sit & Stand Desks,24646749,"Bush Business Furniture Stratus 60""W Electric Adjustable Standing Desk with Storage, Natural Elm (SUT019NE)"
Furniture,Desks,Sit & Stand Desks,,Sit & Stand Desks,24649041,"Bush Business Furniture Stratus 72""W Electric L-Shaped Adjustable Standing Desk with File Cabinet, Platinum Gray (SUT016PG)"
Furniture,Desks,Sit & Stand Desks,,Sit & Stand Desks,24506442,"Bush Business Furniture Move 40 Series 60""W Electric Height Adjustable Standing Desk, Platinum Gray/Cool Gray (M4S6030PGSK)"
Furniture,Desks,Sit & Stand Desks,,Sit & Stand Desks,24380914,"Bush Business Furniture Westfield 60""W Left Hand 3 Position Sit to Stand L Desk w/ File Cabinet, Mocha Cherry (SRC127MRSU)"
Furniture,Desks,Sit & Stand Desks,,Sit & Stand Desks,2508778,Uncaged Ergnonomics LIFT Standing Desk White and Silver (LSDws)
Furniture,Desks,Sit & Stand Desks,,Sit & Stand Desks,24646752,"Bush Business Furniture Stratus 72""W Electric Adjustable Standing Desk with Storage, Natural Elm (SUT020NE)"
Furniture,Desks,Sit & Stand Desks,,Sit & Stand Desks,24380896,"Bush Business Furniture Westfield 72""W 3 Position Sit to Stand L Desk w/ Hutch and File Cabinet, Hansen Cherry (SRC124HCSU)"
Furniture,Desks,Sit & Stand Desks,,Sit & Stand Desks,24342301,"Union & Scale™ FlexFit™ 27""W Manual Rectangular Adjustable Desk Converter, Black (UN45516-CC)"
Furniture,Desks,Sit & Stand Desks,,Sit & Stand Desks,24434862,"Ergotron 29""-45"" Adjustable Desk, Maple/Silver (24-811-F13)"
Furniture,Desks,Sit & Stand Desks,,Sit & Stand Desks,24289303,"Bush Business Furniture Move 60 Series 60""W Electric Height Adjustable Standing Desk, White (M6S6030WHSK)"
Furniture,Desks,Sit & Stand Desks,,Sit & Stand Desks,24603430,"Humanscale QuickStand Eco 28""W Manual Rectangular Adjustable Standing Portable Desk for Single Monitor, White (QSE2SMW)"
Furniture,Desks,Sit & Stand Desks,,Sit & Stand Desks,24630975,"Bush Business Furniture Move 60 Series 60""W L Shaped Adjustable Standing Desk, Storm Gray (M6SL6078SGBK)"
Furniture,Desks,Sit & Stand Desks,,Sit & Stand Desks,24380915,"Bush Business Furniture Westfield 60""W Right Hand 3 Position Sit to Stand L Desk w/ File Cabinet, Mocha Cherry (SRC128MRSU)"
Furniture,Desks,Sit & Stand Desks,,Sit & Stand Desks,24506450,"Bush Business Furniture Move 60 Series 72""W Electric Height Adjustable Standing Desk, Black Walnut/Cool Gray (M6S7230BWSK)"
Furniture,Desks,Sit & Stand Desks,,Sit & Stand Desks,2508781,Uncaged Ergnonomics LIFT Standing Desk Black and Silver (LSDbs)
Furniture,Desks,Sit & Stand Desks,,Sit & Stand Desks,2508764,Uncaged Ergonomics WorkEZ Standing Desk Silver with 2 fans and 3 usb ports (WESDsFAN)
Furniture,Desks,Sit & Stand Desks,,Sit & Stand Desks,24630977,"Bush Business Furniture Move 60 Series 72""W L Shaped Adjustable Standing Desk, Platinum Gray (M6SL7278PGSK)"
Furniture,Desks,Sit & Stand Desks,,Sit & Stand Desks,24377437,"Bush Business Furniture Move 60 Series 72""W Electric Height Adj Standing Desk w/ Storage, Storm Gray/Black Powder (M6S006SGSU)"
Furniture,Desks,Sit & Stand Desks,,Sit & Stand Desks,24630885,"Bush Business Furniture Move 60 Series 72""W L Shaped Adjustable Standing Desk, Platinum Gray (M6SL7278PGBK)"
Furniture,Desks,Sit & Stand Desks,,Sit & Stand Desks,24646743,"Bush Business Furniture Stratus 60""W Electric Adjustable Standing Desk with Drawers and Panel, Natural Elm (SUT011NE)"
Furniture,Desks,Sit & Stand Desks,,Sit & Stand Desks,24630904,"Bush Business Furniture Move 40 Series 60""W Electric Adjustable Standing Desk, Storm Gray (M4S6030SGWK)"
Furniture,Desks,Sit & Stand Desks,,Sit & Stand Desks,24658314,"Huanuo 48""W Electric Rectangular Adjustable Standing Desk with Storage Drawer, Natural (HNESD77N)"
Furniture,Desks,Sit & Stand Desks,,Sit & Stand Desks,24424859,"Bush Business Furniture Studio C 60""W Electric Height Adjustable Desk, Credenza, Mobile File Cabinet, Platinum Gray (STC017PGSU)"
Furniture,Desks,Sit & Stand Desks,,Sit & Stand Desks,24658300,"Mount-It! 48""W Electric Rectangular Adjustable Standing Desk, Maple/White (MI-8038)"
Furniture,Desks,Sit & Stand Desks,,Sit & Stand Desks,24658299,"Mount-It! 48""W Electric Rectangular Adjustable Standing Desk, White (MI-8037)"
Furniture,Desks,Sit & Stand Desks,,Sit & Stand Desks,24576675,"Workplace 2.0 55""W Electric Rectangular Adjustable Standing Desk with Micro Movements, White (WP62092)"
Furniture,Desks,Sit & Stand Desks,,Sit & Stand Desks,24619493,"Staples 48""W Electric Rectangular Adjustable Standing Desk, White (ST63148)"
Furniture,Desks,Sit & Stand Desks,,Sit & Stand Desks,24148276,"Mount-It! Mount-It! 36""W Manual Rectangular Adjustable Aluminum Standing Desk Converter, Black (MI-7934)"
Furniture,Desks,Sit & Stand Desks,,Sit & Stand Desks,24590806,"Mount-It! 63""W Electric Corner Adjustable Standing Desk, Rustic Brown/Black (MI-15010)"
Furniture,Desks,Sit & Stand Desks,,Sit & Stand Desks,24465938,"Mind Reader 27.5""- 39"" Mobile Adjustable Sit/Stand Desk, White (SDROLLXL-WHT)"
Furniture,Desks,Sit & Stand Desks,,Sit & Stand Desks,24592394,"FlexiSpot M7 Series 40""W Manual Rectangular Adjustable Standing Desk Converter, Black (M7-E-40B)"
Furniture,Desks,Sit & Stand Desks,,Sit & Stand Desks,24288072,"Mount-It! 48""W Rectangular Adjustable Metal Standing Desk Converter, Black (MI-7925)"
Furniture,Desks,Sit & Stand Desks,,Sit & Stand Desks,24056233,"Mount-It! Dual Monitor Sit-Stand Workstation, Height Adjustable Desk Converter with Full Motion Arm (MI-7904)"
Furniture,Desks,Sit & Stand Desks,,Sit & Stand Desks,24654766,"Mount-It! 63""W Electric Corner Adjustable Standing Desk, White/Black (MI-15017)"
Furniture,Desks,Sit & Stand Desks,,Sit & Stand Desks,24553834,"Mount-It! 38""W Manual Rectangular Adjustable Standing Desk Converter, Dark Walnut Woodgrain (MI-15006)"
Furniture,Desks,Sit & Stand Desks,,Sit & Stand Desks,24485662,"Mount-It! Height Adjustable Rolling Laptop Desk, Holds 17 lbs., White (MI-7997)"
Furniture,Desks,Sit & Stand Desks,,Sit & Stand Desks,24563213,"Rocelco 32""W Manual Adjustable Standing Desk Converter, Black (R VADRB)"
Furniture,Desks,Sit & Stand Desks,,Sit & Stand Desks,24148275,"Mount-It! Mount-It! 36""W Rectangular Adjustable Standing Desk Converter, Black (MI-7926)"
Furniture,Desks,Sit & Stand Desks,,Sit & Stand Desks,24591123,"Mount-It! 55""W Electric Rectangular Adjustable Standing Desk, Black (MI-18087)"
Furniture,Desks,Sit & Stand Desks,,Sit & Stand Desks,24592396,"FlexiSpot M7 Series 28""W Manual Rectangular Adjustable Standing Desk Converter, Black (M7-E-28B)"
Furniture,Desks,Sit & Stand Desks,,Sit & Stand Desks,24148274,"Mount-It! 36""W Electric Adjustable Standing Desk Converter with USB Charging Port, Black (MI-7927E)"
Furniture,Desks,Sit & Stand Desks,,Sit & Stand Desks,2475069,"Rocelco 38""W Manual Adjustable Standing Desk Converter, Black (R DADRB)"
Furniture,Desks,Sit & Stand Desks,,Sit & Stand Desks,24161578,"Rocelco 37.5"" Height Adjustable Standing Desk Converter, Sit Stand Up Retractable Keyboard Riser, White (R DADRW)"
Furniture,Desks,Sit & Stand Desks,,Sit & Stand Desks,24554108,"Mount-It! 63""W Electric Corner Adjustable Standing Desk, Black (MI-15001)"
Furniture,Desks,Sit & Stand Desks,,Sit & Stand Desks,24563212,"Rocelco 37.4""W Electric Standing Desk Converter with ACUSB Charger Dual Monitor Mount, Black (R EDRB-DM2)"
Furniture,Desks,Sit & Stand Desks,,Sit & Stand Desks,24563296,"Rocelco 46""W Manual Adjustable Standing Desk Converter, Black (R DADRB-46)"
Furniture,Desks,Sit & Stand Desks,,Sit & Stand Desks,2106176,"Rocelco 32""W Manual Adjustable Standing Desk Converter, Black (R ADRB)"
Furniture,Desks,Sit & Stand Desks,,Sit & Stand Desks,24592393,"FlexiSpot M7 Series 42""W Manual Rectangular Adjustable Standing Desk Converter, Black (M7-E-42B)"
Furniture,Desks,Sit & Stand Desks,,Sit & Stand Desks,2473362,"VersaDesk PowerPro 40""W Electric Adjustable Standing Desk Converter, Black (SP7644024-00-01)"
Furniture,Desks,Sit & Stand Desks,,Sit & Stand Desks,24572666,"FlexiSpot E7 76""W Electric L-Shaped Adjustable Bamboo Top Standing Desk, White (E7LW557624BAM)"
Furniture,Desks,Sit & Stand Desks,,Sit & Stand Desks,24145608,"Uncaged Ergonomics CHANGEdesk 27.5""W Mini Desktop Standing Desk Converter, Black (CDMM-B)"
Furniture,Desks,Sit & Stand Desks,,Sit & Stand Desks,24465951,"FlexiSpot 48""W Electric Rectangular Adjustable Standing Desk, Black (EC9B)"
Furniture,Desks,Sit & Stand Desks,,Sit & Stand Desks,24563227,"Rocelco 37.5""W Adjustable Standing Desk Converter, Gray (R DADRG)"
Furniture,Desks,Sit & Stand Desks,,Sit & Stand Desks,24629877,"FlexiSpot E2 48""W Electric Rectangular Adjustable Standing Desk, White (E2WE4830W)"
Furniture,Desks,Sit & Stand Desks,,Sit & Stand Desks,24654775,"Mount-It! 24""W Manual Adjustable Standing Laptop Desk, Black (MI-7997BLK)"
Furniture,Desks,Sit & Stand Desks,,Sit & Stand Desks,24606167,"Mount-It! 38""W Manual Rectangular Adjustable Standing Desk Converter, Black (MI-15009)"
Furniture,Desks,Sit & Stand Desks,,Sit & Stand Desks,24592397,"FlexiSpot M7 Series 36""W Manual Rectangular Adjustable Standing Desk Converter, Black (M7-E-36C)"
Furniture,Desks,Sit & Stand Desks,,Sit & Stand Desks,24563265,"Rocelco 46""W Adjustable Corner Standing Desk Converter, Teak Wood Grain (R CADRT-46)"
Furniture,Desks,Sit & Stand Desks,,Sit & Stand Desks,24654771,"Mount-It! XL 75""W Electric Corner Adjustable Standing Desk, Black/White (MI-15027)"
Furniture,Desks,Sit & Stand Desks,,Sit & Stand Desks,24687038,"FlexiSpot Fusion Retro 70""W Electric L-Shaped Adjustable Standing Desk, Walnut (EHD-L7047WV)"
Furniture,Desks,Sit & Stand Desks,,Sit & Stand Desks,24645478,"FlexiSpot E2 42''W Electric Adjustable Standing Desk, White (E2W4224W)"
Furniture,Desks,Sit & Stand Desks,,Sit & Stand Desks,24679871,"FlexiSpot EW2 48""W Electric Adjustable Standing Desk, White (EW2W-E)"
Furniture,Desks,Sit & Stand Desks,,Sit & Stand Desks,24654773,"Mount-It! XL 75""W Electric Corner Adjustable Standing Desk, White (MI-15029)"
Furniture,Desks,Sit & Stand Desks,,Sit & Stand Desks,24563210,"Rocelco 37.4""W Electric Standing Desk Converter with ACUSB Charger, Black (R EDRB)"
Furniture,Desks,Sit & Stand Desks,,Sit & Stand Desks,24425103,"Mount-It! 39.5"" W Adjustable Steel Standing Desk, Black (MI-7970B)"
Furniture,Desks,Sit & Stand Desks,,Sit & Stand Desks,24596722,"Mount-It! 38""W Electric Rectangular Adjustable Standing Desk Converter, Dark Walnut (MI-8011)"
Furniture,Desks,Sit & Stand Desks,,Sit & Stand Desks,24174327,"FlexiSpot 41""W Manual Sit-Stand Desk Converter, Black (M4B-E-US)"
Furniture,Desks,Sit & Stand Desks,,Sit & Stand Desks,24645475,"FlexiSpot E2 42''W Electric Adjustable Standing Desk, Black (E2B4224B)"
Furniture,Desks,Sit & Stand Desks,,Sit & Stand Desks,24606165,"Mount-It! 30"" W Manual Rectangular Adjustable Standing Desk Converter, Black (MI-15009S)"
Furniture,Desks,Sit & Stand Desks,,Sit & Stand Desks,24554107,"Mount-It! 57""W L-Shaped Adjustable Particle Board Standing Desk, Black (MI-15002)"
Furniture,Desks,Sit & Stand Desks,,Sit & Stand Desks,24654772,"Mount-It! XL 75""W Electric Corner Adjustable Standing Desk, Brown/White (MI-15028)"
Furniture,Desks,Sit & Stand Desks,,Sit & Stand Desks,24588918,"FlexiSpot E7Q 72""W Electric Adjustable Standing Desk, Bamboo/Black (E7QBR7230-LBZB)"
Furniture,Desks,Sit & Stand Desks,,Sit & Stand Desks,24539035,"FlexiSpot E7 55""W Rectangular Adjustable Metal Standing Desk, Black (E7BR5528B)"
Furniture,Desks,Sit & Stand Desks,,Sit & Stand Desks,24337033,"Bush Furniture Cabot 72""W 3 Position Sit to Stand L Shaped Desk, Espresso Oak (CAB050EPO)"
Furniture,Desks,Sit & Stand Desks,,Sit & Stand Desks,24658310,"Huanuo 48""W Electric Rectangular Adjustable Standing Desk with Keyboard Tray, Black (HNESD71B)"
Furniture,Desks,Sit & Stand Desks,,Sit & Stand Desks,24337030,"Bush Furniture Cabot 72""W 3 Position L Shaped Sit to Stand Desk, Harvest Cherry (CAB050HVC)"
Furniture,Desks,Sit & Stand Desks,,Sit & Stand Desks,24528945,"Bush Business Furniture Move 40 Series 60""W Electric Adjustable Standing Desk, Modern Hickory/Black (M4S6030MHBK)"
Furniture,Desks,Sit & Stand Desks,,Sit & Stand Desks,24430494,"Bush Business Furniture Office 500 72""W Adjustable U-Shaped Executive Desk with Drawers, Storm Gray (OF5005SGSU)"
Furniture,Desks,Sit & Stand Desks,,Sit & Stand Desks,24578059,Tech Help Plus
Furniture,Desks,Sit & Stand Desks,,Sit & Stand Desks,24658297,"Mount-It! 40""W Electric Rectangular Adjustable Standing Desk, Black (MI-8035)"
Furniture,Desks,Sit & Stand Desks,,Sit & Stand Desks,24658298,"Mount-It! 40""W Electric Rectangular Adjustable Standing Desk, Hazelnut/Black (MI-8036)"
Furniture,Desks,Sit & Stand Desks,,Sit & Stand Desks,24576675,"Workplace 2.0 55""W Electric Rectangular Adjustable Standing Desk with Micro Movements, White (WP62092)"
Furniture,Desks,Sit & Stand Desks,,Sit & Stand Desks,24619493,"Staples 48""W Electric Rectangular Adjustable Standing Desk, White (ST63148)"
Furniture,Desks,Sit & Stand Desks,,Sit & Stand Desks,24485662,"Mount-It! Height Adjustable Rolling Laptop Desk, Holds 17 lbs., White (MI-7997)"
Furniture,Desks,Sit & Stand Desks,,Sit & Stand Desks,24590806,"Mount-It! 63""W Electric Corner Adjustable Standing Desk, Rustic Brown/Black (MI-15010)"
Furniture,Desks,Sit & Stand Desks,,Sit & Stand Desks,24261427,"Rocelco 32""W Manual Adjustable Standing Desk Converter, Black (R EADRB2)"
Furniture,Desks,Sit & Stand Desks,,Sit & Stand Desks,24698455,"Boss Office Products 66""W Electric Rectangular Adjustable Standing Desk, White (SGSD037WT)"
Furniture,Desks,Sit & Stand Desks,,Sit & Stand Desks,24288072,"Mount-It! 48""W Rectangular Adjustable Metal Standing Desk Converter, Black (MI-7925)"
Furniture,Desks,Sit & Stand Desks,,Sit & Stand Desks,24425137,"Mount-It! 39.5""W Adjustable Steel Standing Desk, Gray/Black (MI-7970)"
Furniture,Desks,Sit & Stand Desks,,Sit & Stand Desks,2677052,"Uncaged Ergonomics CHANGEdesk 27.5""W Mini Desktop Standing Desk Converter, White (CDMM-W)"
Furniture,Desks,Sit & Stand Desks,,Sit & Stand Desks,24553834,"Mount-It! 38""W Manual Rectangular Adjustable Standing Desk Converter, Dark Walnut Woodgrain (MI-15006)"
Furniture,Desks,Sit & Stand Desks,,Sit & Stand Desks,24679872,"FlexiSpot EW2 48""W Electric Adjustable Standing Desk, Black (EW2B-E)"
Furniture,Desks,Sit & Stand Desks,,Sit & Stand Desks,24425086,"Mount-It! 39.5""W Adjustable Steel Standing Desk with Dual Monitor Mount, Gray/Black (MI-7972)"
Furniture,Desks,Sit & Stand Desks,,Sit & Stand Desks,24563213,"Rocelco 32""W Manual Adjustable Standing Desk Converter, Black (R VADRB)"
Furniture,Desks,Sit & Stand Desks,,Sit & Stand Desks,24148275,"Mount-It! Mount-It! 36""W Rectangular Adjustable Standing Desk Converter, Black (MI-7926)"
Furniture,Desks,Sit & Stand Desks,,Sit & Stand Desks,24530256,"HON Mod 60""W Rectangular Adjustable Standing Desk, Slate Teak/Nickel (HLPLRW6030CONHATSL1)"
Furniture,Desks,Sit & Stand Desks,,Sit & Stand Desks,24591123,"Mount-It! 55""W Electric Rectangular Adjustable Standing Desk, Black (MI-18087)"
Furniture,Desks,Sit & Stand Desks,,Sit & Stand Desks,24148276,"Mount-It! Mount-It! 36""W Manual Rectangular Adjustable Aluminum Standing Desk Converter, Black (MI-7934)"
Furniture,Desks,Sit & Stand Desks,,Sit & Stand Desks,24148274,"Mount-It! 36""W Electric Adjustable Standing Desk Converter with USB Charging Port, Black (MI-7927E)"
Furniture,Desks,Sit & Stand Desks,,Sit & Stand Desks,2475069,"Rocelco 38""W Manual Adjustable Standing Desk Converter, Black (R DADRB)"
Furniture,Desks,Sit & Stand Desks,,Sit & Stand Desks,24056233,"Mount-It! Dual Monitor Sit-Stand Workstation, Height Adjustable Desk Converter with Full Motion Arm (MI-7904)"
Furniture,Desks,Sit & Stand Desks,,Sit & Stand Desks,24161578,"Rocelco 37.5"" Height Adjustable Standing Desk Converter, Sit Stand Up Retractable Keyboard Riser, White (R DADRW)"
Furniture,Desks,Sit & Stand Desks,,Sit & Stand Desks,24554108,"Mount-It! 63""W Electric Corner Adjustable Standing Desk, Black (MI-15001)"
Furniture,Desks,Sit & Stand Desks,,Sit & Stand Desks,24563212,"Rocelco 37.4""W Electric Standing Desk Converter with ACUSB Charger Dual Monitor Mount, Black (R EDRB-DM2)"
Furniture,Desks,Sit & Stand Desks,,Sit & Stand Desks,24563296,"Rocelco 46""W Manual Adjustable Standing Desk Converter, Black (R DADRB-46)"
Furniture,Desks,Sit & Stand Desks,,Sit & Stand Desks,2106176,"Rocelco 32""W Manual Adjustable Standing Desk Converter, Black (R ADRB)"
Furniture,Desks,Sit & Stand Desks,,Sit & Stand Desks,24592392,"FlexiSpot M7 Series 35""W Manual Rectangular Adjustable Standing Desk Converter, Black (M7-E-35B)"
Furniture,Desks,Sit & Stand Desks,,Sit & Stand Desks,24687037,"FlexiSpot Fusion Retro 63""W Electric Adjustable Standing Desk, Walnut Veneer (EHD-V6330WV)"
Furniture,Desks,Sit & Stand Desks,,Sit & Stand Desks,24588914,"FlexiSpot E7 Pro 55""W Electric Adjustable Chipboard Standing Desk, Black (E7BPRO5528-B)"
Furniture,Desks,Sit & Stand Desks,,Sit & Stand Desks,2614810,"Mount-It! 28"" W Adjustable Steel Standing Desk, Gray/Black (MI-7940)"
Furniture,Desks,Sit & Stand Desks,,Sit & Stand Desks,24056232,"Mount-It! 28""W Adjustable Rolling Computer Work Station with Single Monitor Mount, Gray/Black (MI-7942)"
Furniture,Desks,Sit & Stand Desks,,Sit & Stand Desks,24645476,"FlexiSpot E2 42''W Electric Adjustable Standing Desk, White/Black (E2B4224W)"
Furniture,Desks,Sit & Stand Desks,,Sit & Stand Desks,24646236,"FlexiSpot E2 48''W Electric Rectangular Adjustable Standing Desk, White (E2W4824W)"
Furniture,Desks,Sit & Stand Desks,,Sit & Stand Desks,24591127,"Mount-It! 55""W Electric Rectangular Adjustable Standing Desk, Maple/White (MI-18097)"
Furniture,Desks,Sit & Stand Desks,,Sit & Stand Desks,24588919,"FlexiSpot E7 Pro 72""W Electric Adjustable Standing Desk, Bamboo/Black (E7BPRO7230-LBZB)"
Furniture,Desks,Sit & Stand Desks,,Sit & Stand Desks,2473363,"VersaDesk PowerPro 36""W Electric Adjustable Standing Desk Converter, White (SP7643624-00-05)"
Furniture,Desks,Sit & Stand Desks,,Sit & Stand Desks,2473361,"VersaDesk PowerPro 48""W Electric Adjustable Standing Desk Converter, Black (SP7644824-00-01)"
Furniture,Desks,Sit & Stand Desks,,Sit & Stand Desks,24588909,"FlexiSpot E7 Pro 55""W Electric Adjustable Standing Desk, Bamboo/White (E7WPRO5528-LBZB)"
Furniture,Desks,Sit & Stand Desks,,Sit & Stand Desks,24563238,"Rocelco 40""W Adjustable Standing Desk Converter, White (R DADRW-40)"
Furniture,Desks,Sit & Stand Desks,,Sit & Stand Desks,2473364,"VersaDesk PowerPro 36""W Electric Adjustable Standing Desk Converter, Black (SP7643624-00-01)"
Furniture,Desks,Sit & Stand Desks,,Sit & Stand Desks,24554106,"Mount-It! 38"" W L-Shaped Adjustable Corner Sit Stand Desk, Black (MI-15003)"
Furniture,Desks,Sit & Stand Desks,,Sit & Stand Desks,24563277,"Rocelco 40""W Manual Adjustable Standing Desk Converter, Black (R DADRB-40)"
Furniture,Desks,Sit & Stand Desks,,Sit & Stand Desks,24644358,"VersaDesk Foundry Bench 80""W Electric Corner Adjustable Standing Desk, Bamboo (FBC8080-BNB-APP )"
Furniture,Desks,Sit & Stand Desks,,Sit & Stand Desks,24633755,"FlexiSpot E7 Commercial 48''W Electric Adjustable Standing Desk, Bamboo/Black (E7BCOM4824-LBZB)"
Furniture,Desks,Sit & Stand Desks,,Sit & Stand Desks,24376855,"VersaDesk PowerPro 36""W Electric Adjustable Standing Corner Desk Converter, Black (VT77136330101)"
Furniture,Desks,Sit & Stand Desks,,Sit & Stand Desks,24563216,"Rocelco 19""W Portable Small Standing Desk Converter with Carry Bag, White (R PDRW)"
Furniture,Desks,Sit & Stand Desks,,Sit & Stand Desks,24646235,"FlexiSpot E2 48''W Electric Adjustable Standing Desk, Black (E2B4824B)"
Furniture,Desks,Sit & Stand Desks,,Sit & Stand Desks,24174391,"FlexiSpot 35""W Manual Sit-Stand Desk Converter, Black (M2B)"
Furniture,Desks,Sit & Stand Desks,,Sit & Stand Desks,24174412,"FlexiSpot 47""W Manual Sit-Stand Desk Converter, Black (M3B)"
Furniture,Desks,Sit & Stand Desks,,Sit & Stand Desks,24485660,"Mount-It! 49""W Electric Adjustable Standing Desk Converter with USB Charging Port, Black (MI-7962)"
Furniture,Desks,Sit & Stand Desks,,Sit & Stand Desks,24588915,"FlexiSpot E7 Pro 60""W Electric Adjustable Standing Desk, Black Walnut/Black (E7BPRO6030-BW)"
Furniture,Desks,Sit & Stand Desks,,Sit & Stand Desks,24539034,"FlexiSpot E7 55""W Electric Adjustable Standing Desk, White (E7WR5528W)"
Furniture,Desks,Sit & Stand Desks,,Sit & Stand Desks,24630943,"Bush Business Furniture Move 40 Series 72""W Electric Adjustable Standing Desk, Natural Elm (M4S7230NEWK)"
Furniture,Desks,Sit & Stand Desks,,Sit & Stand Desks,24630997,"Bush Business Furniture Move 40 Series 72""W Electric Adjustable Standing Desk, Black Walnut (M4S7230BWWK)"
Furniture,Desks,Sit & Stand Desks,,Sit & Stand Desks,24658315,"Huanuo 55""W Electric Rectangular Adjustable Standing Desk with Riser and Drawers, Black (HNESD101B)"
Furniture,Desks,Sit & Stand Desks,,Sit & Stand Desks,24430492,"Bush Business Furniture Office 500 72""W Adjustable U-Shaped Executive Desk with Drawers, Black Walnut (OF5005BWSU)"
Furniture,Desks,Sit & Stand Desks,,Sit & Stand Desks,24658297,"Mount-It! 40""W Electric Rectangular Adjustable Standing Desk, Black (MI-8035)"
Furniture,Desks,Sit & Stand Desks,,Sit & Stand Desks,24576675,"Workplace 2.0 55""W Electric Rectangular Adjustable Standing Desk with Micro Movements, White (WP62092)"
Furniture,Desks,Sit & Stand Desks,,Sit & Stand Desks,24619493,"Staples 48""W Electric Rectangular Adjustable Standing Desk, White (ST63148)"
Furniture,Desks,Sit & Stand Desks,,Sit & Stand Desks,24485662,"Mount-It! Height Adjustable Rolling Laptop Desk, Holds 17 lbs., White (MI-7997)"
Furniture,Desks,Sit & Stand Desks,,Sit & Stand Desks,24590806,"Mount-It! 63""W Electric Corner Adjustable Standing Desk, Rustic Brown/Black (MI-15010)"
Furniture,Desks,Sit & Stand Desks,,Sit & Stand Desks,24572664,"FlexiSpot E7 76""W Electric L-Shaped Adjustable Standing Desk, White (E7LW557624WHT)"
Furniture,Desks,Sit & Stand Desks,,Sit & Stand Desks,3072972,"Ergotron WorkFit-C Sit-Stand Workstation for Single LCD Monitor, LD, with Mobile Cart Base, Two-Tone Gray (24-198-055)"
Furniture,Desks,Sit & Stand Desks,,Sit & Stand Desks,24288072,"Mount-It! 48""W Rectangular Adjustable Metal Standing Desk Converter, Black (MI-7925)"
Furniture,Desks,Sit & Stand Desks,,Sit & Stand Desks,24588921,"FlexiSpot E7 Pro 55""W Electric Adjustable Standing Desk, Bamboo/Black (E7BPRO5528-LBZB)"
Furniture,Desks,Sit & Stand Desks,,Sit & Stand Desks,24566134,"Rocelco 31.5""W Adjustable Standing Desk Converter with Dual Monitor Mount, Gray (R VADRG-DM2)"
Furniture,Desks,Sit & Stand Desks,,Sit & Stand Desks,24553834,"Mount-It! 38""W Manual Rectangular Adjustable Standing Desk Converter, Dark Walnut Woodgrain (MI-15006)"
Furniture,Desks,Sit & Stand Desks,,Sit & Stand Desks,24553831,"Mount-It! 47""W Electric Adjustable Standing Desk Converter with Dual Monitor Mount and USB Charging Port, Black (MI-8054)"
Furniture,Desks,Sit & Stand Desks,,Sit & Stand Desks,24596723,"Mount-It! 38""W Electric Rectangular Adjustable Standing Desk Converter, Black (MI-8010)"
Furniture,Desks,Sit & Stand Desks,,Sit & Stand Desks,24563213,"Rocelco 32""W Manual Adjustable Standing Desk Converter, Black (R VADRB)"
Furniture,Desks,Sit & Stand Desks,,Sit & Stand Desks,24148275,"Mount-It! Mount-It! 36""W Rectangular Adjustable Standing Desk Converter, Black (MI-7926)"
Furniture,Desks,Sit & Stand Desks,,Sit & Stand Desks,24646237,"FlexiSpot E2 48''W Electric Adjustable Standing Desk, White/Black (E2B4824W)"
Furniture,Desks,Sit & Stand Desks,,Sit & Stand Desks,24591123,"Mount-It! 55""W Electric Rectangular Adjustable Standing Desk, Black (MI-18087)"
Furniture,Desks,Sit & Stand Desks,,Sit & Stand Desks,24148276,"Mount-It! Mount-It! 36""W Manual Rectangular Adjustable Aluminum Standing Desk Converter, Black (MI-7934)"
Furniture,Desks,Sit & Stand Desks,,Sit & Stand Desks,24148274,"Mount-It! 36""W Electric Adjustable Standing Desk Converter with USB Charging Port, Black (MI-7927E)"
Furniture,Desks,Sit & Stand Desks,,Sit & Stand Desks,2475069,"Rocelco 38""W Manual Adjustable Standing Desk Converter, Black (R DADRB)"
Furniture,Desks,Sit & Stand Desks,,Sit & Stand Desks,24056233,"Mount-It! Dual Monitor Sit-Stand Workstation, Height Adjustable Desk Converter with Full Motion Arm (MI-7904)"
Furniture,Desks,Sit & Stand Desks,,Sit & Stand Desks,24161578,"Rocelco 37.5"" Height Adjustable Standing Desk Converter, Sit Stand Up Retractable Keyboard Riser, White (R DADRW)"
Furniture,Desks,Sit & Stand Desks,,Sit & Stand Desks,24554108,"Mount-It! 63""W Electric Corner Adjustable Standing Desk, Black (MI-15001)"
Furniture,Desks,Sit & Stand Desks,,Sit & Stand Desks,24563212,"Rocelco 37.4""W Electric Standing Desk Converter with ACUSB Charger Dual Monitor Mount, Black (R EDRB-DM2)"
Furniture,Desks,Sit & Stand Desks,,Sit & Stand Desks,24563296,"Rocelco 46""W Manual Adjustable Standing Desk Converter, Black (R DADRB-46)"
Furniture,Desks,Sit & Stand Desks,,Sit & Stand Desks,2106176,"Rocelco 32""W Manual Adjustable Standing Desk Converter, Black (R ADRB)"
Furniture,Desks,Sit & Stand Desks,,Sit & Stand Desks,24646238,"FlexiSpot E2 48''W Electric Adjustable Standing Desk, Black/White (E2W4824B)"
Furniture,Desks,Sit & Stand Desks,,Sit & Stand Desks,1635542,"Ergotron WorkFit-T 35""W Adjustable Standing Desk Converter, Black/Dark Gray (33-397-085)"
Furniture,Desks,Sit & Stand Desks,,Sit & Stand Desks,2508770,"Uncaged Ergonomics Adjustable Standing Desk Converter with Keyboard Tray, Black (CDM)"
Furniture,Desks,Sit & Stand Desks,,Sit & Stand Desks,24658300,"Mount-It! 48""W Electric Rectangular Adjustable Standing Desk, Maple/White (MI-8038)"
Furniture,Desks,Sit & Stand Desks,,Sit & Stand Desks,2094430,"Ergotron WorkFit-TL 38""W Adjustable Standing Desk Converter, Black/Dark Gray (33-406-085)"
Furniture,Desks,Sit & Stand Desks,,Sit & Stand Desks,100760,"Techni Mobili 22""W Manual Adjustable Standing Laptop Cart, Chocolate (RTA-B005-CH36)"
Furniture,Desks,Sit & Stand Desks,,Sit & Stand Desks,24640498,"FlexiSpot EG9 48""W Electric Adjustable Glass Top Standing Desk, Black (EG9B-E)"
Furniture,Desks,Sit & Stand Desks,,Sit & Stand Desks,24288077,"Mount-It! 32"" W Rectangular Adjustable Metal Standing Desk Converter, Black (MI-7929BLK)"
Furniture,Desks,Sit & Stand Desks,,Sit & Stand Desks,24308888,"Mount-It! 35.5""W Rectangular Adjustable Metal Standing Desk Converter, Black (MI-7955)"
Furniture,Desks,Sit & Stand Desks,,Sit & Stand Desks,2508772,"Uncaged Ergonomics WorkEZ Standing Desk, Black (WESDB)"
Furniture,Desks,Sit & Stand Desks,,Sit & Stand Desks,24563249,"Rocelco 46""W Large Standing Desk Converter, Stand Up Triple Monitor Riser, Teak Wood Grain (R DADRT-46)"
Furniture,Desks,Sit & Stand Desks,,Sit & Stand Desks,24493596,"Mount-It! 32"" W Mobile Adjustable Standing Desk With Retractable Keyboard Tray, Black (MI-7998B)"
Furniture,Desks,Sit & Stand Desks,,Sit & Stand Desks,24145610,"Uncaged Ergonomics Rise Up 60""W Electric Adjustable Bamboo Standing Desk, Natural/White (RUWB)"
Furniture,Desks,Sit & Stand Desks,,Sit & Stand Desks,24615658,"FlexiSpot E7L Series 76""W Electric L-Shaped Adjustable Standing Desk, Black/White (E7LW557624B)"
Furniture,Desks,Sit & Stand Desks,,Sit & Stand Desks,24654778,"Mount-It! 43""W Manual Corner Adjustable Standing Desk Converter, Black (MI-7958A)"
Furniture,Desks,Sit & Stand Desks,,Sit & Stand Desks,24465950,"FlexiSpot 48""W Electric Adjustable Standing Desk, White (EC9W)"
Furniture,Desks,Sit & Stand Desks,,Sit & Stand Desks,24308889,"Mount-It! Electric Standing Desk Converter with Dual Monitor Mount, Black(MI-7952)"
Furniture,Desks,Sit & Stand Desks,,Sit & Stand Desks,24411828,"3M Precision Standing Desk 35""W Manual Adjustable Desk Riser with Gel Wrist Rest and Precise Mouse Pad, Black (SD60B)"
Furniture,Desks,Sit & Stand Desks,,Sit & Stand Desks,24606166,"Mount-It! 30""W Manual Rectangular Adjustable Standing Desk Converter, Dark Walnut Woodgrain (MI-15006S)"
Furniture,Desks,Sit & Stand Desks,,Sit & Stand Desks,24493597,"Mount-It! 37"" W Manual Adjustable Standing Desk Converter, Black (MI-8050)"
Furniture,Desks,Sit & Stand Desks,,Sit & Stand Desks,24588920,"FlexiSpot E7 Pro 60""W Electric Adjustable Bamboo Standing Desk, Bamboo/Black (E7BPRO6030-LBZB)"
Furniture,Desks,Sit & Stand Desks,,Sit & Stand Desks,24633751,"FlexiSpot E7 Commercial 72''W Electric Rectangular Adjustable Standing Desk, Black Walnut/Black (E7BCOM7230-BW)"
Furniture,Desks,Sit & Stand Desks,,Sit & Stand Desks,24588916,"FlexiSpot E7 Pro 55""W Electric Adjustable Standing Desk, Black Walnut/Black (E7BPRO5528-BW)"
Furniture,Desks,Sit & Stand Desks,,Sit & Stand Desks,100761,"Techni Mobili 22""W Manual Adjustable Standing Laptop Cart, Black (RTA-B005-BK46)"
Furniture,Desks,Sit & Stand Desks,,Sit & Stand Desks,24553830,"Mount-It! 38"" W Manual Rectangular Adjustable Standing Desk Converter, White (MI-15005)"
Furniture,Desks,Sit & Stand Desks,,Sit & Stand Desks,24056265,"Mount-It! 24"" W Manual Adjustable Standing Desk Converter with Dual Monitor Mount, Black (MI-7914)"
Furniture,Desks,Sit & Stand Desks,,Sit & Stand Desks,24192239,"Mount-It! 23"" W Compact Manual Adjustable Standing Desk Converter, Black (MI-7916)"
Furniture,Desks,Sit & Stand Desks,,Sit & Stand Desks,1982116,"Flash Furniture Nila 24""W Rectangular Adjustable Standing Student Desk and Chair, Black/Gray (YUYCX04609010)"
Furniture,Desks,Sit & Stand Desks,,Sit & Stand Desks,24148278,"Mount-It! Sit Stand Wall Mount Workstation, Articulating Standing Desk for Dual Monitors, Floating Keyboard Tray (MI-7906)"
Furniture,Desks,Sit & Stand Desks,,Sit & Stand Desks,24179662,"Seville Classics airLIFT XL 28""W Manual Rectangular Height Adjustable Mobile Sit-Stand Desk, White (OFF64801B)"
Furniture,Desks,Sit & Stand Desks,,Sit & Stand Desks,24576675,"Workplace 2.0 55""W Electric Rectangular Adjustable Standing Desk with Micro Movements, White (WP62092)"
Furniture,Desks,Sit & Stand Desks,,Sit & Stand Desks,24619493,"Staples 48""W Electric Rectangular Adjustable Standing Desk, White (ST63148)"
Furniture,Desks,Sit & Stand Desks,,Sit & Stand Desks,24591123,"Mount-It! 55""W Electric Rectangular Adjustable Standing Desk, Black (MI-18087)"
Furniture,Desks,Sit & Stand Desks,,Sit & Stand Desks,24590806,"Mount-It! 63""W Electric Corner Adjustable Standing Desk, Rustic Brown/Black (MI-15010)"
Furniture,Desks,Sit & Stand Desks,,Sit & Stand Desks,24697455,"Mount-It! 55""W Electric Rectangular Adjustable Standing Desk, Oak/White (MI-18086)"
Furniture,Desks,Sit & Stand Desks,,Sit & Stand Desks,24294666,"LifeFlo Ergonomics Bi-Level PACS Radiology Table, 78"" L x 46"" D x 1 1/8"" Thick, Black (ECI-7846RAD-BK)"
Furniture,Desks,Sit & Stand Desks,,Sit & Stand Desks,24288072,"Mount-It! 48""W Rectangular Adjustable Metal Standing Desk Converter, Black (MI-7925)"
Furniture,Desks,Sit & Stand Desks,,Sit & Stand Desks,24294671,"LifeFlo Ergonomics Bi-Level PACS Radiology Table, 66""L x 46""D x 1 1/8"" Thick, Black (ECI-6646RAD-BK)"
Furniture,Desks,Sit & Stand Desks,,Sit & Stand Desks,24563654,"Luxor 32""-38""H Adjustable Standing Modular Teacher Desk, White/Gray (DTTB002)"
Furniture,Desks,Sit & Stand Desks,,Sit & Stand Desks,24553834,"Mount-It! 38""W Manual Rectangular Adjustable Standing Desk Converter, Dark Walnut Woodgrain (MI-15006)"
Furniture,Desks,Sit & Stand Desks,,Sit & Stand Desks,24633777,"FlexiSpot E7COMMERCIAL 60''W Electric Height Adjustable Standing Desk, Bamboo/Black(E7BCOM6030-LBZB)"
Furniture,Desks,Sit & Stand Desks,,Sit & Stand Desks,24633785,"FlexiSpot E7COMMERCIAL 55''W Electric Adjustable Particle Board Standing Desk, Black (E7BCOM5528-B)"
Furniture,Desks,Sit & Stand Desks,,Sit & Stand Desks,24563213,"Rocelco 32""W Manual Adjustable Standing Desk Converter, Black (R VADRB)"
Furniture,Desks,Sit & Stand Desks,,Sit & Stand Desks,24148275,"Mount-It! Mount-It! 36""W Rectangular Adjustable Standing Desk Converter, Black (MI-7926)"
Furniture,Desks,Sit & Stand Desks,,Sit & Stand Desks,24242163,"Victor Technology 28"" W High Rise™ Electric Single Monitor Standing Desk, Laminate Wood (DC400)"
Furniture,Desks,Sit & Stand Desks,,Sit & Stand Desks,24148276,"Mount-It! Mount-It! 36""W Manual Rectangular Adjustable Aluminum Standing Desk Converter, Black (MI-7934)"
Furniture,Desks,Sit & Stand Desks,,Sit & Stand Desks,24485662,"Mount-It! Height Adjustable Rolling Laptop Desk, Holds 17 lbs., White (MI-7997)"
Furniture,Desks,Sit & Stand Desks,,Sit & Stand Desks,24148274,"Mount-It! 36""W Electric Adjustable Standing Desk Converter with USB Charging Port, Black (MI-7927E)"
Furniture,Desks,Sit & Stand Desks,,Sit & Stand Desks,2475069,"Rocelco 38""W Manual Adjustable Standing Desk Converter, Black (R DADRB)"
Furniture,Desks,Sit & Stand Desks,,Sit & Stand Desks,24056233,"Mount-It! Dual Monitor Sit-Stand Workstation, Height Adjustable Desk Converter with Full Motion Arm (MI-7904)"
Furniture,Desks,Sit & Stand Desks,,Sit & Stand Desks,24161578,"Rocelco 37.5"" Height Adjustable Standing Desk Converter, Sit Stand Up Retractable Keyboard Riser, White (R DADRW)"
Furniture,Desks,Sit & Stand Desks,,Sit & Stand Desks,24554108,"Mount-It! 63""W Electric Corner Adjustable Standing Desk, Black (MI-15001)"
Furniture,Desks,Sit & Stand Desks,,Sit & Stand Desks,24563212,"Rocelco 37.4""W Electric Standing Desk Converter with ACUSB Charger Dual Monitor Mount, Black (R EDRB-DM2)"
Furniture,Desks,Sit & Stand Desks,,Sit & Stand Desks,24563296,"Rocelco 46""W Manual Adjustable Standing Desk Converter, Black (R DADRB-46)"
Furniture,Desks,Sit & Stand Desks,,Sit & Stand Desks,2106176,"Rocelco 32""W Manual Adjustable Standing Desk Converter, Black (R ADRB)"
Furniture,Desks,Sit & Stand Desks,,Sit & Stand Desks,24591124,"Mount-It! Ultimate 55""W Electric Rectangular Adjustable Standing Desk, Maple/White (MI-18077)"
Furniture,Desks,Sit & Stand Desks,,Sit & Stand Desks,24485665,"Mount-It! 28"" W Manual Adjustable Standing Desk With Locking Wheels, Black (MI-7969)"
Furniture,Desks,Sit & Stand Desks,,Sit & Stand Desks,2071113,"Luxor 60""W Adjustable Desk, Laminate Wood (STANDUP-CF60-DW)"
Furniture,Desks,Sit & Stand Desks,,Sit & Stand Desks,24520143,"Mount-It! 55""W Electric Adjustable Standing Desk, White (MI-18067)"
Furniture,Desks,Sit & Stand Desks,,Sit & Stand Desks,24603401,"Humanscale eFloat Go 2.0 58""W Electric Rectangular Adjustable Standing Desk, White (FYH12TS3060WH)"
Furniture,Desks,Sit & Stand Desks,,Sit & Stand Desks,24294672,"LifeFlo Ergonomics Height Adjustable Desk, 48""W x 24""D x 1 1/8"" Thick, Cherry (LFO-4824-E2-CH)"
Furniture,Desks,Sit & Stand Desks,,Sit & Stand Desks,24697439,"Mount-It! Dual Motor 55""W Electric Rectangular Adjustable Standing Desk, Maple/Black (MI-18101)"
Furniture,Desks,Sit & Stand Desks,,Sit & Stand Desks,24294667,"LifeFlo Ergonomics Bi-Level PACS Radiology Table, 66"" L x 46"" D x 1 1/8"" Thick, Carbon Fiber (ECI-6646RAD-CF)"
Furniture,Desks,Sit & Stand Desks,,Sit & Stand Desks,24697446,"Mount-It! Dual Motor 55""W Electric Rectangular Adjustable Standing Desk, Hazelnut/White (MI-18112)"
Furniture,Desks,Sit & Stand Desks,,Sit & Stand Desks,24697441,"Mount-It! Dual Motor 55""W Electric Rectangular Adjustable Standing Desk, White/Black (MI-18113)"
Furniture,Desks,Sit & Stand Desks,,Sit & Stand Desks,24697440,"Mount-It! Dual Motor 55""W Electric Rectangular Adjustable Standing Desk, Oak/Black (MI-18102)"
Furniture,Desks,Sit & Stand Desks,,Sit & Stand Desks,24430971,"Safco AlphaBetter 26"" - 42"" Plastic/Steel Adjustable Desk, White/Black (1209DE)"
Furniture,Desks,Sit & Stand Desks,,Sit & Stand Desks,24430954,"Safco AlphaBetter 26"" - 42"" Plastic/Steel Adjustable Desk, White/Black (1204DE)"
Furniture,Desks,Sit & Stand Desks,,Sit & Stand Desks,24591128,"Mount-It! 55""W Electric Rectangular Adjustable Standing Desk, Brown/Black (MI-18114)"
Furniture,Desks,Sit & Stand Desks,,Sit & Stand Desks,24295369,"Uncaged Ergonomics Electric Standing Desk Conversion Powered Sit to Stand Converter, Black (ESDC-b)"
Furniture,Desks,Sit & Stand Desks,,Sit & Stand Desks,24588913,"FlexiSpot E7Q 72""W Electric Adjustable Standing Desk, Black Walnut/Black (E7QB7230-BW)"
Furniture,Desks,Sit & Stand Desks,,Sit & Stand Desks,24506444,"Bush Business Furniture Move 40 Series 72""W Electric Height Adjustable Standing Desk, Black Walnut/Cool Gray (M4S7230BWSK)"
Furniture,Desks,Sit & Stand Desks,,Sit & Stand Desks,24649044,"Bush Business Furniture Stratus 60""W Electric L-Shaped Adjustable Standing Desk with Drawers, Platinum Gray (SUT017PG)"
Furniture,Desks,Sit & Stand Desks,,Sit & Stand Desks,24649038,"Bush Business Furniture Stratus 60""W Electric L-Shaped Adjustable Standing Desk with File Cabinet, Platinum Gray (SUT015PG)"
Furniture,Desks,Sit & Stand Desks,,Sit & Stand Desks,24649045,"Bush Business Furniture Stratus 60""W Electric L-Shaped Adjustable Standing Desk with Drawers, White (SUT017WH)"
Furniture,Desks,Sit & Stand Desks,,Sit & Stand Desks,24699335,"Victor Technology 48""W Electric Rectangular Adjustable Glass Standing Desk, Black (DC950B)"
Furniture,Desks,Sit & Stand Desks,,Sit & Stand Desks,24699333,"Victor Technology 48""W Electric Adjustable Standing Desk, White (DC840W)"
Furniture,Desks,Sit & Stand Desks,,Sit & Stand Desks,24289418,"Bush Business Furniture Move 60 Series 72""W Electric Height Adjustable Standing Desk, Hansen Cherry (M6S7230HCBK)"
Furniture,Desks,Sit & Stand Desks,,Sit & Stand Desks,24506468,"Bush Business Furniture Move 40 Series 48""W Electric Height Adjustable Standing Desk, Black Walnut/Cool Gray (M4S4824BWSK)"
Furniture,Desks,Sit & Stand Desks,,Sit & Stand Desks,24589335,"Bush Business Furniture Move 40 Series 72""W Electric Adjustable Standing Desk, Natural Elm/Cool Gray Metallic (M4S7230NESK)"
Furniture,Desks,Sit & Stand Desks,,Sit & Stand Desks,24630897,"Bush Business Furniture Move 40 Series 48""W Electric Adjustable Standing Desk, Natural Elm (M4S4824NEWK)"
Furniture,Desks,Sit & Stand Desks,,Sit & Stand Desks,24630913,"Bush Business Furniture Move 60 Series 60""W L Shaped Adjustable Standing Desk, Mocha Cherry (M6SL6078MRBK)"
Furniture,Desks,Sit & Stand Desks,,Sit & Stand Desks,24630937,"Bush Business Furniture Move 60 Series 60""W Electric Adjustable Standing Desk, Platinum Gray (M6S6030PGWK)"
Furniture,Desks,Sit & Stand Desks,,Sit & Stand Desks,24646734,"Bush Business Furniture Stratus 72""W Electric Rectangular Adjustable Standing Desk with Modesty Panel, Natural Elm (SUT004NE)"
Furniture,Desks,Sit & Stand Desks,,Sit & Stand Desks,24646754,"Bush Business Furniture Stratus 72""W Electric Adjustable Standing Desk with Storage, White (SUT020WH)"
Furniture,Desks,Sit & Stand Desks,,Sit & Stand Desks,24658297,"Mount-It! 40""W Electric Rectangular Adjustable Standing Desk, Black (MI-8035)"
Furniture,Desks,Sit & Stand Desks,,Sit & Stand Desks,24576675,"Workplace 2.0 55""W Electric Rectangular Adjustable Standing Desk with Micro Movements, White (WP62092)"
Furniture,Desks,Sit & Stand Desks,,Sit & Stand Desks,24619493,"Staples 48""W Electric Rectangular Adjustable Standing Desk, White (ST63148)"
Furniture,Desks,Sit & Stand Desks,,Sit & Stand Desks,24148276,"Mount-It! Mount-It! 36""W Manual Rectangular Adjustable Aluminum Standing Desk Converter, Black (MI-7934)"
Furniture,Desks,Sit & Stand Desks,,Sit & Stand Desks,24590806,"Mount-It! 63""W Electric Corner Adjustable Standing Desk, Rustic Brown/Black (MI-15010)"
Furniture,Desks,Sit & Stand Desks,,Sit & Stand Desks,24615370,"Mount-It! Dual Motor 72""W Electric Adjustable Standing Desk, Black (MI-18122)"
Furniture,Desks,Sit & Stand Desks,,Sit & Stand Desks,1132034,"Ergotron WorkFit-C Single LD Sit-Stand Workstation, Fits Up to 24"" Display"
Furniture,Desks,Sit & Stand Desks,,Sit & Stand Desks,24288072,"Mount-It! 48""W Rectangular Adjustable Metal Standing Desk Converter, Black (MI-7925)"
Furniture,Desks,Sit & Stand Desks,,Sit & Stand Desks,24571326,"Luxor 32""-38""H Adjustable Standing Modular Makerspace and Science Lab Table, White (DTTB001)"
Furniture,Desks,Sit & Stand Desks,,Sit & Stand Desks,24603400,"Humanscale eFloat Go 2.0 48""W Electric Rectangular Adjustable Standing Desk, Bamboo (FYH12TS2448BM)"
Furniture,Desks,Sit & Stand Desks,,Sit & Stand Desks,24553834,"Mount-It! 38""W Manual Rectangular Adjustable Standing Desk Converter, Dark Walnut Woodgrain (MI-15006)"
Furniture,Desks,Sit & Stand Desks,,Sit & Stand Desks,24591126,"Mount-It! Ultimate 55""W Electric Rectangular Adjustable Standing Desk, Adrift/Black (MI-18080)"
Furniture,Desks,Sit & Stand Desks,,Sit & Stand Desks,24591129,"Mount-It! Ultimate 55""W Electric Rectangular Adjustable Standing Desk, Oak/Black (MI-18082)"
Furniture,Desks,Sit & Stand Desks,,Sit & Stand Desks,24563213,"Rocelco 32""W Manual Adjustable Standing Desk Converter, Black (R VADRB)"
Furniture,Desks,Sit & Stand Desks,,Sit & Stand Desks,24148275,"Mount-It! Mount-It! 36""W Rectangular Adjustable Standing Desk Converter, Black (MI-7926)"
Furniture,Desks,Sit & Stand Desks,,Sit & Stand Desks,24294677,"LifeFlo Ergonomics Height Adjustable Desk, 48"" W x 24"" D x 1 1/8"" Thick, White (LFO-4824-E2-WH)"
Furniture,Desks,Sit & Stand Desks,,Sit & Stand Desks,24591123,"Mount-It! 55""W Electric Rectangular Adjustable Standing Desk, Black (MI-18087)"
Furniture,Desks,Sit & Stand Desks,,Sit & Stand Desks,24485662,"Mount-It! Height Adjustable Rolling Laptop Desk, Holds 17 lbs., White (MI-7997)"
Furniture,Desks,Sit & Stand Desks,,Sit & Stand Desks,24148274,"Mount-It! 36""W Electric Adjustable Standing Desk Converter with USB Charging Port, Black (MI-7927E)"
Furniture,Desks,Sit & Stand Desks,,Sit & Stand Desks,2475069,"Rocelco 38""W Manual Adjustable Standing Desk Converter, Black (R DADRB)"
Furniture,Desks,Sit & Stand Desks,,Sit & Stand Desks,24056233,"Mount-It! Dual Monitor Sit-Stand Workstation, Height Adjustable Desk Converter with Full Motion Arm (MI-7904)"
Furniture,Desks,Sit & Stand Desks,,Sit & Stand Desks,24161578,"Rocelco 37.5"" Height Adjustable Standing Desk Converter, Sit Stand Up Retractable Keyboard Riser, White (R DADRW)"
Furniture,Desks,Sit & Stand Desks,,Sit & Stand Desks,24554108,"Mount-It! 63""W Electric Corner Adjustable Standing Desk, Black (MI-15001)"
Furniture,Desks,Sit & Stand Desks,,Sit & Stand Desks,24563212,"Rocelco 37.4""W Electric Standing Desk Converter with ACUSB Charger Dual Monitor Mount, Black (R EDRB-DM2)"
Furniture,Desks,Sit & Stand Desks,,Sit & Stand Desks,24563296,"Rocelco 46""W Manual Adjustable Standing Desk Converter, Black (R DADRB-46)"
Furniture,Desks,Sit & Stand Desks,,Sit & Stand Desks,2106176,"Rocelco 32""W Manual Adjustable Standing Desk Converter, Black (R ADRB)"
Furniture,Desks,Sit & Stand Desks,,Sit & Stand Desks,24591130,"Mount-It! Ultimate 55""W Electric Rectangular Adjustable Standing Desk, Black (MI-18079)"
Furniture,Desks,Sit & Stand Desks,,Sit & Stand Desks,24697442,"Mount-It! Dual Motor 55""W Electric Rectangular Adjustable Standing Desk, Black/White (MI-18095)"
Furniture,Desks,Sit & Stand Desks,,Sit & Stand Desks,24697443,"Mount-It! Dual Motor 55""W Electric Rectangular Adjustable Standing Desk, Adrift/White (MI-18096)"
Furniture,Desks,Sit & Stand Desks,,Sit & Stand Desks,24697436,"Mount-It! Ultimate Dual Motor 48""W Electric Adjustable Standing Desk, White/Black (MI-18066)"
Furniture,Desks,Sit & Stand Desks,,Sit & Stand Desks,24697434,"Mount-It! Ultimate Dual Motor 55""W Electric Rectangular Adjustable Standing Desk, Adrift/White (MI-18076)"
Furniture,Desks,Sit & Stand Desks,,Sit & Stand Desks,1899276,"Bestar Connexion 72""W L-Desk with Electric Height-Adjustable Desk, Slate/Sandstone (93885-59)"
Furniture,Desks,Sit & Stand Desks,,Sit & Stand Desks,24506469,"Bush Business Furniture Move 40 Series 48""W Electric Height Adjustable Standing Desk, Modern Hickory/Cool Gray (M4S4824MHSK)"
Furniture,Desks,Sit & Stand Desks,,Sit & Stand Desks,24528865,"Bush Business Furniture Move 40 Series 48""W Electric Adjustable Standing Desk, Hansen Cherry/Black (M4S4824HCBK)"
Furniture,Desks,Sit & Stand Desks,,Sit & Stand Desks,24289396,"Bush Business Furniture Move 60 Series 72""W Electric Height Adjustable Standing Desk, Storm Gray (M6S7230SGBK)"
Furniture,Desks,Sit & Stand Desks,,Sit & Stand Desks,24506459,"Bush Business Furniture Move 60 Series 60""W Electric Height Adjustable Standing Desk, Black Walnut/Cool Gray (M6S6030BWSK)"
Furniture,Desks,Sit & Stand Desks,,Sit & Stand Desks,24588907,"FlexiSpot E7Q 78""W Electric Adjustable Standing Desk, Bamboo/Black (E7QBR7830-LBZB)"
Furniture,Desks,Sit & Stand Desks,,Sit & Stand Desks,24337175,"Bush Furniture Cabot 60""W 3 Position Sit to Stand L Shaped Desk with Hutch, Espresso Oak (CAB045EPO)"
Furniture,Desks,Sit & Stand Desks,,Sit & Stand Desks,24380845,"Bush Business Furniture Westfield 72""W 3 Position Sit to Stand L Desk w/ Hutch and File Cabinet, Mocha Cherry (SRC124MRSU)"
Furniture,Desks,Sit & Stand Desks,,Sit & Stand Desks,24380893,"Bush Business Furniture Westfield 60""W Right Hand 3 Position Sit to Stand L Desk w File Cabinet, Hansen Cherry (SRC128HCSU)"
Furniture,Desks,Sit & Stand Desks,,Sit & Stand Desks,2508789,"Uncaged Ergonomics Rise Up 60""W Electric Adjustable Bamboo Standing Desk, Black/Gray (RUGBK)"
Furniture,Desks,Sit & Stand Desks,,Sit & Stand Desks,24430497,"Bush Business Furniture Office 500 72""W Adjustable Desk with Storage and Bookcase, Modern Hickory (OF5006MHSU)"
Furniture,Desks,Sit & Stand Desks,,Sit & Stand Desks,24630929,"Bush Business Furniture Move 60 Series 60""W L Shaped Adjustable Standing Desk, Modern Hickory (M6SL6078MHSK)"
Furniture,Desks,Sit & Stand Desks,,Sit & Stand Desks,24630948,"Bush Business Furniture Move 40 Series 72""W Electric Adjustable Standing Desk, Platinum Gray (M4S7230PGWK)"
Furniture,Desks,Sit & Stand Desks,,Sit & Stand Desks,24649033,"Bush Business Furniture Stratus 60""W Electric L-Shaped Adjustable Standing Desk, White (SUT013WH)"
Furniture,Desks,Sit & Stand Desks,,Sit & Stand Desks,24658308,"Huanuo 48""W Electric Rectangular Adjustable Standing Desk, Walnut (HNESD68WN)"
Furniture,Desks,Sit & Stand Desks,,Sit & Stand Desks,24528888,"Bush Business Furniture Move 40 Series 60""W Electric Height Adjustable Standing Desk, White/Black (M4S6030WHBK)"
Furniture,Desks,Sit & Stand Desks,,Sit & Stand Desks,24528894,"Bush Business Furniture Move 40 Series 72""W Electric Adjustable Standing Desk, Modern Hickory/Black (M4S7230MHBK)"
Furniture,Desks,Sit & Stand Desks,,Sit & Stand Desks,24630931,"Bush Business Furniture Move 60 Series 72""W L Shaped Adjustable Standing Desk, Hansen Cherry (M6SL7278HCBK)"
Furniture,Desks,Sit & Stand Desks,,Sit & Stand Desks,24630999,"Bush Business Furniture Move 40 Series 72""W Electric Adjustable Standing Desk, Hansen Cherry (M4S7230HCWK)"
Furniture,Desks,Sit & Stand Desks,,Sit & Stand Desks,24630935,"Bush Business Furniture Move 40 Series 48""W Electric Adjustable Standing Desk, Black Walnut (M4S4824BWWK)"
Furniture,Desks,Sit & Stand Desks,,Sit & Stand Desks,24658316,"Huanuo 55""W Electric Rectangular Adjustable Standing Desk with Riser and Drawers, Walnut (HNESD101WN)"
Furniture,Desks,Sit & Stand Desks,,Sit & Stand Desks,24630924,"Bush Business Furniture Move 60 Series 72""W L Shaped Adjustable Standing Desk, Modern Hickory (M6SL7278MHBK)"
Furniture,Desks,Sit & Stand Desks,,Sit & Stand Desks,24649026,"Bush Business Furniture Stratus 60""W Electric Adjustable Standing Desk with File Cabinet, Platinum Gray (SUT007PG)"
Furniture,Desks,Sit & Stand Desks,,Sit & Stand Desks,24630932,"Bush Business Furniture Move 40 Series 72""W Electric Adjustable Standing Desk, Mocha Cherry (M4S7230MRWK)"
Furniture,Desks,Sit & Stand Desks,,Sit & Stand Desks,24649035,"Bush Business Furniture Stratus 72""W Electric L-Shaped Adjustable Standing Desk, Platinum Gray (SUT014PG)"
Furniture,Desks,Sit & Stand Desks,,Sit & Stand Desks,24380916,"Bush Business Furniture Westfield 72""W 3 Position Bow Front Sit to Stand L Desk w/ File Cabinet, Mocha Cherry (SRC126MRSU)"
Furniture,Desks,Sit & Stand Desks,,Sit & Stand Desks,24528949,"Bush Business Furniture Move 40 Series 72""W Electric Adjustable Standing Desk, White/Black (M4S7230WHBK)"
Furniture,Desks,Sit & Stand Desks,,Sit & Stand Desks,24528987,"Bush Business Furniture Move 40 Series 60""W Adjustable Standing Desk, Mocha Cherry/Black (M4S6030MRBK)"
Furniture,Desks,Sit & Stand Desks,,Sit & Stand Desks,24578059,Tech Help Plus
Furniture,Desks,Sit & Stand Desks,,Sit & Stand Desks,24658297,"Mount-It! 40""W Electric Rectangular Adjustable Standing Desk, Black (MI-8035)"
Furniture,Desks,Sit & Stand Desks,,Sit & Stand Desks,24576675,"Workplace 2.0 55""W Electric Rectangular Adjustable Standing Desk with Micro Movements, White (WP62092)"
Furniture,Desks,Sit & Stand Desks,,Sit & Stand Desks,24619493,"Staples 48""W Electric Rectangular Adjustable Standing Desk, White (ST63148)"
Furniture,Lamps & Lighting,Specialty Lighting,,Specialty Lighting,24645194,Verilux HappyLight Touch LED Light Therapy Lamp (VT32WW3)
Furniture,Lamps & Lighting,Specialty Lighting,,Specialty Lighting,24645202,"Verilux HappyLight Alba Light Therapy Lamp, White (VT52WW3)"
Furniture,Lamps & Lighting,Specialty Lighting,,Specialty Lighting,24645201,"Verilux HappyLight Luxe Light Therapy Lamp, White (VT43WW3)"
Furniture,Lamps & Lighting,Specialty Lighting,,Specialty Lighting,24649422,"Excello Brands LED TV Backlight, 13.1' (EGP-LED-TV)"
Furniture,Lamps & Lighting,Specialty Lighting,,Specialty Lighting,24603177,"STANLEY 6-In. LED Utility Light, White (32740)"
Furniture,Lamps & Lighting,Specialty Lighting,,Specialty Lighting,2211434,Lavish Home 3-Piece LED Color Changing Flameless Candle Set w/Remote (72-0030C)
Furniture,Lamps & Lighting,Specialty Lighting,,Specialty Lighting,24645199,"Verilux HappyLight Luxe Light Therapy Lamp, Champagne Gold (VT43CG3)"
Furniture,Lamps & Lighting,Specialty Lighting,,Specialty Lighting,24637769,"eco4life Bluetooth/Wi-Fi Smart Laser Star Projector, White (SK23)"
Furniture,Lamps & Lighting,Specialty Lighting,,Specialty Lighting,24645200,"Verilux HappyLight Luxe Light Therapy Lamp, Marble (VT43MB3)"
Furniture,Lamps & Lighting,Specialty Lighting,,Specialty Lighting,24005494,"GoGreen Power 6' 8.5"" Clamp Light, Gray (GG-34906)"
Furniture,Lamps & Lighting,Specialty Lighting,,Specialty Lighting,24645203,"Verilux HappyLight Halo Light Therapy Lamp, White (VT54WW6)"
Furniture,Lamps & Lighting,Specialty Lighting,,Specialty Lighting,24005496,"GoGreen Power 6' 5.5"" Shade Clamp Light, Gray (GG-34806)"
Furniture,Lamps & Lighting,Specialty Lighting,,Specialty Lighting,24645198,Verilux HappyLight Touch Plus Light Therapy Lamp (VT42WW3)
Furniture,Lamps & Lighting,Specialty Lighting,,Specialty Lighting,24551893,"Vivitar Photo Clip LED String Light, Warm White (VIVFA100-NOC-STK-6)"
Furniture,Lamps & Lighting,Specialty Lighting,,Specialty Lighting,24549357,"Monster Multi-Color and Multi-White Indoor/Outdoor LED Light Strip, 16.4-ft., (MLB7-1037-RGB)"
Furniture,Lamps & Lighting,Specialty Lighting,,Specialty Lighting,24645193,"Verilux HappyLight Lumi Light Therapy Lamp, White (VT31WW3)"
Furniture,Lamps & Lighting,Specialty Lighting,,Specialty Lighting,24697421,D.M. Merchandising Night Scope Rechargeable LED Clip-On Light (NGTCL12)
Furniture,Lamps & Lighting,Specialty Lighting,,Specialty Lighting,24680234,"Furman LED Rack Light, Black (RL-LED)"
Furniture,Lamps & Lighting,Specialty Lighting,,Specialty Lighting,24603074,"STANLEY LED Motion-Sensing Utility Light, White (32749)"
Furniture,Lamps & Lighting,Specialty Lighting,,Specialty Lighting,24562393,"Kodak LED Light Box, Black (RODLLP8X6)"
Furniture,Lamps & Lighting,Specialty Lighting,,Specialty Lighting,24680236,"Furman LED Replacement Task Light, Black (391355-3994)"
Furniture,Lamps & Lighting,Specialty Lighting,,Specialty Lighting,24645192,"Verilux HappyLight Lucent Light Therapy Lamp, White (VT22WW3)"
Furniture,Lamps & Lighting,Specialty Lighting,,Specialty Lighting,24682084,"National Tree Company 23"" LED Light Strip Cocktails Sign (DF-19010010L)"
Furniture,Lamps & Lighting,Specialty Lighting,,Specialty Lighting,24562395,"Kodak LED Light Box for Negatives, Black (RODLLP12X8)"
Furniture,Lamps & Lighting,Specialty Lighting,,Specialty Lighting,24562391,"Kodak LED Light Box for Negatives, 7"" x 5"", Black (RODLLP7X5)"
Furniture,Lamps & Lighting,Specialty Lighting,,Specialty Lighting,24503807,"Monster Arc+ LED Desk Lamp, Black (MLB7-1074-RGB)"
Furniture,Lamps & Lighting,Specialty Lighting,,Specialty Lighting,24506631,"Monster Multi-Zone 13' LED Flow Light Strip, Multicolor (MLB7-1083-RGB)"
Furniture,Lamps & Lighting,Specialty Lighting,,Specialty Lighting,24671500,"Eton American Red Cross Blackout Buddy Swivel Light, White (ARCBB201W-SNG)"
Furniture,Lamps & Lighting,Specialty Lighting,,Specialty Lighting,24562398,"Kodak LED Light Box for Negatives,  5"" x 4"", Black (RODLLP5X4)"
Furniture,Lamps & Lighting,Specialty Lighting,,Specialty Lighting,24649423,"Excello Brands LED Corner Lamp, 49.5"" (EGP-FL-CRNRLGT-BLK)"
Furniture,Lamps & Lighting,Specialty Lighting,,Specialty Lighting,23974136,"General Electric Push On/Off Led Utility Light, White (JAS54807)"
Furniture,Lamps & Lighting,Specialty Lighting,,Specialty Lighting,24550797,"OttLite ClearSun LED Light Therapy Lamp, White (CSLT000W)"
Furniture,Lamps & Lighting,Specialty Lighting,,Specialty Lighting,24645197,Verilux HappyLight Lumi Plus Light Therapy Lamp (VT41WW3)
Furniture,Lamps & Lighting,Specialty Lighting,,Specialty Lighting,24645195,"Verilux HappyLight Duo 2-in-1 Light Therapy & Desk Lamp, White (VT37WW1)"
Furniture,Lamps & Lighting,Specialty Lighting,,Specialty Lighting,24681789,"STANLEY 10-LED Motion Sensing Battery-Operated Utility Light, White, 3/Pack (32749)"
Furniture,Lamps & Lighting,Specialty Lighting,,Specialty Lighting,24645204,"Verilux HappyLight Mini Light Therapy Lamp, White (VT54WW6)"
Furniture,Lamps & Lighting,Specialty Lighting,,Specialty Lighting,24645196,"Verilux HappyLight Duo 2-in-1 Light Therapy & Floor Lamp, White (VT39WW1)"
Furniture,Lamps & Lighting,Table Lamps,,Table Lamps,24615226,"Adesso Andy LED Table Lamp, Black (4074-01)"
Furniture,Lamps & Lighting,Table Lamps,,Table Lamps,24550726,"Adesso Bowie Incandescent Table Lamp, Antique Brass/Metal (5132-02)"
Furniture,Lamps & Lighting,Table Lamps,,Table Lamps,24700438,"Adesso Rayne 27""H Incandescent Table Lamp, Brown Marble Base/Rattan Shade (3293-01)"
Furniture,Lamps & Lighting,Table Lamps,,Table Lamps,24615220,"Adesso Lennon Incandescent Table Lamp, 19.5""H, Black (2604-01)"
Furniture,Lamps & Lighting,Table Lamps,,Table Lamps,24700437,"Adesso Mika 11.75""H LED Table Lamp, Wash White/Antique Brass Metal Shade (3209-21)"
Furniture,Lamps & Lighting,Table Lamps,,Table Lamps,24615229,"Adesso Andy 15"" LED Table Lamp, Antique Brass (4074-21)"
Furniture,Lamps & Lighting,Table Lamps,,Table Lamps,24700434,"Adesso Flynn 14.25""H LED Table Lamp, Antique Brass (3194-21)"
Furniture,Lamps & Lighting,Table Lamps,,Table Lamps,24700440,"Adesso Samara 7.75"" LED Table Lamp, Antique Brass with Iron & Glass Shade (3336-21)"
Furniture,Lamps & Lighting,Table Lamps,,Table Lamps,24615250,"Adesso Ozzie LED Table Lamp, Reddish Brown (3114-08)"
Furniture,Lamps & Lighting,Table Lamps,,Table Lamps,24632539,"Adesso Vortex 20"" Incandescent Table Lamp, Antique Brass (2605-21)"
Furniture,Lamps & Lighting,Table Lamps,,Table Lamps,24632528,"Adesso Dax LED Wireless Charging Desk Lamp, Black (2611-01)"
Furniture,Lamps & Lighting,Table Lamps,,Table Lamps,24632524,"Adesso Dax LED Wireless Charging Desk Lamp, Brushed Steel (2611-22)"
Furniture,Lamps & Lighting,Table Lamps,,Table Lamps,24463592,"Adesso Christina Table Lamp, Brushed Steel (1536-22)"
Furniture,Lamps & Lighting,Table Lamps,,Table Lamps,24588842,"Simplee Adesso Barton Incandescent Table Lamp, Antique Brass/Oatmeal (SL1165-21)"
Furniture,Lamps & Lighting,Table Lamps,,Table Lamps,134511,"Adesso® Lexington Incandescant Table Lamp, Dark Walnut & Brushed Steel (4050-15)"
Furniture,Lamps & Lighting,Table Lamps,,Table Lamps,24588816,"Monarch Specialties Inc. Incandescent Table Lamp, Nickel/Ivory, 2/Set (I 9649)"
Furniture,Lamps & Lighting,Table Lamps,,Table Lamps,24612486,"Auge Light LED Table Lamp, White (AGDSLWT2201)"
Furniture,Lamps & Lighting,Table Lamps,,Table Lamps,24632538,"Adesso Vortex 20"" Incandescent Table Lamp, Black (2605-01)"
Furniture,Lamps & Lighting,Table Lamps,,Table Lamps,24700452,"Simplee Adesso Julius 23.8""H Incandescent Table Lamp, Black/Linen Fabric Shade, 2/Pack (SL0376-01)"
Furniture,Lamps & Lighting,Table Lamps,,Table Lamps,24588788,"Adesso Hazel Incandescent Table Lamp, Antique Brass/Frosted White (4277-21)"
Furniture,Lamps & Lighting,Table Lamps,,Table Lamps,24686474,"Simplee Adesso Ivy Candlewarmer 14.75"" Halogen Table Lamp, Black/Blue Floral (SL1193-07)"
Furniture,Lamps & Lighting,Table Lamps,,Table Lamps,24686486,"Adesso Connie 10.75""H LED Table Lamp, Natural/Antique Brass (3178-12)"
Furniture,Lamps & Lighting,Table Lamps,,Table Lamps,24686469,"Simplee Adesso Ridgley Candlewarmer 13.25"" Halogen Table Lamp, Black (SL1190-01)"
Furniture,Lamps & Lighting,Table Lamps,,Table Lamps,24686505,"Adesso Greer 30""H LED Table Lamp, Black (4213-01)"
Furniture,Lamps & Lighting,Table Lamps,,Table Lamps,24588781,"Adesso Tucker Incandescent Table Lamp, Antique Brass/Beige (1631-21)"
Furniture,Lamps & Lighting,Table Lamps,,Table Lamps,24588806,"Adesso Trudy Incandescent/LED Table Lamp, Walnut/Natural (1568-12)"
Furniture,Lamps & Lighting,Table Lamps,,Table Lamps,24588790,"Adesso Lewis Incandescent/CFL Table Lamp, Matte Black/White (6027-01)"
Furniture,Lamps & Lighting,Table Lamps,,Table Lamps,24700450,"Simplee Adesso Grady 23.8""H Incandescent Table Lamp, White/Antique Brass, 2/Pack (SL0375-02)"
Furniture,Lamps & Lighting,Table Lamps,,Table Lamps,24631106,"Kooduu Lite Up Play Mini 11.75"" LED Speaker Lamp with USB Port, Earth (1202-15)"
Furniture,Lamps & Lighting,Table Lamps,,Table Lamps,24632525,"Adesso Orla 14.5"" LED Table Lamp, Shiny Chrome/Clear Acrylic (4100-22)"
Furniture,Lamps & Lighting,Table Lamps,,Table Lamps,24700435,"Adesso Naya 9.25""H LED Table Lamp, Natural Wood/Antique Brass Metal Shade (3196-12)"
Furniture,Lamps & Lighting,Table Lamps,,Table Lamps,24615234,"Adesso Tommy LED Table Lamp, Brushed Steel (2600-22)"
Furniture,Lamps & Lighting,Table Lamps,,Table Lamps,24615240,"Adesso Tommy LED Table Lamp, Black (2600-01)"
Furniture,Lamps & Lighting,Table Lamps,,Table Lamps,24686472,"Simplee Adesso Chiara Candlewarmer 13.5"" Halogen Table Lamp, Antique Brass (SL1192-21)"
Furniture,Lamps & Lighting,Table Lamps,,Table Lamps,24686516,"Adesso Nigel 29""H Incandescent Table Lamp, Black/Off-White (4357-01)"
Furniture,Lamps & Lighting,Table Lamps,,Table Lamps,24615258,"Adesso Lenny 10"" LED Table Lamp, White (4094-02)"
Furniture,Lamps & Lighting,Table Lamps,,Table Lamps,24615225,"Adesso Lennon Incandescent Table Lamp, 19.5""H, Brushed Steel (2604-22)"
Furniture,Lamps & Lighting,Table Lamps,,Table Lamps,24615215,"Adesso Ronny LED Cordless Table Lamp, 14.6""H, Antique Brass/Walnut Wood (3064-15)"
Furniture,Lamps & Lighting,Table Lamps,,Table Lamps,24615217,"Adesso Bobby LED Cordless Indoor/Outdoor Table Lamp, 14""H, Black (3076-01)"
Furniture,Lamps & Lighting,Table Lamps,,Table Lamps,24631103,"Kooduu Synergy 65 28.25"" LED Speaker Lamp with USB Port, White (1208-02)"
Furniture,Lamps & Lighting,Table Lamps,,Table Lamps,24700415,"Adesso Ambrose 27""H Incandescent Table Lamp, White/Navy and White Fabric Shade (1654-02)"
Furniture,Lamps & Lighting,Table Lamps,,Table Lamps,24700433,"Adesso Flynn 14.25""H LED Table Lamp, Black (3194-01)"
Furniture,Lamps & Lighting,Table Lamps,,Table Lamps,24645191,"Pure Enrichment PureGlow 4.35"" Halogen Salt Lamp, White (PEUSBSLT)"
Furniture,Lamps & Lighting,Table Lamps,,Table Lamps,24578059,Tech Help Plus
Furniture,Lamps & Lighting,Table Lamps,,Table Lamps,24588772,"Monarch Specialties Inc. Incandescent Table Lamp, Black/Ivory (I 9738)"
Furniture,Lamps & Lighting,Table Lamps,,Table Lamps,24615218,"Adesso Bobby LED Cordless Indoor/Outdoor Table Lamp, 14""H, Antique Brass (3076-21)"
Furniture,Lamps & Lighting,Table Lamps,,Table Lamps,24550695,"Simplee Adesso Joan Table Lamp, Glossy White, 2/Set (SL1149-02)"
Furniture,Lamps & Lighting,Table Lamps,,Table Lamps,24631099,"Kooduu Sensa Play 8.5"" LED Speaker Lamp with USB Port, Orange (1203-08)"
Furniture,Lamps & Lighting,Table Lamps,,Table Lamps,24632529,"Adesso Thalia 25"" Incandescent Table Lamp, Antique Brass/White (SL2613-21)"
Furniture,Lamps & Lighting,Table Lamps,,Table Lamps,24700420,"Adesso Esme 22""H Incandescent Table Lamp, Antique Brass/White Fabric Shade (2619-21)"
Furniture,Lamps & Lighting,Table Lamps,,Table Lamps,24615230,"Adesso Ritchie LED Table Lamp, Antique Brass (2601-21)"
Furniture,Lamps & Lighting,Table Lamps,,Table Lamps,24700442,"Adesso Cassius 7.75""H LED Table Lamp, Black with Iron & Glass Shade (3343-01)"
Furniture,Lamps & Lighting,Table Lamps,,Table Lamps,24700443,"Adesso Cassius 10.6""H LED Table Lamp, Black with Iron & Glass Shade (3345-01)"
Furniture,Lamps & Lighting,Table Lamps,,Table Lamps,24700453,"Simplee Adesso Jolene 24""H Incandescent Table Lamp, Natural/Linen Fabric Shade, 2/Pack (SL0377-15)"
Furniture,Lamps & Lighting,Table Lamps,,Table Lamps,24615257,"Adesso Jacky LED Table Lamp, Black (3112-01)"
Furniture,Lamps & Lighting,Table Lamps,,Table Lamps,24612489,"Auge Light LED Table Lamp, Gray (AGDSLGY2201)"
Furniture,Lamps & Lighting,Table Lamps,,Table Lamps,24615213,"Adesso Ronny LED Cordless Table Lamp, 14.6""H, Black/Natural Wood (3064-12)"
Furniture,Lamps & Lighting,Table Lamps,,Table Lamps,24631105,"Kooduu Lite Up Play Mini 11.75"" LED Speaker Lamp with USB Port, Sand (1202-12)"
Furniture,Lamps & Lighting,Table Lamps,,Table Lamps,24615227,"Adesso Jimmy LED Table Lamp, Antique Brass (2602-21)"
Furniture,Lamps & Lighting,Table Lamps,,Table Lamps,24632532,"Adesso Lyra 26"" Incandescent Table Lamp, Antique Brass/White (2607-21)"
Furniture,Lamps & Lighting,Table Lamps,,Table Lamps,24632528,"Adesso Dax LED Wireless Charging Desk Lamp, Black (2611-01)"
Furniture,Lamps & Lighting,Table Lamps,,Table Lamps,24632524,"Adesso Dax LED Wireless Charging Desk Lamp, Brushed Steel (2611-22)"
Furniture,Lamps & Lighting,Table Lamps,,Table Lamps,24588789,"Monarch Specialties Inc. Incandescent Table Lamp, Black/Ivory, 2/Set (I 9639)"
Furniture,Lamps & Lighting,Table Lamps,,Table Lamps,24588842,"Simplee Adesso Barton Incandescent Table Lamp, Antique Brass/Oatmeal (SL1165-21)"
Furniture,Lamps & Lighting,Table Lamps,,Table Lamps,134511,"Adesso® Lexington Incandescant Table Lamp, Dark Walnut & Brushed Steel (4050-15)"
Furniture,Lamps & Lighting,Table Lamps,,Table Lamps,24588792,"Adesso Cap Incandescent Table Lamp, Black/Antique Brass (1562-21)"
Furniture,Lamps & Lighting,Table Lamps,,Table Lamps,24588844,"Monarch Specialties Inc. Incandescent Table Lamp, Matte Black (I 9647)"
Furniture,Lamps & Lighting,Table Lamps,,Table Lamps,24615242,"Adesso Stevie LED Table Lamp, Antique Brass (4082-21)"
Furniture,Lamps & Lighting,Table Lamps,,Table Lamps,24632523,"Adesso Orla 14.5"" LED Table Lamp, Shiny Gold/Clear Acrylic (4100-04)"
Furniture,Lamps & Lighting,Table Lamps,,Table Lamps,24632549,"Adesso Maeve 25"" Incandescent Table Lamp, Antique Brass/Brown (9406-21)"
Furniture,Lamps & Lighting,Table Lamps,,Table Lamps,24686477,"Simplee Adesso Perry Candlewarmer 14.5"" Halogen Table Lamp, Antique Brass (SL1194-12)"
Furniture,Lamps & Lighting,Table Lamps,,Table Lamps,24686512,"Adesso Laine 27.5""H Incandescent Table Lamp, Antique Brass/Walnut/Beige (4343-15)"
Furniture,Lamps & Lighting,Table Lamps,,Table Lamps,24700407,"Adesso Dahlia 18""H Incandescent Table Lamp, Black/Navy/White Fabric Shade (1646-01)"
Furniture,Lamps & Lighting,Table Lamps,,Table Lamps,24615222,"Adesso Lennon Incandescent Table Lamp, 19.5""H, Antique Brass (2604-21)"
Furniture,Lamps & Lighting,Table Lamps,,Table Lamps,24588803,"Monarch Specialties Inc. Incandescent Table Lamp, White Marble/Ivory (I 9636)"
Furniture,Lamps & Lighting,Table Lamps,,Table Lamps,24615219,"Adesso Otis Incandescent Table Lamp, Black (2603-01)"
Furniture,Lamps & Lighting,Table Lamps,,Table Lamps,24631108,"Kooduu Sensa Play Mini 6.25"" LED Speaker Lamp with USB Port, Black (1206-01)"
Furniture,Lamps & Lighting,Table Lamps,,Table Lamps,24700411,"Adesso Samira 18.75""H Incandescent Table Lamp, Black/Blue Printed Fabric Shade (1650-01)"
Furniture,Lamps & Lighting,Table Lamps,,Table Lamps,24686479,"Simplee Adesso Twirl Candlewarmer 13.5"" Halogen Table Lamp, Black/White (SL1195-01)"
Furniture,Lamps & Lighting,Table Lamps,,Table Lamps,24631097,"Kooduu Lite Up Play 15.75"" LED Speaker Lamp with USB Port, Ocean (1201-07)"
Furniture,Lamps & Lighting,Table Lamps,,Table Lamps,24632527,"Adesso Scallop 28.75"" Incandescent Table Lamp, Black/Cream (4143-01)"
Furniture,Lamps & Lighting,Table Lamps,,Table Lamps,24700449,"Simplee Adesso Freya 24""H Incandescent Table Lamp, Pink/Antique Brass/White, 2/Pack (SL0374-29)"
Furniture,Lamps & Lighting,Table Lamps,,Table Lamps,24588835,"Monarch Specialties Inc. Incandescent Table Lamp, Nickel/Gray, 2/Set (I 9642)"
Furniture,Lamps & Lighting,Table Lamps,,Table Lamps,24550718,"Adesso Bowie Table Lamp, Antique Brass (5132-01)"
Furniture,Lamps & Lighting,Table Lamps,,Table Lamps,3130549,"Newhouse Lighting Verona 7.5"" LED Table Lamp, Brass (NHTL-VE-BRS)"
Furniture,Lamps & Lighting,Table Lamps,,Table Lamps,24686480,"Simplee Adesso Twirl Candlewarmer 13.5"" Halogen Table Lamp, Antique Brass/Beige/White Floral (SL1195-21)"
Furniture,Lamps & Lighting,Table Lamps,,Table Lamps,24588828,"Adesso Francis Incandescent Table Lamp, Antique Brass/White (1574-01)"
Furniture,Lamps & Lighting,Table Lamps,,Table Lamps,24465728,"Adesso Bergen Incandescent Table Lamp, Antique Brass/Black/Gray (4206-21)"
Furniture,Lamps & Lighting,Table Lamps,,Table Lamps,24686514,"Adesso Norfolk 30""H Incandescent Table Lamp, Black (4355-01)"
Furniture,Lamps & Lighting,Table Lamps,,Table Lamps,24615248,"Adesso Ozzie LED Cordless Indoor/Outdoor Table Lamp, 11.25""H, Black (3114-01)"
Furniture,Lamps & Lighting,Table Lamps,,Table Lamps,24686504,"Adesso Randy 9""H LED Table Lamp, Antique Brass/Marble (4132-21)"
Furniture,Lamps & Lighting,Table Lamps,,Table Lamps,24700409,"Adesso Faye 18""H Incandescent Table Lamp, Natural Wood/Multi-Color Floral Fabric Shade (1648-12)"
Furniture,Lamps & Lighting,Table Lamps,,Table Lamps,24632545,"Adesso Kendra 25"" Incandescent Table Lamp, Black/Oatmeal (9408-01)"
Furniture,Lamps & Lighting,Table Lamps,,Table Lamps,24686471,"Simplee Adesso Alcott Candlewarmer 13"" Halogen Table Lamp, Antique Brass (SL1191-21)"
Furniture,Lamps & Lighting,Table Lamps,,Table Lamps,24588772,"Monarch Specialties Inc. Incandescent Table Lamp, Black/Ivory (I 9738)"
Furniture,Lamps & Lighting,Table Lamps,,Table Lamps,24615218,"Adesso Bobby LED Cordless Indoor/Outdoor Table Lamp, 14""H, Antique Brass (3076-21)"
Furniture,Lamps & Lighting,Table Lamps,,Table Lamps,24550695,"Simplee Adesso Joan Table Lamp, Glossy White, 2/Set (SL1149-02)"
Furniture,Lamps & Lighting,Table Lamps,,Table Lamps,24631099,"Kooduu Sensa Play 8.5"" LED Speaker Lamp with USB Port, Orange (1203-08)"
Furniture,Lamps & Lighting,Table Lamps,,Table Lamps,24632529,"Adesso Thalia 25"" Incandescent Table Lamp, Antique Brass/White (SL2613-21)"
Furniture,Lamps & Lighting,Table Lamps,,Table Lamps,24700420,"Adesso Esme 22""H Incandescent Table Lamp, Antique Brass/White Fabric Shade (2619-21)"
Furniture,Lamps & Lighting,Table Lamps,,Table Lamps,24632519,"Adesso Ophelia 27"" Incandescent Table Lamp, Antique Brass/White (9402-21)"
Furniture,Lamps & Lighting,Table Lamps,,Table Lamps,24686481,"Adesso Sonora 19.75""H Incandescent Table Lamp, Walnut/Off-White (3010-15)"
Furniture,Lamps & Lighting,Table Lamps,,Table Lamps,24686518,"Adesso Foster 28""H Incandescent Table Lamp, Black/Off-White (4359-01)"
Furniture,Lamps & Lighting,Table Lamps,,Table Lamps,24700436,"Adesso Naya 9.25""H LED Table Lamp, Walnut Wood/Black Metal Shade (3196-15)"
Furniture,Lamps & Lighting,Table Lamps,,Table Lamps,24686473,"Simplee Adesso Ivy Candlewarmer 14.75"" Halogen Table Lamp, Black/White (SL1193-01)"
Furniture,Lamps & Lighting,Table Lamps,,Table Lamps,24615216,"Adesso Stevie LED Table Lamp, White (4082-02)"
Furniture,Lamps & Lighting,Table Lamps,,Table Lamps,24631100,"Kooduu Sensa Play Mini 6.25"" LED Speaker Lamp with USB Port, Orange (1206-08)"
Furniture,Lamps & Lighting,Table Lamps,,Table Lamps,24588767,"Monarch Specialties Inc. Incandescent Table Lamp, Matte Black/Clear (I 9637)"
Furniture,Lamps & Lighting,Table Lamps,,Table Lamps,24588775,"Monarch Specialties Inc. Incandescent Table Lamp, Black/Beige (I 9623)"
Furniture,Lamps & Lighting,Table Lamps,,Table Lamps,24588821,"Monarch Specialties Inc. Table Lamp, Nickel/Ivory (I 9657)"
Furniture,Lamps & Lighting,Table Lamps,,Table Lamps,24632528,"Adesso Dax LED Wireless Charging Desk Lamp, Black (2611-01)"
Furniture,Lamps & Lighting,Table Lamps,,Table Lamps,24632524,"Adesso Dax LED Wireless Charging Desk Lamp, Brushed Steel (2611-22)"
Furniture,Lamps & Lighting,Table Lamps,,Table Lamps,24588784,"Monarch Specialties Inc. Incandescent Table Lamp, Matte Black/Ivory (I 9646)"
Furniture,Lamps & Lighting,Table Lamps,,Table Lamps,134511,"Adesso® Lexington Incandescant Table Lamp, Dark Walnut & Brushed Steel (4050-15)"
Furniture,Lamps & Lighting,Table Lamps,,Table Lamps,24588842,"Simplee Adesso Barton Incandescent Table Lamp, Antique Brass/Oatmeal (SL1165-21)"
Furniture,Lamps & Lighting,Table Lamps,,Table Lamps,24588787,"Adesso Liam Incandescent/CFL Table Lamp, Antique Bronze/Natural (1546-26)"
Furniture,Lamps & Lighting,Table Lamps,,Table Lamps,24615214,"Adesso Stevie LED Table Lamp, Black (4082-01)"
Furniture,Lamps & Lighting,Table Lamps,,Table Lamps,24615224,"Adesso Jimmy LED Table Lamp, Black (2602-01)"
Furniture,Lamps & Lighting,Table Lamps,,Table Lamps,24615235,"Adesso Otis Incandescent Table Lamp, Antique Brass (2603-21)"
Furniture,Lamps & Lighting,Table Lamps,,Table Lamps,24632537,"Adesso Linis 24"" Incandescent Table Lamp, Antique Brass/White (AD9104-21)"
Furniture,Lamps & Lighting,Table Lamps,,Table Lamps,24700441,"Adesso Samara 10.6""H LED Table Lamp, Antique Brass with Iron & Glass Shade (3339-21)"
Furniture,Lamps & Lighting,Table Lamps,,Table Lamps,24782633,"Adesso Orchard Collection 28.25"" Incandescent Table Lamp, Black/Beige (3931-01)"
Furniture,Lamps & Lighting,Table Lamps,,Table Lamps,24632521,"Adesso Nash 12"" LED Table Lamp, Natural Wood/White (4065-02)"
Furniture,Lamps & Lighting,Table Lamps,,Table Lamps,24615243,"Adesso Mattie LED Table Lamp, Beige (3118-12)"
Furniture,Lamps & Lighting,Table Lamps,,Table Lamps,24768371,"Safavieh Dayton 21"" LED Table Lamp, White, 2/Set (TBL4140A-SET2)"
Furniture,Lamps & Lighting,Table Lamps,,Table Lamps,24631098,"Kooduu Lite Up Play 15.75"" LED Speaker Lamp with USB Port, Sand (1201-12)"
Furniture,Lamps & Lighting,Table Lamps,,Table Lamps,24615232,"Adesso Ritchie LED Table Lamp, Brushed Steel (2601-22)"
Furniture,Lamps & Lighting,Table Lamps,,Table Lamps,24631109,"Kooduu Lite Up Play Mini 11.75"" LED Speaker Lamp with USB Port, Ocean (1202-07)"
Furniture,Lamps & Lighting,Table Lamps,,Table Lamps,24764761,"Simplee Adesso 8.75""H LED Jellyfish Motion Light Box, Black (SL3723-01)"
Furniture,Lamps & Lighting,Table Lamps,,Table Lamps,24764762,"Simplee Adesso 9""H LED Aquarium Motion Light Box, Black (SL3981-01)"
Furniture,Lamps & Lighting,Table Lamps,,Table Lamps,24768430,"Safavieh Mattie 20.75"" LED Table Lamp, Black (TBL4648A)"
Furniture,Lamps & Lighting,Table Lamps,,Table Lamps,24782637,"Adesso Trio Collection 68.5"" Incandescent Floor Lamp, Antique Brass (4305-12)"
Furniture,Lamps & Lighting,Table Lamps,,Table Lamps,24768373,"Safavieh Karlen 28.5"" LED Table Lamp, Black/Gold, 2/Set (TBL4223B-SET2)"
Furniture,Lamps & Lighting,Table Lamps,,Table Lamps,24768372,"Safavieh Kashton 20"" LED Table Lamp with USB Port, Black (TBL4186A)"
Furniture,Lamps & Lighting,Table Lamps,,Table Lamps,24768374,"Safavieh Amur 24"" LED Table Lamp with USB Port, Black/Brass Gold (TBL4456A-U)"
Furniture,Lamps & Lighting,Table Lamps,,Table Lamps,24768369,"Safavieh Lani 32"" Table Lamp with USB Port, Gold, 2/Set (TBL4016A-SET2-U)"
Furniture,Lamps & Lighting,Table Lamps,,Table Lamps,24588825,"Monarch Specialties Inc. Incandescent Table Lamp, Matte Black/Ivory, 2/Set (I 9643)"
Furniture,Lamps & Lighting,Table Lamps,,Table Lamps,24764764,"Simplee Adesso 9""H LED Glitter Motion Light Box, White (SL3984-02)"
Furniture,Lamps & Lighting,Table Lamps,,Table Lamps,24615241,"Adesso Tommy LED Table Lamp, Antique Brass (2600-21)"
Furniture,Lamps & Lighting,Table Lamps,,Table Lamps,24782635,"Adesso Zane Collection 17"" LED Table Lamp, Antique Brass (3957-21)"
Furniture,Lamps & Lighting,Table Lamps,,Table Lamps,24782634,"Adesso Orchard Collection 28.25"" Incandescent Table Lamp, Natural (3931-12)"
Furniture,Lamps & Lighting,Table Lamps,,Table Lamps,24782636,"Adesso Rutherford Collection 19"" LED Table Lamp, Black (3965-01)"
Furniture,Lamps & Lighting,Table Lamps,,Table Lamps,24782632,"Adesso Gardner Collection 24.5"" Incandescent Table Lamp, Black (3869-01)"
Furniture,Lamps & Lighting,Table Lamps,,Table Lamps,24768429,"Safavieh Anders 22.25"" LED Table Lamp, Clear/Brass, 2/Set (TBL4620A-SET2)"
Furniture,Lamps & Lighting,Table Lamps,,Table Lamps,24588772,"Monarch Specialties Inc. Incandescent Table Lamp, Black/Ivory (I 9738)"
Furniture,Lamps & Lighting,Table Lamps,,Table Lamps,24615218,"Adesso Bobby LED Cordless Indoor/Outdoor Table Lamp, 14""H, Antique Brass (3076-21)"
Furniture,Lamps & Lighting,Table Lamps,,Table Lamps,24550695,"Simplee Adesso Joan Table Lamp, Glossy White, 2/Set (SL1149-02)"
Furniture,Lamps & Lighting,Table Lamps,,Table Lamps,24631099,"Kooduu Sensa Play 8.5"" LED Speaker Lamp with USB Port, Orange (1203-08)"
Furniture,Lamps & Lighting,Table Lamps,,Table Lamps,24632529,"Adesso Thalia 25"" Incandescent Table Lamp, Antique Brass/White (SL2613-21)"
Furniture,Lamps & Lighting,Table Lamps,,Table Lamps,24700420,"Adesso Esme 22""H Incandescent Table Lamp, Antique Brass/White Fabric Shade (2619-21)"
Furniture,Lamps & Lighting,"Lighting Controls, Dimmers & Accessories",Transformers,Transformers,24314478,Krieger KRV200 200 Watt Travel Voltage Converter in White
Furniture,Lamps & Lighting,Under Cabinet Lighting,,Under Cabinet Lighting,24560304,"Black & Decker Battery-Operated Two-Bar LED Light Kit, Matte White (LEDUC9-2BAT)"
Furniture,Lamps & Lighting,Under Cabinet Lighting,,Under Cabinet Lighting,24543637,"V-Light 12"" LED Bar Light, Matte White (VSLC3353W)"
Furniture,Lamps & Lighting,Wall Lamps,,Wall Lamps,24686490,"Adesso Incandescent Swirl Wall Lamp, 12""H, Antique Brass/White Swirl Glosted Glass Shade (3251-21)"
Furniture,Lamps & Lighting,Wall Lamps,,Wall Lamps,24612485,"Auge Light LED Wall Light, Glossy Finish (AGSENWT2201)"
Furniture,Lamps & Lighting,Wall Lamps,,Wall Lamps,24612487,"Auge Light LED Wall Light, Glossy Finish (AGSENGY2201)"
Furniture,Lamps & Lighting,Wall Lamps,,Wall Lamps,24764758,"Simplee Adesso LED Infinity Neon Palm Tree Table/Wall Lamp, 10.5""H, Black (SL3717-01)"
Furniture,Lamps & Lighting,Wall Lamps,,Wall Lamps,24764760,"Simplee Adesso LED Wood Framed Neon Flamingo Table/Wall Lamp, 9""H, Brown/Multi-Color (SL3722-12)"
Furniture,Lamps & Lighting,Wall Lamps,,Wall Lamps,24764759,"Simplee Adesso LED Wood Framed Neon Cactus Table/Wall Lamp, 9""H, Brown/Multi-Color (SL3721-12)"
Furniture,Lamps & Lighting,Wall Lamps,,Wall Lamps,24303082,"Maxxima LED Outdoor Wall Light, Black with Clear Water Glass, Warm White (MEL-6150W)"
Furniture,Lamps & Lighting,Wall Lamps,,Wall Lamps,24303091,"Maxxima LED Night Light, Dusk to Dawn Sensor, Pack of 4, Amber (MLN-16A-4)"
#REF!,,,,,,
#REF!,,,,,,