competitor,uid,path_str,level,is_leaf,comp_items,best_staples,best_score,matched,coverage,DG,WM,gap_type,AAS,CRS,O_node,label,O
OfficeDepot,OfficeDepot::Breakroom,Breakroom,1,False,4187.0,"Coffee, Water & Snacks > Breakroom Appliances",0.6305334,False,0.959990749306198,0.33296710536655993,36.90587934124072,PARITY,69.40209077927047,59.17369585055274,,,
OfficeDepot,OfficeDepot::Breakroom > Appliances,Breakroom > Appliances,2,False,1104.0,"Coffee, Water & Snacks > Breakroom Appliances",0.8553885,True,0.96289592760181,0.2815111479974286,8.746480075091732,PARITY,67.4806066882489,76.39370078740157,,,
OfficeDepot,OfficeDepot::Breakroom > Appliances > Heating & Cooling,Breakroom > Appliances > Heating & Cooling,3,False,383.0,Facilities > Heating & Cooling,0.8267112,True,1.0,0.7362125051399797,0.0,DEEPEN,69.26966545164741,62.13100763949328,0.13107600545275586,1P-CORE GAP,0.13304418976778892
OfficeDepot,OfficeDepot::Breakroom > Appliances > Heating & Cooling > Air Conditioners & Accessories,Breakroom > Appliances > Heating & Cooling > Air Conditioners & Accessories,4,True,122.0,Facilities > Heating & Cooling > Air Conditioners,0.90283716,True,1.0,0.8370150142971746,0.0,DEEPEN,74.98387145996094,63.22685185185185,0.1464708611123476,,
OfficeDepot,OfficeDepot::Breakroom > Appliances > Heating & Cooling > Air Purifiers & Filters,Breakroom > Appliances > Heating & Cooling > Air Purifiers & Filters,4,True,54.0,Facilities > Air Quality > Air Purifier Filters,0.88958824,True,1.0,0.3611536951123968,0.0,PARITY,100.0,58.30092592592592,,,
OfficeDepot,OfficeDepot::Breakroom > Appliances > Heating & Cooling > Fans,Breakroom > Appliances > Heating & Cooling > Fans,4,True,99.0,Facilities > Heating & Cooling > Ceiling Fans,0.7473997,True,1.0,-0.31320676349603005,0.0,PARITY,58.76749038696289,66.04629629629629,,,
OfficeDepot,OfficeDepot::Breakroom > Appliances > Heating & Cooling > Heaters,Breakroom > Appliances > Heating & Cooling > Heaters,4,True,86.0,Facilities > Heating & Cooling > Heaters,0.9670912,True,1.0,0.9705509062369058,0.0,DEEPEN,67.3387680053711,60.4074074074074,0.16596010752114584,,
OfficeDepot,OfficeDepot::Breakroom > Appliances > Heating & Cooling > Humidifiers,Breakroom > Appliances > Heating & Cooling > Humidifiers,4,True,22.0,Facilities > Air Quality > Humidifiers,0.89545643,True,1.0,0.7560788466907535,0.0,DEEPEN,16.960634231567383,54.574074074074076,0.08926300770679144,,
OfficeDepot,OfficeDepot::Breakroom > Appliances > Kitchen,Breakroom > Appliances > Kitchen,3,False,675.0,Appliances & Kitchenware > Kitchenware > Kitchen Tools,0.7756887,True,0.9392592592592592,-0.15468277151069554,8.746480075091732,PARITY,66.48137610796425,48.961707930253596,,,
OfficeDepot,OfficeDepot::Breakroom > Appliances > Kitchen > Blenders,Breakroom > Appliances > Kitchen > Blenders,4,True,90.0,"Coffee, Water & Snacks > Breakroom Appliances > Blenders & Food Processors",0.7460121,True,1.0,1.728043191876783,0.0,DEEPEN,34.106689453125,73.04166666666667,0.13295741648207612,,
OfficeDepot,OfficeDepot::Breakroom > Appliances > Kitchen > Can Openers,Breakroom > Appliances > Kitchen > Can Openers,4,True,13.0,Appliances & Kitchenware > Kitchenware > Kitchen Tools > Kitchen Pizza Tools,0.49329618,False,0.0,2.6390573296152584,2.7732741701510366,ENTER,0.08602478355169296,0.0,0.6186887312849616,,
OfficeDepot,OfficeDepot::Breakroom > Appliances > Kitchen > Coffee Grinders,Breakroom > Appliances > Kitchen > Coffee Grinders,4,True,3.0,"Coffee, Water & Snacks > Coffee, Coffee Makers & Supplies > Coffee Grinders",0.92622626,True,1.0,-0.06442818938732886,0.0,PARITY,100.0,74.37219800442223,,,
OfficeDepot,OfficeDepot::Breakroom > Appliances > Kitchen > Coffee Makers,Breakroom > Appliances > Kitchen > Coffee Makers,4,True,115.0,"Coffee, Water & Snacks > Coffee, Coffee Makers & Supplies",0.83434343,True,1.0,-1.1070523337469744,0.0,PARITY,100.0,86.03149606299213,,,
OfficeDepot,OfficeDepot::Breakroom > Appliances > Kitchen > Cookers,Breakroom > Appliances > Kitchen > Cookers,4,True,67.0,Appliances & Kitchenware > Small Appliances > Rice Cookers & Steamers,0.7018999,True,1.0,1.7375147642119857,0.0,DEEPEN,71.78165435791016,22.388888888888886,0.4716277661707956,,
OfficeDepot,OfficeDepot::Breakroom > Appliances > Kitchen > Dishwashers,Breakroom > Appliances > Kitchen > Dishwashers,4,True,7.0,Appliances & Kitchenware > Major Appliances > Dishwashers,0.9200821,True,1.0,1.869748273009499,0.0,DEEPEN,68.4168701171875,32.172336602774195,0.41523072481769835,,
OfficeDepot,OfficeDepot::Breakroom > Appliances > Kitchen > Food Processors,Breakroom > Appliances > Kitchen > Food Processors,4,True,20.0,"Coffee, Water & Snacks > Breakroom Appliances > Blenders & Food Processors",0.8484831,True,1.0,0.26170612308335617,0.0,PARITY,72.73062896728516,73.04166666666667,,,
OfficeDepot,OfficeDepot::Breakroom > Appliances > Kitchen > Food Slicers,Breakroom > Appliances > Kitchen > Food Slicers,4,True,3.0,"Coffee, Water & Snacks > Breakroom Appliances > Blenders & Food Processors",0.5750821,False,1.0,0.0,0.0,PARITY,40.24181365966797,0.0,,,
OfficeDepot,OfficeDepot::Breakroom > Appliances > Kitchen > Grills,Breakroom > Appliances > Kitchen > Grills,4,True,30.0,"Appliances & Kitchenware > Small Appliances > Griddles, Grills & Waffle Makers",0.67106605,False,1.0,0.0,0.0,PARITY,23.406564712524414,18.081017969383133,,,
OfficeDepot,OfficeDepot::Breakroom > Appliances > Kitchen > Ice Makers,Breakroom > Appliances > Kitchen > Ice Makers,4,True,27.0,Appliances & Kitchenware > Major Appliances > Ice Makers & Dispensers,0.80915064,True,1.0,-1.6913135275292528,0.0,PARITY,100.0,52.64838826035461,,,
OfficeDepot,OfficeDepot::Breakroom > Appliances > Kitchen > Microwaves,Breakroom > Appliances > Kitchen > Microwaves,4,True,71.0,Appliances & Kitchenware > Small Appliances > Microwaves,0.93194544,True,1.0,1.0381261243284454,0.0,DEEPEN,38.41661071777344,25.305555555555554,0.26573353896281043,,
OfficeDepot,OfficeDepot::Breakroom > Appliances > Kitchen > Refrigerators,Breakroom > Appliances > Kitchen > Refrigerators,4,True,111.0,Appliances & Kitchenware > Major Appliances > Refrigerators,0.9211836,True,1.0,1.1481677015507485,0.0,DEEPEN,79.06635284423828,26.187499999999996,0.3817036773422339,,
OfficeDepot,OfficeDepot::Breakroom > Appliances > Kitchen > Stoves,Breakroom > Appliances > Kitchen > Stoves,4,True,28.0,"Coffee, Water & Snacks > Breakroom Appliances > Toaster Ovens",0.5363581,False,0.0,3.367295829986474,5.973205904940695,ENTER,16.735424041748047,0.0,0.7000237903734192,,
OfficeDepot,OfficeDepot::Breakroom > Appliances > Kitchen > Toasters & Toaster Ovens,Breakroom > Appliances > Kitchen > Toasters & Toaster Ovens,4,True,44.0,"Coffee, Water & Snacks > Breakroom Appliances > Toaster Ovens",0.93758696,True,1.0,1.4490885677795036,0.0,DEEPEN,71.95109558105469,69.97916666666666,0.1698738721243541,,
OfficeDepot,OfficeDepot::Breakroom > Appliances > Kitchen > Water Filters & Dispensers,Breakroom > Appliances > Kitchen > Water Filters & Dispensers,4,True,46.0,"Coffee, Water & Snacks > Breakroom Appliances > Water Filters & Dispensers",0.9712063,True,1.0,0.8479077364146246,0.0,DEEPEN,100.0,74.47916666666666,0.12229508819951344,,
OfficeDepot,OfficeDepot::Breakroom > Appliances > Laundry,Breakroom > Appliances > Laundry,3,False,47.0,Cleaning Supplies > Laundry Care > Laundry Room Organization > Laundry Accessories,0.7762408,True,1.0,-1.8383094492818972,0.0,PARITY,67.25233297145112,78.88695652173912,,,
OfficeDepot,OfficeDepot::Breakroom > Appliances > Laundry > Dryers,Breakroom > Appliances > Laundry > Dryers,4,True,6.0,Facilities > Bathroom Fixtures > Hand Dryers,0.78905725,True,1.0,-3.3143889042679637,0.0,PARITY,84.79216766357422,58.895833333333336,,,
OfficeDepot,OfficeDepot::Breakroom > Appliances > Laundry > Fabric Steamers,Breakroom > Appliances > Laundry > Fabric Steamers,4,True,12.0,Retail Store Supplies > Sewing & Tailoring > Fabric,0.6670469,False,1.0,0.0,0.0,PARITY,52.2610969543457,30.731172313292827,,,
OfficeDepot,OfficeDepot::Breakroom > Appliances > Laundry > Irons,Breakroom > Appliances > Laundry > Irons,4,True,7.0,Retail Store Supplies > Sewing & Tailoring > Garment Steamers & Irons,0.60085857,False,1.0,0.0,0.0,PARITY,0.0,1.0441938321175122,,,
OfficeDepot,OfficeDepot::Breakroom > Appliances > Laundry > Sewing Machines,Breakroom > Appliances > Laundry > Sewing Machines,4,True,18.0,Retail Store Supplies > Sewing & Tailoring > Sewing Machines,0.9044138,True,1.0,0.176160692424832,0.0,PARITY,100.0,40.486111111111114,,,
OfficeDepot,OfficeDepot::Breakroom > Appliances > Laundry > Washers,Breakroom > Appliances > Laundry > Washers,4,True,4.0,Appliances & Kitchenware > Major Appliances > Washers & Dryers,0.7492764,True,1.0,-3.6374428090406994,0.0,PARITY,56.243370056152344,28.680555555555554,,,
OfficeDepot,OfficeDepot::Breakroom > Beverages,Breakroom > Beverages,2,False,290.0,"Coffee, Water & Snacks > Water & Beverages",0.6963505,True,1.0,-0.09620731978716535,0.0,PARITY,81.73934823397933,83.1968503937008,,,
OfficeDepot,OfficeDepot::Breakroom > Beverages > Energy & Nutrition Drinks,Breakroom > Beverages > Energy & Nutrition Drinks,3,True,59.0,"Coffee, Water & Snacks > Water & Beverages > Energy & Sports Drinks",0.7614889,True,1.0,0.8742746442386604,0.0,DEEPEN,74.38833618164062,75.70833333333333,0.10022281751061879,1P-CORE GAP,0.10526798456027185
OfficeDepot,OfficeDepot::Breakroom > Beverages > Hot Chocolate,Breakroom > Beverages > Hot Chocolate,3,True,18.0,"Coffee, Water & Snacks > Candy, Gum & Mints > Chocolate",0.8069495,True,1.0,-0.664535299416511,0.0,PARITY,69.23619842529297,79.0,,,
OfficeDepot,OfficeDepot::Breakroom > Beverages > Juice,Breakroom > Beverages > Juice,3,True,43.0,"Coffee, Water & Snacks > Water & Beverages > Juice",0.9589286,True,1.0,1.1915589155270498,0.0,DEEPEN,78.21814727783203,71.5625,0.1513158514219479,1P-CORE GAP,0.16125821337788193
OfficeDepot,OfficeDepot::Breakroom > Beverages > Soda,Breakroom > Beverages > Soda,3,True,35.0,"Coffee, Water & Snacks > Water & Beverages > Soda",0.95905626,True,1.0,1.1618017422467117,0.0,DEEPEN,68.08145141601562,70.52083333333333,0.14445109381501692,1P-CORE GAP,0.15492500427505118
OfficeDepot,OfficeDepot::Breakroom > Beverages > Tea,Breakroom > Beverages > Tea,3,True,76.0,"Coffee, Water & Snacks > Coffee, Coffee Makers & Supplies > Tea",0.94831467,True,1.0,0.8343918141169242,0.0,DEEPEN,84.51337432861328,77.72916666666666,0.09474857304082301,1P-CORE GAP,0.09667672507515664
OfficeDepot,OfficeDepot::Breakroom > Beverages > Water,Breakroom > Beverages > Water,3,True,59.0,"Coffee, Water & Snacks > Water & Beverages > Water",0.9690087,True,1.0,0.230253306356468,0.0,PARITY,100.0,83.1968503937008,,,
OfficeDepot,OfficeDepot::Breakroom > Candy & Snacks,Breakroom > Candy & Snacks,2,False,802.0,"Coffee, Water & Snacks > Snacks & Food",0.61533403,False,1.0,0.6338035522975058,0.0,PARITY,69.80213989581253,70.19288708476567,,,
OfficeDepot,OfficeDepot::Breakroom > Candy & Snacks > Chips & Pretzels,Breakroom > Candy & Snacks > Chips & Pretzels,3,True,117.0,"Coffee, Water & Snacks > Snacks & Food > Pretzels",0.8305359,True,1.0,1.1873057919050942,0.0,DEEPEN,81.70391082763672,76.39583333333334,0.12703229657501486,1P-CORE GAP,0.1354443519165486
OfficeDepot,OfficeDepot::Breakroom > Candy & Snacks > Chocolate & Caramels,Breakroom > Candy & Snacks > Chocolate & Caramels,3,True,137.0,"Coffee, Water & Snacks > Candy, Gum & Mints > Chocolate",0.8033148,True,1.0,1.3182794065742538,0.0,DEEPEN,57.37260055541992,79.0,0.10473962886086344,1P-CORE GAP,0.10983918279435896
OfficeDepot,OfficeDepot::Breakroom > Candy & Snacks > Cookies,Breakroom > Candy & Snacks > Cookies,3,True,74.0,"Coffee, Water & Snacks > Snacks & Food > Cookies",0.9585974,True,1.0,1.174911537872939,0.0,DEEPEN,68.44926452636719,75.16666666666666,0.1223225609529222,1P-CORE GAP,0.13170303540547693
OfficeDepot,OfficeDepot::Breakroom > Candy & Snacks > Crackers,Breakroom > Candy & Snacks > Crackers,3,True,57.0,"Coffee, Water & Snacks > Snacks & Food > Crackers",0.95928156,True,1.0,1.702869088555603,0.0,DEEPEN,65.83177185058594,69.97916666666666,0.17531916470541573,1P-CORE GAP,0.18243075032540315
OfficeDepot,OfficeDepot::Breakroom > Candy & Snacks > Gift Baskets,Breakroom > Candy & Snacks > Gift Baskets,3,True,4.0,Party Supplies > Wrapping Supplies > Gift Boxes & Bags,0.6235945,False,1.0,0.0,0.0,PARITY,82.135498046875,9.210950877931385,,,
OfficeDepot,OfficeDepot::Breakroom > Candy & Snacks > Gum & Mints,Breakroom > Candy & Snacks > Gum & Mints,3,True,60.0,"Coffee, Water & Snacks > Candy, Gum & Mints > Gum & Mints",0.96844685,True,1.0,1.4507483578745384,0.0,DEEPEN,90.50840759277344,76.81889763779527,0.14441480835262627,1P-CORE GAP,0.1503009533630888
OfficeDepot,OfficeDepot::Breakroom > Candy & Snacks > Hard Candy,Breakroom > Candy & Snacks > Hard Candy,3,True,32.0,"Coffee, Water & Snacks > Candy, Gum & Mints > Hard Candy & Lollipops",0.8202467,True,1.0,0.9394131873093015,0.0,DEEPEN,79.48817443847656,71.22916666666667,0.12898497934566502,1P-CORE GAP,0.1354737784017162
OfficeDepot,OfficeDepot::Breakroom > Candy & Snacks > Licorice & Gummy Snacks,Breakroom > Candy & Snacks > Licorice & Gummy Snacks,3,True,73.0,"Coffee, Water & Snacks > Candy, Gum & Mints > Gummy & Chewy Candy",0.6772837,False,1.0,0.0,0.0,PARITY,85.80754089355469,64.63898196816444,,,
OfficeDepot,OfficeDepot::Breakroom > Candy & Snacks > Nuts & Bars,Breakroom > Candy & Snacks > Nuts & Bars,3,True,216.0,"Coffee, Water & Snacks > Snacks & Food > Nuts & Seeds",0.6773072,False,1.0,0.0,0.0,PARITY,57.78612518310547,61.46734766910475,,,
OfficeDepot,OfficeDepot::Breakroom > Candy & Snacks > Popcorn,Breakroom > Candy & Snacks > Popcorn,3,True,32.0,"Coffee, Water & Snacks > Snacks & Food > Popcorn",0.9604821,True,1.0,1.8479653301662353,0.0,DEEPEN,84.24481964111328,64.41666666666667,0.2331737415605624,1P-CORE GAP,0.2385247091644193
OfficeDepot,OfficeDepot::Breakroom > Coffee & Coffee Supplies,Breakroom > Coffee & Coffee Supplies,2,False,728.0,"Coffee, Water & Snacks > Coffee",0.77117074,True,1.0,0.6855477478334695,0.0,PARITY,77.93248122930527,86.03149606299212,,,
OfficeDepot,OfficeDepot::Breakroom > Coffee & Coffee Supplies > Carafes,Breakroom > Coffee & Coffee Supplies > Carafes,3,True,14.0,"Coffee, Water & Snacks > Coffee, Coffee Makers & Supplies > Carafes, Kettles & Decanters",0.72907484,True,1.0,0.0811027535136235,0.0,PARITY,16.362680435180664,71.70833333333334,,,
OfficeDepot,OfficeDepot::Breakroom > Coffee & Coffee Supplies > Coffee,Breakroom > Coffee & Coffee Supplies > Coffee,3,True,434.0,"Coffee, Water & Snacks > Coffee",0.9614358,True,1.0,1.8914042474944406,0.0,DEEPEN,100.0,86.03149606299212,0.09895206621070181,1P-CORE GAP,0.1017890055409741
OfficeDepot,OfficeDepot::Breakroom > Coffee & Coffee Supplies > Coffee Filters,Breakroom > Coffee & Coffee Supplies > Coffee Filters,3,True,16.0,"Coffee, Water & Snacks > Coffee, Coffee Makers & Supplies > Coffee Filters",0.97580016,True,1.0,1.4983184610437361,0.0,DEEPEN,100.0,86.03149606299212,0.0916109546525663,1P-CORE GAP,0.0955807815689706
OfficeDepot,OfficeDepot::Breakroom > Coffee & Coffee Supplies > Coffee Organizers,Breakroom > Coffee & Coffee Supplies > Coffee Organizers,3,True,7.0,"Coffee, Water & Snacks > Coffee, Coffee Makers & Supplies > Coffee Organizers & Dispensers",0.889948,True,1.0,-0.45939959796680574,0.0,PARITY,100.0,86.03149606299212,,,
OfficeDepot,OfficeDepot::Breakroom > Coffee & Coffee Supplies > Coffee Pots,Breakroom > Coffee & Coffee Supplies > Coffee Pots,3,True,8.0,"Coffee, Water & Snacks > Coffee",0.79193455,True,1.0,-3.6634179475171194,0.0,PARITY,100.0,86.03149606299212,,,
OfficeDepot,OfficeDepot::Breakroom > Coffee & Coffee Supplies > Creamers,Breakroom > Coffee & Coffee Supplies > Creamers,3,True,83.0,"Coffee, Water & Snacks > Water & Beverages > Milk & Creamer",0.670644,False,1.0,0.0,0.0,PARITY,0.0,58.92190588017304,,,
OfficeDepot,OfficeDepot::Breakroom > Coffee & Coffee Supplies > Hot Cups & Lids,Breakroom > Coffee & Coffee Supplies > Hot Cups & Lids,3,True,125.0,"Coffee, Water & Snacks > Plates, Cups & Cutlery",0.63641244,False,1.0,0.0,0.0,PARITY,61.90791702270508,33.581819095480164,,,
OfficeDepot,OfficeDepot::Breakroom > Coffee & Coffee Supplies > Stir Sticks,Breakroom > Coffee & Coffee Supplies > Stir Sticks,3,True,13.0,"Coffee, Water & Snacks > Snacks & Food > Jerky & Meat Sticks",0.6045153,False,1.0,0.0,0.0,PARITY,29.832056045532227,4.884259977377951,,,
OfficeDepot,OfficeDepot::Breakroom > Coffee & Coffee Supplies > Sugar & Sweeteners,Breakroom > Coffee & Coffee Supplies > Sugar & Sweeteners,3,True,36.0,"Coffee, Water & Snacks > Snacks & Food > Fresh, Frozen & Dry Groceries > Sugar & Sweeteners",0.934571,True,1.0,0.7584222773830986,0.0,DEEPEN,69.52561950683594,81.57913043478261,0.06578405759524505,1P-CORE GAP,0.0655412845778608
OfficeDepot,OfficeDepot::Breakroom > Cookware,Breakroom > Cookware,2,False,114.0,Restaurant & Foodservice Supplies > Smallwares > Commercial Cookware,0.68557554,False,1.0,0.0958657211500249,0.0,PARITY,50.376928095231975,22.540768285447918,,,
OfficeDepot,OfficeDepot::Breakroom > Cookware > Bakeware,Breakroom > Cookware > Bakeware,3,True,32.0,Appliances & Kitchenware > Kitchenware > Kitchen Tools > Bakeware,0.9358752,True,1.0,2.0457850109592606,0.0,DEEPEN,46.56819152832031,23.44695652173913,0.4307618898227955,VERTICAL EXTENSION,0.4521456238519691
OfficeDepot,OfficeDepot::Breakroom > Cookware > Kitchen Scales,Breakroom > Cookware > Kitchen Scales,3,True,7.0,Appliances & Kitchenware > Kitchenware > Kitchen Tools,0.6970415,True,1.0,-2.4034185295931327,0.0,PARITY,100.0,27.80555555555556,,,
OfficeDepot,OfficeDepot::Breakroom > Cookware > Pots & Pans,Breakroom > Cookware > Pots & Pans,3,True,59.0,Appliances & Kitchenware > Kitchenware > Kitchen Tools > Pots & Pans,0.9350703,True,1.0,1.0467898178504158,0.0,DEEPEN,55.65470886230469,27.537391304347825,0.29632491778822456,VERTICAL EXTENSION,0.31623303514074064
OfficeDepot,OfficeDepot::Breakroom > Cookware > Teapots & Kettles,Breakroom > Cookware > Teapots & Kettles,3,True,16.0,"Coffee, Water & Snacks > Coffee, Coffee Makers & Supplies > Carafes, Kettles & Decanters",0.59223604,False,1.0,0.0,0.0,PARITY,16.822490692138672,0.0,,,
OfficeDepot,"OfficeDepot::Breakroom > Cups, Plates & Cutlery","Breakroom > Cups, Plates & Cutlery",2,False,911.0,"Coffee, Water & Snacks > Plates, Cups & Cutlery",0.7102511,True,0.9396267837541163,0.632735172288597,11.73308302756208,PARITY,63.567870649888405,82.62992125984253,,,
OfficeDepot,"OfficeDepot::Breakroom > Cups, Plates & Cutlery > Bowls","Breakroom > Cups, Plates & Cutlery > Bowls",3,True,18.0,Appliances & Kitchenware > Kitchenware > Kitchen Tools > Mixing Bowls,0.70675814,True,1.0,1.3899229650989273,0.0,DEEPEN,45.556854248046875,23.780869565217387,0.3653726308279257,VERTICAL EXTENSION,0.385756457479077
OfficeDepot,"OfficeDepot::Breakroom > Cups, Plates & Cutlery > Cooking Utensils","Breakroom > Cups, Plates & Cutlery > Cooking Utensils",3,True,28.0,Appliances & Kitchenware > Kitchenware > Kitchen Tools > Cooking Utensils,0.93203187,True,1.0,0.4752100501992702,0.0,PARITY,73.29988861083984,27.24521739130435,,,
OfficeDepot,"OfficeDepot::Breakroom > Cups, Plates & Cutlery > Cups","Breakroom > Cups, Plates & Cutlery > Cups",3,True,272.0,"Coffee, Water & Snacks > Plates, Cups & Cutlery",0.7047899,True,1.0,0.2113017326615223,0.0,PARITY,24.028844833374023,82.62992125984253,,,
OfficeDepot,"OfficeDepot::Breakroom > Cups, Plates & Cutlery > Cutlery","Breakroom > Cups, Plates & Cutlery > Cutlery",3,True,150.0,Appliances & Kitchenware > Kitchenware > Dining & Tableware > Flatware & Cutlery,0.7977206,True,1.0,2.407343556309686,0.0,DEEPEN,93.19258117675781,80.8556589958236,0.13981259082737005,1P-CORE GAP,0.14339536186282315
OfficeDepot,"OfficeDepot::Breakroom > Cups, Plates & Cutlery > Dinnerware","Breakroom > Cups, Plates & Cutlery > Dinnerware",3,True,5.0,Restaurant & Foodservice Supplies > Tabletop > Dinnerware,0.9324093,True,1.0,-0.059195104276054566,0.0,PARITY,82.70618438720703,21.798611111111114,,,
OfficeDepot,"OfficeDepot::Breakroom > Cups, Plates & Cutlery > Food Storage","Breakroom > Cups, Plates & Cutlery > Food Storage",3,True,206.0,Restaurant & Foodservice Supplies > Disposable Food Packaging > Disposable Bags > Food Storage Bags,0.8348488,True,1.0,1.5448892826369587,0.0,DEEPEN,100.0,26.222222222222218,0.48817193836171946,CURATE - DEEPEN,0.5102962962962964
OfficeDepot,"OfficeDepot::Breakroom > Cups, Plates & Cutlery > Napkins","Breakroom > Cups, Plates & Cutlery > Napkins",3,True,43.0,Party Supplies > Napkins,0.86681604,True,1.0,-0.19097970715698143,0.0,PARITY,50.5108642578125,58.14583333333333,,,
OfficeDepot,"OfficeDepot::Breakroom > Cups, Plates & Cutlery > Plates","Breakroom > Cups, Plates & Cutlery > Plates",3,True,57.0,Facilities > Electrical and Wiring > Electrical > Wall Plates,0.6849914,False,1.0,0.0,0.0,PARITY,55.78095245361328,58.11345610468407,,,
OfficeDepot,"OfficeDepot::Breakroom > Cups, Plates & Cutlery > Serveware","Breakroom > Cups, Plates & Cutlery > Serveware",3,True,55.0,"Coffee, Water & Snacks > Breakroom Appliances > Napkin Dispensers",0.52920175,False,0.0,4.02535169073515,11.73308302756208,ENTER,21.30644989013672,0.0,0.7369120504003371,VERIFY,0.7083637941148546
OfficeDepot,"OfficeDepot::Breakroom > Cups, Plates & Cutlery > Tablecloths","Breakroom > Cups, Plates & Cutlery > Tablecloths",3,True,10.0,Restaurant & Foodservice Supplies > Tabletop > Placemats & Tablecloths,0.7826077,True,1.0,-0.928200139116826,0.0,PARITY,28.6309814453125,25.444444444444443,,,
OfficeDepot,"OfficeDepot::Breakroom > Cups, Plates & Cutlery > Water Bottles","Breakroom > Cups, Plates & Cutlery > Water Bottles",3,True,67.0,"Coffee, Water & Snacks > Water & Beverages > Water Bottles, Tumblers & Travel Mugs",0.76058275,True,1.0,-0.8282801900774368,0.0,PARITY,100.0,84.29166666666667,,,
OfficeDepot,OfficeDepot::Breakroom > First Aid,Breakroom > First Aid,2,False,117.0,Healthcare Supplies > First Aid,0.79848266,True,1.0,0.031126394943678193,0.0,PARITY,76.68263137849988,41.95601851851852,,,
OfficeDepot,OfficeDepot::Breakroom > First Aid > Bandages,Breakroom > First Aid > Bandages,3,True,26.0,Healthcare Supplies > Wound Care > Bandages,0.92151713,True,1.0,-0.28103941518530284,0.0,PARITY,100.0,46.08695652173913,,,
OfficeDepot,OfficeDepot::Breakroom > First Aid > First Aid Kits,Breakroom > First Aid > First Aid Kits,3,True,46.0,Healthcare Supplies > First Aid > First Aid Kits,0.9768299,True,1.0,0.6488953339404424,0.0,PARITY,100.0,41.95601851851852,,,
OfficeDepot,OfficeDepot::Breakroom > First Aid > Medicine,Breakroom > First Aid > Medicine,3,False,44.0,Healthcare Supplies > OTC Pharmaceuticals > Medicine & Vitamins,0.72828954,True,1.0,-3.150246788910592,0.0,PARITY,39.37484158409966,48.86574074074074,,,
OfficeDepot,OfficeDepot::Breakroom > First Aid > Medicine > Antacids,Breakroom > First Aid > Medicine > Antacids,4,True,5.0,Healthcare Supplies > OTC Pharmaceuticals > Medicine & Vitamins > Antacids,0.9511672,True,1.0,0.39727468301072677,0.0,PARITY,12.541359901428223,38.7304347826087,,,
OfficeDepot,OfficeDepot::Breakroom > First Aid > Medicine > Aspirin & Pain Relievers,Breakroom > First Aid > Medicine > Aspirin & Pain Relievers,4,True,25.0,Healthcare Supplies > OTC Pharmaceuticals > Medicine & Vitamins > Pain Relievers,0.85394704,True,1.0,1.0949010562371737,0.0,DEEPEN,44.351558685302734,42.10434782608696,0.23064651891189616,,
OfficeDepot,OfficeDepot::Breakroom > First Aid > Medicine > Cold & Sinus Medicine,Breakroom > First Aid > Medicine > Cold & Sinus Medicine,4,True,15.0,Healthcare Supplies > OTC Pharmaceuticals > Medicine & Vitamins,0.620422,False,1.0,0.0,0.0,PARITY,40.02480697631836,11.54559936788347,,,
OfficeDepot,OfficeDepot::Breakroom > Fresh & Frozen Foods,Breakroom > Fresh & Frozen Foods,2,False,113.0,"Coffee, Water & Snacks > Snacks & Food > Fresh, Frozen & Dry Groceries > Frozen Foods",0.77357274,True,0.3185840707964602,2.1262621678892573,16.42631623858691,DEEPEN,19.994415343335245,79.70086956521739,0.13700832108279595,1P-CORE GAP,0.13735404836514017
OfficeDepot,OfficeDepot::Breakroom > Fresh & Frozen Foods > Bakery & Breads,Breakroom > Fresh & Frozen Foods > Bakery & Breads,3,True,10.0,Appliances & Kitchenware > Small Appliances > Bread Machines,0.5552449,False,1.0,0.0,0.0,PARITY,29.571516036987305,0.0,,,
OfficeDepot,OfficeDepot::Breakroom > Fresh & Frozen Foods > Breakfast & Cereal,Breakroom > Fresh & Frozen Foods > Breakfast & Cereal,3,True,13.0,"Coffee, Water & Snacks > Snacks & Food > Fresh, Frozen & Dry Groceries",0.56138533,False,1.0,0.0,0.0,PARITY,55.919189453125,0.0,,,
OfficeDepot,OfficeDepot::Breakroom > Fresh & Frozen Foods > Dairy,Breakroom > Fresh & Frozen Foods > Dairy,3,True,10.0,"Coffee, Water & Snacks > Snacks & Food > Fresh, Frozen & Dry Groceries > Frozen Foods",0.5349138,False,0.0,2.3978952727983707,2.1332878231931054,ENTER,10.63686466217041,0.0,0.6297208129646135,VERIFY,0.633762445838363
OfficeDepot,OfficeDepot::Breakroom > Fresh & Frozen Foods > Frozen Meals & Snacks,Breakroom > Fresh & Frozen Foods > Frozen Meals & Snacks,3,True,9.0,"Coffee, Water & Snacks > Snacks & Food > Fresh, Frozen & Dry Groceries > Frozen Foods",0.7399818,True,1.0,-0.3073511875111925,0.0,PARITY,100.0,81.43524208416541,,,
OfficeDepot,OfficeDepot::Breakroom > Fresh & Frozen Foods > Fruits & Vegetables,Breakroom > Fresh & Frozen Foods > Fruits & Vegetables,3,True,1.0,"Coffee, Water & Snacks > Snacks & Food > Fruit Snacks",0.6648776,False,1.0,0.0,0.0,PARITY,55.51988983154297,48.43828877806664,,,
OfficeDepot,OfficeDepot::Breakroom > Fresh & Frozen Foods > Meats & Deli,Breakroom > Fresh & Frozen Foods > Meats & Deli,3,True,3.0,"Coffee, Water & Snacks > Snacks & Food > Jerky & Meat Sticks",0.5953345,False,1.0,0.0,0.0,PARITY,30.775388717651367,0.0,,,
OfficeDepot,OfficeDepot::Breakroom > Fresh & Frozen Foods > Pantry,Breakroom > Fresh & Frozen Foods > Pantry,3,True,67.0,"Coffee, Water & Snacks > Breakroom Appliances",0.5073509,False,0.0,4.219507705176107,14.293028415393804,ENTER,1.231188178062439,0.0,0.6847154623444063,VERIFY,0.6620268978675207
OfficeDepot,OfficeDepot::Breakroom > Party Supplies,Breakroom > Party Supplies,2,False,136.0,Party Supplies,0.8509666,True,1.0,-2.0473133818753544,0.0,PARITY,100.0,35.94062683909871,,,
OfficeDepot,"OfficeDepot::Breakroom > Party Supplies > Gift Wrap, Bags, & Tissue Paper","Breakroom > Party Supplies > Gift Wrap, Bags, & Tissue Paper",3,True,18.0,Party Supplies > Wrapping Supplies > Tissue Paper,0.781778,True,1.0,-1.0130531821779787,0.0,PARITY,100.0,34.96296296296296,,,
OfficeDepot,OfficeDepot::Breakroom > Party Supplies > Party Decorations,Breakroom > Party Supplies > Party Decorations,3,True,118.0,Party Supplies,0.71709436,True,1.0,-2.18817081459195,0.0,PARITY,100.0,36.08976200664485,,,
OfficeDepot,OfficeDepot::Cleaning,Cleaning,1,False,4139.0,Cleaning Supplies > Cleaning Tools,0.8369279,True,0.9917469050894085,-0.18914456149434855,8.959808857411042,PARITY,86.95629497248102,88.7244094488189,,,
OfficeDepot,OfficeDepot::Cleaning > Air Fresheners,Cleaning > Air Fresheners,2,True,137.0,Cleaning Supplies > Cleaning Chemicals & Wipes > Air Fresheners & Deodorizers,0.8555511,True,1.0,0.4630217592558008,0.0,PARITY,75.87897491455078,83.29166666666666,,,
OfficeDepot,OfficeDepot::Cleaning > Cleaning Supplies,Cleaning > Cleaning Supplies,2,False,837.0,Cleaning Supplies,0.9844663,True,1.0,-0.49103888424665953,0.0,PARITY,100.0,88.7244094488189,,,
OfficeDepot,OfficeDepot::Cleaning > Cleaning Supplies > All-Purpose Cleaners,Cleaning > Cleaning Supplies > All-Purpose Cleaners,3,True,321.0,Cleaning Supplies > Floor & Carpet Cleaning Equipment > Carpet Extractors & Cleaners,0.6422819,False,1.0,0.0,0.0,PARITY,100.0,29.96822741876046,,,
OfficeDepot,OfficeDepot::Cleaning > Cleaning Supplies > Bathroom Cleaners,Cleaning > Cleaning Supplies > Bathroom Cleaners,3,True,221.0,Cleaning Supplies > Floor & Carpet Cleaning Equipment > Carpet Extractors & Cleaners,0.6735306,False,1.0,0.0,0.0,PARITY,100.0,51.21990640461445,,,
OfficeDepot,OfficeDepot::Cleaning > Cleaning Supplies > Car Cleaners,Cleaning > Cleaning Supplies > Car Cleaners,3,True,4.0,Cleaning Supplies > Floor & Carpet Cleaning Equipment > Carpet Extractors & Cleaners,0.68077964,False,1.0,0.0,0.0,PARITY,100.0,56.149861117204026,,,
OfficeDepot,OfficeDepot::Cleaning > Cleaning Supplies > Cleaning Wipes,Cleaning > Cleaning Supplies > Cleaning Wipes,3,True,179.0,Cleaning Supplies > Cleaning Chemicals & Wipes,0.8256901,True,1.0,-2.029100133838532,0.0,PARITY,100.0,85.93700787401575,,,
OfficeDepot,OfficeDepot::Cleaning > Cleaning Supplies > Dish Detergents,Cleaning > Cleaning Supplies > Dish Detergents,3,True,64.0,Cleaning Supplies > Dishwasher Detergent,0.7576352,True,1.0,0.1948470313826971,0.0,PARITY,100.0,75.08333333333333,,,
OfficeDepot,OfficeDepot::Cleaning > Cleaning Supplies > Floor Cleaners,Cleaning > Cleaning Supplies > Floor Cleaners,3,True,68.0,Cleaning Supplies > Floor & Carpet Cleaning Equipment,0.7280323,True,1.0,-0.5895206416522125,0.0,PARITY,100.0,78.75590551181104,,,
OfficeDepot,OfficeDepot::Cleaning > Cleaning Supplies > Furniture Cleaners,Cleaning > Cleaning Supplies > Furniture Cleaners,3,True,7.0,Cleaning Supplies > Floor & Carpet Cleaning Equipment > Carpet Extractors & Cleaners,0.67497605,False,1.0,0.0,0.0,PARITY,100.0,52.20294633011024,,,
OfficeDepot,OfficeDepot::Cleaning > Cleaning Supplies > Glass Cleaners,Cleaning > Cleaning Supplies > Glass Cleaners,3,True,44.0,Cleaning Supplies > Floor & Carpet Cleaning Equipment > Carpet Extractors & Cleaners,0.6625842,False,1.0,0.0,0.0,PARITY,100.0,43.77545736730099,,,
OfficeDepot,OfficeDepot::Cleaning > Cleaning Supplies > Kitchen Cleaners,Cleaning > Cleaning Supplies > Kitchen Cleaners,3,True,318.0,Cleaning Supplies > Floor & Carpet Cleaning Equipment > Carpet Extractors & Cleaners,0.67664844,False,1.0,0.0,0.0,PARITY,100.0,53.340306997299194,,,
OfficeDepot,OfficeDepot::Cleaning > Cleaning Supplies > Natural Cleaners,Cleaning > Cleaning Supplies > Natural Cleaners,3,True,16.0,Cleaning Supplies > Natural Cleaning Supplies,0.7968424,True,1.0,-4.388843640672526,0.0,PARITY,100.0,88.7244094488189,,,
OfficeDepot,OfficeDepot::Cleaning > Cleaning Tools,Cleaning > Cleaning Tools,2,False,579.0,Cleaning Supplies > Cleaning Tools,0.98345757,True,1.0,0.49973003952049666,0.0,PARITY,96.05027818432744,84.7000779486078,,,
OfficeDepot,OfficeDepot::Cleaning > Cleaning Tools > Cloths,Cleaning > Cleaning Tools > Cloths,3,True,15.0,Cleaning Supplies > Cleaning Tools > Cleaning Cloths & Rags,0.8149783,True,1.0,-1.0205098839203512,0.0,PARITY,80.43449401855469,79.875,,,
OfficeDepot,OfficeDepot::Cleaning > Cleaning Tools > Dusters,Cleaning > Cleaning Tools > Dusters,3,True,32.0,Cleaning Supplies > Cleaning Tools > Dusters,0.99602413,True,1.0,0.9762590413733339,0.0,DEEPEN,83.9134750366211,71.04166666666667,0.13662930224098427,1P-CORE GAP,0.1434187357590522
OfficeDepot,OfficeDepot::Cleaning > Cleaning Tools > Floor Care,Cleaning > Cleaning Tools > Floor Care,3,True,409.0,Cleaning Supplies > Cleaning Chemicals & Wipes > Hard Floor Care,0.88331175,True,1.0,2.55683044706937,0.0,DEEPEN,100.0,77.29166666666667,0.17147277980535278,1P-CORE GAP,0.17556905864197528
OfficeDepot,OfficeDepot::Cleaning > Cleaning Tools > Laundry Organizers,Cleaning > Cleaning Tools > Laundry Organizers,3,True,23.0,Cleaning Supplies > Laundry Care > Laundry Room Organization > Laundry Accessories,0.7336076,True,1.0,-1.3784835500708854,0.0,PARITY,100.0,81.91666666666667,,,
OfficeDepot,OfficeDepot::Cleaning > Cleaning Tools > Sponges,Cleaning > Cleaning Tools > Sponges,3,True,54.0,Cleaning Supplies > Cleaning Tools > Sponges & Scrubbers,0.818998,True,1.0,1.0525595092076387,0.0,DEEPEN,75.81675720214844,74.02083333333334,0.12233094122714942,1P-CORE GAP,0.13005129779874536
OfficeDepot,OfficeDepot::Cleaning > Cleaning Tools > Spray Bottles,Cleaning > Cleaning Tools > Spray Bottles,3,True,40.0,Cleaning Supplies > Cleaning Tools > Spray Bottles & Sprayers,0.9097183,True,1.0,1.8626174932001984,0.0,DEEPEN,100.0,65.39583333333334,0.24412355535279798,1P-CORE GAP,0.2508802083333333
OfficeDepot,OfficeDepot::Cleaning > Cleaning Tools > Squeegees,Cleaning > Cleaning Tools > Squeegees,3,True,6.0,Cleaning Supplies > Cleaning Tools > Squeegees,0.9959359,True,1.0,-0.38933460451235313,0.0,PARITY,71.2095947265625,69.64583333333333,,,
OfficeDepot,OfficeDepot::Cleaning > Facial Tissues,Cleaning > Facial Tissues,2,True,35.0,"Coffee, Water & Snacks > Paper Products > Facial Tissue",0.84340334,True,1.0,0.7310233031949842,0.0,DEEPEN,80.95552825927734,73.4375,0.100865223077962,1P-CORE GAP,0.1016497467667968
OfficeDepot,OfficeDepot::Cleaning > Facility Supplies,Cleaning > Facility Supplies,2,False,281.0,Cleaning Supplies,0.68563914,False,0.9537366548042705,-1.2106953836088357,2.7732741701510366,PARITY,88.44773234845904,75.13083402927104,,,
OfficeDepot,OfficeDepot::Cleaning > Facility Supplies > Electrical Switches,Cleaning > Facility Supplies > Electrical Switches,3,True,7.0,Facilities > Electrical and Wiring > Electrical,0.8039341,True,1.0,0.43089931037959084,0.0,PARITY,100.0,52.15304347826086,,,
OfficeDepot,OfficeDepot::Cleaning > Facility Supplies > Flashlights & Emergency Products,Cleaning > Facility Supplies > Flashlights & Emergency Products,3,True,55.0,Facilities > Flashlights & Lanterns,0.6290037,False,1.0,0.0,0.0,PARITY,86.2735595703125,17.465897208123693,,,
OfficeDepot,OfficeDepot::Cleaning > Facility Supplies > Housekeeping Carts,Cleaning > Facility Supplies > Housekeeping Carts,3,True,9.0,"Cleaning Supplies > Cleaning Tools > Cleaning Carts, Caddies & Accessories > Cleaning Carts",0.6410919,False,1.0,0.0,0.0,PARITY,66.05906677246094,32.089662174660226,,,
OfficeDepot,OfficeDepot::Cleaning > Facility Supplies > Janitorial Carts,Cleaning > Facility Supplies > Janitorial Carts,3,True,6.0,Cleaning Supplies > Janitorial Paper & Dispensers,0.7483542,True,1.0,-2.815835967797849,0.0,PARITY,98.47650909423828,78.0,,,
OfficeDepot,OfficeDepot::Cleaning > Facility Supplies > Key Control & Locks,Cleaning > Facility Supplies > Key Control & Locks,3,True,54.0,Facilities > Locks & Key Control,0.89520836,True,1.0,0.4304569040428392,0.0,PARITY,100.0,57.66898148148149,,,
OfficeDepot,OfficeDepot::Cleaning > Facility Supplies > Ladders & Step Stools,Cleaning > Facility Supplies > Ladders & Step Stools,3,True,9.0,Facilities > Ladders & Step Stools,0.9376422,True,1.0,-0.850012979098068,0.0,PARITY,69.06855773925781,53.17060367454067,,,
OfficeDepot,OfficeDepot::Cleaning > Facility Supplies > Lighting,Cleaning > Facility Supplies > Lighting,3,False,12.0,"Furniture > Lamps & Lighting > Lighting Controls, Dimmers & Accessories > Lighting Accessories",0.78610593,True,1.0,-2.9973819805945987,0.0,PARITY,100.0,64.26388888888889,,,
OfficeDepot,OfficeDepot::Cleaning > Facility Supplies > Lighting > Light Bulbs,Cleaning > Facility Supplies > Lighting > Light Bulbs,4,True,12.0,"Facilities > Commercial Lighting, Ballasts & Bulbs > Light Bulbs",0.9603261,True,1.0,-1.7519520260732055,0.0,PARITY,100.0,64.26388888888889,,,
OfficeDepot,OfficeDepot::Cleaning > Facility Supplies > Mats,Cleaning > Facility Supplies > Mats,3,True,88.0,Facilities > Floor Mats & Flooring > Commercial Floor Mats,0.7060449,True,1.0,-0.5225222198544266,0.0,PARITY,97.77081298828125,66.30555555555556,,,
OfficeDepot,OfficeDepot::Cleaning > Facility Supplies > Pesticides & Repellents,Cleaning > Facility Supplies > Pesticides & Repellents,3,True,13.0,Cleaning Supplies > Pest Control,0.54107505,False,0.0,2.6390573296152584,2.7732741701510366,ENTER,23.72827911376953,0.0,0.6896154942756152,OFF-BRAND,0.6883144669709382
OfficeDepot,OfficeDepot::Cleaning > Facility Supplies > Sealants,Cleaning > Facility Supplies > Sealants,3,True,11.0,"Facilities > Adhesives, Sealants and Patching > Adhesives > Sealants & Caulking",0.76696056,True,1.0,-0.7895805331516956,0.0,PARITY,77.90853118896484,64.6191304347826,,,
OfficeDepot,OfficeDepot::Cleaning > Facility Supplies > Smoking Receptacles,Cleaning > Facility Supplies > Smoking Receptacles,3,True,3.0,Facilities > Electrical and Wiring > Electrical > Receptacles,0.73770326,True,1.0,1.1766010924495538,0.0,DEEPEN,50.43660354614258,44.48347826086956,0.24467567289144845,,
OfficeDepot,OfficeDepot::Cleaning > Facility Supplies > Striping Paint & Tape,Cleaning > Facility Supplies > Striping Paint & Tape,3,True,5.0,Facilities > Paint Supplies > Paint,0.6748541,False,1.0,0.0,0.0,PARITY,100.0,41.47591434322574,,,
OfficeDepot,OfficeDepot::Cleaning > Facility Supplies > Surface Protectors,Cleaning > Facility Supplies > Surface Protectors,3,True,8.0,Facilities > Paint Supplies > Surface Protection,0.7940221,True,1.0,-3.913285633972056,0.0,PARITY,69.41835021972656,67.95833333333333,,,
OfficeDepot,OfficeDepot::Cleaning > Facility Supplies > Workplace Posters,Cleaning > Facility Supplies > Workplace Posters,3,True,1.0,Facilities > Facilities Signs > Labor Law Posters,0.61239463,False,1.0,0.0,0.0,PARITY,25.809711456298828,10.208156809210776,,,
OfficeDepot,OfficeDepot::Cleaning > Hand Sanitizers,Cleaning > Hand Sanitizers,2,True,136.0,Cleaning Supplies > Hand Soaps & Sanitizers > Hand Sanitizer,0.91838175,True,1.0,1.602304040603817,0.0,DEEPEN,100.0,78.18897637795276,0.14718460831082245,1P-CORE GAP,0.15328302712160977
OfficeDepot,OfficeDepot::Cleaning > Hand Soap,Cleaning > Hand Soap,2,True,256.0,Cleaning Supplies > Hand Soaps & Sanitizers > Hand Soap,0.94396436,True,1.0,1.3440280360275336,0.0,DEEPEN,100.0,82.20833333333333,0.11278877737226281,1P-CORE GAP,0.11844637345679015
OfficeDepot,OfficeDepot::Cleaning > Material Handling,Cleaning > Material Handling,2,False,21.0,Facilities > Material Handling,0.8551829,True,1.0,-0.5551370367617583,0.0,PARITY,39.42052750360398,57.42415217077041,,,
OfficeDepot,OfficeDepot::Cleaning > Material Handling > Carts & Trucks,Cleaning > Material Handling > Carts & Trucks,3,False,11.0,Facilities > Material Handling > Hand Trucks & Dollies,0.7188333,True,1.0,-0.7163456179816157,0.0,PARITY,28.845849470658735,58.73842592592592,,,
OfficeDepot,OfficeDepot::Cleaning > Material Handling > Carts & Trucks > Hand Trucks,Cleaning > Material Handling > Carts & Trucks > Hand Trucks,4,True,10.0,Facilities > Material Handling > Hand Trucks & Dollies,0.80653405,True,1.0,-0.8033569949712454,0.0,PARITY,26.36398696899414,58.73842592592592,,,
OfficeDepot,OfficeDepot::Cleaning > Material Handling > Carts & Trucks > Truck Wheels,Cleaning > Material Handling > Carts & Trucks > Truck Wheels,4,True,1.0,"Tools, Parts & Supplies > Automotive > Tires & Wheels",0.6650643,False,1.0,0.0,0.0,PARITY,53.66447448730469,18.982066761702303,,,
OfficeDepot,"OfficeDepot::Cleaning > Material Handling > Chain, Cable, Rope & Accessories","Cleaning > Material Handling > Chain, Cable, Rope & Accessories",3,False,10.0,"Facilities > Hardware > Chain, Rope & Tie Downs > Chain Accessories",0.6730284,False,1.0,-0.24577879578217932,0.0,PARITY,51.05267333984375,59.954086956521735,,,
OfficeDepot,"OfficeDepot::Cleaning > Material Handling > Chain, Cable, Rope & Accessories > Rope, Line & Twine","Cleaning > Material Handling > Chain, Cable, Rope & Accessories > Rope, Line & Twine",4,True,2.0,"Shipping, Packing & Mailing Supplies > Shipping Supplies > Strapping & Strapping Equipment > Rope, String & Twine",0.75329375,True,1.0,-1.343603169551584,0.0,PARITY,36.869110107421875,86.67826086956522,,,
OfficeDepot,"OfficeDepot::Cleaning > Material Handling > Chain, Cable, Rope & Accessories > Straps & Bungee Cords","Cleaning > Material Handling > Chain, Cable, Rope & Accessories > Straps & Bungee Cords",4,True,8.0,"Facilities > Hardware > Chain, Rope & Tie Downs > Straps & Bungee Cords",0.9581796,True,1.0,0.9256968271996509,0.0,DEEPEN,54.59856414794922,53.27304347826086,0.17288977277659642,,
OfficeDepot,OfficeDepot::Cleaning > Medical Supplies,Cleaning > Medical Supplies,2,False,479.0,Cleaning Supplies,0.703568,True,0.928,-1.6006594722693963,5.7598771226213845,PARITY,60.34904879506429,80.76923076923076,,,
OfficeDepot,OfficeDepot::Cleaning > Medical Supplies > Baby Supplies,Cleaning > Medical Supplies > Baby Supplies,3,False,9.0,Healthcare Supplies > Personal Care > Baby Care > Baby Kits,0.73241705,True,1.0,-0.3410889755865041,0.0,PARITY,83.79401482476129,43.99999999999999,,,
OfficeDepot,OfficeDepot::Cleaning > Medical Supplies > Baby Supplies > Baby High Chairs,Cleaning > Medical Supplies > Baby Supplies > Baby High Chairs,4,True,1.0,Healthcare Supplies > Personal Care > Baby Care > Baby Kits,0.67334205,False,1.0,0.0,0.0,PARITY,96.12054443359375,35.17133283615112,,,
OfficeDepot,OfficeDepot::Cleaning > Medical Supplies > Baby Supplies > Baby Wipes,Cleaning > Medical Supplies > Baby Supplies > Baby Wipes,4,True,4.0,Healthcare Supplies > Personal Care > Baby Care > Baby Wipes,0.9649991,True,1.0,0.27454302942162023,0.0,PARITY,100.0,43.99999999999999,,,
OfficeDepot,OfficeDepot::Cleaning > Medical Supplies > Baby Supplies > Changing Stations,Cleaning > Medical Supplies > Baby Supplies > Changing Stations,4,True,1.0,Facilities > Bathroom Fixtures > Changing Stations and Accessories,0.844915,True,1.0,-0.07996511298742359,0.0,PARITY,45.190086364746094,45.22453703703703,,,
OfficeDepot,OfficeDepot::Cleaning > Medical Supplies > Baby Supplies > Sound Machines,Cleaning > Medical Supplies > Baby Supplies > Sound Machines,4,True,3.0,Cleaning Supplies > Floor & Carpet Cleaning Equipment > Floor Machines & Burnishers,0.61528504,False,1.0,0.0,0.0,PARITY,70.9451675415039,11.649768732488155,,,
OfficeDepot,OfficeDepot::Cleaning > Medical Supplies > Diagnostic,Cleaning > Medical Supplies > Diagnostic,3,False,25.0,Healthcare Supplies > Patient Care > Diagnostic & Exam Instruments,0.7705178,True,1.0,-1.2935302822776422,0.0,PARITY,50.159914627075196,45.43981481481482,,,
OfficeDepot,OfficeDepot::Cleaning > Medical Supplies > Diagnostic > Blood Pressure Supplies,Cleaning > Medical Supplies > Diagnostic > Blood Pressure Supplies,4,True,8.0,Healthcare Supplies > Patient Care > Diagnostic & Exam Instruments > Blood Pressure Monitors,0.82887363,True,1.0,-0.429722870252367,0.0,PARITY,62.15631866455078,44.417391304347824,,,
OfficeDepot,OfficeDepot::Cleaning > Medical Supplies > Diagnostic > Defibrillators,Cleaning > Medical Supplies > Diagnostic > Defibrillators,4,True,3.0,Healthcare Supplies > First Aid > Defibrillators,0.8886529,True,1.0,-1.3216213386995077,0.0,PARITY,0.0,40.18518518518518,,,
OfficeDepot,OfficeDepot::Cleaning > Medical Supplies > Diagnostic > Health Screenings,Cleaning > Medical Supplies > Diagnostic > Health Screenings,4,True,2.0,Healthcare Supplies > Patient Care > Diagnostic & Exam Instruments > Health & Body Weight Scales,0.57552034,False,1.0,0.0,0.0,PARITY,22.776981353759766,0.0,,,
OfficeDepot,OfficeDepot::Cleaning > Medical Supplies > Diagnostic > Lab Supplies,Cleaning > Medical Supplies > Diagnostic > Lab Supplies,4,True,2.0,Laboratory & Scientific Supplies > Labware & Consumables > Cleaning Supplies,0.658674,False,1.0,0.0,0.0,PARITY,100.0,14.835360191969407,,,
OfficeDepot,OfficeDepot::Cleaning > Medical Supplies > Diagnostic > Measuring Devices,Cleaning > Medical Supplies > Diagnostic > Measuring Devices,4,True,6.0,Office Supplies > Office Basics > Rulers & Measuring Devices,0.76372445,True,1.0,-1.2166099847357332,0.0,PARITY,81.47053527832031,83.63425925925925,,,
OfficeDepot,OfficeDepot::Cleaning > Medical Supplies > Diagnostic > Thermometers,Cleaning > Medical Supplies > Diagnostic > Thermometers,4,True,4.0,"Tools, Parts & Supplies > Measuring & Leveling Tools > Medical Thermometers",0.81049883,True,1.0,-0.5265718855671009,0.0,PARITY,5.592535495758057,22.729166666666664,,,
OfficeDepot,OfficeDepot::Cleaning > Medical Supplies > Incontinence,Cleaning > Medical Supplies > Incontinence,3,False,1.0,Healthcare Supplies > Personal Care > Incontinence,0.95014226,True,1.0,-1.5958853895012948,0.0,PARITY,59.80677795410156,49.690569485173285,,,
OfficeDepot,OfficeDepot::Cleaning > Medical Supplies > Incontinence > Briefs & Underwear,Cleaning > Medical Supplies > Incontinence > Briefs & Underwear,4,True,1.0,Healthcare Supplies > Personal Care > Incontinence > Adult Briefs,0.6825055,False,1.0,0.0,0.0,PARITY,19.613555908203125,35.04728895166646,,,
OfficeDepot,OfficeDepot::Cleaning > Medical Supplies > Incontinence > Pads,Cleaning > Medical Supplies > Incontinence > Pads,4,True,1.0,Cleaning Supplies > Floor & Carpet Cleaning Equipment > Floor Pads,0.67721033,False,1.0,0.0,0.0,PARITY,100.0,64.33385001868011,,,
OfficeDepot,OfficeDepot::Cleaning > Medical Supplies > Infection Control,Cleaning > Medical Supplies > Infection Control,3,False,188.0,Healthcare Supplies > Professional Dental Supplies > Infection Prevention,0.73613614,True,0.9375,1.1587174336662756,1.0666439115965527,DEEPEN,37.88321044445038,45.18518518518518,0.290758581371047,REVIEW,0.3079484124565255
OfficeDepot,OfficeDepot::Cleaning > Medical Supplies > Infection Control > Antibacterial Wipes,Cleaning > Medical Supplies > Infection Control > Antibacterial Wipes,4,True,74.0,Cleaning Supplies > Cleaning Chemicals & Wipes > Disinfectant Wipes,0.6464958,False,1.0,0.0,0.0,PARITY,38.688720703125,40.004453137516975,,,
OfficeDepot,OfficeDepot::Cleaning > Medical Supplies > Infection Control > Biohazard Supplies,Cleaning > Medical Supplies > Infection Control > Biohazard Supplies,4,True,5.0,Cleaning Supplies,0.55322886,False,0.0,1.791759469228055,1.0666439115965527,ENTER,24.48936653137207,0.0,0.6033951068933863,,
OfficeDepot,OfficeDepot::Cleaning > Medical Supplies > Infection Control > Sharps Containers,Cleaning > Medical Supplies > Infection Control > Sharps Containers,4,True,1.0,Healthcare Supplies > Patient Care > Exam Room Supplies & Equipment > Sharps Containers & Wall Brackets,0.7549167,True,1.0,-1.2285423981565908,0.0,PARITY,45.24467086791992,41.18260869565217,,,
OfficeDepot,OfficeDepot::Cleaning > Medical Supplies > Medical Furniture,Cleaning > Medical Supplies > Medical Furniture,3,False,23.0,Healthcare Supplies > Patient Care > Medical Practice Furniture,0.7675316,True,1.0,-1.5916400903734682,0.0,PARITY,97.61790339152019,46.38888888888889,,,
OfficeDepot,OfficeDepot::Cleaning > Medical Supplies > Medical Furniture > Exam Room,Cleaning > Medical Supplies > Medical Furniture > Exam Room,4,True,10.0,Healthcare Supplies > Patient Care > Medical Practice Furniture > Exam Room Tables,0.8882817,True,1.0,-0.5926875918869188,0.0,PARITY,100.0,48.7037037037037,,,
OfficeDepot,OfficeDepot::Cleaning > Medical Supplies > Medical Furniture > Linens,Cleaning > Medical Supplies > Medical Furniture > Linens,4,True,2.0,Retail Store Supplies > Spa & Salon > Spa & Massage > Sheets & Linens,0.78671706,True,1.0,-1.7934734911190942,0.0,PARITY,71.41484069824219,45.11304347826087,,,
OfficeDepot,OfficeDepot::Cleaning > Medical Supplies > Medical Furniture > Medical Carts,Cleaning > Medical Supplies > Medical Furniture > Medical Carts,4,True,2.0,Healthcare Supplies > Patient Care > Medical Practice Furniture > Medical Cabinets,0.7134811,True,1.0,-1.2808030805702864,0.0,PARITY,100.0,43.07826086956521,,,
OfficeDepot,OfficeDepot::Cleaning > Medical Supplies > Medical Furniture > Medical Chairs,Cleaning > Medical Supplies > Medical Furniture > Medical Chairs,4,True,1.0,Healthcare Supplies > Patient Care > Medical Practice Furniture > Medical Cabinets,0.70933324,True,1.0,-1.6862681886784507,0.0,PARITY,100.0,43.513039527116,,,
OfficeDepot,OfficeDepot::Cleaning > Medical Supplies > Medical Furniture > Pillows & Bed Pads,Cleaning > Medical Supplies > Medical Furniture > Pillows & Bed Pads,4,True,9.0,Furniture > Decor > Beds & Bedding > Pillows,0.772501,True,1.0,-0.27243529894507956,0.0,PARITY,100.0,32.97391304347826,,,
OfficeDepot,OfficeDepot::Cleaning > Medical Supplies > Medical Wear,Cleaning > Medical Supplies > Medical Wear,3,False,9.0,Healthcare Supplies > Wound Care > Bandages > Medical Tape,0.6654918,False,1.0,-0.33640018461235766,0.0,PARITY,43.19455591837565,29.404680465615318,,,
OfficeDepot,OfficeDepot::Cleaning > Medical Supplies > Medical Wear > Gowns,Cleaning > Medical Supplies > Medical Wear > Gowns,4,True,2.0,Workwear > Occupational Workwear > Healthcare Apparel > Medical Gowns & Aprons,0.7051785,True,1.0,-0.6762203797854502,0.0,PARITY,5.570531368255615,24.386086956521737,,,
OfficeDepot,OfficeDepot::Cleaning > Medical Supplies > Medical Wear > Head Covers,Cleaning > Medical Supplies > Medical Wear > Head Covers,4,True,3.0,Safety Supplies > Personal Protective Equipment (PPE) > Shoe Covers,0.6219937,False,1.0,0.0,0.0,PARITY,67.1910400390625,14.144336735760724,,,
OfficeDepot,OfficeDepot::Cleaning > Medical Supplies > Medical Wear > Procedural Masks,Cleaning > Medical Supplies > Medical Wear > Procedural Masks,4,True,1.0,Safety Supplies > Personal Protective Equipment (PPE) > Face Masks & Respirators,0.58515775,False,1.0,0.0,0.0,PARITY,12.397644996643066,0.0,,,
OfficeDepot,OfficeDepot::Cleaning > Medical Supplies > Medical Wear > Scrub Pants,Cleaning > Medical Supplies > Medical Wear > Scrub Pants,4,True,2.0,"Expanded Assortment > Clothing, Shoes & Accessories > Men's Pants",0.61227506,False,1.0,0.0,0.0,PARITY,31.81958770751953,1.0533436133215826,,,
OfficeDepot,OfficeDepot::Cleaning > Medical Supplies > Medical Wear > Shoe Covers,Cleaning > Medical Supplies > Medical Wear > Shoe Covers,4,True,1.0,Safety Supplies > Personal Protective Equipment (PPE) > Shoe Covers,0.93473196,True,1.0,-0.43815731083249443,0.0,PARITY,100.0,46.89351851851851,,,
OfficeDepot,OfficeDepot::Cleaning > Medical Supplies > Mobility Aids,Cleaning > Medical Supplies > Mobility Aids,3,False,27.0,Healthcare Supplies > Durable Medical Equipment > Mobility Aids,0.9709306,True,1.0,-1.1266407244746932,0.0,PARITY,94.64527299669054,58.666795491143326,,,
OfficeDepot,OfficeDepot::Cleaning > Medical Supplies > Mobility Aids > Bathroom Safety,Cleaning > Medical Supplies > Mobility Aids > Bathroom Safety,4,True,23.0,Facilities > Plumbing > Bathroom Hardware > Bathroom Safety Hardware,0.8070595,True,1.0,0.715751862777088,0.0,DEEPEN,100.0,60.89391304347827,0.16855579815931443,,
OfficeDepot,OfficeDepot::Cleaning > Medical Supplies > Mobility Aids > Walkers & Canes,Cleaning > Medical Supplies > Mobility Aids > Walkers & Canes,4,True,2.0,Healthcare Supplies > Durable Medical Equipment > Mobility Aids > Canes,0.7881672,True,1.0,-2.4037978189869555,0.0,PARITY,52.90163803100586,45.756521739130434,,,
OfficeDepot,OfficeDepot::Cleaning > Medical Supplies > Mobility Aids > Wheelchairs,Cleaning > Medical Supplies > Mobility Aids > Wheelchairs,4,True,2.0,Healthcare Supplies > Durable Medical Equipment > Mobility Aids > Wheelchairs,0.97512364,True,1.0,-1.9816299708292402,0.0,PARITY,74.8095474243164,45.96521739130435,,,
OfficeDepot,OfficeDepot::Cleaning > Medical Supplies > Orthopedic,Cleaning > Medical Supplies > Orthopedic,3,False,7.0,Healthcare Supplies > Durable Medical Equipment > Orthopedics,0.8672005,True,0.0,-3.9229016158496868,1.4933014762351737,PARITY,0.0,48.47222222222222,,,
OfficeDepot,OfficeDepot::Cleaning > Medical Supplies > Orthopedic > Braces,Cleaning > Medical Supplies > Orthopedic > Braces,4,True,7.0,Healthcare Supplies > Professional Dental Supplies > Orthodontic,0.47015345,False,0.0,2.0794415416798357,1.4933014762351737,ENTER,0.0,0.0,0.5711678832116789,,
OfficeDepot,OfficeDepot::Cleaning > Medical Supplies > Patient Care,Cleaning > Medical Supplies > Patient Care,3,False,105.0,Healthcare Supplies > Patient Care,0.96040094,True,0.8571428571428571,-2.1530067857842106,3.199931734789658,PARITY,52.58570533934093,49.68695652173913,,,
OfficeDepot,OfficeDepot::Cleaning > Medical Supplies > Patient Care > Cleansers,Cleaning > Medical Supplies > Patient Care > Cleansers,4,True,10.0,Healthcare Supplies > Personal Care > Skin Care > Cleanser,0.8752782,True,1.0,0.7493530414981258,0.0,DEEPEN,66.90228271484375,44.81739130434782,0.18950126003843337,,
OfficeDepot,OfficeDepot::Cleaning > Medical Supplies > Patient Care > Cotton Balls & Swabs,Cleaning > Medical Supplies > Patient Care > Cotton Balls & Swabs,4,True,2.0,Healthcare Supplies > Patient Care > Exam Room Supplies & Equipment > Cotton Balls,0.8150703,True,1.0,-0.5499299426321351,0.0,PARITY,50.28034591674805,40.17391304347826,,,
OfficeDepot,OfficeDepot::Cleaning > Medical Supplies > Patient Care > Feminine Hygiene,Cleaning > Medical Supplies > Patient Care > Feminine Hygiene,4,True,15.0,Healthcare Supplies > Personal Care > Skin Care,0.5012802,False,0.0,2.772588722239781,3.199931734789658,ENTER,11.29836368560791,0.0,0.6643695436115683,,
OfficeDepot,OfficeDepot::Cleaning > Medical Supplies > Patient Care > Hot & Cold Therapy,Cleaning > Medical Supplies > Patient Care > Hot & Cold Therapy,4,True,11.0,Healthcare Supplies > OTC Pharmaceuticals > Hot & Cold Therapy,0.9104098,True,1.0,-0.42003503601594483,0.0,PARITY,97.31759643554688,41.00694444444444,,,
OfficeDepot,OfficeDepot::Cleaning > Medical Supplies > Patient Care > Medical Wristbands,Cleaning > Medical Supplies > Patient Care > Medical Wristbands,4,True,2.0,Healthcare Supplies > Wound Care > Bandages > Medical Tape,0.6284379,False,1.0,0.0,0.0,PARITY,80.52469635009766,13.209201278893845,,,
OfficeDepot,OfficeDepot::Cleaning > Medical Supplies > Patient Care > Nursing Supplies,Cleaning > Medical Supplies > Patient Care > Nursing Supplies,4,True,3.0,Healthcare Supplies > Patient Care > Exam Room Supplies & Equipment,0.6275073,False,1.0,0.0,0.0,PARITY,86.85700225830078,15.179029278181217,,,
OfficeDepot,OfficeDepot::Cleaning > Medical Supplies > Patient Care > Over-the-Counter Medicine,Cleaning > Medical Supplies > Patient Care > Over-the-Counter Medicine,4,True,60.0,Healthcare Supplies > Patient Care > Practice Front Desk Supplies > Medical Take Home Bags,0.56316775,False,1.0,0.0,0.0,PARITY,50.24885559082031,0.0,,,
OfficeDepot,OfficeDepot::Cleaning > Medical Supplies > Patient Care > Pill Organizers,Cleaning > Medical Supplies > Patient Care > Pill Organizers,4,True,2.0,Healthcare Supplies > OTC Pharmaceuticals > Medicine & Vitamins > Pill Organizers & Storage,0.8671415,True,1.0,-0.635870090056506,0.0,PARITY,37.69739532470703,40.55652173913044,,,
OfficeDepot,OfficeDepot::Cleaning > Medical Supplies > Rehabilitation,Cleaning > Medical Supplies > Rehabilitation,3,False,20.0,Healthcare Supplies > Physical Therapy and Rehabilitation Equipment > Rehabilitation & Therapeutic Equipment,0.78467906,True,1.0,0.6228052415140248,0.0,PARITY,48.730859375,35.7742782152231,,,
OfficeDepot,OfficeDepot::Cleaning > Medical Supplies > Rehabilitation > Back Support,Cleaning > Medical Supplies > Rehabilitation > Back Support,4,True,2.0,Healthcare Supplies > Durable Medical Equipment > Orthopedics > Back & Waist Supports,0.6653593,False,1.0,0.0,0.0,PARITY,56.4010009765625,34.751442733018294,,,
OfficeDepot,OfficeDepot::Cleaning > Medical Supplies > Rehabilitation > Exercise Equipment,Cleaning > Medical Supplies > Rehabilitation > Exercise Equipment,4,True,6.0,Healthcare Supplies > Physical Therapy and Rehabilitation Equipment > Rehabilitation & Therapeutic Equipment,0.6244169,False,1.0,0.0,0.0,PARITY,74.58756256103516,9.93469131351621,,,
OfficeDepot,OfficeDepot::Cleaning > Medical Supplies > Rehabilitation > Pain Management Devices,Cleaning > Medical Supplies > Rehabilitation > Pain Management Devices,4,True,12.0,Healthcare Supplies > Physical Therapy and Rehabilitation Equipment > Rehabilitation & Therapeutic Equipment,0.5675014,False,1.0,0.0,0.0,PARITY,34.52415084838867,0.0,,,
OfficeDepot,OfficeDepot::Cleaning > Medical Supplies > Respiratory,Cleaning > Medical Supplies > Respiratory,3,False,1.0,Healthcare Supplies > Patient Care > Respiratory Therapy,0.8114133,True,1.0,-0.07996511298742359,0.0,PARITY,0.0,32.30324074074074,,,
OfficeDepot,OfficeDepot::Cleaning > Medical Supplies > Respiratory > Breathing Tubes,Cleaning > Medical Supplies > Respiratory > Breathing Tubes,4,True,1.0,Healthcare Supplies > Patient Care > Feeding Tubes & Nutrients > Feeding Tubes & Syringes,0.5566928,False,1.0,0.0,0.0,PARITY,0.0,0.0,,,
OfficeDepot,OfficeDepot::Cleaning > Medical Supplies > Surgical Supplies,Cleaning > Medical Supplies > Surgical Supplies,3,False,4.0,Laboratory & Scientific Supplies > Labware & Consumables > Cleaning Supplies,0.6054509,False,1.0,0.0,0.0,PARITY,90.81864833831787,33.93493373218546,,,
OfficeDepot,OfficeDepot::Cleaning > Medical Supplies > Surgical Supplies > Medical Tools,Cleaning > Medical Supplies > Surgical Supplies > Medical Tools,4,True,3.0,Healthcare Supplies > Patient Care > Medical Practice Furniture > Medical Cabinets,0.6767219,False,1.0,0.0,0.0,PARITY,100.0,35.98371416278508,,,
OfficeDepot,OfficeDepot::Cleaning > Medical Supplies > Surgical Supplies > Skin Prep,Cleaning > Medical Supplies > Surgical Supplies > Skin Prep,4,True,1.0,Healthcare Supplies > Personal Care > Skin Care,0.65903807,False,1.0,0.0,0.0,PARITY,63.274593353271484,27.788592440386612,,,
OfficeDepot,OfficeDepot::Cleaning > Medical Supplies > Wound Care,Cleaning > Medical Supplies > Wound Care,3,False,63.0,Healthcare Supplies > Wound Care,0.9581646,True,1.0,-2.702789005366202,0.0,PARITY,85.9045969440091,48.89763779527559,,,
OfficeDepot,OfficeDepot::Cleaning > Medical Supplies > Wound Care > Dressings,Cleaning > Medical Supplies > Wound Care > Dressings,4,True,37.0,Healthcare Supplies > Wound Care > Advanced Wound Care > Foam Dressings,0.78191614,True,1.0,-3.153753493603392,0.0,PARITY,100.0,49.756521739130434,,,
OfficeDepot,OfficeDepot::Cleaning > Medical Supplies > Wound Care > Gauze Sponges,Cleaning > Medical Supplies > Wound Care > Gauze Sponges,4,True,10.0,Healthcare Supplies > Wound Care > Gauze > Gauze Pads & Sponges,0.8321415,True,1.0,-0.5070464130055745,0.0,PARITY,90.9189453125,44.608695652173914,,,
OfficeDepot,OfficeDepot::Cleaning > Medical Supplies > Wound Care > Medical Tape,Cleaning > Medical Supplies > Wound Care > Medical Tape,4,True,2.0,Healthcare Supplies > Wound Care > Bandages > Medical Tape,0.9374155,True,1.0,-0.7883350872183774,0.0,PARITY,100.0,41.07826086956522,,,
OfficeDepot,OfficeDepot::Cleaning > Medical Supplies > Wound Care > Ointments,Cleaning > Medical Supplies > Wound Care > Ointments,4,True,10.0,Healthcare Supplies > Wound Care > Antiseptics & Antibiotics > Antibiotic Ointments,0.73322076,True,1.0,1.1940233427385123,0.0,DEEPEN,29.154813766479492,37.6695652173913,0.24173575422856827,,
OfficeDepot,OfficeDepot::Cleaning > Medical Supplies > Wound Care > Wound Cleansing,Cleaning > Medical Supplies > Wound Care > Wound Cleansing,4,True,3.0,Healthcare Supplies > Wound Care > Antiseptics & Antibiotics > Wound Cleanser,0.70356363,True,1.0,-1.352258018268406,0.0,PARITY,75.11580657958984,44.81739130434782,,,
OfficeDepot,OfficeDepot::Cleaning > Paper Towels,Cleaning > Paper Towels,2,True,182.0,"Coffee, Water & Snacks > Paper Products > Paper Towels",0.8983871,True,1.0,1.4376325855972247,0.0,DEEPEN,100.0,79.6875,0.13173471715328466,1P-CORE GAP,0.13673321759259258
OfficeDepot,OfficeDepot::Cleaning > Personal Care,Cleaning > Personal Care,2,False,354.0,Healthcare Supplies > Personal Care,0.86939275,True,1.0,-1.242670255240621,0.0,PARITY,91.43518118130959,48.9501312335958,,,
OfficeDepot,OfficeDepot::Cleaning > Personal Care > Dental Care,Cleaning > Personal Care > Dental Care,3,True,10.0,Healthcare Supplies > Personal Dental Care,0.8533684,True,1.0,0.0626505192307043,0.0,PARITY,100.0,35.511811023622045,,,
OfficeDepot,OfficeDepot::Cleaning > Personal Care > Deodorant & Powders,Cleaning > Personal Care > Deodorant & Powders,3,True,8.0,Healthcare Supplies > Personal Care > Skin Care > Deodorant,0.7889277,True,1.0,0.8027397911188914,0.0,DEEPEN,51.916282653808594,38.7304347826087,0.19538100567112682,,
OfficeDepot,OfficeDepot::Cleaning > Personal Care > Grooming,Cleaning > Personal Care > Grooming,3,True,44.0,"Gift Shop > Home, Personal & Travel > Grooming Sets",0.80981076,True,1.0,-1.496333174978929,0.0,PARITY,63.852386474609375,40.41739130434783,,,
OfficeDepot,OfficeDepot::Cleaning > Personal Care > Hair Care,Cleaning > Personal Care > Hair Care,3,True,44.0,Retail Store Supplies > Spa & Salon > Hair,0.75389886,True,1.0,0.05651512835135275,0.0,PARITY,100.0,46.76521739130435,,,
OfficeDepot,OfficeDepot::Cleaning > Personal Care > Lint Rollers,Cleaning > Personal Care > Lint Rollers,3,True,12.0,Expanded Assortment > Paint & Paint Supplies > Paint Rollers,0.6202233,False,1.0,0.0,0.0,PARITY,38.8060417175293,1.694389167552193,,,
OfficeDepot,OfficeDepot::Cleaning > Personal Care > Lotion,Cleaning > Personal Care > Lotion,3,True,21.0,Healthcare Supplies > Personal Care > Skin Care > Lotion & Moisturizer,0.7659864,True,1.0,0.9013808310589715,0.0,DEEPEN,84.64506530761719,42.243478260869566,0.26154480943877023,REVIEW,0.27661631054952873
OfficeDepot,OfficeDepot::Cleaning > Personal Care > Nail Care,Cleaning > Personal Care > Nail Care,3,True,3.0,Healthcare Supplies > Personal Care > Skin Care,0.6716304,False,1.0,0.0,0.0,PARITY,100.0,33.541839286960936,,,
OfficeDepot,OfficeDepot::Cleaning > Personal Care > Pet Supplies,Cleaning > Personal Care > Pet Supplies,3,True,212.0,Expanded Assortment > Pet Supplies & Accessories > Specialty Pet Supplies,0.80443,True,1.0,4.7021161041955635,0.0,DEEPEN,100.0,41.355990446530846,0.4736466902986396,REVIEW,0.4794690781084562
OfficeDepot,OfficeDepot::Cleaning > Restroom Supplies,Cleaning > Restroom Supplies,2,False,212.0,Cleaning Supplies > Janitorial Paper & Dispensers > Dispensers & Restroom Equipment,0.7157123,True,1.0,0.8447314957505423,0.0,DEEPEN,88.02448018319016,75.95833333333333,0.10586767458030112,1P-CORE GAP,0.10867708534447162
OfficeDepot,OfficeDepot::Cleaning > Restroom Supplies > Automatic Dispenser Systems,Cleaning > Restroom Supplies > Automatic Dispenser Systems,3,True,27.0,Cleaning Supplies > Janitorial Paper & Dispensers > Dispensers & Restroom Equipment > Toilet Paper Dispensers,0.65410453,False,1.0,0.0,0.0,PARITY,85.26629638671875,46.017268962030826,,,
OfficeDepot,OfficeDepot::Cleaning > Restroom Supplies > Bath Tissue Dispensers,Cleaning > Restroom Supplies > Bath Tissue Dispensers,3,True,7.0,Facilities > Bathroom Fixtures > Facial Tissue Dispensers,0.7956915,True,1.0,-1.379885170949148,0.0,PARITY,100.0,77.0625,,,
OfficeDepot,OfficeDepot::Cleaning > Restroom Supplies > Bathroom Tissue,Cleaning > Restroom Supplies > Bathroom Tissue,3,True,82.0,Facilities > Bathroom Fixtures > Facial Tissue Dispensers,0.67370236,False,1.0,0.0,0.0,PARITY,85.47472381591797,50.20941005274655,,,
OfficeDepot,OfficeDepot::Cleaning > Restroom Supplies > Paper Towel Dispensers,Cleaning > Restroom Supplies > Paper Towel Dispensers,3,True,14.0,"Coffee, Water & Snacks > Breakroom Appliances > Paper Towel Dispensers",0.94356894,True,1.0,0.24574823353135233,0.0,PARITY,100.0,79.6875,,,
OfficeDepot,OfficeDepot::Cleaning > Restroom Supplies > Plungers,Cleaning > Restroom Supplies > Plungers,3,True,3.0,Cleaning Supplies > Cleaning Tools > Cleaning Brushes & Toilet Plungers,0.6976094,True,1.0,-1.3965219535201763,0.0,PARITY,4.88899564743042,73.04166666666667,,,
OfficeDepot,OfficeDepot::Cleaning > Restroom Supplies > Sanitary Napkin Dispensers & Receptacles,Cleaning > Restroom Supplies > Sanitary Napkin Dispensers & Receptacles,3,True,1.0,"Coffee, Water & Snacks > Breakroom Appliances > Napkin Dispensers",0.7699809,True,1.0,-1.5958853895012948,0.0,PARITY,100.0,58.14583333333333,,,
OfficeDepot,OfficeDepot::Cleaning > Restroom Supplies > Sanitary Napkins & Tampons,Cleaning > Restroom Supplies > Sanitary Napkins & Tampons,3,True,15.0,Facilities > Bathroom Fixtures > Sanitary Dispensers,0.642542,False,1.0,0.0,0.0,PARITY,72.01226806640625,22.575002379577462,,,
OfficeDepot,OfficeDepot::Cleaning > Restroom Supplies > Toilet Bowl Brushes,Cleaning > Restroom Supplies > Toilet Bowl Brushes,3,True,22.0,Cleaning Supplies > Cleaning Tools > Cleaning Brushes & Toilet Plungers,0.70690286,True,1.0,0.35267790128908283,0.0,PARITY,85.60765075683594,73.04166666666667,,,
OfficeDepot,OfficeDepot::Cleaning > Restroom Supplies > Toilet Seat Covers,Cleaning > Restroom Supplies > Toilet Seat Covers,3,True,16.0,"Coffee, Water & Snacks > Paper Products > Toilet Seat Covers",0.92025197,True,1.0,1.2305795120356036,0.0,DEEPEN,100.0,61.541666666666664,0.2336975364963504,,
OfficeDepot,OfficeDepot::Cleaning > Restroom Supplies > Urinal Screens & Dispensers,Cleaning > Restroom Supplies > Urinal Screens & Dispensers,3,True,31.0,Cleaning Supplies > Cleaning Chemicals & Wipes > Urinal Screens,0.88221586,True,1.0,1.1767033327384864,0.0,DEEPEN,100.0,69.16457263780677,0.18242418888363218,,
OfficeDepot,OfficeDepot::Cleaning > Safety & Security,Cleaning > Safety & Security,2,False,503.0,Safety Supplies > Security Mirrors,0.66002643,False,0.9980842911877394,-1.5240405125378667,0.21332878231931052,PARITY,56.77027962856366,41.76769120532808,,,
OfficeDepot,OfficeDepot::Cleaning > Safety & Security > Alarms,Cleaning > Safety & Security > Alarms,3,True,1.0,Healthcare Supplies > Patient Care > Exam Room Supplies & Equipment > Patient Alarms,0.72033674,True,1.0,-5.80624530968333,0.0,PARITY,35.021095275878906,49.68695652173913,,,
OfficeDepot,OfficeDepot::Cleaning > Safety & Security > Clothing Protection & Workwear,Cleaning > Safety & Security > Clothing Protection & Workwear,3,False,4.0,Safety Supplies > Personal Protective Equipment (PPE) > Workwear & Rainwear > Protective Clothing,0.7216109,True,1.0,-1.0004983680711381,0.0,PARITY,89.12401008605957,55.4886956521739,,,
OfficeDepot,OfficeDepot::Cleaning > Safety & Security > Clothing Protection & Workwear > Aprons,Cleaning > Safety & Security > Clothing Protection & Workwear > Aprons,4,True,3.0,Appliances & Kitchenware > Kitchenware > Kitchen Accessories > Aprons,0.9168531,True,1.0,0.6131820675725217,0.0,PARITY,95.1500015258789,24.386086956521737,,,
OfficeDepot,OfficeDepot::Cleaning > Safety & Security > Clothing Protection & Workwear > Sleeves & Bibs,Cleaning > Safety & Security > Clothing Protection & Workwear > Sleeves & Bibs,4,True,1.0,Safety Supplies > Personal Protective Equipment (PPE) > Workwear & Rainwear > Sleeves & Bibs,0.9586837,True,1.0,-1.470048301224363,0.0,PARITY,71.04603576660156,58.94608695652174,,,
OfficeDepot,OfficeDepot::Cleaning > Safety & Security > Ergonomic Protection,Cleaning > Safety & Security > Ergonomic Protection,3,False,1.0,Safety Supplies > Personal Protective Equipment (PPE) > Ergonomic Support,0.7493703,True,1.0,-1.414917169447206,0.0,PARITY,32.57683563232422,52.92129629629629,,,
OfficeDepot,OfficeDepot::Cleaning > Safety & Security > Ergonomic Protection > Knee Pads,Cleaning > Safety & Security > Ergonomic Protection > Knee Pads,4,True,1.0,Healthcare Supplies > Durable Medical Equipment > Orthopedics > Knee & Leg Supports,0.5855625,False,1.0,0.0,0.0,PARITY,32.57683563232422,0.0,,,
OfficeDepot,OfficeDepot::Cleaning > Safety & Security > Eye Protection,Cleaning > Safety & Security > Eye Protection,3,False,134.0,Safety Supplies > Personal Protective Equipment (PPE) > Eye Protection,0.95629466,True,1.0,1.0122360328056708,0.0,DEEPEN,8.59375,64.81481481481481,0.09164079396458502,1P-CORE GAP,0.0999662422839506
OfficeDepot,OfficeDepot::Cleaning > Safety & Security > Eye Protection > Eyeglasses,Cleaning > Safety & Security > Eye Protection > Eyeglasses,4,True,104.0,"Safety Supplies > Personal Protective Equipment (PPE) > Eye Protection > Safety Glasses, Goggles & Accessories",0.5791308,False,1.0,0.0,0.0,PARITY,0.0,0.0,,,
OfficeDepot,OfficeDepot::Cleaning > Safety & Security > Eye Protection > Magnifiers,Cleaning > Safety & Security > Eye Protection > Magnifiers,4,True,13.0,Furniture > Lamps & Lighting > Craft Lighting & Magnifiers,0.6448421,False,1.0,0.0,0.0,PARITY,0.0,7.783794415631781,,,
OfficeDepot,OfficeDepot::Cleaning > Safety & Security > Eye Protection > Safety Glass Parts & Accessories,Cleaning > Safety & Security > Eye Protection > Safety Glass Parts & Accessories,4,True,1.0,"Safety Supplies > Personal Protective Equipment (PPE) > Eye Protection > Safety Glasses, Goggles & Accessories",0.7482594,True,1.0,-3.0005792909135502,0.0,PARITY,100.0,66.25043478260869,,,
OfficeDepot,OfficeDepot::Cleaning > Safety & Security > Eye Protection > Safety Glasses,Cleaning > Safety & Security > Eye Protection > Safety Glasses,4,True,8.0,"Safety Supplies > Personal Protective Equipment (PPE) > Eye Protection > Safety Glasses, Goggles & Accessories",0.83131516,True,1.0,-1.496501894137276,0.0,PARITY,100.0,66.25043478260869,,,
OfficeDepot,OfficeDepot::Cleaning > Safety & Security > Eye Protection > Safety Goggles,Cleaning > Safety & Security > Eye Protection > Safety Goggles,4,True,2.0,"Safety Supplies > Personal Protective Equipment (PPE) > Eye Protection > Safety Glasses, Goggles & Accessories",0.815742,True,1.0,-2.5951141828053856,0.0,PARITY,100.0,66.25043478260869,,,
OfficeDepot,OfficeDepot::Cleaning > Safety & Security > Facility Safety,Cleaning > Safety & Security > Facility Safety,3,False,19.0,Safety Supplies > Safety Storage,0.6871851,False,1.0,-3.6217943243939055,0.0,PARITY,95.39815415834126,65.27144633236635,,,
OfficeDepot,OfficeDepot::Cleaning > Safety & Security > Facility Safety > Facility Safety Signs,Cleaning > Safety & Security > Facility Safety > Facility Safety Signs,4,True,18.0,Facilities > Facilities Signs > Safety Signs,0.8419267,True,1.0,-3.6717499914181397,0.0,PARITY,100.0,68.89763779527559,,,
OfficeDepot,OfficeDepot::Cleaning > Safety & Security > Facility Safety > Sneeze Guards & Plexiglass Shields,Cleaning > Safety & Security > Facility Safety > Sneeze Guards & Plexiglass Shields,4,True,1.0,Safety Supplies > Personal Protective Equipment (PPE) > Head & Face Protection > Face Shields & Visors,0.5687125,False,1.0,0.0,0.0,PARITY,12.564929008483887,0.0,,,
OfficeDepot,OfficeDepot::Cleaning > Safety & Security > Fall Protection,Cleaning > Safety & Security > Fall Protection,3,False,1.0,"Safety Supplies > Fall Protection Kits, Parts & Accessories",0.7667358,True,1.0,-3.611226099146049,0.0,PARITY,100.0,64.00820114836097,,,
OfficeDepot,OfficeDepot::Cleaning > Safety & Security > Fall Protection > Harness Parts & Accessories,Cleaning > Safety & Security > Fall Protection > Harness Parts & Accessories,4,True,1.0,"Safety Supplies > Fall Protection Kits, Parts & Accessories",0.6805285,False,1.0,0.0,0.0,PARITY,100.0,64.00820114836097,,,
OfficeDepot,"OfficeDepot::Cleaning > Safety & Security > Fire, Gas & Water Protection","Cleaning > Safety & Security > Fire, Gas & Water Protection",3,False,21.0,Safety Supplies > Fire Protection,0.7620169,True,1.0,0.7116270841199199,0.0,DEEPEN,53.18093654087612,48.981627296587924,0.1445174165722009,REVIEW,0.14705868047341844
OfficeDepot,"OfficeDepot::Cleaning > Safety & Security > Fire, Gas & Water Protection > Detectors","Cleaning > Safety & Security > Fire, Gas & Water Protection > Detectors",4,True,15.0,"Tools, Parts & Supplies > Power Tools > Metal Detectors",0.73263854,True,1.0,1.7195326438448046,0.0,DEEPEN,56.508750915527344,45.89897070218016,0.30239354350816444,,
OfficeDepot,"OfficeDepot::Cleaning > Safety & Security > Fire, Gas & Water Protection > Fire Extinguishers","Cleaning > Safety & Security > Fire, Gas & Water Protection > Fire Extinguishers",4,True,6.0,Safety Supplies > Fire Protection > Fire Extinguishers,0.96490717,True,1.0,0.3913941349878003,0.0,PARITY,44.86140060424805,49.71296296296296,,,
OfficeDepot,OfficeDepot::Cleaning > Safety & Security > First Aid Safety,Cleaning > Safety & Security > First Aid Safety,3,False,148.0,Healthcare Supplies > First Aid,0.79930377,True,1.0,0.20307817551221685,0.0,PARITY,59.51168265623205,41.95601851851852,,,
OfficeDepot,OfficeDepot::Cleaning > Safety & Security > First Aid Safety > Bandages & Dressings,Cleaning > Safety & Security > First Aid Safety > Bandages & Dressings,4,True,29.0,Healthcare Supplies > Wound Care > Bandages,0.76653314,True,1.0,-0.2449821084579189,0.0,PARITY,100.0,43.7037037037037,,,
OfficeDepot,OfficeDepot::Cleaning > Safety & Security > First Aid Safety > Cold Packs,Cleaning > Safety & Security > First Aid Safety > Cold Packs,4,True,6.0,"Shipping, Packing & Mailing Supplies > Shipping Supplies > Desiccants & Cold Packs > Shipping Cold Packs",0.7965113,True,1.0,-0.2172853327289952,0.0,PARITY,63.96468734741211,84.20869565217392,,,
OfficeDepot,OfficeDepot::Cleaning > Safety & Security > First Aid Safety > Eye Wash,Cleaning > Safety & Security > First Aid Safety > Eye Wash,4,True,6.0,Healthcare Supplies > Personal Care > Skin Care > Eye Cream,0.6382814,False,1.0,0.0,0.0,PARITY,57.391239166259766,19.935935015782068,,,
OfficeDepot,OfficeDepot::Cleaning > Safety & Security > First Aid Safety > Insect Repellent & Sunscreen,Cleaning > Safety & Security > First Aid Safety > Insect Repellent & Sunscreen,4,True,13.0,Healthcare Supplies > Personal Care > Skin Care > Sunscreen & Sunblock,0.60688496,False,1.0,0.0,0.0,PARITY,8.76233959197998,3.4359825315682784,,,
OfficeDepot,OfficeDepot::Cleaning > Safety & Security > First Aid Safety > Pain Relievers,Cleaning > Safety & Security > First Aid Safety > Pain Relievers,4,True,31.0,Healthcare Supplies > OTC Pharmaceuticals > Medicine & Vitamins > Pain Relievers,0.91216123,True,1.0,1.3025404210154181,0.0,DEEPEN,42.466033935546875,42.10434782608696,0.26033409645859723,,
OfficeDepot,OfficeDepot::Cleaning > Safety & Security > Gloves & Hand Protection,Cleaning > Safety & Security > Gloves & Hand Protection,3,False,102.0,Safety Supplies > Personal Protective Equipment (PPE) > Gloves & Hand Protection,0.9582422,True,1.0,-0.25597824139248004,0.0,PARITY,82.62925202505929,68.1495652173913,,,
OfficeDepot,OfficeDepot::Cleaning > Safety & Security > Gloves & Hand Protection > Chemical Resistant Gloves,Cleaning > Safety & Security > Gloves & Hand Protection > Chemical Resistant Gloves,4,True,46.0,Safety Supplies > Personal Protective Equipment (PPE) > Gloves & Hand Protection > Work Gloves,0.65264094,False,1.0,0.0,0.0,PARITY,81.68157196044922,39.46444326297096,,,
OfficeDepot,OfficeDepot::Cleaning > Safety & Security > Gloves & Hand Protection > Coated Gloves,Cleaning > Safety & Security > Gloves & Hand Protection > Coated Gloves,4,True,33.0,Safety Supplies > Personal Protective Equipment (PPE) > Gloves & Hand Protection > Work Gloves,0.6981368,True,1.0,-1.3643467050059543,0.0,PARITY,98.6773910522461,68.1495652173913,,,
OfficeDepot,OfficeDepot::Cleaning > Safety & Security > Gloves & Hand Protection > Foodservice Gloves,Cleaning > Safety & Security > Gloves & Hand Protection > Foodservice Gloves,4,True,9.0,Safety Supplies > Personal Protective Equipment (PPE) > Gloves & Hand Protection > Disposable Gloves,0.67652005,False,1.0,0.0,0.0,PARITY,57.99099349975586,55.78568608864494,,,
OfficeDepot,OfficeDepot::Cleaning > Safety & Security > Gloves & Hand Protection > General Purpose Gloves,Cleaning > Safety & Security > Gloves & Hand Protection > General Purpose Gloves,4,True,90.0,Safety Supplies > Personal Protective Equipment (PPE) > Gloves & Hand Protection > Work Gloves,0.6995838,True,1.0,0.10184656038609852,0.0,PARITY,78.92109680175781,68.1495652173913,,,
OfficeDepot,OfficeDepot::Cleaning > Safety & Security > Gloves & Hand Protection > Glove Parts & Accessories,Cleaning > Safety & Security > Gloves & Hand Protection > Glove Parts & Accessories,4,True,2.0,Cleaning Supplies > Floor & Carpet Cleaning Equipment > Vacuum Parts & Accessories,0.6815255,False,1.0,0.0,0.0,PARITY,100.0,68.75309545919299,,,
OfficeDepot,OfficeDepot::Cleaning > Safety & Security > Gloves & Hand Protection > Work Gloves,Cleaning > Safety & Security > Gloves & Hand Protection > Work Gloves,4,True,2.0,Safety Supplies > Personal Protective Equipment (PPE) > Gloves & Hand Protection > Work Gloves,0.9821979,True,1.0,-3.3104006574626412,0.0,PARITY,100.0,68.1495652173913,,,
OfficeDepot,OfficeDepot::Cleaning > Safety & Security > Head & Face Protection,Cleaning > Safety & Security > Head & Face Protection,3,False,17.0,Safety Supplies > Personal Protective Equipment (PPE) > Head & Face Protection,0.9538294,True,1.0,-1.8872072968673708,0.0,PARITY,78.49294123930089,64.81481481481481,,,
OfficeDepot,OfficeDepot::Cleaning > Safety & Security > Head & Face Protection > Face Masks,Cleaning > Safety & Security > Head & Face Protection > Face Masks,4,True,6.0,Safety Supplies > Personal Protective Equipment (PPE) > Face Masks & Respirators,0.74773127,True,1.0,-1.5134165635736705,0.0,PARITY,79.02609252929688,60.11574074074073,,,
OfficeDepot,OfficeDepot::Cleaning > Safety & Security > Head & Face Protection > Face Shields & Visors,Cleaning > Safety & Security > Head & Face Protection > Face Shields & Visors,4,True,1.0,Safety Supplies > Personal Protective Equipment (PPE) > Head & Face Protection > Face Shields & Visors,0.97982097,True,1.0,-1.2285423981565908,0.0,PARITY,87.69277954101562,57.65565217391304,,,
OfficeDepot,"OfficeDepot::Cleaning > Safety & Security > Head & Face Protection > Hard Hat, Cap Parts & Accessories","Cleaning > Safety & Security > Head & Face Protection > Hard Hat, Cap Parts & Accessories",4,True,1.0,Safety Supplies > Personal Protective Equipment (PPE) > Head & Face Protection > Hard Hat & Safety Helmet Accessories,0.7159881,True,1.0,-2.1457956017499984,0.0,PARITY,83.30261993408203,63.328695652173906,,,
OfficeDepot,OfficeDepot::Cleaning > Safety & Security > Head & Face Protection > Hard Hats & Caps,Cleaning > Safety & Security > Head & Face Protection > Hard Hats & Caps,4,True,8.0,Safety Supplies > Personal Protective Equipment (PPE) > Head & Face Protection > Hard Hats & Safety Helmets,0.7240242,True,1.0,-0.8722401284126473,0.0,PARITY,82.8398208618164,64.30260869565217,,,
OfficeDepot,OfficeDepot::Cleaning > Safety & Security > Head & Face Protection > Winter Liners & Hoods,Cleaning > Safety & Security > Head & Face Protection > Winter Liners & Hoods,4,True,1.0,Safety Supplies > Personal Protective Equipment (PPE) > Workwear & Rainwear > Winter Hoods & Balaclavas,0.6171689,False,1.0,0.0,0.0,PARITY,26.509479522705078,10.934443592247757,,,
OfficeDepot,OfficeDepot::Cleaning > Safety & Security > Hearing Protection,Cleaning > Safety & Security > Hearing Protection,3,False,4.0,Safety Supplies > Personal Protective Equipment (PPE) > Ear Protection,0.7005142,True,0.75,-1.201835356912788,0.21332878231931052,PARITY,13.916825294494629,57.02083333333333,,,
OfficeDepot,OfficeDepot::Cleaning > Safety & Security > Hearing Protection > Ear Plugs,Cleaning > Safety & Security > Hearing Protection > Ear Plugs,4,True,3.0,Safety Supplies > Personal Protective Equipment (PPE) > Ear Protection,0.63010335,False,1.0,0.0,0.0,PARITY,18.555767059326172,19.346181803693373,,,
OfficeDepot,OfficeDepot::Cleaning > Safety & Security > Hearing Protection > Earmuffs,Cleaning > Safety & Security > Hearing Protection > Earmuffs,4,True,1.0,Safety Supplies > Personal Protective Equipment (PPE) > Ear Protection,0.46712247,False,0.0,0.6931471805599453,0.21332878231931052,ENTER,0.0,0.0,0.22901459854014597,,
OfficeDepot,OfficeDepot::Cleaning > Safety & Security > Lockout & Locks,Cleaning > Safety & Security > Lockout & Locks,3,False,19.0,Facilities > Locks & Key Control > Lockout Devices,0.728622,True,1.0,0.2274539868123826,0.0,PARITY,28.101258930407074,53.21296296296296,,,
OfficeDepot,OfficeDepot::Cleaning > Safety & Security > Lockout & Locks > Lock Boxes,Cleaning > Safety & Security > Lockout & Locks > Lock Boxes,4,True,12.0,Smart Home & Security > Smart Locks,0.5660244,False,1.0,0.0,0.0,PARITY,32.10350799560547,0.0,,,
OfficeDepot,OfficeDepot::Cleaning > Safety & Security > Lockout & Locks > Lockout & Hasps,Cleaning > Safety & Security > Lockout & Locks > Lockout & Hasps,4,True,1.0,Facilities > Locks & Key Control > Lockout Devices,0.6512447,False,1.0,0.0,0.0,PARITY,0.0,30.024329210873002,,,
OfficeDepot,OfficeDepot::Cleaning > Safety & Security > Lockout & Locks > Padlocks & Cables,Cleaning > Safety & Security > Lockout & Locks > Padlocks & Cables,4,True,6.0,Facilities > Locks & Key Control > Padlocks,0.8081063,True,1.0,-0.1334052982019054,0.0,PARITY,24.780303955078125,52.77546296296296,,,
OfficeDepot,OfficeDepot::Cleaning > Safety & Security > Respiratory Protection,Cleaning > Safety & Security > Respiratory Protection,3,False,8.0,Safety Supplies > Personal Protective Equipment (PPE) > Ear Protection,0.68014425,False,1.0,-1.2621021352927642,0.0,PARITY,32.45491027832031,60.11574074074073,,,
OfficeDepot,OfficeDepot::Cleaning > Safety & Security > Respiratory Protection > Disposable Respirators & Dust Masks,Cleaning > Safety & Security > Respiratory Protection > Disposable Respirators & Dust Masks,4,True,8.0,Safety Supplies > Personal Protective Equipment (PPE) > Face Masks & Respirators,0.7206778,True,1.0,-1.2621021352927642,0.0,PARITY,32.45491027832031,60.11574074074073,,,
OfficeDepot,OfficeDepot::Cleaning > Safety & Security > Spill Control Safety,Cleaning > Safety & Security > Spill Control Safety,3,False,4.0,Laboratory & Scientific Supplies > Lab Safety > Lab Spill Control & Containment,0.7317767,True,1.0,1.0788689979431565,0.0,DEEPEN,0.0,46.910825066679095,0.13582303513962757,,
OfficeDepot,OfficeDepot::Cleaning > Safety & Security > Spill Control Safety > Sorbents,Cleaning > Safety & Security > Spill Control Safety > Sorbents,4,True,4.0,Facilities > Spill Containment & Sorbents,0.6776758,False,1.0,0.0,0.0,PARITY,0.0,46.910825066679095,,,
OfficeDepot,OfficeDepot::Cleaning > Safety & Security > Traffic Safety,Cleaning > Safety & Security > Traffic Safety,3,False,28.0,Safety Supplies > Traffic Signs,0.75928843,True,1.0,-2.6527743712859384,0.0,PARITY,100.0,78.71204414665557,,,
OfficeDepot,OfficeDepot::Cleaning > Safety & Security > Traffic Safety > Safety Cones,Cleaning > Safety & Security > Traffic Safety > Safety Cones,4,True,5.0,Safety Supplies > Traffic Cones,0.7400758,True,1.0,-0.4733406884122062,0.0,PARITY,100.0,49.42257217847769,,,
OfficeDepot,OfficeDepot::Cleaning > Safety & Security > Traffic Safety > Safety Tape,Cleaning > Safety & Security > Traffic Safety > Safety Tape,4,True,15.0,"Office Supplies > Tape, Fasteners & Adhesives > Tape > Safety & Reflective Tape",0.7015788,True,1.0,-1.2113033920778995,0.0,PARITY,100.0,95.82608695652173,,,
OfficeDepot,OfficeDepot::Cleaning > Safety & Security > Traffic Safety > Safety Vests,Cleaning > Safety & Security > Traffic Safety > Safety Vests,4,True,8.0,Safety Supplies > Safety Vests & High Visibility Clothing,0.76815796,True,1.0,-3.529153744677679,0.0,PARITY,100.0,64.9291338582677,,,
OfficeDepot,OfficeDepot::Cleaning > Toilet Paper,Cleaning > Toilet Paper,2,True,78.0,Cleaning Supplies > Janitorial Paper & Dispensers > Dispensers & Restroom Equipment > Toilet Paper Dispensers,0.8230736,True,1.0,0.6584583749275996,0.0,PARITY,100.0,77.38434782608697,,,
OfficeDepot,OfficeDepot::Cleaning > Tools & Equipment,Cleaning > Tools & Equipment,2,False,235.0,Cleaning Supplies > Cleaning Tools,0.89827245,True,0.9957446808510638,-0.5181118347535891,0.21332878231931052,PARITY,84.89423152030783,82.81889763779527,,,
OfficeDepot,OfficeDepot::Cleaning > Tools & Equipment > Electrical Tools,Cleaning > Tools & Equipment > Electrical Tools,3,False,2.0,Facilities > Electrical and Wiring > Electrical,0.77802086,True,1.0,-2.5775479226200453,0.0,PARITY,82.68617248535156,54.38165737794141,,,
OfficeDepot,OfficeDepot::Cleaning > Tools & Equipment > Electrical Tools > Wire Pulling Grips,Cleaning > Tools & Equipment > Electrical Tools > Wire Pulling Grips,4,True,2.0,"Tools, Parts & Supplies > Hand Tools > Electrical Tools: Wire Pulling Grips",0.86212015,True,1.0,-2.4651306487612707,0.0,PARITY,82.68617248535156,47.25462766730267,,,
OfficeDepot,OfficeDepot::Cleaning > Tools & Equipment > Hand Tools,Cleaning > Tools & Equipment > Hand Tools,3,False,195.0,Facilities > Hand & Power Tools > Hand Tools,0.94702303,True,0.9949238578680203,0.21989115550869975,0.21332878231931052,PARITY,87.85955518151297,82.81889763779527,,,
OfficeDepot,"OfficeDepot::Cleaning > Tools & Equipment > Hand Tools > Hammers, Sledges, Mallets & Axes","Cleaning > Tools & Equipment > Hand Tools > Hammers, Sledges, Mallets & Axes",4,True,1.0,Facilities > Hand & Power Tools > Hand Tools > Hammers & Striking Tools,0.60078967,False,1.0,0.0,0.0,PARITY,32.73447036743164,1.5580041465811105,,,
OfficeDepot,OfficeDepot::Cleaning > Tools & Equipment > Hand Tools > Hand Tool Organizers & Belts,Cleaning > Tools & Equipment > Hand Tools > Hand Tool Organizers & Belts,4,True,1.0,"Tools, Parts & Supplies > Hand Tools > All Hand Tools",0.74781346,True,1.0,-3.9158723529411983,0.0,PARITY,100.0,63.87499999999999,,,
OfficeDepot,OfficeDepot::Cleaning > Tools & Equipment > Hand Tools > Handsaws & Sets,Cleaning > Tools & Equipment > Hand Tools > Handsaws & Sets,4,True,1.0,Facilities > Hand & Power Tools > Hand Tools > Hand Saws,0.60631454,False,1.0,0.0,0.0,PARITY,37.03831481933594,4.187539561416791,,,
OfficeDepot,"OfficeDepot::Cleaning > Tools & Equipment > Hand Tools > Hex, Torx & Spline Keys","Cleaning > Tools & Equipment > Hand Tools > Hex, Torx & Spline Keys",4,True,1.0,Facilities > Hand & Power Tools > Hand Tools > Wrenches,0.50635874,False,0.0,0.6931471805599453,0.21332878231931052,ENTER,17.911056518554688,0.0,0.28274776809581004,,
OfficeDepot,OfficeDepot::Cleaning > Tools & Equipment > Hand Tools > Knives & Multipurpose Tools,Cleaning > Tools & Equipment > Hand Tools > Knives & Multipurpose Tools,4,True,33.0,"Tools, Parts & Supplies > Hand Tools > Putty Knives & Scrapers",0.6567076,False,1.0,0.0,0.0,PARITY,100.0,34.501993788428926,,,
OfficeDepot,OfficeDepot::Cleaning > Tools & Equipment > Hand Tools > Lawn & Garden Tools,Cleaning > Tools & Equipment > Hand Tools > Lawn & Garden Tools,4,True,8.0,Facilities > Grounds Maintenance > Outdoor Tools > Lawn & Garden Tools,0.9382305,True,1.0,-0.2847683636279017,0.0,PARITY,100.0,61.13739130434782,,,
OfficeDepot,OfficeDepot::Cleaning > Tools & Equipment > Hand Tools > Multipurpose Hand Tool Sets,Cleaning > Tools & Equipment > Hand Tools > Multipurpose Hand Tool Sets,4,True,11.0,Facilities > Hand & Power Tools > Hand Tools > Hand Tool Sets,0.8485794,True,1.0,0.172501065985454,0.0,PARITY,100.0,63.87499999999999,,,
OfficeDepot,OfficeDepot::Cleaning > Tools & Equipment > Hand Tools > Pliers & Cutters,Cleaning > Tools & Equipment > Hand Tools > Pliers & Cutters,4,True,16.0,Facilities > Hand & Power Tools > Hand Tools > Pliers,0.8350139,True,1.0,0.45379797481782,0.0,PARITY,100.0,63.11506439966185,,,
OfficeDepot,OfficeDepot::Cleaning > Tools & Equipment > Hand Tools > Putty Knives & Scrapers,Cleaning > Tools & Equipment > Hand Tools > Putty Knives & Scrapers,4,True,2.0,"Tools, Parts & Supplies > Hand Tools > Putty Knives & Scrapers",0.9806726,True,1.0,-0.9807031585891088,0.0,PARITY,97.13814544677734,22.618055555555554,,,
OfficeDepot,OfficeDepot::Cleaning > Tools & Equipment > Hand Tools > Retrieving Tools,Cleaning > Tools & Equipment > Hand Tools > Retrieving Tools,4,True,3.0,"Tools, Parts & Supplies > Hand Tools > Magnetic Pickups & Retrieving Tools",0.78599465,True,1.0,0.25498986972745086,0.0,PARITY,100.0,20.09722222222222,,,
OfficeDepot,OfficeDepot::Cleaning > Tools & Equipment > Hand Tools > Screwdrivers & Nutdrivers,Cleaning > Tools & Equipment > Hand Tools > Screwdrivers & Nutdrivers,4,True,4.0,Facilities > Hand & Power Tools > Hand Tools > Screwdrivers & Nutdrivers,0.97139704,True,1.0,-0.37831206872590073,0.0,PARITY,74.16293334960938,58.166956521739124,,,
OfficeDepot,"OfficeDepot::Cleaning > Tools & Equipment > Hand Tools > Shears, Scissors & Snips","Cleaning > Tools & Equipment > Hand Tools > Shears, Scissors & Snips",4,True,77.0,"Office Supplies > Scissors, Hole Punches & Paper Cutters > Scissors",0.7296397,True,1.0,0.8828137637783842,0.0,DEEPEN,73.42514038085938,86.11111111111111,0.05710435188213016,,
OfficeDepot,OfficeDepot::Cleaning > Tools & Equipment > Hand Tools > Sheet Sander Parts & Accessories,Cleaning > Tools & Equipment > Hand Tools > Sheet Sander Parts & Accessories,4,True,26.0,"Tools, Parts & Supplies > Power Tools > Sheet Sander Parts & Accessories",0.9572412,True,1.0,1.3080868848443281,0.0,DEEPEN,100.0,63.59746313840151,0.22758228337196426,,
OfficeDepot,OfficeDepot::Cleaning > Tools & Equipment > Hand Tools > Staplers & Riveters,Cleaning > Tools & Equipment > Hand Tools > Staplers & Riveters,4,True,2.0,"Tools, Parts & Supplies > Hand Tools > Staplers & Riveters",0.9769256,True,1.0,-0.03269220272432993,0.0,PARITY,87.99234771728516,88.75,,,
OfficeDepot,OfficeDepot::Cleaning > Tools & Equipment > Hand Tools > Tool Storage,Cleaning > Tools & Equipment > Hand Tools > Tool Storage,4,True,11.0,Facilities > Hand & Power Tools > Tool Storage,0.8750466,True,1.0,-2.204461900052008,0.0,PARITY,100.0,63.87499999999999,,,
OfficeDepot,OfficeDepot::Cleaning > Tools & Equipment > Lubricants,Cleaning > Tools & Equipment > Lubricants,3,True,6.0,"Tools, Parts & Supplies > Chemicals, Lubricants & Paints > Lubricants",0.9392148,True,1.0,0.2973679177550683,0.0,PARITY,97.36345672607422,21.47222222222222,,,
OfficeDepot,OfficeDepot::Cleaning > Tools & Equipment > Measuring & Marking Tools,Cleaning > Tools & Equipment > Measuring & Marking Tools,3,False,22.0,"Tools, Parts & Supplies > Measuring & Leveling Tools",0.7006246,True,1.0,0.13325435063371582,0.0,PARITY,50.987225605891304,56.135356306201864,,,
OfficeDepot,OfficeDepot::Cleaning > Tools & Equipment > Measuring & Marking Tools > Levels,Cleaning > Tools & Equipment > Measuring & Marking Tools > Levels,4,True,1.0,"Facilities > Hand & Power Tools > Measuring & Layout Tools > Levels, Compasses, and Calipers",0.6282259,False,1.0,0.0,0.0,PARITY,13.972909927368164,18.40983095915421,,,
OfficeDepot,OfficeDepot::Cleaning > Tools & Equipment > Measuring & Marking Tools > Protractors,Cleaning > Tools & Equipment > Measuring & Marking Tools > Protractors,4,True,1.0,"Tools, Parts & Supplies > Measuring & Leveling Tools > Compasses, Protractors and Markers",0.7478829,True,1.0,-0.5783805695766234,0.0,PARITY,0.0,20.513888888888886,,,
OfficeDepot,OfficeDepot::Cleaning > Tools & Equipment > Measuring & Marking Tools > Temperature Measurement,Cleaning > Tools & Equipment > Measuring & Marking Tools > Temperature Measurement,4,True,8.0,"Tools, Parts & Supplies > Chalk Reels & Marking Tools > Temperature Indicators",0.7011416,True,1.0,0.2419593994617566,0.0,PARITY,65.6976089477539,22.28472222222222,,,
OfficeDepot,OfficeDepot::Cleaning > Tools & Equipment > Measuring & Marking Tools > Thermostats,Cleaning > Tools & Equipment > Measuring & Marking Tools > Thermostats,4,True,3.0,Facilities > Heating & Cooling > Thermostats,0.901121,True,1.0,1.1766010924495538,0.0,DEEPEN,41.0933837890625,42.77777777777777,0.236153942252327,,
OfficeDepot,OfficeDepot::Cleaning > Tools & Equipment > Plumbing Equipment,Cleaning > Tools & Equipment > Plumbing Equipment,3,False,10.0,Facilities > Plumbing,0.77728283,True,1.0,-2.5238871738412714,0.0,PARITY,60.78541819254557,61.732283464566926,,,
OfficeDepot,OfficeDepot::Cleaning > Tools & Equipment > Plumbing Equipment > Drain Cleaning & Inspection Equipment,Cleaning > Tools & Equipment > Plumbing Equipment > Drain Cleaning & Inspection Equipment,4,True,4.0,Cleaning Supplies > Floor & Carpet Cleaning Equipment,0.68890345,False,1.0,0.0,0.0,PARITY,100.0,75.99346162578253,,,
OfficeDepot,OfficeDepot::Cleaning > Tools & Equipment > Plumbing Equipment > Tips & Nozzles,Cleaning > Tools & Equipment > Plumbing Equipment > Tips & Nozzles,4,True,8.0,Facilities > Grounds Maintenance > Watering Equipment > Water Hose Nozzles & Sprayers,0.64258,False,1.0,0.0,0.0,PARITY,41.17812728881836,26.376534322033756,,,
OfficeDepot,OfficeDepot::Cleaning > Tools & Equipment > Pneumatic Tools,Cleaning > Tools & Equipment > Pneumatic Tools,3,False,1.0,Facilities > Hand & Power Tools > Power Tools > Pneumatic Tools,0.937474,True,1.0,-1.3260654585771472,0.0,PARITY,100.0,44.48347826086956,,,
OfficeDepot,OfficeDepot::Cleaning > Tools & Equipment > Pneumatic Tools > Finishing Tools,Cleaning > Tools & Equipment > Pneumatic Tools > Finishing Tools,4,True,1.0,"Tools, Parts & Supplies > Power Tools > Finishing Tools",0.94505095,True,1.0,-1.2946028006000558,0.0,PARITY,100.0,22.388888888888886,,,
OfficeDepot,OfficeDepot::Cleaning > Tools & Equipment > Power Tools,Cleaning > Tools & Equipment > Power Tools,3,False,4.0,Facilities > Hand & Power Tools > Power Tools,0.9462762,True,1.0,-1.1733784022059666,0.0,PARITY,100.0,63.87499999999999,,,
OfficeDepot,OfficeDepot::Cleaning > Tools & Equipment > Power Tools > Drilling & Fastening Tools,Cleaning > Tools & Equipment > Power Tools > Drilling & Fastening Tools,4,True,4.0,"Tools, Parts & Supplies > Power Tools > Drilling and Fastening Tools",0.97408974,True,1.0,-0.37831206872590073,0.0,PARITY,100.0,46.16347826086956,,,
OfficeDepot,OfficeDepot::Cleaning > Trash Cans & Bags,Cleaning > Trash Cans & Bags,2,False,438.0,Cleaning Supplies > Waste & Recycling > Trash Bags,0.80547,True,1.0,0.48006716721056275,0.0,PARITY,79.50788273223459,86.0,,,
OfficeDepot,OfficeDepot::Cleaning > Trash Cans & Bags > Recycle Bins,Cleaning > Trash Cans & Bags > Recycle Bins,3,True,18.0,Cleaning Supplies > Waste & Recycling > Trash Cans & Recycling Bins,0.7522741,True,1.0,-2.287595245536804,0.0,PARITY,60.75099182128906,86.0,,,
OfficeDepot,OfficeDepot::Cleaning > Trash Cans & Bags > Trash Bags,Cleaning > Trash Cans & Bags > Trash Bags,3,True,268.0,Cleaning Supplies > Waste & Recycling > Trash Bags,0.96927595,True,1.0,1.1467273661677337,0.0,DEEPEN,100.0,83.25,0.09689324817518245,1P-CORE GAP,0.10282638888888888
OfficeDepot,OfficeDepot::Cleaning > Trash Cans & Bags > Trash Cans,Cleaning > Trash Cans & Bags > Trash Cans,3,True,152.0,Cleaning Supplies > Waste & Recycling > Trash Cans & Recycling Bins,0.7903687,True,1.0,-0.5739943244721735,0.0,PARITY,45.5982551574707,86.0,,,
OfficeDepot,OfficeDepot::Computers & Accessories,Computers & Accessories,1,False,7960.0,Computers & Accessories,1.0,True,0.9757372934532524,0.4926182808255284,24.74613874904002,PARITY,86.15565189552765,79.28608923884515,,,
OfficeDepot,OfficeDepot::Computers & Accessories > Computer Accessories,Computers & Accessories > Computer Accessories,2,False,1326.0,Computers & Accessories,0.9717636,True,1.0,-1.0839957441745414,0.0,PARITY,72.31800120007861,79.28608923884515,,,
OfficeDepot,OfficeDepot::Computers & Accessories > Computer Accessories > CPU Stands,Computers & Accessories > Computer Accessories > CPU Stands,3,True,5.0,Computers & Accessories > Computer Monitors & Stands,0.65752256,False,1.0,0.0,0.0,PARITY,86.27175903320312,47.196176421298134,,,
OfficeDepot,OfficeDepot::Computers & Accessories > Computer Accessories > Computer Cleaning Supplies,Computers & Accessories > Computer Accessories > Computer Cleaning Supplies,3,False,45.0,Computers & Accessories > Computer Accessories & Peripherals > Computer Cleaning & Maintenance,0.82538056,True,1.0,-4.383710602820093,0.0,PARITY,71.94633611043294,80.76923076923076,,,
OfficeDepot,OfficeDepot::Computers & Accessories > Computer Accessories > Computer Cleaning Supplies > Cleaning Equipment & Kits,Computers & Accessories > Computer Accessories > Computer Cleaning Supplies > Cleaning Equipment & Kits,4,True,22.0,Cleaning Supplies > Floor & Carpet Cleaning Equipment,0.7608932,True,1.0,-4.086562768799593,0.0,PARITY,100.0,82.81889763779527,,,
OfficeDepot,OfficeDepot::Computers & Accessories > Computer Accessories > Computer Cleaning Supplies > Compressed Air Dusters,Computers & Accessories > Computer Accessories > Computer Cleaning Supplies > Compressed Air Dusters,4,True,21.0,Cleaning Supplies > Cleaning Tools > Dusters,0.68454015,False,1.0,0.0,0.0,PARITY,39.885005950927734,65.25161883483331,,,
OfficeDepot,OfficeDepot::Computers & Accessories > Computer Accessories > Computer Cleaning Supplies > Computer Tools,Computers & Accessories > Computer Accessories > Computer Cleaning Supplies > Computer Tools,4,True,2.0,Computers & Accessories > Computer Parts & Components > Computer Cards,0.73675936,True,1.0,-6.649804344613626,0.0,PARITY,100.0,79.28608923884515,,,
OfficeDepot,OfficeDepot::Computers & Accessories > Computer Accessories > Computer Speakers & Headsets,Computers & Accessories > Computer Accessories > Computer Speakers & Headsets,3,False,419.0,Computers & Accessories > Computer Accessories & Peripherals > Computer Speakers,0.8993083,True,1.0,0.5190706682926729,0.0,PARITY,100.0,63.314814814814824,,,
OfficeDepot,OfficeDepot::Computers & Accessories > Computer Accessories > Computer Speakers & Headsets > Computer Headsets,Computers & Accessories > Computer Accessories > Computer Speakers & Headsets > Computer Headsets,4,True,401.0,Audio > Headsets & Microphones > Headsets,0.77553487,True,1.0,0.47526804563428016,0.0,PARITY,100.0,63.314814814814824,,,
OfficeDepot,OfficeDepot::Computers & Accessories > Computer Accessories > Computer Speakers & Headsets > Computer Speakers,Computers & Accessories > Computer Accessories > Computer Speakers & Headsets > Computer Speakers,4,True,18.0,Computers & Accessories > Computer Accessories & Peripherals > Computer Speakers,0.9790534,True,1.0,0.3873446050092615,0.0,PARITY,100.0,63.314814814814824,,,
OfficeDepot,OfficeDepot::Computers & Accessories > Computer Accessories > Laptop Accessories,Computers & Accessories > Computer Accessories > Laptop Accessories,3,False,200.0,Computers & Accessories > Computer Accessories & Peripherals > Laptop Accessories,0.9919956,True,1.0,0.024993544763105113,0.0,PARITY,100.0,77.13391304347827,,,
OfficeDepot,OfficeDepot::Computers & Accessories > Computer Accessories > Laptop Accessories > Laptop Chargers & Adapters,Computers & Accessories > Computer Accessories > Laptop Accessories > Laptop Chargers & Adapters,4,True,25.0,Computers & Accessories > Computer Accessories & Peripherals > Laptop Accessories > Laptop Chargers & Adapters,1.0,True,1.0,-0.8050742834409976,0.0,PARITY,100.0,77.13391304347827,,,
OfficeDepot,OfficeDepot::Computers & Accessories > Computer Accessories > Laptop Accessories > Laptop Cooling Devices,Computers & Accessories > Computer Accessories > Laptop Accessories > Laptop Cooling Devices,4,True,14.0,Computers & Accessories > Computer Accessories & Peripherals > Laptop Cooling Pads,0.85536444,True,1.0,0.7863606223856741,0.0,DEEPEN,100.0,76.51851851851852,0.10772343876723438,,
OfficeDepot,OfficeDepot::Computers & Accessories > Computer Accessories > Laptop Accessories > Laptop Docking Stations,Computers & Accessories > Computer Accessories > Laptop Accessories > Laptop Docking Stations,4,True,90.0,Computers & Accessories > Computer Accessories & Peripherals > Laptop Accessories > Laptop Docking Stations,1.0,True,1.0,0.2648901012694065,0.0,PARITY,100.0,77.60695652173914,,,
OfficeDepot,OfficeDepot::Computers & Accessories > Computer Accessories > Laptop Accessories > Laptop Stands & Lap Desks,Computers & Accessories > Computer Accessories > Laptop Accessories > Laptop Stands & Lap Desks,4,True,57.0,Computers & Accessories > Computer Accessories & Peripherals > Laptop Accessories > Laptop Stands & Lap Desks,1.0,True,1.0,0.17217102871685697,0.0,PARITY,100.0,76.51851851851852,,,
OfficeDepot,OfficeDepot::Computers & Accessories > Computer Accessories > Laptop Accessories > Security Cable Locks,Computers & Accessories > Computer Accessories > Laptop Accessories > Security Cable Locks,4,True,14.0,Computers & Accessories > Computer Accessories & Peripherals > Laptop Accessories > Laptop Locks,0.6990814,True,1.0,-0.08909581225986463,0.0,PARITY,100.0,72.04173913043479,,,
OfficeDepot,OfficeDepot::Computers & Accessories > Computer Accessories > Mice & Keyboards,Computers & Accessories > Computer Accessories > Mice & Keyboards,3,False,549.0,Computers & Accessories > Computer Accessories & Peripherals > Computer Keyboards,0.7593656,True,1.0,0.4851440524149222,0.0,PARITY,43.003725275701406,75.11111111111111,,,
OfficeDepot,OfficeDepot::Computers & Accessories > Computer Accessories > Mice & Keyboards > Gaming Keyboards,Computers & Accessories > Computer Accessories > Mice & Keyboards > Gaming Keyboards,4,True,14.0,Computers & Accessories > Computer Accessories & Peripherals > Computer Keyboards,0.7358433,True,1.0,-1.7721698578564786,0.0,PARITY,100.0,74.11111111111111,,,
OfficeDepot,OfficeDepot::Computers & Accessories > Computer Accessories > Mice & Keyboards > Gaming Mice,Computers & Accessories > Computer Accessories > Mice & Keyboards > Gaming Mice,4,True,18.0,Computers & Accessories > Computer Accessories & Peripherals > Computer Mice,0.7002695,True,1.0,-1.8153102774121788,0.0,PARITY,50.351478576660156,75.11111111111111,,,
OfficeDepot,OfficeDepot::Computers & Accessories > Computer Accessories > Mice & Keyboards > Keyboard & Mouse Combos,Computers & Accessories > Computer Accessories > Mice & Keyboards > Keyboard & Mouse Combos,4,True,63.0,Computers & Accessories > Computer Accessories & Peripherals > Keyboard & Mouse Combos,0.9562807,True,1.0,0.29969893778508805,0.0,PARITY,78.42073822021484,71.37037037037037,,,
OfficeDepot,OfficeDepot::Computers & Accessories > Computer Accessories > Mice & Keyboards > Keyboard Accessories,Computers & Accessories > Computer Accessories > Mice & Keyboards > Keyboard Accessories,4,True,30.0,Computers & Accessories > Computer Accessories & Peripherals > Keyboard Trays,0.75269437,True,1.0,-1.5678005089679168,0.0,PARITY,100.0,74.11111111111111,,,
OfficeDepot,OfficeDepot::Computers & Accessories > Computer Accessories > Mice & Keyboards > Mousepads & Wrist Rests,Computers & Accessories > Computer Accessories > Mice & Keyboards > Mousepads & Wrist Rests,4,True,123.0,Computers & Accessories > Computer Accessories & Peripherals > Mouse Pads & Wrist Rests,0.792668,True,1.0,0.500272527376695,0.0,PARITY,20.460691452026367,73.5,,,
OfficeDepot,OfficeDepot::Computers & Accessories > Computer Accessories > Mice & Keyboards > Wired Keyboards,Computers & Accessories > Computer Accessories > Mice & Keyboards > Wired Keyboards,4,True,62.0,Computers & Accessories > Computer Accessories & Peripherals > Computer Keyboards,0.720811,True,1.0,-0.3370853325671561,0.0,PARITY,70.20613098144531,74.11111111111111,,,
OfficeDepot,OfficeDepot::Computers & Accessories > Computer Accessories > Mice & Keyboards > Wired Mice,Computers & Accessories > Computer Accessories > Mice & Keyboards > Wired Mice,4,True,40.0,Computers & Accessories > Computer Accessories & Peripherals > Computer Mice,0.6880618,False,1.0,0.0,0.0,PARITY,0.0,71.80384720696344,,,
OfficeDepot,OfficeDepot::Computers & Accessories > Computer Accessories > Mice & Keyboards > Wireless Keyboards,Computers & Accessories > Computer Accessories > Mice & Keyboards > Wireless Keyboards,4,True,85.0,Computers & Accessories > Computer Accessories & Peripherals > Computer Keyboards,0.7284138,True,1.0,-0.02587276270518135,0.0,PARITY,78.38370513916016,74.11111111111111,,,
OfficeDepot,OfficeDepot::Computers & Accessories > Computer Accessories > Mice & Keyboards > Wireless Mice,Computers & Accessories > Computer Accessories > Mice & Keyboards > Wireless Mice,4,True,153.0,Computers & Accessories > Computer Accessories & Peripherals > Computer Mice,0.69553655,True,1.0,0.2772033458350105,0.0,PARITY,9.851615905761719,75.11111111111111,,,
OfficeDepot,OfficeDepot::Computers & Accessories > Computer Accessories > Server Accessories,Computers & Accessories > Computer Accessories > Server Accessories,3,False,48.0,Computers & Accessories > Servers & Accessories,0.9468645,True,1.0,-0.5424191672898684,0.0,PARITY,90.5920352935791,71.07407407407408,,,
OfficeDepot,OfficeDepot::Computers & Accessories > Computer Accessories > Server Accessories > Server Connector Faceplates,Computers & Accessories > Computer Accessories > Server Accessories > Server Connector Faceplates,4,True,6.0,Computers & Accessories > Servers & Accessories > Servers,0.6606485,False,1.0,0.0,0.0,PARITY,58.48381042480469,42.52670973428974,,,
OfficeDepot,OfficeDepot::Computers & Accessories > Computer Accessories > Server Accessories > Server Racks & Mounts,Computers & Accessories > Computer Accessories > Server Accessories > Server Racks & Mounts,4,True,42.0,Computers & Accessories > Servers & Accessories > Server Racks & Cabinets,0.82245487,True,1.0,-0.037139968088413244,0.0,PARITY,95.17892456054688,71.07407407407408,,,
OfficeDepot,OfficeDepot::Computers & Accessories > Computer Accessories > Webcams,Computers & Accessories > Computer Accessories > Webcams,3,True,60.0,Computers & Accessories > Computer Accessories & Peripherals > Webcams,0.9884958,True,1.0,-0.15821518374241084,0.0,PARITY,58.50865936279297,73.37037037037038,,,
OfficeDepot,OfficeDepot::Computers & Accessories > Computer Cards & Components,Computers & Accessories > Computer Cards & Components,2,False,24.0,Computers & Accessories > Computer Parts & Components > Computer Cards,0.8810551,True,1.0,-2.485207366471806,0.0,PARITY,92.30823822021485,73.43589743589743,,,
OfficeDepot,OfficeDepot::Computers & Accessories > Computer Cards & Components > Computer Cases,Computers & Accessories > Computer Cards & Components > Computer Cases,3,True,6.0,Computers & Accessories > Computer Parts & Components > Tower Computer Cases,0.8702466,True,1.0,-1.1235545566935536,0.0,PARITY,100.0,75.11111111111111,,,
OfficeDepot,OfficeDepot::Computers & Accessories > Computer Cards & Components > Computer Cooling,Computers & Accessories > Computer Cards & Components > Computer Cooling,3,False,1.0,Computers & Accessories > Computer Accessories & Peripherals > Laptop Cooling Pads,0.7330403,True,1.0,-2.713451049701936,0.0,PARITY,100.0,63.61111111111111,,,
OfficeDepot,OfficeDepot::Computers & Accessories > Computer Cards & Components > Computer Cooling > Computer Fans,Computers & Accessories > Computer Cards & Components > Computer Cooling > Computer Fans,4,True,1.0,Computers & Accessories > Computer Parts & Components > Computer Fans,0.97653306,True,1.0,-1.7888457604041759,0.0,PARITY,100.0,63.05555555555556,,,
OfficeDepot,OfficeDepot::Computers & Accessories > Computer Cards & Components > Computer Power Supplies,Computers & Accessories > Computer Cards & Components > Computer Power Supplies,3,False,4.0,Computers & Accessories > Computer Parts & Components > Power Supplies,0.88200796,True,1.0,-1.0828001264835831,0.0,PARITY,100.0,65.45957897466624,,,
OfficeDepot,OfficeDepot::Computers & Accessories > Computer Cards & Components > Computer Power Supplies > Internal PC Power Supplies,Computers & Accessories > Computer Cards & Components > Computer Power Supplies > Internal PC Power Supplies,4,True,4.0,Computers & Accessories > Computer Parts & Components > Power Supplies,0.8278334,True,1.0,-1.0828001264835831,0.0,PARITY,100.0,64.14814814814815,,,
OfficeDepot,OfficeDepot::Computers & Accessories > Computer Cards & Components > Graphic & Sound Cards,Computers & Accessories > Computer Cards & Components > Graphic & Sound Cards,3,False,5.0,Computers & Accessories > Computer Parts & Components > Graphics Cards,0.7916971,True,1.0,-1.583410962234947,0.0,PARITY,100.0,68.12962962962963,,,
OfficeDepot,OfficeDepot::Computers & Accessories > Computer Cards & Components > Graphic & Sound Cards > Graphic Cards,Computers & Accessories > Computer Cards & Components > Graphic & Sound Cards > Graphic Cards,4,True,5.0,Computers & Accessories > Computer Parts & Components > Graphics Cards,0.89069,True,1.0,-1.583410962234947,0.0,PARITY,100.0,68.12962962962963,,,
OfficeDepot,OfficeDepot::Computers & Accessories > Computer Cards & Components > Memory,Computers & Accessories > Computer Cards & Components > Memory,3,False,4.0,Computers & Accessories > Computer Parts & Components > Memory,0.9878223,True,1.0,-3.4017206771524657,0.0,PARITY,78.51394653320312,66.44946048410617,,,
OfficeDepot,OfficeDepot::Computers & Accessories > Computer Cards & Components > Memory > Cache Memory,Computers & Accessories > Computer Cards & Components > Memory > Cache Memory,4,True,1.0,Computers & Accessories > Computer Parts & Components > Memory,0.78630656,True,1.0,-2.1989385992272585,0.0,PARITY,35.94536590576172,65.51851851851853,,,
OfficeDepot,OfficeDepot::Computers & Accessories > Computer Cards & Components > Memory > Desktop Computer Memory,Computers & Accessories > Computer Cards & Components > Memory > Desktop Computer Memory,4,True,1.0,Computers & Accessories > Desktop Computers,0.8015373,True,1.0,-4.318011409026621,0.0,PARITY,100.0,70.1732283464567,,,
OfficeDepot,OfficeDepot::Computers & Accessories > Computer Cards & Components > Memory > Laptop Memory,Computers & Accessories > Computer Cards & Components > Memory > Laptop Memory,4,True,2.0,Computers & Accessories > Computer Parts & Components > Memory,0.8284281,True,1.0,-1.7934734911190942,0.0,PARITY,100.0,65.51851851851853,,,
OfficeDepot,OfficeDepot::Computers & Accessories > Computer Cards & Components > Memory > Workstation Memory,Computers & Accessories > Computer Cards & Components > Memory > Workstation Memory,4,True,1.0,Computers & Accessories > Computer Parts & Components > Memory,0.79168177,True,1.0,-2.1989385992272585,0.0,PARITY,56.624366760253906,65.51851851851853,,,
OfficeDepot,OfficeDepot::Computers & Accessories > Computer Cards & Components > Motherboards,Computers & Accessories > Computer Cards & Components > Motherboards,3,True,1.0,Computers & Accessories > Computer Parts & Components > Motherboards,0.98741114,True,1.0,-2.1039988328021293,0.0,PARITY,83.17320251464844,65.03703703703705,,,
OfficeDepot,OfficeDepot::Computers & Accessories > Computer Cards & Components > Processors,Computers & Accessories > Computer Cards & Components > Processors,3,True,3.0,Computers & Accessories > Computer Parts & Components > Computer Processors / CPUs,0.80514365,True,1.0,-2.0125390309847484,0.0,PARITY,77.32100677490234,68.2962962962963,,,
OfficeDepot,OfficeDepot::Computers & Accessories > Data Storage & Media,Computers & Accessories > Data Storage & Media,2,False,439.0,Hard Drives & Data Storage,0.7055765,True,0.8097928436911488,0.3172441399536483,21.546207014250363,PARITY,72.2386975901275,42.769230769230774,,,
OfficeDepot,OfficeDepot::Computers & Accessories > Data Storage & Media > CD & DVD Drives,Computers & Accessories > Data Storage & Media > CD & DVD Drives,3,False,13.0,Hard Drives & Data Storage > USB Flash Drives,0.6544176,False,1.0,-0.15003175627796406,0.0,PARITY,66.86426620483398,36.40374620876495,,,
OfficeDepot,OfficeDepot::Computers & Accessories > Data Storage & Media > CD & DVD Drives > Blu-ray Drives,Computers & Accessories > Data Storage & Media > CD & DVD Drives > Blu-ray Drives,4,True,3.0,TV & Streaming Media > TV & Video > DVD & Blu-Ray Players,0.72567534,True,1.0,-0.06442818938732886,0.0,PARITY,41.25718307495117,20.930555555555554,,,
OfficeDepot,OfficeDepot::Computers & Accessories > Data Storage & Media > CD & DVD Drives > External CD & DVD Drives,Computers & Accessories > Data Storage & Media > CD & DVD Drives > External CD & DVD Drives,4,True,12.0,Hard Drives & Data Storage > External Hard Drives,0.6773283,False,1.0,0.0,0.0,PARITY,73.26603698730469,40.2720438720673,,,
OfficeDepot,OfficeDepot::Computers & Accessories > Data Storage & Media > Duplicator Disk Drives,Computers & Accessories > Data Storage & Media > Duplicator Disk Drives,3,True,5.0,Hard Drives & Data Storage > Disc Duplicators,0.74285066,True,1.0,0.5202317190914862,0.0,PARITY,100.0,39.874015748031496,,,
OfficeDepot,OfficeDepot::Computers & Accessories > Data Storage & Media > Hard Drive Accessories,Computers & Accessories > Data Storage & Media > Hard Drive Accessories,3,True,8.0,Hard Drives & Data Storage > Hard Drive Accessories,0.97228193,True,1.0,-0.7575490986886129,0.0,PARITY,100.0,64.61111111111111,,,
OfficeDepot,OfficeDepot::Computers & Accessories > Data Storage & Media > Hard Drives,Computers & Accessories > Data Storage & Media > Hard Drives,3,False,116.0,Hard Drives & Data Storage > Hard Drive Accessories,0.87187445,True,1.0,-0.9971098084576964,0.0,PARITY,98.44770365747912,64.61111111111111,,,
OfficeDepot,OfficeDepot::Computers & Accessories > Data Storage & Media > Hard Drives > External Hard Drives,Computers & Accessories > Data Storage & Media > Hard Drives > External Hard Drives,4,True,44.0,Hard Drives & Data Storage > External Hard Drives,0.973212,True,1.0,0.06754751156592587,0.0,PARITY,100.0,64.61111111111111,,,
OfficeDepot,OfficeDepot::Computers & Accessories > Data Storage & Media > Hard Drives > Internal Hard Drives,Computers & Accessories > Data Storage & Media > Hard Drives > Internal Hard Drives,4,True,7.0,Computers & Accessories > Computer Parts & Components > Internal Hard Drives,0.9598708,True,1.0,-0.6740842410146803,0.0,PARITY,100.0,64.61111111111111,,,
OfficeDepot,OfficeDepot::Computers & Accessories > Data Storage & Media > Hard Drives > Network Storage Systems,Computers & Accessories > Data Storage & Media > Hard Drives > Network Storage Systems,4,True,12.0,Hard Drives & Data Storage,0.6264487,False,1.0,0.0,0.0,PARITY,84.99446868896484,12.847732415566076,,,
OfficeDepot,OfficeDepot::Computers & Accessories > Data Storage & Media > Hard Drives > Solid-State Drives,Computers & Accessories > Data Storage & Media > Hard Drives > Solid-State Drives,4,True,53.0,Hard Drives & Data Storage > Solid State Drives,0.9189287,True,1.0,-0.0035554117013107955,0.0,PARITY,100.0,49.1023622047244,,,
OfficeDepot,OfficeDepot::Computers & Accessories > Data Storage & Media > Media,Computers & Accessories > Data Storage & Media > Media,3,False,87.0,Hard Drives & Data Storage > Blank Media,0.74361694,True,0.4293785310734463,1.2952631031429211,21.546207014250363,DEEPEN,20.541529960551504,45.63779527559055,0.30709712919730053,REVIEW,0.3078282780713312
OfficeDepot,OfficeDepot::Computers & Accessories > Data Storage & Media > Media > Backup Data Cartridges,Computers & Accessories > Data Storage & Media > Media > Backup Data Cartridges,4,True,3.0,Hard Drives & Data Storage,0.55975467,False,1.0,0.0,0.0,PARITY,30.294189453125,0.0,,,
OfficeDepot,OfficeDepot::Computers & Accessories > Data Storage & Media > Media > CD-R Printable Discs,Computers & Accessories > Data Storage & Media > Media > CD-R Printable Discs,4,True,13.0,TV & Streaming Media > TV & Video > Car CD Players & Monitors,0.51279813,False,0.0,2.6390573296152584,2.7732741701510366,ENTER,1.9808937311172485,0.0,0.6243733381276583,,
OfficeDepot,OfficeDepot::Computers & Accessories > Data Storage & Media > Media > CD-R Recordable Discs,Computers & Accessories > Data Storage & Media > Media > CD-R Recordable Discs,4,True,21.0,Hard Drives & Data Storage > Disc Duplicators,0.51802206,False,0.0,3.091042453358316,4.479904428705521,ENTER,6.240732669830322,0.0,0.6608754826810237,,
OfficeDepot,OfficeDepot::Computers & Accessories > Data Storage & Media > Media > CD-RW Rewritable Discs,Computers & Accessories > Data Storage & Media > Media > CD-RW Rewritable Discs,4,True,1.0,Hard Drives & Data Storage > Disc Duplicators,0.53136325,False,0.0,0.6931471805599453,0.21332878231931052,ENTER,0.0,0.0,0.22901459854014597,,
OfficeDepot,OfficeDepot::Computers & Accessories > Data Storage & Media > Media > DVD+R Printable Discs,Computers & Accessories > Data Storage & Media > Media > DVD+R Printable Discs,4,True,6.0,School Supplies > Teacher Supplies > Classroom Books & Digital Media > CDs & DVDs,0.56826353,False,1.0,0.0,0.0,PARITY,10.416373252868652,0.0,,,
OfficeDepot,OfficeDepot::Computers & Accessories > Data Storage & Media > Media > DVD+R Recordable Discs,Computers & Accessories > Data Storage & Media > Media > DVD+R Recordable Discs,4,True,10.0,School Supplies > Teacher Supplies > Classroom Books & Digital Media > CDs & DVDs,0.5452386,False,0.0,2.3978952727983707,2.1332878231931054,ENTER,15.094597816467285,0.0,0.6430940124275041,,
OfficeDepot,OfficeDepot::Computers & Accessories > Data Storage & Media > Media > DVD+RW Rewritable Discs,Computers & Accessories > Data Storage & Media > Media > DVD+RW Rewritable Discs,4,True,4.0,Hard Drives & Data Storage > Disc Duplicators,0.5232582,False,0.0,1.6094379124341003,0.8533151292772421,ENTER,2.613654613494873,0.0,0.512403007636105,,
OfficeDepot,OfficeDepot::Computers & Accessories > Data Storage & Media > Media > Jewel Cases & Sleeves,Computers & Accessories > Data Storage & Media > Media > Jewel Cases & Sleeves,4,True,32.0,"Bags, Backpacks & Luggage > Backpacks & Laptop Bags > Laptop Sleeves & Cases",0.6400517,False,1.0,0.0,0.0,PARITY,39.99303436279297,24.482411742210385,,,
OfficeDepot,OfficeDepot::Computers & Accessories > Data Storage & Media > Media > Multimedia Storage,Computers & Accessories > Data Storage & Media > Media > Multimedia Storage,4,True,32.0,Furniture > Storage Furniture > Media Storage Furniture,0.5642167,False,1.0,0.0,0.0,PARITY,34.06073760986328,0.0,,,
OfficeDepot,OfficeDepot::Computers & Accessories > Data Storage & Media > Media > Optical Discs,Computers & Accessories > Data Storage & Media > Media > Optical Discs,4,True,52.0,Hard Drives & Data Storage > Disc Duplicators,0.5292029,False,0.0,3.970291913552122,11.093096680604146,ENTER,10.60973834991455,0.0,0.6997124267285758,,
OfficeDepot,OfficeDepot::Computers & Accessories > Data Storage & Media > Media > Tape Drive Media,Computers & Accessories > Data Storage & Media > Media > Tape Drive Media,4,True,3.0,Hard Drives & Data Storage > Blank Media,0.66141593,False,1.0,0.0,0.0,PARITY,80.94509887695312,30.68927171849829,,,
OfficeDepot,OfficeDepot::Computers & Accessories > Data Storage & Media > USB Flash Drives,Computers & Accessories > Data Storage & Media > USB Flash Drives,3,True,210.0,Hard Drives & Data Storage > USB Flash Drives,0.96867037,True,1.0,0.8637388550165932,0.0,DEEPEN,100.0,50.74015748031496,0.2382090924765791,REVIEW,0.24584310294546513
OfficeDepot,OfficeDepot::Computers & Accessories > Desktop Computers,Computers & Accessories > Desktop Computers,2,False,89.0,Computers & Accessories > Desktop Computers,1.0,True,1.0,-3.213056446535017,0.0,PARITY,89.55876164406723,73.43589743589743,,,
OfficeDepot,OfficeDepot::Computers & Accessories > Desktop Computers > All-In-One Computers,Computers & Accessories > Desktop Computers > All-In-One Computers,3,True,11.0,Computers & Accessories > Desktop Computers,0.7142964,True,1.0,-5.227959467077282,0.0,PARITY,100.0,73.43589743589743,,,
OfficeDepot,OfficeDepot::Computers & Accessories > Desktop Computers > Barebones Computers,Computers & Accessories > Desktop Computers > Barebones Computers,3,True,1.0,Computers & Accessories > Desktop Computers,0.70290834,True,1.0,-4.1975600490621705,0.0,PARITY,100.0,70.1732283464567,,,
OfficeDepot,OfficeDepot::Computers & Accessories > Desktop Computers > Business Desktops,Computers & Accessories > Desktop Computers > Business Desktops,3,True,56.0,Computers & Accessories > Desktop Computers,0.742433,True,1.0,-0.8476559617875656,0.0,PARITY,78.49125671386719,70.1732283464567,,,
OfficeDepot,OfficeDepot::Computers & Accessories > Desktop Computers > Computer Towers,Computers & Accessories > Desktop Computers > Computer Towers,3,True,80.0,Computers & Accessories > Computer Parts & Components > Tower Computer Cases,0.7930294,True,1.0,1.3249844489235723,0.0,DEEPEN,100.0,70.1732283464567,0.1873426058968906,1P-CORE GAP,0.1952548848060659
OfficeDepot,OfficeDepot::Computers & Accessories > Desktop Computers > Mini PCs,Computers & Accessories > Desktop Computers > Mini PCs,3,True,4.0,Computers & Accessories > Windows 10 PCs,0.67096406,False,1.0,0.0,0.0,PARITY,48.305519104003906,61.371108888641125,,,
OfficeDepot,OfficeDepot::Computers & Accessories > Desktop Computers > Refurbished Desktops,Computers & Accessories > Desktop Computers > Refurbished Desktops,3,True,9.0,Computers & Accessories > Desktop Computers,0.708091,True,1.0,-2.58812213662807,0.0,PARITY,70.02535247802734,70.1732283464567,,,
OfficeDepot,OfficeDepot::Computers & Accessories > Gaming,Computers & Accessories > Gaming,2,False,71.0,Gaming,0.90488756,True,1.0,-0.2625777564063778,0.0,PARITY,64.8268282119542,39.40972222222222,,,
OfficeDepot,OfficeDepot::Computers & Accessories > Gaming > PC Games Accessories,Computers & Accessories > Gaming > PC Games Accessories,3,False,71.0,Computer Software > PC Games & Accessories,0.9369509,True,1.0,1.0565962010326153,0.0,DEEPEN,65.85362039485447,39.40972222222222,0.2689670450098532,CURATE - DEEPEN,0.2896920650039957
OfficeDepot,OfficeDepot::Computers & Accessories > Gaming > PC Games Accessories > PC Gaming Controllers & Mice,Computers & Accessories > Gaming > PC Games Accessories > PC Gaming Controllers & Mice,4,True,18.0,Gaming > Gaming Controllers,0.7897252,True,1.0,-0.27563093881699974,0.0,PARITY,100.0,39.40972222222222,,,
OfficeDepot,OfficeDepot::Computers & Accessories > Gaming > PC Games Accessories > PC Headsets & Glasses,Computers & Accessories > Gaming > PC Games Accessories > PC Headsets & Glasses,4,True,53.0,Computer Software > PC Games & Accessories > PC Gaming Accessories,0.6251967,False,1.0,0.0,0.0,PARITY,54.256736755371094,11.313554737716913,,,
OfficeDepot,OfficeDepot::Computers & Accessories > Gaming > PlayStation,Computers & Accessories > Gaming > PlayStation,3,False,2.0,Computer Software > PC Games & Accessories > PC Gaming Accessories,0.5624099,False,1.0,0.0,0.0,PARITY,28.37570571899414,0.0,,,
OfficeDepot,OfficeDepot::Computers & Accessories > Gaming > PlayStation > PlayStation Accessories,Computers & Accessories > Gaming > PlayStation > PlayStation Accessories,4,True,2.0,Computer Software > PC Games & Accessories > PC Gaming Accessories,0.59231406,False,1.0,0.0,0.0,PARITY,28.37570571899414,0.0,,,
OfficeDepot,OfficeDepot::Computers & Accessories > Laptop Computers,Computers & Accessories > Laptop Computers,2,False,131.0,Computers & Accessories > Laptops,0.80562776,True,0.8905109489051095,-2.8300641942789113,3.199931734789658,PARITY,88.95613565932226,77.21469652871761,,,
OfficeDepot,OfficeDepot::Computers & Accessories > Laptop Computers > 2-In-1 Laptops,Computers & Accessories > Laptop Computers > 2-In-1 Laptops,3,True,5.0,Computers & Accessories > Laptops,0.7317767,True,1.0,-3.2271416579913788,0.0,PARITY,97.39811706542969,70.92913385826772,,,
OfficeDepot,OfficeDepot::Computers & Accessories > Laptop Computers > Business Laptops,Computers & Accessories > Laptop Computers > Business Laptops,3,True,71.0,Computers & Accessories > Laptops,0.83238417,True,1.0,-0.7422350082033784,0.0,PARITY,100.0,76.51851851851852,,,
OfficeDepot,OfficeDepot::Computers & Accessories > Laptop Computers > Chromebooks,Computers & Accessories > Laptop Computers > Chromebooks,3,True,15.0,Computers & Accessories > Laptops,0.5089823,False,0.0,2.772588722239781,3.199931734789658,ENTER,0.0,0.0,0.6304744525547445,VERIFY,0.625
OfficeDepot,OfficeDepot::Computers & Accessories > Laptop Computers > PC Laptops,Computers & Accessories > Laptop Computers > PC Laptops,3,True,40.0,Computers & Accessories > Laptops,0.8637611,True,1.0,-1.3053290605151258,0.0,PARITY,100.0,76.51851851851852,,,
OfficeDepot,OfficeDepot::Computers & Accessories > Laptop Computers > Rugged Laptops,Computers & Accessories > Laptop Computers > Rugged Laptops,3,True,6.0,Computers & Accessories > Laptops,0.7947252,True,1.0,-3.0729909781641203,0.0,PARITY,100.0,70.92913385826772,,,
OfficeDepot,OfficeDepot::Computers & Accessories > Monitors & Accessories,Computers & Accessories > Monitors & Accessories,2,False,576.0,Computers & Accessories > Computer Monitors & Stands > Computer Monitors,0.7514849,True,1.0,-1.379033775478118,0.0,PARITY,94.50735457330687,75.40740740740742,,,
OfficeDepot,OfficeDepot::Computers & Accessories > Monitors & Accessories > Computer Monitors,Computers & Accessories > Monitors & Accessories > Computer Monitors,3,True,221.0,Computers & Accessories > Computer Monitors & Stands > Computer Monitors,0.98776877,True,1.0,0.49803959369728634,0.0,PARITY,100.0,76.07407407407408,,,
OfficeDepot,OfficeDepot::Computers & Accessories > Monitors & Accessories > Digital Signage,Computers & Accessories > Monitors & Accessories > Digital Signage,3,True,13.0,TV & Streaming Media > TV & Video > Digital Signage,0.880489,True,1.0,-1.3747788921258155,0.0,PARITY,97.64386749267578,27.194444444444443,,,
OfficeDepot,OfficeDepot::Computers & Accessories > Monitors & Accessories > Gaming Monitors,Computers & Accessories > Monitors & Accessories > Gaming Monitors,3,True,126.0,Computers & Accessories > Computer Monitors & Stands > Computer Monitors,0.7557471,True,1.0,-0.8226725258809031,0.0,PARITY,100.0,75.40740740740742,,,
OfficeDepot,OfficeDepot::Computers & Accessories > Monitors & Accessories > Monitor Mounts & Arms,Computers & Accessories > Monitors & Accessories > Monitor Mounts & Arms,3,True,157.0,Computers & Accessories > Computer Monitors & Stands > Monitor Stands & Mounts,0.79364955,True,1.0,0.017808852510522222,0.0,PARITY,83.96572875976562,76.07407407407408,,,
OfficeDepot,OfficeDepot::Computers & Accessories > Monitors & Accessories > Monitor Stands,Computers & Accessories > Monitors & Accessories > Monitor Stands,3,True,113.0,Computers & Accessories > Computer Monitors & Stands > Monitor Stands & Mounts,0.9020767,True,1.0,-0.9306611639449986,0.0,PARITY,100.0,76.07407407407408,,,
OfficeDepot,OfficeDepot::Computers & Accessories > Monitors & Accessories > Privacy Screen Filters,Computers & Accessories > Monitors & Accessories > Privacy Screen Filters,3,True,72.0,Computers & Accessories > Computer Accessories & Peripherals > Computer Privacy Screens & Protectors,0.7676275,True,1.0,0.7267165037190106,0.0,DEEPEN,81.83573913574219,69.62962962962963,0.11524001298601738,1P-CORE GAP,0.11589889977223587
OfficeDepot,OfficeDepot::Computers & Accessories > Printers,Computers & Accessories > Printers,2,False,444.0,Printers & Scanners > Printers,0.92662036,True,1.0,0.7766721946560908,0.0,DEEPEN,99.82605564011608,77.1496062992126,0.10370827790975946,1P-CORE GAP,0.10461173021544753
OfficeDepot,OfficeDepot::Computers & Accessories > Printers > All-In-One Printers,Computers & Accessories > Printers > All-In-One Printers,3,True,191.0,Printers & Scanners > Printers,0.7538484,True,1.0,0.8685526933735446,0.0,DEEPEN,100.0,75.44881889763779,0.11908218863153056,,
OfficeDepot,OfficeDepot::Computers & Accessories > Printers > Dot Matrix Printers,Computers & Accessories > Printers > Dot Matrix Printers,3,True,9.0,Printers & Scanners > Printers,0.7021461,True,1.0,-2.086357585660191,0.0,PARITY,85.36934661865234,75.44881889763779,,,
OfficeDepot,OfficeDepot::Computers & Accessories > Printers > Inkjet Printers,Computers & Accessories > Printers > Inkjet Printers,3,True,134.0,Printers & Scanners > Printers,0.8002996,True,1.0,0.5163320997841927,0.0,PARITY,100.0,75.44881889763779,,,
OfficeDepot,OfficeDepot::Computers & Accessories > Printers > LED Printers,Computers & Accessories > Printers > LED Printers,3,True,8.0,Printers & Scanners > Printers,0.7839061,True,1.0,-2.1917181013180174,0.0,PARITY,100.0,75.44881889763779,,,
OfficeDepot,OfficeDepot::Computers & Accessories > Printers > Large Format Printers,Computers & Accessories > Printers > Large Format Printers,3,True,9.0,Printers & Scanners > Printers,0.7211658,True,1.0,-2.086357585660191,0.0,PARITY,100.0,75.44881889763779,,,
OfficeDepot,OfficeDepot::Computers & Accessories > Printers > Laser Printers,Computers & Accessories > Printers > Laser Printers,3,True,156.0,Printers & Scanners > Printers,0.80347,True,1.0,0.6673031266940708,0.0,PARITY,100.0,75.44881889763779,,,
OfficeDepot,OfficeDepot::Computers & Accessories > Printers > Photo Printers,Computers & Accessories > Printers > Photo Printers,3,True,81.0,Printers & Scanners > Printers,0.8047465,True,1.0,0.01777656861001642,0.0,PARITY,100.0,75.44881889763779,,,
OfficeDepot,OfficeDepot::Computers & Accessories > Printers > Printer Accessories,Computers & Accessories > Printers > Printer Accessories,3,True,114.0,Printers & Scanners > Printer Accessories & Replacement Parts,0.80724466,True,1.0,-0.5764699591468991,0.0,PARITY,100.0,82.89351851851852,,,
OfficeDepot,OfficeDepot::Computers & Accessories > Printers > Supertank Printers,Computers & Accessories > Printers > Supertank Printers,3,True,33.0,Printers & Scanners > Printers,0.7954363,True,1.0,-0.8625821540380754,0.0,PARITY,100.0,75.44881889763779,,,
OfficeDepot,OfficeDepot::Computers & Accessories > Printers > Thermal Printers,Computers & Accessories > Printers > Thermal Printers,3,True,22.0,Printers & Scanners > Printers,0.7776989,True,1.0,-1.2534484627250873,0.0,PARITY,100.0,75.44881889763779,,,
OfficeDepot,OfficeDepot::Computers & Accessories > Software,Computers & Accessories > Software,2,False,448.0,Computer Software,0.8144202,True,1.0,1.0095379638091604,0.0,DEEPEN,98.64388323259783,38.503937007874015,0.32540231463138575,CURATE - DEEPEN,0.3385735111454468
OfficeDepot,"OfficeDepot::Computers & Accessories > Software > Antivirus, Security & Utilities Software","Computers & Accessories > Software > Antivirus, Security & Utilities Software",3,False,130.0,Computer Software > Antivirus Software,0.794389,True,1.0,1.6366573285135413,0.0,DEEPEN,100.0,38.503937007874015,0.4185772170814414,,
OfficeDepot,"OfficeDepot::Computers & Accessories > Software > Antivirus, Security & Utilities Software > Antivirus Software","Computers & Accessories > Software > Antivirus, Security & Utilities Software > Antivirus Software",4,True,56.0,Computer Software > Antivirus Software,0.97296166,True,1.0,0.8045112731469404,0.0,DEEPEN,100.0,38.503937007874015,0.2866075636530835,,
OfficeDepot,"OfficeDepot::Computers & Accessories > Software > Antivirus, Security & Utilities Software > Backup Software","Computers & Accessories > Software > Antivirus, Security & Utilities Software > Backup Software",4,True,1.0,Computer Software,0.6860291,False,1.0,0.0,0.0,PARITY,100.0,33.99110051590627,,,
OfficeDepot,"OfficeDepot::Computers & Accessories > Software > Antivirus, Security & Utilities Software > Internet Security Software","Computers & Accessories > Software > Antivirus, Security & Utilities Software > Internet Security Software",4,True,55.0,Computer Software,0.6554165,False,1.0,0.0,0.0,PARITY,100.0,21.735953402331496,,,
OfficeDepot,"OfficeDepot::Computers & Accessories > Software > Antivirus, Security & Utilities Software > System Maintenance Software","Computers & Accessories > Software > Antivirus, Security & Utilities Software > System Maintenance Software",4,True,9.0,Computers & Accessories > Computer Accessories & Peripherals > Computer Cleaning & Maintenance,0.6842449,False,1.0,0.0,0.0,PARITY,100.0,63.29517506228553,,,
OfficeDepot,"OfficeDepot::Computers & Accessories > Software > Antivirus, Security & Utilities Software > Utilities Software","Computers & Accessories > Software > Antivirus, Security & Utilities Software > Utilities Software",4,True,28.0,Computer Software > Tax Software,0.66742736,False,1.0,0.0,0.0,PARITY,100.0,23.658069099966937,,,
OfficeDepot,OfficeDepot::Computers & Accessories > Software > Business Software,Computers & Accessories > Software > Business Software,3,False,58.0,Computer Software > Office & Business Software,0.9075781,True,1.0,1.7422926903380533,0.0,DEEPEN,89.61869233230064,35.06561679790026,0.4302887925075693,,
OfficeDepot,OfficeDepot::Computers & Accessories > Software > Business Software > Business Management Software,Computers & Accessories > Software > Business Software > Business Management Software,4,True,15.0,Computer Software > Office & Business Software,0.77142054,True,1.0,0.5571433934310268,0.0,PARITY,100.0,35.06561679790026,,,
OfficeDepot,OfficeDepot::Computers & Accessories > Software > Business Software > Document Management,Computers & Accessories > Software > Business Software > Document Management,4,True,17.0,School Supplies > School Tech > Printers & Scanners for School > Document Scanners,0.6005875,False,1.0,0.0,0.0,PARITY,64.5814208984375,1.0762380283293516,,,
OfficeDepot,OfficeDepot::Computers & Accessories > Software > Business Software > Microsoft Office Software,Computers & Accessories > Software > Business Software > Microsoft Office Software,4,True,21.0,Computer Software > Microsoft Office,0.9214145,True,1.0,2.317930159810947,0.0,DEEPEN,100.0,35.06561679790026,0.48274211161561015,,
OfficeDepot,OfficeDepot::Computers & Accessories > Software > Business Software > Voice Recognition Software,Computers & Accessories > Software > Business Software > Voice Recognition Software,4,True,5.0,Computer Software > Office & Business Software,0.6499392,False,1.0,0.0,0.0,PARITY,100.0,19.29796545524297,,,
OfficeDepot,OfficeDepot::Computers & Accessories > Software > Editing Software,Computers & Accessories > Software > Editing Software,3,False,73.0,Computer Software > Video Editing & Music Software,0.799399,True,1.0,-0.10210521640951153,0.0,PARITY,100.0,36.666666666666664,,,
OfficeDepot,OfficeDepot::Computers & Accessories > Software > Editing Software > Audio Editing Software,Computers & Accessories > Software > Editing Software > Audio Editing Software,4,True,7.0,Computer Software > Video Editing & Music Software,0.7548795,True,1.0,-0.8381928714128373,0.0,PARITY,100.0,36.666666666666664,,,
OfficeDepot,OfficeDepot::Computers & Accessories > Software > Editing Software > Digital Editing Suites Software,Computers & Accessories > Software > Editing Software > Digital Editing Suites Software,4,True,11.0,Computer Software > Video Editing & Music Software,0.70384943,True,1.0,0.9809413361577406,0.0,DEEPEN,100.0,35.90534210205078,0.3356782265823252,,
OfficeDepot,OfficeDepot::Computers & Accessories > Software > Editing Software > Photo Editing Software,Computers & Accessories > Software > Editing Software > Photo Editing Software,4,True,31.0,Computer Software > Photo Editing & Graphic Design Software,0.83243614,True,1.0,0.7578202029803283,0.0,DEEPEN,100.0,36.666666666666664,0.2831508515815085,,
OfficeDepot,OfficeDepot::Computers & Accessories > Software > Editing Software > Video Editing Software,Computers & Accessories > Software > Editing Software > Video Editing Software,4,True,24.0,Computer Software > Video Editing & Music Software,0.8754908,True,1.0,1.7149105112379408,0.0,DEEPEN,100.0,36.666666666666664,0.43570559610705595,,
OfficeDepot,OfficeDepot::Computers & Accessories > Software > Education Software,Computers & Accessories > Software > Education Software,3,False,14.0,Computer Software > Education & Language Learning Software,0.78676236,True,1.0,1.1535341870346971,0.0,DEEPEN,100.0,34.14698162729658,0.3838221545299538,,
OfficeDepot,OfficeDepot::Computers & Accessories > Software > Education Software > Instructional Software,Computers & Accessories > Software > Education Software > Instructional Software,4,True,14.0,Computer Software > Education & Language Learning Software,0.65727395,False,1.0,0.0,0.0,PARITY,100.0,20.731647207042364,,,
OfficeDepot,OfficeDepot::Computers & Accessories > Software > Finance & Legal Software,Computers & Accessories > Software > Finance & Legal Software,3,False,114.0,Computer Software > Legal Software,0.88434434,True,1.0,2.5552705060639056,0.0,DEEPEN,100.0,36.789914007459586,0.47638258238903625,,
OfficeDepot,OfficeDepot::Computers & Accessories > Software > Finance & Legal Software > Legal Forms Software,Computers & Accessories > Software > Finance & Legal Software > Legal Forms Software,4,True,9.0,Computer Software > Legal Software,0.82651055,True,1.0,1.2495290145990694,0.0,DEEPEN,100.0,65.43981481481481,0.2105144126791025,,
OfficeDepot,OfficeDepot::Computers & Accessories > Software > Finance & Legal Software > Personal Finance Software,Computers & Accessories > Software > Finance & Legal Software > Personal Finance Software,4,True,26.0,Computer Software > Finance Software,0.8691884,True,1.0,1.5613544872797134,0.0,DEEPEN,100.0,34.14698162729658,0.43958091461195087,,
OfficeDepot,OfficeDepot::Computers & Accessories > Software > Finance & Legal Software > Small Business Finance Software,Computers & Accessories > Software > Finance & Legal Software > Small Business Finance Software,4,True,61.0,Computer Software > Finance Software,0.8230769,True,1.0,2.3926520063204757,0.0,DEEPEN,100.0,35.06561679790026,0.4836900588156408,,
OfficeDepot,OfficeDepot::Computers & Accessories > Software > Finance & Legal Software > Tax Preparation Software,Computers & Accessories > Software > Finance & Legal Software > Tax Preparation Software,4,True,18.0,Computer Software > Tax Software,0.75798,True,1.0,2.0690543029942825,0.0,DEEPEN,100.0,32.125984251968504,0.4927059026380826,,
OfficeDepot,OfficeDepot::Computers & Accessories > Software > Graphic Design Software,Computers & Accessories > Software > Graphic Design Software,3,False,50.0,Computer Software > Photo Editing & Graphic Design Software,0.89040756,True,1.0,1.2239099329049274,0.0,DEEPEN,100.0,36.666666666666664,0.38300486618004864,,
OfficeDepot,OfficeDepot::Computers & Accessories > Software > Graphic Design Software > CAD Design Software,Computers & Accessories > Software > Graphic Design Software > CAD Design Software,4,True,8.0,Computer Software > Photo Editing & Graphic Design Software,0.7439965,True,1.0,-0.5106911224831787,0.0,PARITY,100.0,36.666666666666664,,,
OfficeDepot,OfficeDepot::Computers & Accessories > Software > Graphic Design Software > Desktop Publishing Software,Computers & Accessories > Software > Graphic Design Software > Desktop Publishing Software,4,True,12.0,Computer Software > Photo Editing & Graphic Design Software,0.66162556,False,1.0,0.0,0.0,PARITY,100.0,30.36444375646396,,,
OfficeDepot,OfficeDepot::Computers & Accessories > Software > Graphic Design Software > Home Design Software,Computers & Accessories > Software > Graphic Design Software > Home Design Software,4,True,3.0,Computer Software > Photo Editing & Graphic Design Software,0.7589731,True,1.0,-1.3216213386995077,0.0,PARITY,100.0,36.666666666666664,,,
OfficeDepot,OfficeDepot::Computers & Accessories > Software > Graphic Design Software > Web Design Software,Computers & Accessories > Software > Graphic Design Software > Web Design Software,4,True,4.0,Computer Software > Photo Editing & Graphic Design Software,0.7563864,True,1.0,-1.098477787385298,0.0,PARITY,100.0,36.666666666666664,,,
OfficeDepot,OfficeDepot::Computers & Accessories > Software > Video Games,Computers & Accessories > Software > Video Games,3,False,9.0,Gaming > Video Games,0.89531004,True,1.0,-2.2366587824283872,0.0,PARITY,100.0,39.40972222222222,,,
OfficeDepot,OfficeDepot::Computers & Accessories > Software > Video Games > Mobile Gaming,Computers & Accessories > Software > Video Games > Mobile Gaming,4,True,9.0,Gaming,0.7182663,True,1.0,-2.2366587824283872,0.0,PARITY,100.0,33.298550287468565,,,
OfficeDepot,OfficeDepot::Computers & Accessories > Tablets & Accessories,Computers & Accessories > Tablets & Accessories,2,False,454.0,Computers & Accessories > Computer Accessories & Peripherals > Graphic Tablets,0.73263127,True,1.0,0.12897662075362515,0.0,PARITY,94.6774144091297,64.64584705157158,,,
OfficeDepot,OfficeDepot::Computers & Accessories > Tablets & Accessories > Apple Accessories,Computers & Accessories > Tablets & Accessories > Apple Accessories,3,True,136.0,Computers & Accessories > Computer Accessories & Peripherals > Laptop Accessories,0.61008865,False,1.0,0.0,0.0,PARITY,77.06591796875,9.66608527081984,,,
OfficeDepot,OfficeDepot::Computers & Accessories > Tablets & Accessories > Tablet Accessories,Computers & Accessories > Tablets & Accessories > Tablet Accessories,3,True,422.0,Computers & Accessories > Computer Accessories & Peripherals > Graphic Tablets,0.6815201,False,1.0,0.0,0.0,PARITY,100.0,50.358612334286725,,,
OfficeDepot,OfficeDepot::Computers & Accessories > Tablets & Accessories > Tablets,Computers & Accessories > Tablets & Accessories > Tablets,3,True,28.0,Tablets & iPads > Tablets & iPads,0.7519983,True,1.0,-2.624024968210851,0.0,PARITY,100.0,56.81481481481482,,,
OfficeDepot,OfficeDepot::Electronics,Electronics,1,False,3986.0,"Phones, Cameras & Electronics",0.71110225,True,0.9477597712106768,-0.0757961533238749,58.45208635549108,PARITY,76.77597241203937,50.78191008032121,,,
OfficeDepot,OfficeDepot::Electronics > Audio,Electronics > Audio,2,False,566.0,Audio,0.89824045,True,0.9859943977591037,-0.23893316724231983,2.1332878231931054,PARITY,50.25448073192137,38.35826086956522,,,
OfficeDepot,OfficeDepot::Electronics > Audio > Audio Accessories,Electronics > Audio > Audio Accessories,3,False,87.0,Audio,0.83588016,True,1.0,-2.001489663144441,0.0,PARITY,81.97813269149425,38.35826086956522,,,
OfficeDepot,OfficeDepot::Electronics > Audio > Audio Accessories > AV Receivers & Amplifiers,Electronics > Audio > Audio Accessories > AV Receivers & Amplifiers,4,True,3.0,Audio > Portable Audio > Home Theater Audio > Receivers & Amplifiers,0.8986665,True,1.0,-0.8542865507006414,0.0,PARITY,45.331974029541016,33.92,,,
OfficeDepot,OfficeDepot::Electronics > Audio > Audio Accessories > Audio Cables & Adapters,Electronics > Audio > Audio Accessories > Audio Cables & Adapters,4,True,2.0,Audio,0.70712143,True,1.0,-5.380214188954538,0.0,PARITY,100.0,73.14132915165114,,,
OfficeDepot,OfficeDepot::Electronics > Audio > Audio Accessories > FM Transmitters & Receivers,Electronics > Audio > Audio Accessories > FM Transmitters & Receivers,4,True,6.0,Audio > Portable Audio > Home Theater Audio > Receivers & Amplifiers,0.6700341,False,1.0,0.0,0.0,PARITY,29.09093475341797,25.920021362304684,,,
OfficeDepot,OfficeDepot::Electronics > Audio > Audio Accessories > Microphone Accessories,Electronics > Audio > Audio Accessories > Microphone Accessories,4,True,5.0,Audio > Headsets & Microphones,0.7353687,True,1.0,-3.755225648042797,0.0,PARITY,100.0,49.43055555555556,,,
OfficeDepot,OfficeDepot::Electronics > Audio > Audio Accessories > Microphones,Electronics > Audio > Audio Accessories > Microphones,4,True,19.0,Furniture > Lecterns & PA Systems > Microphones,0.90324223,True,1.0,-2.551252843716861,0.0,PARITY,100.0,49.43055555555556,,,
OfficeDepot,OfficeDepot::Electronics > Audio > Audio Accessories > Radio & Stereo Antennas,Electronics > Audio > Audio Accessories > Radio & Stereo Antennas,4,True,7.0,Audio > Portable Audio > Portable Speakers & Radios,0.6250915,False,1.0,0.0,0.0,PARITY,62.88525390625,10.728639715247686,,,
OfficeDepot,OfficeDepot::Electronics > Audio > Audio Accessories > iPad Accessories,Electronics > Audio > Audio Accessories > iPad Accessories,4,True,44.0,Computers & Accessories > Computer Accessories & Peripherals > Laptop Accessories,0.6139285,False,1.0,0.0,0.0,PARITY,84.07684326171875,12.792367198952922,,,
OfficeDepot,OfficeDepot::Electronics > Audio > Docks & Radios,Electronics > Audio > Docks & Radios,3,False,106.0,Audio > Portable Audio > Two Way Radios,0.6702991,False,1.0,-0.026044918972370823,0.0,PARITY,7.723330452757062,48.32131255127153,,,
OfficeDepot,OfficeDepot::Electronics > Audio > Docks & Radios > Clock Radios & Alarm Clocks,Electronics > Audio > Docks & Radios > Clock Radios & Alarm Clocks,4,True,6.0,Audio > Portable Audio > Two Way Radios,0.5631601,False,1.0,0.0,0.0,PARITY,35.96826934814453,0.0,,,
OfficeDepot,OfficeDepot::Electronics > Audio > Docks & Radios > Docking Stations,Electronics > Audio > Docks & Radios > Docking Stations,4,True,66.0,Computers & Accessories > Computer Accessories & Peripherals > Laptop Accessories > Laptop Docking Stations,0.7995645,True,1.0,-0.04127678585647754,0.0,PARITY,4.364169120788574,77.60695652173914,,,
OfficeDepot,OfficeDepot::Electronics > Audio > Docks & Radios > MP3 Players,Electronics > Audio > Docks & Radios > MP3 Players,4,True,31.0,TV & Streaming Media > TV & Video > Car CD Players & Monitors,0.5859715,False,1.0,0.0,0.0,PARITY,7.601431846618652,0.0,,,
OfficeDepot,OfficeDepot::Electronics > Audio > Docks & Radios > Public Address Systems,Electronics > Audio > Docks & Radios > Public Address Systems,4,True,3.0,Smart Home & Security > Security Cameras & Systems,0.5567037,False,1.0,0.0,0.0,PARITY,26.394620895385742,0.0,,,
OfficeDepot,OfficeDepot::Electronics > Audio > Headphones,Electronics > Audio > Headphones,3,False,299.0,Audio > Headphones,0.9804239,True,1.0,-0.33759750582158965,0.0,PARITY,47.8971464639578,38.22655634357763,,,
OfficeDepot,OfficeDepot::Electronics > Audio > Headphones > Earbuds & In-Ear Headphones,Electronics > Audio > Headphones > Earbuds & In-Ear Headphones,4,True,141.0,Audio > Headphones > Headphones,0.7902685,True,1.0,-0.2560626166754556,0.0,PARITY,24.272361755371094,38.20370370370371,,,
OfficeDepot,OfficeDepot::Electronics > Audio > Headphones > Gaming Headsets,Electronics > Audio > Headphones > Gaming Headsets,4,True,29.0,Audio > Headsets & Microphones > Headsets,0.78479147,True,1.0,-2.0712098609952627,0.0,PARITY,100.0,38.53703703703704,,,
OfficeDepot,OfficeDepot::Electronics > Audio > Headphones > On-Ear Headphones,Electronics > Audio > Headphones > On-Ear Headphones,4,True,79.0,Audio > Headphones > Headphones,0.7971808,True,1.0,-0.8298630396028353,0.0,PARITY,37.453407287597656,38.20370370370371,,,
OfficeDepot,OfficeDepot::Electronics > Audio > Headphones > Over-The-Ear Headphones,Electronics > Audio > Headphones > Over-The-Ear Headphones,4,True,45.0,Audio > Headphones > Headphones,0.7680455,True,1.0,-1.3832482777876214,0.0,PARITY,32.10293960571289,38.20370370370371,,,
OfficeDepot,OfficeDepot::Electronics > Audio > Headphones > Wireless Headphones,Electronics > Audio > Headphones > Wireless Headphones,4,True,129.0,Audio > Headphones > Headphones,0.8305062,True,1.0,-0.34435522382113426,0.0,PARITY,73.91192626953125,38.20370370370371,,,
OfficeDepot,OfficeDepot::Electronics > Audio > Home Audio,Electronics > Audio > Home Audio,3,False,49.0,Audio,0.8394121,True,0.7959183673469388,-2.566803472194502,2.1332878231931054,PARITY,72.61179523078762,39.23425496401138,,,
OfficeDepot,OfficeDepot::Electronics > Audio > Home Audio > Ceiling & Wall Speakers,Electronics > Audio > Home Audio > Ceiling & Wall Speakers,4,True,3.0,Facilities > Hardware > Ceiling,0.68049145,False,1.0,0.0,0.0,PARITY,100.0,53.93148935641403,,,
OfficeDepot,OfficeDepot::Electronics > Audio > Home Audio > Home Speakers,Electronics > Audio > Home Audio > Home Speakers,4,True,23.0,Audio > Portable Audio > Home Theater Audio > Home Theater Speakers,0.797321,True,1.0,-0.6202862534340299,0.0,PARITY,100.0,59.055907696485534,,,
OfficeDepot,OfficeDepot::Electronics > Audio > Home Audio > Stereos & Boomboxes,Electronics > Audio > Home Audio > Stereos & Boomboxes,4,True,10.0,Audio > Portable Audio > Portable Speakers & Radios,0.5097017,False,0.0,2.3978952727983707,2.1332878231931054,ENTER,0.0,0.0,0.5978102189781023,,
OfficeDepot,OfficeDepot::Electronics > Audio > Home Audio > Voice Recorders,Electronics > Audio > Home Audio > Voice Recorders,4,True,13.0,Audio > Portable Audio > Voice Recorders,0.96742785,True,1.0,0.30381257604759204,0.0,PARITY,73.69061279296875,30.953703703703706,,,
OfficeDepot,OfficeDepot::Electronics > Audio > Wireless & Bluetooth Speakers,Electronics > Audio > Wireless & Bluetooth Speakers,3,True,50.0,Audio > Portable Audio > Portable Speakers & Radios,0.6552549,False,1.0,0.0,0.0,PARITY,83.88871765136719,26.15811838982282,,,
OfficeDepot,OfficeDepot::Electronics > Batteries & Power Protection,Electronics > Batteries & Power Protection,2,False,849.0,Batteries & Power,0.80405664,True,1.0,0.6824479915034836,0.0,PARITY,78.39417437266876,53.00650690562884,,,
OfficeDepot,OfficeDepot::Electronics > Batteries & Power Protection > AV Batteries,Electronics > Batteries & Power Protection > AV Batteries,3,False,20.0,Batteries & Power,0.70029646,True,1.0,-2.8754813883567283,0.0,PARITY,100.0,55.1747308115287,,,
OfficeDepot,OfficeDepot::Electronics > Batteries & Power Protection > AV Batteries > Camcorder Batteries,Electronics > Batteries & Power Protection > AV Batteries > Camcorder Batteries,4,True,1.0,Batteries & Power > Battery Shop > Camera & Camcorder Batteries & Chargers,0.84250146,True,1.0,-0.18223749561221259,0.0,PARITY,100.0,45.80787037037036,,,
OfficeDepot,OfficeDepot::Electronics > Batteries & Power Protection > AV Batteries > Camera Batteries,Electronics > Batteries & Power Protection > AV Batteries > Camera Batteries,4,True,10.0,Batteries & Power > Battery Shop > Camera & Camcorder Batteries & Chargers,0.7689709,True,1.0,1.522510596626213,0.0,DEEPEN,100.0,52.4003950903813,0.31287185562855213,,
OfficeDepot,OfficeDepot::Electronics > Batteries & Power Protection > AV Batteries > Cordless Phone Batteries,Electronics > Batteries & Power Protection > AV Batteries > Cordless Phone Batteries,4,True,6.0,Batteries & Power > Battery Shop > Cordless Phone Batteries,0.95729756,True,1.0,0.551425362837985,0.0,PARITY,100.0,64.71759259259258,,,
OfficeDepot,OfficeDepot::Electronics > Batteries & Power Protection > AV Batteries > Two-Way Radio Batteries,Electronics > Batteries & Power Protection > AV Batteries > Two-Way Radio Batteries,4,True,1.0,Audio > Portable Audio > Two Way Radios,0.729848,True,1.0,-2.8966921932233096,0.0,PARITY,100.0,35.02777777777778,,,
OfficeDepot,OfficeDepot::Electronics > Batteries & Power Protection > Alkaline Batteries,Electronics > Batteries & Power Protection > Alkaline Batteries,3,False,37.0,Batteries & Power,0.69691014,True,1.0,-2.183045232966367,0.0,PARITY,66.44445450241501,50.615384615384606,,,
OfficeDepot,OfficeDepot::Electronics > Batteries & Power Protection > Alkaline Batteries > 9-Volt Alkaline Batteries,Electronics > Batteries & Power Protection > Alkaline Batteries > 9-Volt Alkaline Batteries,4,True,6.0,Batteries & Power,0.6061145,False,1.0,0.0,0.0,PARITY,72.22491455078125,4.253619302923862,,,
OfficeDepot,OfficeDepot::Electronics > Batteries & Power Protection > Alkaline Batteries > AA Alkaline Batteries,Electronics > Batteries & Power Protection > Alkaline Batteries > AA Alkaline Batteries,4,True,10.0,Batteries & Power > Battery Shop > Specialty Batteries,0.59749496,False,1.0,0.0,0.0,PARITY,69.36233520507812,0.0,,,
OfficeDepot,OfficeDepot::Electronics > Batteries & Power Protection > Alkaline Batteries > AAA Alkaline Batteries,Electronics > Batteries & Power Protection > Alkaline Batteries > AAA Alkaline Batteries,4,True,11.0,Batteries & Power > Battery Shop > Specialty Batteries,0.59870493,False,1.0,0.0,0.0,PARITY,66.50650024414062,0.25627652218099684,,,
OfficeDepot,OfficeDepot::Electronics > Batteries & Power Protection > Alkaline Batteries > C & D Alkaline Batteries,Electronics > Batteries & Power Protection > Alkaline Batteries > C & D Alkaline Batteries,4,True,10.0,Batteries & Power,0.579011,False,1.0,0.0,0.0,PARITY,59.990047454833984,0.0,,,
OfficeDepot,OfficeDepot::Electronics > Batteries & Power Protection > Chargers & Adapters,Electronics > Batteries & Power Protection > Chargers & Adapters,3,True,369.0,Computers & Accessories > Computer Accessories & Peripherals > Laptop Accessories > Laptop Chargers & Adapters,0.84691435,True,1.0,1.85033218417579,0.0,DEEPEN,100.0,77.13391304347827,0.16098059028879713,1P-CORE GAP,0.1649322383252817
OfficeDepot,OfficeDepot::Electronics > Batteries & Power Protection > Lithium Batteries,Electronics > Batteries & Power Protection > Lithium Batteries,3,True,32.0,Batteries & Power,0.69853693,True,1.0,-2.3241238312262724,0.0,PARITY,100.0,50.615384615384606,,,
OfficeDepot,OfficeDepot::Electronics > Batteries & Power Protection > Mobile Printer Batteries,Electronics > Batteries & Power Protection > Mobile Printer Batteries,3,True,1.0,Batteries & Power > Battery Shop > Computer & Laptop Batteries,0.66761094,False,1.0,0.0,0.0,PARITY,100.0,46.91205340458286,,,
OfficeDepot,OfficeDepot::Electronics > Batteries & Power Protection > Power & Surge Protectors,Electronics > Batteries & Power Protection > Power & Surge Protectors,3,False,156.0,Batteries & Power > Power Management > Surge Protectors & Power Strips,0.86192226,True,1.0,0.17257731005738197,0.0,PARITY,84.1500447102082,65.43055555555554,,,
OfficeDepot,OfficeDepot::Electronics > Batteries & Power Protection > Power & Surge Protectors > Extension Cords,Electronics > Batteries & Power Protection > Power & Surge Protectors > Extension Cords,4,True,23.0,Batteries & Power > Power Management > Extension Cords,0.94664454,True,1.0,-0.18102437980231834,0.0,PARITY,57.732818603515625,59.532407407407405,,,
OfficeDepot,OfficeDepot::Electronics > Batteries & Power Protection > Power & Surge Protectors > Power & Surge Strips,Electronics > Batteries & Power Protection > Power & Surge Protectors > Power & Surge Strips,4,True,133.0,Batteries & Power > Power Management > Surge Protectors & Power Strips,0.8319225,True,1.0,0.250072188600412,0.0,PARITY,88.71843719482422,65.43055555555554,,,
OfficeDepot,OfficeDepot::Electronics > Batteries & Power Protection > Power Inverters,Electronics > Batteries & Power Protection > Power Inverters,3,True,3.0,Batteries & Power > Power Management > Power Inverters,0.9689361,True,1.0,-0.11767095251036919,0.0,PARITY,100.0,49.291666666666664,,,
OfficeDepot,OfficeDepot::Electronics > Batteries & Power Protection > Rechargeable Batteries,Electronics > Batteries & Power Protection > Rechargeable Batteries,3,False,8.0,Batteries & Power,0.70915604,True,1.0,-3.623406815356533,0.0,PARITY,100.0,50.615384615384606,,,
OfficeDepot,OfficeDepot::Electronics > Batteries & Power Protection > Rechargeable Batteries > AA Rechargeable Batteries,Electronics > Batteries & Power Protection > Rechargeable Batteries > AA Rechargeable Batteries,4,True,5.0,Batteries & Power > Battery Shop > Camera & Camcorder Batteries & Chargers,0.6481079,False,1.0,0.0,0.0,PARITY,100.0,24.3172660369288,,,
OfficeDepot,OfficeDepot::Electronics > Batteries & Power Protection > Rechargeable Batteries > AAA Rechargeable Batteries,Electronics > Batteries & Power Protection > Rechargeable Batteries > AAA Rechargeable Batteries,4,True,7.0,Batteries & Power > Battery Shop > Camera & Camcorder Batteries & Chargers,0.64339715,False,1.0,0.0,0.0,PARITY,100.0,22.021246061763826,,,
OfficeDepot,OfficeDepot::Electronics > Batteries & Power Protection > UPS Battery Backup,Electronics > Batteries & Power Protection > UPS Battery Backup,3,False,165.0,Batteries & Power > Power Management > Battery Backup & UPS,0.92335105,True,1.0,0.5505638436337819,0.0,PARITY,6.4011699329723015,65.2037037037037,,,
OfficeDepot,OfficeDepot::Electronics > Batteries & Power Protection > UPS Battery Backup > Rack-Mounted UPS,Electronics > Batteries & Power Protection > UPS Battery Backup > Rack-Mounted UPS,4,True,42.0,Batteries & Power > Power Management > UPS Accessories,0.6059958,False,1.0,0.0,0.0,PARITY,25.14745330810547,4.304095050561483,,,
OfficeDepot,OfficeDepot::Electronics > Batteries & Power Protection > UPS Battery Backup > Standalone UPS,Electronics > Batteries & Power Protection > UPS Battery Backup > Standalone UPS,4,True,123.0,Batteries & Power > Power Management > UPS Accessories,0.5957414,False,1.0,0.0,0.0,PARITY,0.0,0.0,,,
OfficeDepot,OfficeDepot::Electronics > Batteries & Power Protection > UPS Battery Backup Accessories,Electronics > Batteries & Power Protection > UPS Battery Backup Accessories,3,False,69.0,Batteries & Power > Power Management > Battery Backup & UPS,0.87205154,True,1.0,-0.48697539570034376,0.0,PARITY,98.3414305811343,65.2037037037037,,,
OfficeDepot,OfficeDepot::Electronics > Batteries & Power Protection > UPS Battery Backup Accessories > Power Distribution Units,Electronics > Batteries & Power Protection > UPS Battery Backup Accessories > Power Distribution Units,4,True,19.0,Batteries & Power > Power Management > Power Distribution Units,0.9467765,True,1.0,0.040958597529158425,0.0,PARITY,100.0,57.57175925925926,,,
OfficeDepot,OfficeDepot::Electronics > Batteries & Power Protection > UPS Battery Backup Accessories > UPS Backplate Kits,Electronics > Batteries & Power Protection > UPS Battery Backup Accessories > UPS Backplate Kits,4,True,1.0,Batteries & Power > Power Management > UPS Accessories,0.5788144,False,1.0,0.0,0.0,PARITY,13.54197883605957,0.0,,,
OfficeDepot,OfficeDepot::Electronics > Batteries & Power Protection > UPS Battery Backup Accessories > UPS Battery Cartridges,Electronics > Batteries & Power Protection > UPS Battery Backup Accessories > UPS Battery Cartridges,4,True,48.0,Batteries & Power > Power Management > Battery Backup & UPS,0.68391,False,1.0,0.0,0.0,PARITY,100.0,59.4522879631431,,,
OfficeDepot,OfficeDepot::Electronics > Batteries & Power Protection > UPS Battery Backup Accessories > UPS Remote Management Cards,Electronics > Batteries & Power Protection > UPS Battery Backup Accessories > UPS Remote Management Cards,4,True,1.0,Batteries & Power > Power Management > UPS Accessories,0.6376117,False,1.0,0.0,0.0,PARITY,72.01673126220703,29.08542135487432,,,
OfficeDepot,"OfficeDepot::Electronics > Batteries & Power Protection > Watch, Calculator & Specialty Batteries","Electronics > Batteries & Power Protection > Watch, Calculator & Specialty Batteries",3,True,30.0,Batteries & Power > Battery Shop > Specialty Batteries,0.7915927,True,1.0,1.9300218908548865,0.0,DEEPEN,100.0,49.291666666666664,0.3599551399026764,REVIEW,0.37139158950617285
OfficeDepot,OfficeDepot::Electronics > Cameras & Camcorders,Electronics > Cameras & Camcorders,2,False,171.0,"Phones, Cameras & Electronics > Cameras, Camcorders & Accessories > Cameras & Camcorders",0.9383731,True,0.9603960396039604,-0.4228669809056136,1.7066302585544841,PARITY,91.26499339200483,40.13845250000718,,,
OfficeDepot,OfficeDepot::Electronics > Cameras & Camcorders > Binoculars,Electronics > Cameras & Camcorders > Binoculars,3,True,2.0,"Gift Shop > Home, Personal & Travel > Binoculars, Cameras & Telescopes",0.69942915,True,1.0,-0.2958724975492184,0.0,PARITY,24.851961135864258,20.791666666666668,,,
OfficeDepot,OfficeDepot::Electronics > Cameras & Camcorders > Camcorder Accessories,Electronics > Cameras & Camcorders > Camcorder Accessories,3,False,2.0,"Phones, Cameras & Electronics > Cameras, Camcorders & Accessories > Camera & Camcorder Accessories",0.9158268,True,1.0,-3.3789607698584927,0.0,PARITY,68.28534698486328,36.111111111111114,,,
OfficeDepot,OfficeDepot::Electronics > Cameras & Camcorders > Camcorder Accessories > Camcorder Attachments,Electronics > Cameras & Camcorders > Camcorder Accessories > Camcorder Attachments,4,True,1.0,"Phones, Cameras & Electronics > Cameras, Camcorders & Accessories > Camera & Camcorder Accessories",0.69551206,True,1.0,-2.74392116347547,0.0,PARITY,60.52378845214844,34.22222222222222,,,
OfficeDepot,OfficeDepot::Electronics > Cameras & Camcorders > Camcorder Accessories > Camcorder Kits,Electronics > Cameras & Camcorders > Camcorder Accessories > Camcorder Kits,4,True,1.0,"Phones, Cameras & Electronics > Cameras, Camcorders & Accessories > Camera & Camcorder Accessories",0.74199516,True,1.0,-3.7187003444051596,0.0,PARITY,76.04690551757812,36.111111111111114,,,
OfficeDepot,OfficeDepot::Electronics > Cameras & Camcorders > Camcorders,Electronics > Cameras & Camcorders > Camcorders,3,False,5.0,"Phones, Cameras & Electronics > Cameras, Camcorders & Accessories > Cameras & Camcorders",0.86658823,True,1.0,-2.704197119776522,0.0,PARITY,93.35798263549805,36.111111111111114,,,
OfficeDepot,OfficeDepot::Electronics > Cameras & Camcorders > Camcorders > Action Cameras,Electronics > Cameras & Camcorders > Camcorders > Action Cameras,4,True,5.0,Wearable Technology > Action Cameras,0.8974434,True,1.0,0.8235983801706663,0.0,DEEPEN,100.0,36.111111111111114,0.2996248986212489,,
OfficeDepot,OfficeDepot::Electronics > Cameras & Camcorders > Camcorders > Flash Memory Camcorders,Electronics > Cameras & Camcorders > Camcorders > Flash Memory Camcorders,4,True,5.0,"Phones, Cameras & Electronics > Cameras, Camcorders & Accessories > Cameras & Camcorders",0.71380925,True,1.0,-2.165732692116364,0.0,PARITY,86.7159652709961,36.111111111111114,,,
OfficeDepot,OfficeDepot::Electronics > Cameras & Camcorders > Camera Accessories,Electronics > Cameras & Camcorders > Camera Accessories,3,False,38.0,"Phones, Cameras & Electronics > Cameras, Camcorders & Accessories > Camera & Camcorder Accessories",0.8215142,True,0.8367346938775511,-1.3144073396101668,1.7066302585544841,PARITY,72.9100906532638,36.111111111111114,,,
OfficeDepot,OfficeDepot::Electronics > Cameras & Camcorders > Camera Accessories > Camera Attachments,Electronics > Cameras & Camcorders > Camera Accessories > Camera Attachments,4,True,20.0,"Phones, Cameras & Electronics > Cameras, Camcorders & Accessories > Camera & Camcorder Accessories",0.65101117,False,1.0,0.0,0.0,PARITY,83.48918151855469,19.22415569093492,,,
OfficeDepot,OfficeDepot::Electronics > Cameras & Camcorders > Camera Accessories > Camera Cases & Bags,Electronics > Cameras & Camcorders > Camera Accessories > Camera Cases & Bags,4,True,7.0,"Phones, Cameras & Electronics > Cameras, Camcorders & Accessories > Camera & Camcorder Accessories",0.66342705,False,1.0,0.0,0.0,PARITY,98.47413635253906,23.745143307579887,,,
OfficeDepot,"OfficeDepot::Electronics > Cameras & Camcorders > Camera Accessories > Camera Chargers, Docks & Adapters","Electronics > Cameras & Camcorders > Camera Accessories > Camera Chargers, Docks & Adapters",4,True,4.0,Computers & Accessories > Computer Accessories & Peripherals > Laptop Accessories > Laptop Chargers & Adapters,0.6998603,True,1.0,-2.4537329090283793,0.0,PARITY,100.0,77.13391304347827,,,
OfficeDepot,OfficeDepot::Electronics > Cameras & Camcorders > Camera Accessories > Camera Film,Electronics > Cameras & Camcorders > Camera Accessories > Camera Film,4,True,8.0,"Phones, Cameras & Electronics > Cameras, Camcorders & Accessories > Camera & Camcorder Accessories",0.653498,False,1.0,0.0,0.0,PARITY,82.3655014038086,20.12968153423733,,,
OfficeDepot,OfficeDepot::Electronics > Cameras & Camcorders > Camera Accessories > Camera Lenses & Flashes,Electronics > Cameras & Camcorders > Camera Accessories > Camera Lenses & Flashes,4,True,2.0,"Phones, Cameras & Electronics > Cameras, Camcorders & Accessories > Camera & Camcorder Accessories",0.6446278,False,1.0,0.0,0.0,PARITY,75.77801513671875,16.89978849887848,,,
OfficeDepot,OfficeDepot::Electronics > Cameras & Camcorders > Camera Accessories > Protectants & Cleaners,Electronics > Cameras & Camcorders > Camera Accessories > Protectants & Cleaners,4,True,5.0,Cleaning Supplies > Floor & Carpet Cleaning Equipment > Carpet Extractors & Cleaners,0.5239788,False,0.0,1.791759469228055,1.0666439115965527,ENTER,0.0,0.0,0.5299270072992701,,
OfficeDepot,OfficeDepot::Electronics > Cameras & Camcorders > Camera Accessories > Tripods,Electronics > Cameras & Camcorders > Camera Accessories > Tripods,4,True,3.0,"Phones, Cameras & Electronics > Cameras, Camcorders & Accessories > Camera & Camcorder Accessories",0.5305137,False,0.0,1.3862943611198906,0.6399863469579316,ENTER,1.0039385557174683,0.0,0.4650556112875904,,
OfficeDepot,OfficeDepot::Electronics > Cameras & Camcorders > Camera Memory Cards,Electronics > Cameras & Camcorders > Camera Memory Cards,3,False,73.0,Hard Drives & Data Storage > Memory Cards,0.75988185,True,1.0,0.15632159649537325,0.0,PARITY,100.0,65.51851851851853,,,
OfficeDepot,OfficeDepot::Electronics > Cameras & Camcorders > Camera Memory Cards > Compact Flash Memory Cards,Electronics > Cameras & Camcorders > Camera Memory Cards > Compact Flash Memory Cards,4,True,2.0,Hard Drives & Data Storage > Memory Cards,0.76477057,True,1.0,-2.9067595757635667,0.0,PARITY,100.0,65.51851851851853,,,
OfficeDepot,OfficeDepot::Electronics > Cameras & Camcorders > Camera Memory Cards > Memory Card Readers & Adapters,Electronics > Cameras & Camcorders > Camera Memory Cards > Memory Card Readers & Adapters,4,True,18.0,Hard Drives & Data Storage > Memory Card Readers & Adapters,0.9322225,True,1.0,0.7038580673459083,0.0,DEEPEN,100.0,65.51851851851853,0.1450990808326574,,
OfficeDepot,OfficeDepot::Electronics > Cameras & Camcorders > Camera Memory Cards > Secure Digital Memory Cards,Electronics > Cameras & Camcorders > Camera Memory Cards > Secure Digital Memory Cards,4,True,55.0,Hard Drives & Data Storage > Memory Cards,0.77446455,True,1.0,0.019979826303472947,0.0,PARITY,100.0,65.51851851851853,,,
OfficeDepot,OfficeDepot::Electronics > Cameras & Camcorders > Digital Cameras,Electronics > Cameras & Camcorders > Digital Cameras,3,False,15.0,"Phones, Cameras & Electronics > Cameras, Camcorders & Accessories > Cameras & Camcorders",0.7291557,True,1.0,-1.7049843362868216,0.0,PARITY,95.78402862548828,36.111111111111114,,,
OfficeDepot,OfficeDepot::Electronics > Cameras & Camcorders > Digital Cameras > DSLR Cameras,Electronics > Cameras & Camcorders > Digital Cameras > DSLR Cameras,4,True,9.0,"Phones, Cameras & Electronics > Cameras, Camcorders & Accessories > Cameras & Camcorders",0.6954041,True,1.0,-1.654907068350373,0.0,PARITY,99.02950286865234,36.111111111111114,,,
OfficeDepot,OfficeDepot::Electronics > Cameras & Camcorders > Digital Cameras > Point & Shoot Cameras,Electronics > Cameras & Camcorders > Digital Cameras > Point & Shoot Cameras,4,True,6.0,"Phones, Cameras & Electronics > Cameras, Camcorders & Accessories > Cameras & Camcorders",0.63718104,False,1.0,0.0,0.0,PARITY,90.91581726074219,14.971318509843618,,,
OfficeDepot,OfficeDepot::Electronics > Cameras & Camcorders > Digital Picture Frames,Electronics > Cameras & Camcorders > Digital Picture Frames,3,True,4.0,"Phones, Cameras & Electronics > Cameras, Camcorders & Accessories > Digital Picture Frames",0.9929242,True,1.0,-0.2775094634523869,0.0,PARITY,100.0,29.388888888888893,,,
OfficeDepot,OfficeDepot::Electronics > Cameras & Camcorders > Security Cameras & Surveillance,Electronics > Cameras & Camcorders > Security Cameras & Surveillance,3,False,37.0,Smart Home & Security > Security Cameras & Systems,0.71470344,True,1.0,-0.301910707404375,0.0,PARITY,97.91820780436198,25.213232740063102,,,
OfficeDepot,OfficeDepot::Electronics > Cameras & Camcorders > Security Cameras & Surveillance > Security Camera Accessories,Electronics > Cameras & Camcorders > Security Cameras & Surveillance > Security Camera Accessories,4,True,10.0,Smart Home & Security > Security Cameras & Systems,0.782205,True,1.0,-1.54160159433239,0.0,PARITY,100.0,28.412303235795765,,,
OfficeDepot,OfficeDepot::Electronics > Cameras & Camcorders > Security Cameras & Surveillance > Security Camera Bundles,Electronics > Cameras & Camcorders > Security Cameras & Surveillance > Security Camera Bundles,4,True,14.0,Smart Home & Security > Security Cameras & Systems,0.74429137,True,1.0,-1.2314466660285506,0.0,PARITY,93.30852508544922,24.299212598425196,,,
OfficeDepot,OfficeDepot::Electronics > Cameras & Camcorders > Security Cameras & Surveillance > Security Cameras,Electronics > Cameras & Camcorders > Security Cameras & Surveillance > Security Cameras,4,True,21.0,Smart Home & Security > Security Cameras & Systems,0.86091244,True,1.0,-0.8484544137724446,0.0,PARITY,100.0,24.299212598425196,,,
OfficeDepot,OfficeDepot::Electronics > Car Electronics & GPS,Electronics > Car Electronics & GPS,2,False,4.0,"Phones, Cameras & Electronics > GPS",0.68051887,False,1.0,-0.5537575693502081,0.0,PARITY,89.77489757537842,27.94750656167979,,,
OfficeDepot,OfficeDepot::Electronics > Car Electronics & GPS > GPS Accessories,Electronics > Car Electronics & GPS > GPS Accessories,3,True,3.0,"Phones, Cameras & Electronics > GPS > GPS Accessories",0.9716842,True,1.0,0.6131820675725217,0.0,PARITY,100.0,27.94750656167979,,,
OfficeDepot,OfficeDepot::Electronics > Car Electronics & GPS > Vehicle GPS,Electronics > Car Electronics & GPS > Vehicle GPS,3,True,1.0,"Phones, Cameras & Electronics > GPS",0.7373875,True,1.0,-1.470048301224363,0.0,PARITY,59.09959030151367,27.94750656167979,,,
OfficeDepot,OfficeDepot::Electronics > Drones & Accessories,Electronics > Drones & Accessories,2,False,1.0,"Phones, Cameras & Electronics > Drones & UAV",0.713739,True,1.0,-0.43815731083249443,0.0,PARITY,0.0,26.120734908136484,,,
OfficeDepot,OfficeDepot::Electronics > Drones & Accessories > Drones,Electronics > Drones & Accessories > Drones,3,True,1.0,"Phones, Cameras & Electronics > Drones & UAV",0.769196,True,1.0,-0.43815731083249443,0.0,PARITY,0.0,26.120734908136484,,,
OfficeDepot,OfficeDepot::Electronics > Networking & Cables,Electronics > Networking & Cables,2,False,1162.0,Computers & Accessories > Computer Accessories & Peripherals > Cables & Cable Accessories > Cables,0.6971748,True,1.0,0.058172731415099044,0.0,PARITY,86.60379806389858,79.44347826086957,,,
OfficeDepot,OfficeDepot::Electronics > Networking & Cables > Cable Boxes,Electronics > Networking & Cables > Cable Boxes,3,True,6.0,Computers & Accessories > Computer Accessories & Peripherals > Cables & Cable Accessories > Cables,0.76543075,True,1.0,-4.644979320265003,0.0,PARITY,97.93456268310547,79.44347826086957,,,
OfficeDepot,OfficeDepot::Electronics > Networking & Cables > Cables,Electronics > Networking & Cables > Cables,3,False,768.0,Computers & Accessories > Computer Accessories & Peripherals > Cables & Cable Accessories > Cables,0.9754778,True,1.0,-0.05175819377384272,0.0,PARITY,93.44242915992966,79.44347826086957,,,
OfficeDepot,OfficeDepot::Electronics > Networking & Cables > Cables > Audio Cables,Electronics > Networking & Cables > Cables > Audio Cables,4,True,18.0,Computers & Accessories > Computer Accessories & Peripherals > Cables & Cable Accessories > Cables,0.79909873,True,1.0,-3.199173578476482,0.0,PARITY,100.0,79.44347826086957,,,
OfficeDepot,OfficeDepot::Electronics > Networking & Cables > Cables > Cable Management,Electronics > Networking & Cables > Cables > Cable Management,4,True,77.0,Computers & Accessories > Computer Accessories & Peripherals > Cables & Cable Accessories > Cable Management,0.9812908,True,1.0,0.40817383417143915,0.0,PARITY,100.0,79.44347826086957,,,
OfficeDepot,OfficeDepot::Electronics > Networking & Cables > Cables > Computer Cables,Electronics > Networking & Cables > Cables > Computer Cables,4,True,328.0,Computers & Accessories > Computer Accessories & Peripherals > Cables & Cable Accessories > Cables,0.8210133,True,1.0,-0.34755480687755025,0.0,PARITY,100.0,79.44347826086957,,,
OfficeDepot,OfficeDepot::Electronics > Networking & Cables > Cables > Ethernet Cables,Electronics > Networking & Cables > Cables > Ethernet Cables,4,True,20.0,Computers & Accessories > Computer Accessories & Peripherals > Cables & Cable Accessories > Cables,0.7702316,True,1.0,-3.099090119919499,0.0,PARITY,91.85858154296875,79.44347826086957,,,
OfficeDepot,OfficeDepot::Electronics > Networking & Cables > Cables > HDMI Cables,Electronics > Networking & Cables > Cables > HDMI Cables,4,True,54.0,Computers & Accessories > Computer Accessories & Peripherals > Cables & Cable Accessories > Cables,0.7794299,True,1.0,-2.136279372410451,0.0,PARITY,67.82205200195312,79.44347826086957,,,
OfficeDepot,OfficeDepot::Electronics > Networking & Cables > Cables > Networking Tools,Electronics > Networking & Cables > Cables > Networking Tools,4,True,2.0,Networking & WiFi > Networking Accessories,0.72261333,True,1.0,-3.313235236296995,0.0,PARITY,84.69329833984375,42.04724409448819,,,
OfficeDepot,OfficeDepot::Electronics > Networking & Cables > Cables > Peripheral Device Cables,Electronics > Networking & Cables > Cables > Peripheral Device Cables,4,True,34.0,Computers & Accessories > Computer Accessories & Peripherals > Cables & Cable Accessories > Cables,0.708277,True,1.0,-2.5882644961535086,0.0,PARITY,78.55081939697266,79.44347826086957,,,
OfficeDepot,OfficeDepot::Electronics > Networking & Cables > Cables > Photo/Video Cables,Electronics > Networking & Cables > Cables > Photo/Video Cables,4,True,82.0,Computers & Accessories > Computer Accessories & Peripherals > Cables & Cable Accessories > Cables,0.70889926,True,1.0,-1.7247719498463239,0.0,PARITY,59.93086624145508,79.44347826086957,,,
OfficeDepot,OfficeDepot::Electronics > Networking & Cables > Cables > Portable Device Cables,Electronics > Networking & Cables > Cables > Portable Device Cables,4,True,300.0,Computers & Accessories > Computer Accessories & Peripherals > Cables & Cable Accessories > Cables,0.7462065,True,1.0,-0.8837792045714412,0.0,PARITY,98.63030242919922,79.44347826086957,,,
OfficeDepot,OfficeDepot::Electronics > Networking & Cables > Cables > Power Cables,Electronics > Networking & Cables > Cables > Power Cables,4,True,40.0,Computers & Accessories > Computer Accessories & Peripherals > Cables & Cable Accessories > Cables,0.8172413,True,1.0,-2.430040490938614,0.0,PARITY,100.0,79.44347826086957,,,
OfficeDepot,OfficeDepot::Electronics > Networking & Cables > Cables > Serial Cables,Electronics > Networking & Cables > Cables > Serial Cables,4,True,7.0,Computers & Accessories > Computer Accessories & Peripherals > Cables & Cable Accessories > Cables,0.76908255,True,1.0,-4.064171015963087,0.0,PARITY,70.40971374511719,79.44347826086957,,,
OfficeDepot,OfficeDepot::Electronics > Networking & Cables > Cables > Storage Device Cables,Electronics > Networking & Cables > Cables > Storage Device Cables,4,True,1.0,Computers & Accessories > Computer Accessories & Peripherals > Cables & Cable Accessories > Cables,0.7505015,True,1.0,-5.450465377082977,0.0,PARITY,93.34736633300781,79.44347826086957,,,
OfficeDepot,OfficeDepot::Electronics > Networking & Cables > Cables > USB Cables,Electronics > Networking & Cables > Cables > USB Cables,4,True,39.0,Computers & Accessories > Computer Accessories & Peripherals > Cables & Cable Accessories > Cables,0.8128556,True,1.0,-2.454733103528986,0.0,PARITY,100.0,79.44347826086957,,,
OfficeDepot,OfficeDepot::Electronics > Networking & Cables > KVM Switches & Accessories,Electronics > Networking & Cables > KVM Switches & Accessories,3,False,5.0,Computers & Accessories > Servers & Accessories > KVM Cables & Switches,0.7982571,True,1.0,-1.5174274155845904,0.0,PARITY,0.0,67.75925925925927,,,
OfficeDepot,OfficeDepot::Electronics > Networking & Cables > KVM Switches & Accessories > KVM Modules,Electronics > Networking & Cables > KVM Switches & Accessories > KVM Modules,4,True,5.0,Computers & Accessories > Servers & Accessories > KVM Cables & Switches,0.642724,False,1.0,0.0,0.0,PARITY,0.0,32.08861233845906,,,
OfficeDepot,OfficeDepot::Electronics > Networking & Cables > Modems,Electronics > Networking & Cables > Modems,3,False,13.0,Networking & WiFi > Modems,0.932904,True,1.0,1.1350920159849986,0.0,DEEPEN,74.75618782410255,41.58529839291706,0.2911132607162388,REVIEW,0.3078725475722855
OfficeDepot,OfficeDepot::Electronics > Networking & Cables > Modems > Analog Modems,Electronics > Networking & Cables > Modems > Analog Modems,4,True,1.0,Networking & WiFi > Modems,0.7359514,True,1.0,-0.8108181330703145,0.0,PARITY,1.6257450580596924,33.6745406824147,,,
OfficeDepot,OfficeDepot::Electronics > Networking & Cables > Modems > Cable Modems,Electronics > Networking & Cables > Modems > Cable Modems,4,True,11.0,Networking & WiFi > Modems,0.8066573,True,1.0,0.9809413361577406,0.0,DEEPEN,80.69271087646484,43.023617976644765,0.2653964206941794,,
OfficeDepot,OfficeDepot::Electronics > Networking & Cables > Modems > Modem Accessories,Electronics > Networking & Cables > Modems > Modem Accessories,4,True,1.0,Networking & WiFi > Modems,0.76247257,True,1.0,-0.8108181330703145,0.0,PARITY,82.58487701416016,33.6745406824147,,,
OfficeDepot,OfficeDepot::Electronics > Networking & Cables > Network Switches & Hubs,Electronics > Networking & Cables > Network Switches & Hubs,3,False,68.0,Networking & WiFi > Network Adapters,0.6587581,False,1.0,0.0,0.0,PARITY,28.89084872077493,40.68455874899159,,,
OfficeDepot,OfficeDepot::Electronics > Networking & Cables > Network Switches & Hubs > Managed Switches,Electronics > Networking & Cables > Network Switches & Hubs > Managed Switches,4,True,60.0,Facilities > Electrical and Wiring > Electrical > Switches and Controls,0.6362765,False,1.0,0.0,0.0,PARITY,31.5587158203125,21.120193692497583,,,
OfficeDepot,OfficeDepot::Electronics > Networking & Cables > Network Switches & Hubs > Unmanaged Switches,Electronics > Networking & Cables > Network Switches & Hubs > Unmanaged Switches,4,True,8.0,Computers & Accessories > Servers & Accessories > KVM Cables & Switches,0.6167995,False,1.0,0.0,0.0,PARITY,8.881845474243164,13.397876097372286,,,
OfficeDepot,OfficeDepot::Electronics > Networking & Cables > Networking Transceivers & Converters,Electronics > Networking & Cables > Networking Transceivers & Converters,3,True,13.0,Networking & WiFi > Network Transceivers,0.70772946,True,1.0,-1.723474304029852,0.0,PARITY,52.25545120239258,41.811023622047244,,,
OfficeDepot,OfficeDepot::Electronics > Networking & Cables > Patch Panels,Electronics > Networking & Cables > Patch Panels,3,True,3.0,Retail Store Supplies > Store Fixtures & Retail Displays > Wire Grid Panels & Accessories,0.5660284,False,1.0,0.0,0.0,PARITY,25.868324279785156,0.0,,,
OfficeDepot,OfficeDepot::Electronics > Networking & Cables > Print Servers,Electronics > Networking & Cables > Print Servers,3,True,6.0,Computers & Accessories > Servers & Accessories > Servers,0.7608858,True,1.0,-2.4883293163451814,0.0,PARITY,68.57630920410156,67.48556430446195,,,
OfficeDepot,OfficeDepot::Electronics > Networking & Cables > Security Hardware,Electronics > Networking & Cables > Security Hardware,3,False,8.0,"Tools, Parts & Supplies > Hardware",0.76573884,True,1.0,-1.9831557755784428,0.0,PARITY,54.79949617385864,56.62467191601049,,,
OfficeDepot,OfficeDepot::Electronics > Networking & Cables > Security Hardware > Firewall Devices,Electronics > Networking & Cables > Security Hardware > Firewall Devices,4,True,1.0,Networking & WiFi > Firewall Devices,0.90885055,True,1.0,-2.0454051988283513,0.0,PARITY,69.63743591308594,36.797900262467195,,,
OfficeDepot,OfficeDepot::Electronics > Networking & Cables > Security Hardware > Security Tokens,Electronics > Networking & Cables > Security Hardware > Security Tokens,4,True,7.0,Smart Home & Security > Security System Accessories,0.63415766,False,1.0,0.0,0.0,PARITY,52.67979049682617,8.864942805973563,,,
OfficeDepot,OfficeDepot::Electronics > Networking & Cables > Terminal Servers,Electronics > Networking & Cables > Terminal Servers,3,True,4.0,Computers & Accessories > Servers & Accessories > Servers,0.7038052,True,1.0,-1.0506875938646727,0.0,PARITY,59.35638427734375,64.01851851851852,,,
OfficeDepot,"OfficeDepot::Electronics > Networking & Cables > USB Hubs, Adapters & Switches","Electronics > Networking & Cables > USB Hubs, Adapters & Switches",3,True,77.0,Computers & Accessories > Computer Accessories & Peripherals > Cables & Cable Accessories > USB Hubs,0.8023553,True,1.0,0.38153948561434925,0.0,PARITY,100.0,76.60521739130435,,,
OfficeDepot,OfficeDepot::Electronics > Networking & Cables > Wired Adapters & Routers,Electronics > Networking & Cables > Wired Adapters & Routers,3,False,94.0,Networking & WiFi > Routers,0.71709216,True,1.0,1.3062282319608287,0.0,DEEPEN,59.62181107541348,65.60367382713676,0.1728718287548628,1P-CORE GAP,0.18095482592322215
OfficeDepot,OfficeDepot::Electronics > Networking & Cables > Wired Adapters & Routers > Wired Adapters,Electronics > Networking & Cables > Wired Adapters & Routers > Wired Adapters,4,True,89.0,Computers & Accessories > Computer Accessories & Peripherals > Cables & Cable Accessories > Adapters & Splitters,0.6783493,False,1.0,0.0,0.0,PARITY,60.0417366027832,67.11875827789306,,,
OfficeDepot,OfficeDepot::Electronics > Networking & Cables > Wired Adapters & Routers > Wired Routers,Electronics > Networking & Cables > Wired Adapters & Routers > Wired Routers,4,True,5.0,Networking & WiFi > Routers,0.77490646,True,1.0,-1.455889190411657,0.0,PARITY,52.14713668823242,38.63517060367454,,,
OfficeDepot,OfficeDepot::Electronics > Networking & Cables > Wireless Networking,Electronics > Networking & Cables > Wireless Networking,3,False,97.0,Networking & WiFi > Networking Accessories,0.76265734,True,1.0,-1.401089491753206,0.0,PARITY,87.94865213681574,42.04724409448819,,,
OfficeDepot,OfficeDepot::Electronics > Networking & Cables > Wireless Networking > Wifi Adapters,Electronics > Networking & Cables > Wireless Networking > Wifi Adapters,4,True,13.0,Networking & WiFi > Network Adapters,0.74129415,True,1.0,-1.2299170743472958,0.0,PARITY,100.0,40.23622047244094,,,
OfficeDepot,OfficeDepot::Electronics > Networking & Cables > Wireless Networking > Wifi Antennas,Electronics > Networking & Cables > Wireless Networking > Wifi Antennas,4,True,1.0,Networking & WiFi > Mesh WiFi Systems,0.64037585,False,1.0,0.0,0.0,PARITY,77.1053695678711,15.835824299828587,,,
OfficeDepot,OfficeDepot::Electronics > Networking & Cables > Wireless Networking > Wifi Extenders,Electronics > Networking & Cables > Wireless Networking > Wifi Extenders,4,True,14.0,Networking & WiFi > WiFi Extenders & Repeaters,0.8676961,True,1.0,0.1878016810090637,0.0,PARITY,92.04827117919922,36.06299212598425,,,
OfficeDepot,OfficeDepot::Electronics > Networking & Cables > Wireless Networking > Wifi Routers,Electronics > Networking & Cables > Wireless Networking > Wifi Routers,4,True,50.0,Networking & WiFi > Routers,0.84478533,True,1.0,0.6841769730846137,0.0,PARITY,100.0,38.63517060367454,,,
OfficeDepot,OfficeDepot::Electronics > Networking & Cables > Wireless Networking > Wireless Access Points,Electronics > Networking & Cables > Wireless Networking > Wireless Access Points,4,True,8.0,Networking & WiFi > Wireless Access Points,0.96052074,True,1.0,-1.0860510639301397,0.0,PARITY,74.4422607421875,38.76640419947506,,,
OfficeDepot,OfficeDepot::Electronics > Networking & Cables > Wireless Networking > Wireless Networking Accessories,Electronics > Networking & Cables > Wireless Networking > Wireless Networking Accessories,4,True,12.0,Networking & WiFi > Networking Accessories,0.8665612,True,1.0,-1.8468981675035683,0.0,PARITY,100.0,42.04724409448819,,,
OfficeDepot,OfficeDepot::Electronics > Networking & Cables > Wireless Networking > Wireless Tools,Electronics > Networking & Cables > Wireless Networking > Wireless Tools,4,True,48.0,Networking & WiFi > Wireless Access Points,0.69154876,False,1.0,0.0,0.0,PARITY,70.39966583251953,38.49777175059781,,,
OfficeDepot,OfficeDepot::Electronics > Office Equipment,Electronics > Office Equipment,2,False,672.0,Office Supplies,0.6200812,False,1.0,-0.08785499812633546,0.0,PARITY,90.68466375558347,61.77668658319043,,,
OfficeDepot,OfficeDepot::Electronics > Office Equipment > Binding Equipment,Electronics > Office Equipment > Binding Equipment,3,False,46.0,"Shredders, Projectors & Office Machines > Binding Equipment",0.9277799,True,1.0,0.3337792019756334,0.0,PARITY,62.83466936194378,64.1256038647343,,,
OfficeDepot,OfficeDepot::Electronics > Office Equipment > Binding Equipment > Binding Combs & Spines,Electronics > Office Equipment > Binding Equipment > Binding Combs & Spines,4,True,14.0,"Shredders, Projectors & Office Machines > Binding Equipment > Binding Combs & Spines",0.97756505,True,1.0,0.03173953218826275,0.0,PARITY,41.92778396606445,64.07407407407408,,,
OfficeDepot,OfficeDepot::Electronics > Office Equipment > Binding Equipment > Binding Covers,Electronics > Office Equipment > Binding Equipment > Binding Covers,4,True,23.0,"Shredders, Projectors & Office Machines > Binding Equipment > Binding Covers & Accessories",0.90724367,True,1.0,0.4858157914302623,0.0,PARITY,73.78459930419922,64.14814814814815,,,
OfficeDepot,OfficeDepot::Electronics > Office Equipment > Binding Equipment > Binding Systems,Electronics > Office Equipment > Binding Equipment > Binding Systems,4,True,9.0,"Shredders, Projectors & Office Machines > Binding Equipment > Binding Machines",0.72267425,True,1.0,-0.699654772301388,0.0,PARITY,67.37333679199219,64.14814814814815,,,
OfficeDepot,OfficeDepot::Electronics > Office Equipment > Calculators,Electronics > Office Equipment > Calculators,3,False,112.0,"Shredders, Projectors & Office Machines > Calculators",0.92506313,True,1.0,0.7698956573679219,0.0,DEEPEN,100.0,66.0925925925926,0.15307833198161666,1P-CORE GAP,0.1541531207133059
OfficeDepot,OfficeDepot::Electronics > Office Equipment > Calculators > Basic Calculators,Electronics > Office Equipment > Calculators > Basic Calculators,4,True,34.0,"Shredders, Projectors & Office Machines > Calculators > Basic Calculators",0.9810835,True,1.0,0.5647651968041241,0.0,PARITY,100.0,66.0925925925926,,,
OfficeDepot,OfficeDepot::Electronics > Office Equipment > Calculators > Calculator Supplies,Electronics > Office Equipment > Calculators > Calculator Supplies,4,True,23.0,"Shredders, Projectors & Office Machines > Calculators > Calculator Accessories",0.8036989,True,1.0,-0.7794383309964732,0.0,PARITY,100.0,66.0925925925926,,,
OfficeDepot,OfficeDepot::Electronics > Office Equipment > Calculators > Financial Calculators,Electronics > Office Equipment > Calculators > Financial Calculators,4,True,4.0,"Shredders, Projectors & Office Machines > Calculators > Financial Calculators",0.980618,True,1.0,0.5563818340391238,0.0,PARITY,100.0,66.0925925925926,,,
OfficeDepot,OfficeDepot::Electronics > Office Equipment > Calculators > Graphing Calculators,Electronics > Office Equipment > Calculators > Graphing Calculators,4,True,13.0,"Shredders, Projectors & Office Machines > Calculators > Graphing Calculators",0.98074186,True,1.0,0.5893418109225763,0.0,PARITY,100.0,66.0925925925926,,,
OfficeDepot,OfficeDepot::Electronics > Office Equipment > Calculators > Printing Calculators,Electronics > Office Equipment > Calculators > Printing Calculators,4,True,21.0,"Shredders, Projectors & Office Machines > Calculators > Printing Calculators",0.9812161,True,1.0,0.9013808310589715,0.0,DEEPEN,100.0,66.0925925925926,0.16916578805082455,,
OfficeDepot,OfficeDepot::Electronics > Office Equipment > Calculators > Scientific Calculators,Electronics > Office Equipment > Calculators > Scientific Calculators,4,True,30.0,"Shredders, Projectors & Office Machines > Calculators > Scientific Calculators",0.98033786,True,1.0,1.297977406483945,0.0,DEEPEN,100.0,66.0925925925926,0.21049817518248173,,
OfficeDepot,OfficeDepot::Electronics > Office Equipment > Cash Registers & Supplies,Electronics > Office Equipment > Cash Registers & Supplies,3,False,21.0,Retail Store Supplies > Point of Sale (POS) Equipment > Cash Registers,0.866528,True,1.0,1.8195147032217474,0.0,DEEPEN,100.0,38.067129629629626,0.43420818971343605,CURATE - DEEPEN,0.442131880144033
OfficeDepot,OfficeDepot::Electronics > Office Equipment > Cash Registers & Supplies > Cash Register Supplies,Electronics > Office Equipment > Cash Registers & Supplies > Cash Register Supplies,4,True,16.0,Retail Store Supplies > Point of Sale (POS) Equipment > Cash Registers,0.8668985,True,1.0,1.5616855939196475,0.0,DEEPEN,100.0,38.067129629629626,0.4143173408353609,,
OfficeDepot,OfficeDepot::Electronics > Office Equipment > Fax Machines,Electronics > Office Equipment > Fax Machines,3,True,1.0,"Shredders, Projectors & Office Machines > Fax Machines",0.93708885,True,1.0,-0.27501390849744334,0.0,PARITY,80.0422134399414,51.69553805774279,,,
OfficeDepot,OfficeDepot::Electronics > Office Equipment > Paper-Folding Machines,Electronics > Office Equipment > Paper-Folding Machines,3,True,23.0,"Shipping, Packing & Mailing Supplies > Mailing Supplies > Paper Folding Machines & Joggers",0.7701342,True,1.0,1.3270992568438362,0.0,DEEPEN,99.21469116210938,72.66203703703704,0.1714653760439771,1P-CORE GAP,0.17933086052176392
OfficeDepot,OfficeDepot::Electronics > Office Equipment > Point of Sale Systems,Electronics > Office Equipment > Point of Sale Systems,3,False,2.0,Retail Store Supplies > Point of Sale (POS) Equipment,0.73818165,True,1.0,-4.855871632997015,0.0,PARITY,50.701934814453125,48.05774278215223,,,
OfficeDepot,OfficeDepot::Electronics > Office Equipment > Point of Sale Systems > Point of Sale Terminal Accessories,Electronics > Office Equipment > Point of Sale Systems > Point of Sale Terminal Accessories,4,True,2.0,Retail Store Supplies > Point of Sale (POS) Equipment,0.7065275,True,1.0,-4.855871632997015,0.0,PARITY,50.701934814453125,48.05774278215223,,,
OfficeDepot,OfficeDepot::Electronics > Office Equipment > Projector Accessories,Electronics > Office Equipment > Projector Accessories,3,False,46.0,"Shredders, Projectors & Office Machines > Projectors & Accessories",0.8787209,True,1.0,-0.9274314530534769,0.0,PARITY,97.86225476472273,72.88888888888889,,,
OfficeDepot,OfficeDepot::Electronics > Office Equipment > Projector Accessories > Projector Lamps,Electronics > Office Equipment > Projector Accessories > Projector Lamps,4,True,5.0,"Shredders, Projectors & Office Machines > Projectors & Accessories > Projectors",0.7650251,True,1.0,-2.8649112093584734,0.0,PARITY,100.0,72.88888888888889,,,
OfficeDepot,OfficeDepot::Electronics > Office Equipment > Projector Accessories > Projector Mounts,Electronics > Office Equipment > Projector Accessories > Projector Mounts,4,True,7.0,"Shredders, Projectors & Office Machines > Projectors & Accessories > Projectors",0.75062925,True,1.0,-2.5772291369066926,0.0,PARITY,99.28355407714844,72.88888888888889,,,
OfficeDepot,OfficeDepot::Electronics > Office Equipment > Projector Accessories > Projector Remotes,Electronics > Office Equipment > Projector Accessories > Projector Remotes,4,True,13.0,"Shredders, Projectors & Office Machines > Projectors & Accessories > Projectors",0.7454645,True,1.0,-2.01761334897127,0.0,PARITY,92.82144927978516,72.88888888888889,,,
OfficeDepot,OfficeDepot::Electronics > Office Equipment > Projector Accessories > Projector Screens,Electronics > Office Equipment > Projector Accessories > Projector Screens,4,True,21.0,"Shredders, Projectors & Office Machines > Projectors & Accessories > Projector Screens",0.97071576,True,1.0,1.6403199028510966,0.0,DEEPEN,100.0,72.88888888888889,0.18492944038929446,,
OfficeDepot,OfficeDepot::Electronics > Office Equipment > Projectors,Electronics > Office Equipment > Projectors,3,True,70.0,"Shredders, Projectors & Office Machines > Projectors & Accessories > Projectors",0.9443532,True,1.0,0.6226059214588866,0.0,PARITY,100.0,72.88888888888889,,,
OfficeDepot,OfficeDepot::Electronics > Office Equipment > Scanners & Accessories,Electronics > Office Equipment > Scanners & Accessories,3,False,107.0,Printers & Scanners > Scanners & Scanner Accessories,0.8561982,True,1.0,0.6189604056617402,0.0,PARITY,100.0,79.625,,,
OfficeDepot,OfficeDepot::Electronics > Office Equipment > Scanners & Accessories > Scanner Accessories,Electronics > Office Equipment > Scanners & Accessories > Scanner Accessories,4,True,10.0,Printers & Scanners > Scanners & Scanner Accessories,0.8996794,True,1.0,-1.665275548664109,0.0,PARITY,100.0,79.625,,,
OfficeDepot,OfficeDepot::Electronics > Office Equipment > Scanners & Accessories > Scanners,Electronics > Office Equipment > Scanners & Accessories > Scanners,4,True,97.0,Printers & Scanners > Scanners & Scanner Accessories > Scanners,0.97782433,True,1.0,0.8514146728924619,0.0,DEEPEN,100.0,79.625,0.09793385036496349,,
OfficeDepot,OfficeDepot::Electronics > Office Equipment > Shredders,Electronics > Office Equipment > Shredders,3,False,144.0,"Security, Banking & Cash > Shredders & Accessories > Shredders",0.936039,True,1.0,1.0789508472674458,0.0,DEEPEN,98.9996337890625,69.33333333333334,0.17020861685722696,1P-CORE GAP,0.17938830506124603
OfficeDepot,OfficeDepot::Electronics > Office Equipment > Shredders > Shredder Accessories,Electronics > Office Equipment > Shredders > Shredder Accessories,4,True,21.0,"Security, Banking & Cash > Shredders & Accessories > Shredder Accessories",0.9758768,True,1.0,0.7786368695557697,0.0,DEEPEN,98.9996337890625,52.94444444444444,0.21308558603303762,,
OfficeDepot,OfficeDepot::Electronics > Office Equipment > Time Clocks,Electronics > Office Equipment > Time Clocks,3,False,93.0,Retail Store Supplies > Time Clock Systems,0.7984733,True,1.0,1.0550405619580472,0.0,DEEPEN,76.7705544912687,37.55905511811024,0.29672072780882675,CURATE - DEEPEN,0.3166776910655486
OfficeDepot,OfficeDepot::Electronics > Office Equipment > Time Clocks > Time Card Racks,Electronics > Office Equipment > Time Clocks > Time Card Racks,4,True,4.0,Retail Store Supplies > Time Clock Cards & Racks,0.81449497,True,1.0,-1.3928019528613336,0.0,PARITY,87.78401947021484,37.55905511811024,,,
OfficeDepot,OfficeDepot::Electronics > Office Equipment > Time Clocks > Time Cards & Badges,Electronics > Office Equipment > Time Clocks > Time Cards & Badges,4,True,46.0,Retail Store Supplies > Time Clock Cards & Racks,0.63462335,False,1.0,0.0,0.0,PARITY,63.47817611694336,14.549481404109263,,,
OfficeDepot,OfficeDepot::Electronics > Office Equipment > Time Clocks > Time Clock Supplies,Electronics > Office Equipment > Time Clocks > Time Clock Supplies,4,True,13.0,Retail Store Supplies > Time Clock Systems,0.77165586,True,1.0,-0.8491968906966982,0.0,PARITY,93.12940979003906,37.55905511811024,,,
OfficeDepot,OfficeDepot::Electronics > Office Equipment > Time Clocks > Time Clock Systems,Electronics > Office Equipment > Time Clocks > Time Clock Systems,4,True,30.0,Retail Store Supplies > Time Clock Systems,0.90891063,True,1.0,1.1934062926646143,0.0,DEEPEN,88.59490203857422,35.2104634844412,0.36585991428089654,,
OfficeDepot,OfficeDepot::Electronics > Office Equipment > Typewriters & Accessories,Electronics > Office Equipment > Typewriters & Accessories,3,False,7.0,"Shredders, Projectors & Office Machines > Typewriters & Typewriter Supplies",0.7816367,True,1.0,0.12417636380537278,0.0,PARITY,0.0,55.26509186351707,,,
OfficeDepot,OfficeDepot::Electronics > Office Equipment > Typewriters & Accessories > Correctable Typewriter Ribbons,Electronics > Office Equipment > Typewriters & Accessories > Correctable Typewriter Ribbons,4,True,4.0,"Shredders, Projectors & Office Machines > Typewriters & Typewriter Supplies",0.6745257,False,1.0,0.0,0.0,PARITY,0.0,44.87207453770275,,,
OfficeDepot,OfficeDepot::Electronics > Office Equipment > Typewriters & Accessories > Typewriter Ribbons,Electronics > Office Equipment > Typewriters & Accessories > Typewriter Ribbons,4,True,6.0,"Shredders, Projectors & Office Machines > Typewriters & Typewriter Supplies",0.74002856,True,1.0,-0.009355028819149735,0.0,PARITY,0.0,55.26509186351708,,,
OfficeDepot,OfficeDepot::Electronics > Office Equipment > Typewriters & Accessories > Typewriters,Electronics > Office Equipment > Typewriters & Accessories > Typewriters,4,True,1.0,"Shredders, Projectors & Office Machines > Typewriters & Typewriter Supplies",0.85025907,True,1.0,-1.2621179973145176,0.0,PARITY,0.0,55.26509186351707,,,
OfficeDepot,OfficeDepot::Electronics > Phones & Accessories,Electronics > Phones & Accessories,2,False,840.0,"Phones, Cameras & Electronics > Phones & Accessories",0.9613457,True,0.7755905511811023,-0.02099451501951588,48.6389623688028,PARITY,71.12408556525163,40.2618833190542,,,
OfficeDepot,OfficeDepot::Electronics > Phones & Accessories > Cell Phone Accessories,Electronics > Phones & Accessories > Cell Phone Accessories,3,False,557.0,"Phones, Cameras & Electronics > Cell Phone Accessories",0.98629224,True,0.9965277777777778,-0.30977999818980795,0.42665756463862103,PARITY,94.24511737293668,64.71759259259258,,,
OfficeDepot,OfficeDepot::Electronics > Phones & Accessories > Cell Phone Accessories > Bluetooth Headsets,Electronics > Phones & Accessories > Cell Phone Accessories > Bluetooth Headsets,4,True,118.0,Audio > Headsets & Microphones > Headsets,0.7106499,True,1.0,-0.6932837495458886,0.0,PARITY,74.09123992919922,38.53703703703704,,,
OfficeDepot,OfficeDepot::Electronics > Phones & Accessories > Cell Phone Accessories > Cell Phone Cases,Electronics > Phones & Accessories > Cell Phone Accessories > Cell Phone Cases,4,True,139.0,"Phones, Cameras & Electronics > Cell Phone Cases",0.972383,True,1.0,-0.5776729610061686,0.0,PARITY,100.0,64.71759259259258,,,
OfficeDepot,OfficeDepot::Electronics > Phones & Accessories > Cell Phone Accessories > Cell Phone Chargers & Adapters,Electronics > Phones & Accessories > Cell Phone Accessories > Cell Phone Chargers & Adapters,4,True,206.0,"Phones, Cameras & Electronics > Cell Phones",0.7797884,True,1.0,-0.9279927223249924,0.0,PARITY,100.0,77.13391304347827,,,
OfficeDepot,OfficeDepot::Electronics > Phones & Accessories > Cell Phone Accessories > Cell Phone Corded Headsets,Electronics > Phones & Accessories > Cell Phone Accessories > Cell Phone Corded Headsets,4,True,6.0,"Phones, Cameras & Electronics > Cell Phones",0.7732657,True,1.0,-4.004328219150997,0.0,PARITY,100.0,57.92224799344936,,,
OfficeDepot,OfficeDepot::Electronics > Phones & Accessories > Cell Phone Accessories > Cell Phone Grips,Electronics > Phones & Accessories > Cell Phone Accessories > Cell Phone Grips,4,True,7.0,"Phones, Cameras & Electronics > Cell Phones",0.81026053,True,1.0,-3.936083936598082,0.0,PARITY,100.0,64.71759259259258,,,
OfficeDepot,OfficeDepot::Electronics > Phones & Accessories > Cell Phone Accessories > Cell Phone Kits,Electronics > Phones & Accessories > Cell Phone Accessories > Cell Phone Kits,4,True,14.0,"Phones, Cameras & Electronics > Cell Phones",0.8376967,True,1.0,-3.2584654872251675,0.0,PARITY,100.0,64.71759259259258,,,
OfficeDepot,OfficeDepot::Electronics > Phones & Accessories > Cell Phone Accessories > Cell Phone Screen Protectors,Electronics > Phones & Accessories > Cell Phone Accessories > Cell Phone Screen Protectors,4,True,46.0,"Phones, Cameras & Electronics > Cell Phone Screen Protectors",0.97283685,True,1.0,-0.20496796033122688,0.0,PARITY,100.0,64.71759259259258,,,
OfficeDepot,OfficeDepot::Electronics > Phones & Accessories > Cell Phone Accessories > Cell Phone Signal Boosters,Electronics > Phones & Accessories > Cell Phone Accessories > Cell Phone Signal Boosters,4,True,3.0,"Phones, Cameras & Electronics > Cell Phones",0.7608923,True,1.0,-4.4041335748623345,0.0,PARITY,100.0,59.98545006800581,,,
OfficeDepot,OfficeDepot::Electronics > Phones & Accessories > Cell Phone Accessories > Cell Phone Stands,Electronics > Phones & Accessories > Cell Phone Accessories > Cell Phone Stands,4,True,32.0,"Phones, Cameras & Electronics > Cell Phones",0.8306112,True,1.0,-2.2321490354845612,0.0,PARITY,100.0,64.71759259259258,,,
OfficeDepot,OfficeDepot::Electronics > Phones & Accessories > Cell Phone Accessories > Selfie Sticks,Electronics > Phones & Accessories > Cell Phone Accessories > Selfie Sticks,4,True,2.0,"Office Supplies > Tape, Fasteners & Adhesives > Hot Glue Sticks & Guns",0.4524224,False,0.0,1.0986122886681098,0.42665756463862103,ENTER,0.0,0.0,0.38777372262773724,,
OfficeDepot,OfficeDepot::Electronics > Phones & Accessories > Cell Phone Accessories > UV Phone Sanitizers,Electronics > Phones & Accessories > Cell Phone Accessories > UV Phone Sanitizers,4,True,3.0,"Phones, Cameras & Electronics > Cell Phone Accessories",0.60350966,False,1.0,0.0,0.0,PARITY,80.80709838867188,1.8413363873489261,,,
OfficeDepot,OfficeDepot::Electronics > Phones & Accessories > Cell Phones,Electronics > Phones & Accessories > Cell Phones,3,False,1.0,"Phones, Cameras & Electronics > Cell Phones",0.9868704,True,1.0,-1.1204705836611004,0.0,PARITY,91.54568481445312,64.71759259259258,,,
OfficeDepot,OfficeDepot::Electronics > Phones & Accessories > Cell Phones > Smartphones,Electronics > Phones & Accessories > Cell Phones > Smartphones,4,True,1.0,"Phones, Cameras & Electronics > Cell Phones",0.64276457,False,1.0,0.0,0.0,PARITY,91.54568481445312,12.978388994071741,,,
OfficeDepot,OfficeDepot::Electronics > Phones & Accessories > Conferencing,Electronics > Phones & Accessories > Conferencing,3,False,89.0,"Phones, Cameras & Electronics > Phones & Accessories",0.5276357,False,0.0,4.499809670330265,23.89282361976278,ENTER,0.0,0.0,0.6886861313868613,VERIFY,0.6731481481481482
OfficeDepot,OfficeDepot::Electronics > Phones & Accessories > Conferencing > Teleconferencing,Electronics > Phones & Accessories > Conferencing > Teleconferencing,4,True,89.0,Audio > Headsets & Microphones,0.3725662,False,0.0,4.499809670330265,18.986261626418635,ENTER,0.0,0.0,0.6854014598540146,,
OfficeDepot,OfficeDepot::Electronics > Phones & Accessories > Conferencing > Video Conferencing,Electronics > Phones & Accessories > Conferencing > Video Conferencing,4,True,23.0,TV & Streaming Media > TV & Video,0.51543903,False,0.0,3.1780538303479458,4.906561993344142,ENTER,0.0,0.0,0.6459854014598541,,
OfficeDepot,OfficeDepot::Electronics > Phones & Accessories > Multi-Line Phones,Electronics > Phones & Accessories > Multi-Line Phones,3,False,34.0,"Phones, Cameras & Electronics > Phones & Accessories",0.699113,True,0.5294117647058824,-2.310598508481777,3.4132605171089683,PARITY,70.43168729894302,38.27821522309711,,,
OfficeDepot,OfficeDepot::Electronics > Phones & Accessories > Multi-Line Phones > Multi-Line Corded Phones,Electronics > Phones & Accessories > Multi-Line Phones > Multi-Line Corded Phones,4,True,8.0,"Phones, Cameras & Electronics > Phones & Accessories",0.61801165,False,1.0,0.0,0.0,PARITY,93.3598403930664,8.06236306732408,,,
OfficeDepot,OfficeDepot::Electronics > Phones & Accessories > Multi-Line Phones > Multi-Line Cordless Phones,Electronics > Phones & Accessories > Multi-Line Phones > Multi-Line Cordless Phones,4,True,10.0,Batteries & Power > Battery Shop > Cordless Phone Batteries,0.68550867,False,1.0,0.0,0.0,PARITY,100.0,45.0598468358318,,,
OfficeDepot,OfficeDepot::Electronics > Phones & Accessories > Multi-Line Phones > Multi-Line Handset Systems,Electronics > Phones & Accessories > Multi-Line Phones > Multi-Line Handset Systems,4,True,16.0,Computers & Accessories > Computer Accessories & Peripherals > Multi-Factor Authentication,0.55188507,False,0.0,2.833213344056216,3.4132605171089683,ENTER,40.4874153137207,0.0,0.7572286692988264,,
OfficeDepot,OfficeDepot::Electronics > Phones & Accessories > PDA Accessories,Electronics > Phones & Accessories > PDA Accessories,3,False,6.0,"Phones, Cameras & Electronics > Phones & Accessories > Phone Accessories",0.68338925,False,1.0,0.0,0.0,PARITY,37.485984802246094,33.64086128219845,,,
OfficeDepot,OfficeDepot::Electronics > Phones & Accessories > PDA Accessories > PDA Chargers,Electronics > Phones & Accessories > PDA Accessories > PDA Chargers,4,True,6.0,"Phones, Cameras & Electronics > Chargers & Charging Cables",0.6231782,False,1.0,0.0,0.0,PARITY,37.485984802246094,19.930407237177313,,,
OfficeDepot,OfficeDepot::Electronics > Phones & Accessories > Phone Accessories,Electronics > Phones & Accessories > Phone Accessories,3,False,96.0,"Phones, Cameras & Electronics > Phones & Accessories > Phone Accessories",0.994313,True,1.0,-1.2912355914678075,0.0,PARITY,79.18247159322102,38.27821522309711,,,
OfficeDepot,OfficeDepot::Electronics > Phones & Accessories > Phone Accessories > Expansion Handsets,Electronics > Phones & Accessories > Phone Accessories > Expansion Handsets,4,True,18.0,"Phones, Cameras & Electronics > Phones & Accessories",0.5581411,False,1.0,0.0,0.0,PARITY,56.75250244140625,0.0,,,
OfficeDepot,OfficeDepot::Electronics > Phones & Accessories > Phone Accessories > Line Conditioners,Electronics > Phones & Accessories > Phone Accessories > Line Conditioners,4,True,6.0,Facilities > Heating & Cooling > Air Conditioners,0.6599529,False,1.0,0.0,0.0,PARITY,41.60877227783203,41.53282510240873,,,
OfficeDepot,OfficeDepot::Electronics > Phones & Accessories > Phone Accessories > Phone Cord Detanglers,Electronics > Phones & Accessories > Phone Accessories > Phone Cord Detanglers,4,True,4.0,"Phones, Cameras & Electronics > Phones & Accessories > Phone Accessories",0.6538594,False,1.0,0.0,0.0,PARITY,100.0,21.412479887406032,,,
OfficeDepot,OfficeDepot::Electronics > Phones & Accessories > Phone Accessories > Phone Cords,Electronics > Phones & Accessories > Phone Accessories > Phone Cords,4,True,18.0,"Phones, Cameras & Electronics > Phones & Accessories > Phone Accessories",0.7101664,True,1.0,-1.0437861541657396,0.0,PARITY,100.0,36.16666666666667,,,
OfficeDepot,"OfficeDepot::Electronics > Phones & Accessories > Phone Accessories > Phone Couplers, Adapters & Routers","Electronics > Phones & Accessories > Phone Accessories > Phone Couplers, Adapters & Routers",4,True,10.0,Computers & Accessories > Computer Accessories & Peripherals > Cables & Cable Accessories > Adapters & Splitters,0.62725544,False,1.0,0.0,0.0,PARITY,95.89681243896484,24.322949237823487,,,
OfficeDepot,OfficeDepot::Electronics > Phones & Accessories > Phone Accessories > Phone Headsets & Chargers,Electronics > Phones & Accessories > Phone Accessories > Phone Headsets & Chargers,4,True,15.0,"Phones, Cameras & Electronics > Phones & Accessories > Phone Accessories",0.69544435,True,1.0,-1.2156364110923987,0.0,PARITY,100.0,36.16666666666667,,,
OfficeDepot,OfficeDepot::Electronics > Phones & Accessories > Phone Accessories > Phone Stands & Shoulder Rests,Electronics > Phones & Accessories > Phone Accessories > Phone Stands & Shoulder Rests,4,True,15.0,"Phones, Cameras & Electronics > Phones & Accessories > Phone Accessories",0.6129923,False,1.0,0.0,0.0,PARITY,75.04263305664062,5.686072890957197,,,
OfficeDepot,OfficeDepot::Electronics > Phones & Accessories > Phone Accessories > Replacement Headset Parts,Electronics > Phones & Accessories > Phone Accessories > Replacement Headset Parts,4,True,10.0,Printers & Scanners > Scanners & Scanner Accessories > Scanner Accessories & Replacement Parts,0.62762403,False,1.0,0.0,0.0,PARITY,54.571197509765625,23.011367718378708,,,
OfficeDepot,OfficeDepot::Electronics > Phones & Accessories > Single-Line Phones,Electronics > Phones & Accessories > Single-Line Phones,3,False,62.0,"Phones, Cameras & Electronics > Phones & Accessories",0.68502283,False,0.4714285714285714,0.616774201775371,7.8931649458144895,PARITY,58.948817825317384,35.35504706950951,,,
OfficeDepot,OfficeDepot::Electronics > Phones & Accessories > Single-Line Phones > Single-Line Corded Phones,Electronics > Phones & Accessories > Single-Line Phones > Single-Line Corded Phones,4,True,14.0,"Phones, Cameras & Electronics > Cell Phones",0.6047769,False,1.0,0.0,0.0,PARITY,82.95249938964844,1.9113272168817796,,,
OfficeDepot,OfficeDepot::Electronics > Phones & Accessories > Single-Line Phones > Single-Line Cordless Phones,Electronics > Phones & Accessories > Single-Line Phones > Single-Line Cordless Phones,4,True,19.0,Batteries & Power > Battery Shop > Cordless Phone Batteries,0.678421,False,1.0,0.0,0.0,PARITY,100.0,41.40124056653843,,,
OfficeDepot,OfficeDepot::Electronics > Phones & Accessories > Single-Line Phones > Single-Line Handset Systems,Electronics > Phones & Accessories > Single-Line Phones > Single-Line Handset Systems,4,True,37.0,Retail Store Supplies > Time Clock Systems,0.5321593,False,0.0,3.6375861597263857,7.8931649458144895,ENTER,28.786006927490234,0.0,0.7462120353810108,,
OfficeDepot,OfficeDepot::Electronics > Phones & Accessories > Telecom Gateways & Routers,Electronics > Phones & Accessories > Telecom Gateways & Routers,3,True,5.0,Networking & WiFi > Routers,0.63576496,False,1.0,0.0,0.0,PARITY,45.83650588989258,15.435638878289172,,,
OfficeDepot,OfficeDepot::Electronics > Phones & Accessories > VoIP,Electronics > Phones & Accessories > VoIP,3,False,78.0,"Phones, Cameras & Electronics > Phones & Accessories > Landline Phones",0.54413086,False,0.47413793103448276,0.34409616173187185,13.013055721477942,PARITY,28.522649271734828,7.828589878205595,,,
OfficeDepot,OfficeDepot::Electronics > Phones & Accessories > VoIP > VoIP Accessories,Electronics > Phones & Accessories > VoIP > VoIP Accessories,4,True,14.0,"Phones, Cameras & Electronics > Phones & Accessories > Phone Accessories",0.55272365,False,0.0,2.70805020110221,2.9866029524703475,ENTER,21.354631423950195,0.0,0.6907062300382739,,
OfficeDepot,OfficeDepot::Electronics > Phones & Accessories > VoIP > VoIP Conferencing,Electronics > Phones & Accessories > VoIP > VoIP Conferencing,4,True,38.0,Networking & WiFi > Modems,0.42873344,False,0.0,3.6635616461296463,8.106493728133799,ENTER,0.0,0.0,0.6624087591240876,,
OfficeDepot,OfficeDepot::Electronics > Phones & Accessories > VoIP > VoIP Headsets,Electronics > Phones & Accessories > VoIP > VoIP Headsets,4,True,15.0,Audio > Headsets & Microphones > Headsets,0.67988425,False,1.0,0.0,0.0,PARITY,0.0,33.48708486557007,,,
OfficeDepot,OfficeDepot::Electronics > Phones & Accessories > VoIP > VoIP Phones,Electronics > Phones & Accessories > VoIP > VoIP Phones,4,True,40.0,"Phones, Cameras & Electronics > Phones & Accessories > Landline Phones",0.62824744,False,1.0,0.0,0.0,PARITY,75.24156188964844,10.14525382220745,,,
OfficeDepot,OfficeDepot::Electronics > Phones & Accessories > VoIP > VoIP Systems,Electronics > Phones & Accessories > VoIP > VoIP Systems,4,True,9.0,Networking & WiFi > Mesh WiFi Systems,0.52060366,False,0.0,2.302585092994046,1.9199590408737948,ENTER,0.0,0.0,0.5897810218978102,,
OfficeDepot,OfficeDepot::Electronics > Smart Home,Electronics > Smart Home,2,False,49.0,Smart Home & Security,0.76772445,True,1.0,-1.3470636125239657,0.0,PARITY,76.15393725308505,24.124321238471914,,,
OfficeDepot,OfficeDepot::Electronics > Smart Home > Energy Management,Electronics > Smart Home > Energy Management,3,False,10.0,Batteries & Power > Power Management,0.6641362,False,1.0,1.266590781405931,0.0,DEEPEN,100.0,45.437984173379235,0.3343416955215192,REVIEW,0.34909586052032365
OfficeDepot,OfficeDepot::Electronics > Smart Home > Energy Management > Smart Thermostats,Electronics > Smart Home > Energy Management > Smart Thermostats,4,True,10.0,Smart Home & Security > Smart Thermostats,0.9213803,True,1.0,1.266590781405931,0.0,DEEPEN,100.0,42.77777777777777,0.3506427412814275,,
OfficeDepot,OfficeDepot::Electronics > Smart Home > Home Access,Electronics > Smart Home > Home Access,3,False,5.0,Smart Home & Security,0.64971924,False,1.0,-0.31630488077909646,0.0,PARITY,89.54818725585938,20.881889763779526,,,
OfficeDepot,OfficeDepot::Electronics > Smart Home > Home Access > Smart Doorbells,Electronics > Smart Home > Home Access > Smart Doorbells,4,True,5.0,Smart Home & Security > Smart Doorbells,0.9508306,True,1.0,-0.31630488077909646,0.0,PARITY,89.54818725585938,20.881889763779526,,,
OfficeDepot,OfficeDepot::Electronics > Smart Home > Home Automation,Electronics > Smart Home > Home Automation,3,False,17.0,Smart Home & Security,0.5975535,False,1.0,0.0,0.0,PARITY,26.28348384183996,2.350713327022465,,,
OfficeDepot,OfficeDepot::Electronics > Smart Home > Home Automation > Smart Hubs,Electronics > Smart Home > Home Automation > Smart Hubs,4,True,1.0,Computers & Accessories > Computer Accessories & Peripherals > Cables & Cable Accessories > USB Hubs,0.64724416,False,1.0,0.0,0.0,PARITY,86.79325866699219,39.9621265593819,,,
OfficeDepot,OfficeDepot::Electronics > Smart Home > Home Automation > Voice Assistants,Electronics > Smart Home > Home Automation > Voice Assistants,4,True,5.0,Audio > Portable Audio > Voice Recorders,0.5727644,False,1.0,0.0,0.0,PARITY,0.0,0.0,,,
OfficeDepot,OfficeDepot::Electronics > Smart Home > Home Automation > Whole Home WiFi,Electronics > Smart Home > Home Automation > Whole Home WiFi,4,True,11.0,Smart Home & Security,0.5688079,False,1.0,0.0,0.0,PARITY,32.72963333129883,0.0,,,
OfficeDepot,OfficeDepot::Electronics > Smart Home > Home Security,Electronics > Smart Home > Home Security,3,False,10.0,Smart Home & Security,0.9043648,True,1.0,-2.3757489868413275,0.0,PARITY,100.0,25.299126296660624,,,
OfficeDepot,OfficeDepot::Electronics > Smart Home > Home Security > Smart Motion Detectors,Electronics > Smart Home > Home Security > Smart Motion Detectors,4,True,2.0,Retail Store Supplies > Store Security & Operations > Motion Detectors,0.8626967,True,1.0,0.7156658870896939,0.0,DEEPEN,100.0,31.11111111111111,0.2949148418491484,,
OfficeDepot,OfficeDepot::Electronics > Smart Home > Home Security > Smart Security Cameras,Electronics > Smart Home > Home Security > Smart Security Cameras,4,True,5.0,Smart Home & Security > Security Cameras & Systems,0.8533872,True,1.0,-2.977934451493359,0.0,PARITY,100.0,24.299212598425196,,,
OfficeDepot,OfficeDepot::Electronics > Smart Home > Home Security > Smart Smoke Detectors,Electronics > Smart Home > Home Security > Smart Smoke Detectors,4,True,1.0,Safety Supplies > Fire Protection > Smoke Alarms & Carbon Monoxide Detectors,0.6713522,False,1.0,0.0,0.0,PARITY,100.0,38.9880740819154,,,
OfficeDepot,OfficeDepot::Electronics > Smart Home > Home Security > Smart Surveillance Systems,Electronics > Smart Home > Home Security > Smart Surveillance Systems,4,True,6.0,Smart Home & Security > Security Cameras & Systems,0.6829729,False,1.0,0.0,0.0,PARITY,100.0,21.913568142830854,,,
OfficeDepot,OfficeDepot::Electronics > Smart Home > Smart Lighting,Electronics > Smart Home > Smart Lighting,3,False,7.0,Smart Home & Security > Smart Bulbs,0.6860859,False,1.0,-2.4371191282790474,0.0,PARITY,99.32293192545573,44.500060756294346,,,
OfficeDepot,OfficeDepot::Electronics > Smart Home > Smart Lighting > Smart Light Bulbs,Electronics > Smart Home > Smart Lighting > Smart Light Bulbs,4,True,5.0,"Facilities > Commercial Lighting, Ballasts & Bulbs > Light Bulbs",0.8473475,True,1.0,-2.698979076837541,0.0,PARITY,100.0,64.26388888888889,,,
OfficeDepot,OfficeDepot::Electronics > Smart Home > Smart Lighting > Smart Outlets,Electronics > Smart Home > Smart Lighting > Smart Outlets,4,True,2.0,Smart Home & Security > Smart Plugs & Outlets,0.7982855,True,1.0,-0.10525964139174859,0.0,PARITY,96.95319366455078,19.79527559055118,,,
OfficeDepot,OfficeDepot::Electronics > Smart Home > Smart Lighting > Smart Plugs,Electronics > Smart Home > Smart Lighting > Smart Plugs,4,True,2.0,Smart Home & Security > Smart Plugs & Outlets,0.8094488,True,1.0,-0.10525964139174859,0.0,PARITY,100.0,19.79527559055118,,,
OfficeDepot,OfficeDepot::Electronics > TVs & Home Theater,Electronics > TVs & Home Theater,2,False,125.0,Audio > Portable Audio > Home Theater Audio > Home Theater Speakers,0.68371207,False,0.7846153846153846,-1.2520241270044323,5.973205904940695,PARITY,54.94912986388573,33.95742628843888,,,
OfficeDepot,OfficeDepot::Electronics > TVs & Home Theater > Audio Devices,Electronics > TVs & Home Theater > Audio Devices,3,False,8.0,Audio,0.7109174,True,0.0,-4.281601900286429,1.7066302585544841,PARITY,23.03590965270996,31.794871794871792,,,
OfficeDepot,OfficeDepot::Electronics > TVs & Home Theater > Audio Devices > Sound Bars,Electronics > TVs & Home Theater > Audio Devices > Sound Bars,4,True,8.0,Audio > Portable Audio > Two Way Radios,0.5336247,False,0.0,2.1972245773362196,1.7066302585544841,ENTER,23.03590965270996,0.0,0.6523194077902467,,
OfficeDepot,OfficeDepot::Electronics > TVs & Home Theater > Home Video,Electronics > TVs & Home Theater > Home Video,3,True,2.0,TV & Streaming Media > TV & Video,0.6619506,False,1.0,0.0,0.0,PARITY,79.81714630126953,18.913213850945002,,,
OfficeDepot,OfficeDepot::Electronics > TVs & Home Theater > Media Streaming Devices,Electronics > TVs & Home Theater > Media Streaming Devices,3,True,8.0,TV & Streaming Media,0.7275398,True,1.0,-3.820575844250111,0.0,PARITY,87.28717041015625,23.104166666666668,,,
OfficeDepot,OfficeDepot::Electronics > TVs & Home Theater > Satellite Radios & Accessories,Electronics > TVs & Home Theater > Satellite Radios & Accessories,3,False,5.0,Audio > Portable Audio > Two Way Radios,0.58184457,False,1.0,0.0,0.0,PARITY,7.464428424835205,0.0,,,
OfficeDepot,OfficeDepot::Electronics > TVs & Home Theater > Satellite Radios & Accessories > Satellite Radios,Electronics > TVs & Home Theater > Satellite Radios & Accessories > Satellite Radios,4,True,5.0,Audio > Portable Audio > Two Way Radios,0.57324296,False,1.0,0.0,0.0,PARITY,7.464428424835205,0.0,,,
OfficeDepot,OfficeDepot::Electronics > TVs & Home Theater > TV & Home Theater Accessories,Electronics > TVs & Home Theater > TV & Home Theater Accessories,3,False,83.0,Audio > Portable Audio > Home Theater Audio > Home Theater Speakers,0.7313658,True,0.7560975609756098,-0.2585517509966948,4.266575646386211,PARITY,63.00048722290411,37.32869565217391,,,
OfficeDepot,OfficeDepot::Electronics > TVs & Home Theater > TV & Home Theater Accessories > Switchboxes,Electronics > TVs & Home Theater > TV & Home Theater Accessories > Switchboxes,4,True,13.0,Audio > Portable Audio > Home Theater Audio > Home Theater Speaker Systems,0.52265525,False,0.0,2.6390573296152584,2.7732741701510366,ENTER,13.584351539611816,0.0,0.659183711553142,,
OfficeDepot,OfficeDepot::Electronics > TVs & Home Theater > TV & Home Theater Accessories > TV Antennas,Electronics > TVs & Home Theater > TV & Home Theater Accessories > TV Antennas,4,True,6.0,TV & Streaming Media > TV & Video > TV Accessories,0.61931574,False,1.0,0.0,0.0,PARITY,35.221595764160156,5.904066422333319,,,
OfficeDepot,OfficeDepot::Electronics > TVs & Home Theater > TV & Home Theater Accessories > TV Presentation Kits,Electronics > TVs & Home Theater > TV & Home Theater Accessories > TV Presentation Kits,4,True,5.0,TV & Streaming Media > TV & Video > TV Accessories,0.6253219,False,1.0,0.0,0.0,PARITY,51.19380187988281,7.584721506469778,,,
OfficeDepot,OfficeDepot::Electronics > TVs & Home Theater > TV & Home Theater Accessories > TV Universal Remotes,Electronics > TVs & Home Theater > TV & Home Theater Accessories > TV Universal Remotes,4,True,6.0,TV & Streaming Media > TV & Video > TV Accessories,0.59515846,False,1.0,0.0,0.0,PARITY,34.755672454833984,0.0,,,
OfficeDepot,OfficeDepot::Electronics > TVs & Home Theater > TV & Home Theater Accessories > TV Wall & Ceiling Mounts,Electronics > TVs & Home Theater > TV & Home Theater Accessories > TV Wall & Ceiling Mounts,4,True,45.0,TV & Streaming Media > TV & Video > TV Wall Mounts,0.8027358,True,1.0,-0.34816479661006294,0.0,PARITY,95.85801696777344,41.491969037939,,,
OfficeDepot,OfficeDepot::Electronics > TVs & Home Theater > TV & Home Theater Accessories > Turntables,Electronics > TVs & Home Theater > TV & Home Theater Accessories > Turntables,4,True,7.0,TV & Streaming Media > DJ Equipment & Musical Instruments > Turn Tables & DJ Equipment,0.5296549,False,0.0,2.0794415416798357,1.4933014762351737,ENTER,0.0,0.0,0.5711678832116789,,
OfficeDepot,OfficeDepot::Electronics > TVs & Home Theater > TVs,Electronics > TVs & Home Theater > TVs,3,True,12.0,TV & Streaming Media > TV & Video > TVs,0.9140625,True,1.0,-1.1229559126825852,0.0,PARITY,0.0,26.444444444444443,,,
OfficeDepot,OfficeDepot::Electronics > TVs & Home Theater > Video Equipment,Electronics > TVs & Home Theater > Video Equipment,3,False,9.0,TV & Streaming Media > DJ Equipment & Musical Instruments > Stage Equipment,0.64653087,False,1.0,-0.026271457639683415,0.0,PARITY,69.0619888305664,20.696462224946064,,,
OfficeDepot,OfficeDepot::Electronics > TVs & Home Theater > Video Equipment > DVD & Blu-Ray Players,Electronics > TVs & Home Theater > Video Equipment > DVD & Blu-Ray Players,4,True,7.0,TV & Streaming Media > TV & Video > DVD & Blu-Ray Players,0.93531466,True,1.0,0.6287189911726163,0.0,PARITY,64.17339324951172,20.930555555555554,,,
OfficeDepot,OfficeDepot::Electronics > TVs & Home Theater > Video Equipment > Portable DVD Players,Electronics > TVs & Home Theater > Video Equipment > Portable DVD Players,4,True,4.0,TV & Streaming Media > TV & Video > DVD & Blu-Ray Players,0.6670966,False,1.0,0.0,0.0,PARITY,77.4211654663086,15.339924813972578,,,
OfficeDepot,OfficeDepot::Electronics > TVs & Home Theater > Video Equipment > Video Recorders,Electronics > TVs & Home Theater > Video Equipment > Video Recorders,4,True,2.0,Audio > Portable Audio > Voice Recorders,0.69109637,False,1.0,0.0,0.0,PARITY,69.45372009277344,30.590210389759807,,,
OfficeDepot,OfficeDepot::Electronics > Wearable Technology,Electronics > Wearable Technology,2,False,130.0,Wearable Technology,0.920684,True,1.0,-0.3605692410099621,0.0,PARITY,82.11349034627278,20.153846153846153,,,
OfficeDepot,OfficeDepot::Electronics > Wearable Technology > Fitness Bands,Electronics > Wearable Technology > Fitness Bands,3,True,97.0,Expanded Assortment > Fitness,0.69292116,True,1.0,4.584967478670572,0.0,DEEPEN,91.40370178222656,6.015748031496063,0.7334676557378366,CURATE - DEEPEN,0.7406898843461217
OfficeDepot,OfficeDepot::Electronics > Wearable Technology > Heart Rate Monitors,Electronics > Wearable Technology > Heart Rate Monitors,3,True,95.0,Wearable Technology > Heart Rate Monitors,0.98224103,True,1.0,4.18140178988942,0.0,DEEPEN,83.37986755371094,18.47244094488189,0.6106778700474806,CURATE - DEEPEN,0.6108156227493176
OfficeDepot,OfficeDepot::Electronics > Wearable Technology > Portable GPS,Electronics > Wearable Technology > Portable GPS,3,True,2.0,"Phones, Cameras & Electronics > GPS",0.7527725,True,1.0,-1.0645831931161986,0.0,PARITY,85.9770736694336,27.94750656167979,,,
OfficeDepot,OfficeDepot::Electronics > Wearable Technology > Two-Way Radios & Accessories,Electronics > Wearable Technology > Two-Way Radios & Accessories,3,True,16.0,Audio > Portable Audio > Two Way Radios,0.7899719,True,1.0,-0.7566260297270389,0.0,PARITY,78.06715393066406,35.02777777777778,,,
OfficeDepot,OfficeDepot::Electronics > Wearable Technology > Watches,Electronics > Wearable Technology > Watches,3,True,15.0,Wearable Technology > Smart Watches,0.84919435,True,1.0,-2.0321087300072587,0.0,PARITY,17.81734848022461,26.188976377952756,,,
OfficeDepot,OfficeDepot::Equipment,Equipment,1,False,4.0,Restaurant & Foodservice Supplies > Commercial Restaurant Equipment > Equipment Parts & Accessories,0.6923888,True,0.75,-2.095830278339629,0.21332878231931052,PARITY,81.20062494277954,63.88434782608695,,,
OfficeDepot,OfficeDepot::Equipment > Laundry,Equipment > Laundry,2,False,3.0,Cleaning Supplies > Laundry Care > Laundry Room Organization > Laundry Accessories,0.82740295,True,1.0,-3.1702430192989404,0.0,PARITY,100.0,85.1791304347826,,,
OfficeDepot,"OfficeDepot::Equipment > Laundry > Laundry Carts, Trucks & Hampers","Equipment > Laundry > Laundry Carts, Trucks & Hampers",3,True,3.0,"Cleaning Supplies > Laundry Care > Laundry Room Organization > Laundry Baskets, Hampers & Sorters",0.72318256,True,1.0,-2.307432110353605,0.0,PARITY,100.0,85.1791304347826,,,
OfficeDepot,OfficeDepot::Equipment > Public Spaces,Equipment > Public Spaces,2,False,1.0,Facilities > Grounds Maintenance > Outdoor Tools,0.52574784,False,0.0,0.6931471805599453,0.21332878231931052,ENTER,24.802499771118164,0.0,0.3034220978535005,,
OfficeDepot,OfficeDepot::Equipment > Public Spaces > Parts & Accessories,Equipment > Public Spaces > Parts & Accessories,3,True,1.0,Facilities > Bathroom Fixtures > Changing Stations and Accessories,0.5405047,False,0.0,0.6931471805599453,0.21332878231931052,ENTER,24.802499771118164,0.0,0.3034220978535005,,
OfficeDepot,OfficeDepot::Food Service & Supplies,Food Service & Supplies,1,False,5.0,Restaurant & Foodservice Supplies > Smallwares > Food Safety,0.6136867,False,1.0,0.18232155679395468,0.0,PARITY,60.86509323120117,8.078687938179558,,,
OfficeDepot,"OfficeDepot::Food Service & Supplies > Cups, Lids & Stir Sticks","Food Service & Supplies > Cups, Lids & Stir Sticks",2,True,4.0,Party Supplies > Disposable Cup Lids & Sleeves,0.62464905,False,1.0,0.0,0.0,PARITY,60.86509323120117,8.078687938179558,,,
OfficeDepot,OfficeDepot::Furniture,Furniture,1,False,5009.0,Furniture,1.0,True,0.9980713596914176,-0.610174566398408,2.559945387831726,PARITY,94.55124052830405,74.40927655235505,,,
OfficeDepot,OfficeDepot::Furniture > Bathroom,Furniture > Bathroom,2,False,3.0,Facilities > Plumbing > Bathroom Hardware,0.7126006,True,1.0,-2.7084638938409826,0.0,PARITY,93.04344685872395,67.14506172839506,,,
OfficeDepot,OfficeDepot::Furniture > Bathroom > Bath & Shower Accessories,Furniture > Bathroom > Bath & Shower Accessories,3,True,1.0,Furniture > Decor > Bath & Shower Accessories,0.9662763,True,1.0,-0.3599088978350312,0.0,PARITY,100.0,42.06018518518518,,,
OfficeDepot,OfficeDepot::Furniture > Bathroom > Towels,Furniture > Bathroom > Towels,3,True,2.0,Furniture > Decor > Bath Mats & Towels,0.78352267,True,1.0,-2.6892172219603,0.0,PARITY,89.56517028808594,79.6875,,,
OfficeDepot,OfficeDepot::Furniture > Bedroom,Furniture > Bedroom,2,False,27.0,Furniture > Decor > Beds & Bedding,0.5748378,False,0.782608695652174,-0.9726266981507998,1.0666439115965527,PARITY,71.9234390258789,14.068695522129872,,,
OfficeDepot,OfficeDepot::Furniture > Bedroom > Armoires & Wardrobes,Furniture > Bedroom > Armoires & Wardrobes,3,True,4.0,Furniture > Bookcases & Bookshelves,0.54103863,False,0.0,1.6094379124341003,0.8533151292772421,ENTER,23.118234634399414,0.0,0.5739167476988186,,
OfficeDepot,OfficeDepot::Furniture > Bedroom > Bedding,Furniture > Bedroom > Bedding,3,False,20.0,Furniture > Decor > Beds & Bedding > Bedding,0.9721837,True,1.0,-0.28157297419177363,0.0,PARITY,85.78114891052246,17.087411566324853,,,
OfficeDepot,OfficeDepot::Furniture > Bedroom > Bedding > Bed Sheets,Furniture > Bedroom > Bedding > Bed Sheets,4,True,1.0,Retail Store Supplies > Spa & Salon > Spa & Massage > Sheets & Linens,0.6669713,False,1.0,0.0,0.0,PARITY,100.0,33.00303754391878,,,
OfficeDepot,OfficeDepot::Furniture > Bedroom > Bedding > Blankets,Furniture > Bedroom > Bedding > Blankets,4,True,1.0,Furniture > Decor > Beds & Bedding > Blankets & Throws,0.8319123,True,1.0,-1.88187321137918,0.0,PARITY,70.65436553955078,13.231304347826086,,,
OfficeDepot,OfficeDepot::Furniture > Bedroom > Bedding > Comforters,Furniture > Bedroom > Bedding > Comforters,4,True,2.0,Furniture > Decor > Beds & Bedding > Bedding,0.5975334,False,1.0,0.0,0.0,PARITY,44.402347564697266,0.0,,,
OfficeDepot,OfficeDepot::Furniture > Bedroom > Bedding > Duvet Covers,Furniture > Bedroom > Bedding > Duvet Covers,4,True,1.0,Furniture > Decor > Beds & Bedding > Bedding,0.5965146,False,1.0,0.0,0.0,PARITY,51.68083190917969,0.0,,,
OfficeDepot,OfficeDepot::Furniture > Bedroom > Bedding > Mattress Pads & Protectors,Furniture > Bedroom > Bedding > Mattress Pads & Protectors,4,True,5.0,Furniture > Decor > Beds & Bedding > Mattress Pads & Toppers,0.806661,True,1.0,0.5878875391681966,0.0,PARITY,96.2728271484375,15.621143649972002,,,
OfficeDepot,OfficeDepot::Furniture > Bedroom > Bedding > Pillows & Pillowcases,Furniture > Bedroom > Bedding > Pillows & Pillowcases,4,True,6.0,Furniture > Decor > Beds & Bedding > Pillows,0.8441528,True,1.0,-0.5929309905913283,0.0,PARITY,96.66572570800781,24.8430874865988,,,
OfficeDepot,OfficeDepot::Furniture > Bedroom > Dressers,Furniture > Bedroom > Dressers,3,True,1.0,Furniture > Bookcases & Bookshelves,0.5368718,False,0.0,0.6931471805599453,0.21332878231931052,ENTER,26.949607849121094,0.0,0.3098634220875093,,
OfficeDepot,OfficeDepot::Furniture > Bedroom > Headboards,Furniture > Bedroom > Headboards,3,True,1.0,Furniture > Decor > Beds & Bedding > Headboards,0.96707165,True,1.0,-0.8108181330703145,0.0,PARITY,62.31816864013672,11.80695652173913,,,
OfficeDepot,OfficeDepot::Furniture > Bedroom > Mattresses,Furniture > Bedroom > Mattresses,3,True,1.0,Furniture > Decor > Beds & Bedding > Beds & Mattresses,0.8433727,True,1.0,-3.006366801881795,0.0,PARITY,100.0,38.37445542605027,,,
OfficeDepot,OfficeDepot::Furniture > Bookcases,Furniture > Bookcases,2,False,173.0,Furniture > Bookcases & Bookshelves,0.85295767,True,1.0,0.6527436046524437,0.0,PARITY,58.39701974656847,50.86614173228347,,,
OfficeDepot,OfficeDepot::Furniture > Bookcases > Metal Bookcases,Furniture > Bookcases > Metal Bookcases,3,True,47.0,Furniture > Bookcases & Bookshelves,0.7477615,True,1.0,-0.6351106836541942,0.0,PARITY,51.127601623535156,50.866141732283474,,,
OfficeDepot,OfficeDepot::Furniture > Bookcases > Wood Bookcases,Furniture > Bookcases > Wood Bookcases,3,True,133.0,Furniture > Bookcases & Bookshelves,0.7661186,True,1.0,0.39152810538882576,0.0,PARITY,60.965911865234375,50.86614173228347,,,
OfficeDepot,OfficeDepot::Furniture > Carts & Stands,Furniture > Carts & Stands,2,False,259.0,Furniture > Carts & Stands,1.0,True,1.0,0.4589279778554083,0.0,PARITY,70.73282137371245,65.02546296296295,,,
OfficeDepot,OfficeDepot::Furniture > Carts & Stands > Carts,Furniture > Carts & Stands > Carts,3,False,193.0,Furniture > Carts & Stands > Carts & Stands,0.8186557,True,1.0,0.23516976007392199,0.0,PARITY,76.57552508049204,70.34086956521739,,,
OfficeDepot,OfficeDepot::Furniture > Carts & Stands > Carts > AV Carts,Furniture > Carts & Stands > Carts > AV Carts,4,True,36.0,Furniture > Carts & Stands > Carts & Stands,0.6393077,False,1.0,0.0,0.0,PARITY,47.052330017089844,28.43030548157791,,,
OfficeDepot,OfficeDepot::Furniture > Carts & Stands > Carts > Charging Carts & Stations,Furniture > Carts & Stands > Carts > Charging Carts & Stations,4,True,15.0,Furniture > Carts & Stands > Carts & Stands,0.62422365,False,1.0,0.0,0.0,PARITY,65.48889923095703,17.993967379615814,,,
OfficeDepot,OfficeDepot::Furniture > Carts & Stands > Carts > File & Storage Carts,Furniture > Carts & Stands > Carts > File & Storage Carts,4,True,60.0,Office Supplies > Folders & Filing > File Storage,0.7652624,True,1.0,0.2273914770570955,0.0,PARITY,100.0,89.56018518518518,,,
OfficeDepot,OfficeDepot::Furniture > Carts & Stands > Carts > Laptop & Mobile Workstations,Furniture > Carts & Stands > Carts > Laptop & Mobile Workstations,4,True,26.0,Computers & Accessories > Laptops,0.6319661,False,1.0,0.0,0.0,PARITY,81.53507995605469,25.47084954779918,,,
OfficeDepot,OfficeDepot::Furniture > Carts & Stands > Carts > Transporting Carts,Furniture > Carts & Stands > Carts > Transporting Carts,4,True,8.0,Furniture > Carts & Stands > Carts & Stands,0.6261531,False,1.0,0.0,0.0,PARITY,62.73041534423828,19.328923683406575,,,
OfficeDepot,OfficeDepot::Furniture > Carts & Stands > Carts > Utility Carts,Furniture > Carts & Stands > Carts > Utility Carts,4,True,52.0,Furniture > Carts & Stands > Carts & Stands,0.64199364,False,1.0,0.0,0.0,PARITY,72.83472442626953,30.288669908212285,,,
OfficeDepot,OfficeDepot::Furniture > Carts & Stands > Podiums & Lecterns,Furniture > Carts & Stands > Podiums & Lecterns,3,False,19.0,Furniture > Lecterns & PA Systems > Lecterns,0.7738689,True,1.0,0.5137393325898696,0.0,PARITY,1.2350106992219623,47.291666666666664,,,
OfficeDepot,OfficeDepot::Furniture > Carts & Stands > Podiums & Lecterns > Standard Podiums & Lecterns,Furniture > Carts & Stands > Podiums & Lecterns > Standard Podiums & Lecterns,4,True,16.0,Furniture > Lecterns & PA Systems > Lecterns,0.75358516,True,1.0,0.3512204030920949,0.0,PARITY,0.0,47.291666666666664,,,
OfficeDepot,OfficeDepot::Furniture > Carts & Stands > Podiums & Lecterns > Tabletop Podiums & Lecterns,Furniture > Carts & Stands > Podiums & Lecterns > Tabletop Podiums & Lecterns,4,True,3.0,Furniture > Lecterns & PA Systems > Lecterns,0.75219864,True,1.0,-1.0956985798442307,0.0,PARITY,7.821734428405762,47.291666666666664,,,
OfficeDepot,OfficeDepot::Furniture > Carts & Stands > Stands,Furniture > Carts & Stands > Stands,3,False,47.0,Furniture > Carts & Stands > Carts & Stands,0.81253815,True,1.0,-0.7898916524209283,0.0,PARITY,73.70555422598855,65.02546296296295,,,
OfficeDepot,OfficeDepot::Furniture > Carts & Stands > Stands > AV Stands & Mounts,Furniture > Carts & Stands > Stands > AV Stands & Mounts,4,True,22.0,Computers & Accessories > Computer Monitors & Stands > Monitor Stands & Mounts,0.67389435,False,1.0,0.0,0.0,PARITY,55.897705078125,61.256747413564625,,,
OfficeDepot,OfficeDepot::Furniture > Carts & Stands > Stands > Printer Stands,Furniture > Carts & Stands > Stands > Printer Stands,4,True,17.0,Furniture > Carts & Stands > TV Stands,0.668665,False,1.0,0.0,0.0,PARITY,68.90982818603516,42.29249868238413,,,
OfficeDepot,OfficeDepot::Furniture > Carts & Stands > Stands > TV Stands,Furniture > Carts & Stands > Stands > TV Stands,4,True,18.0,Furniture > Carts & Stands > TV Stands,0.97576,True,1.0,0.2058865997781436,0.0,PARITY,100.0,56.42129629629628,,,
OfficeDepot,OfficeDepot::Furniture > Chair Mats & Floor Mats,Furniture > Chair Mats & Floor Mats,2,False,428.0,Furniture > Chair Mats,0.91539204,True,1.0,0.37304451304341857,0.0,PARITY,100.0,75.35952792699979,,,
OfficeDepot,OfficeDepot::Furniture > Chair Mats & Floor Mats > Chair Mats,Furniture > Chair Mats & Floor Mats > Chair Mats,3,True,344.0,Furniture > Chair Mats,0.97139156,True,1.0,1.5550552613150348,0.0,DEEPEN,100.0,75.0708661417323,0.16567865969308573,1P-CORE GAP,0.17334981044036155
OfficeDepot,OfficeDepot::Furniture > Chair Mats & Floor Mats > Floor Mats,Furniture > Chair Mats & Floor Mats > Floor Mats,3,True,84.0,Facilities > Floor Mats & Flooring > Commercial Floor Mats,0.83234364,True,1.0,-0.9670640201228551,0.0,PARITY,100.0,76.54166666666667,,,
OfficeDepot,OfficeDepot::Furniture > Chairs & Seating,Furniture > Chairs & Seating,2,False,1655.0,Furniture > Chairs & Seating,1.0,True,1.0,0.6609299394513188,0.0,PARITY,99.95517498892059,96.2962962962963,,,
OfficeDepot,OfficeDepot::Furniture > Chairs & Seating > Accent Chairs & Ottomans,Furniture > Chairs & Seating > Accent Chairs & Ottomans,3,True,64.0,Furniture > Chairs & Seating > Stools & Ottomans,0.77174,True,1.0,-1.4135913445778971,0.0,PARITY,100.0,71.5643600181297,,,
OfficeDepot,OfficeDepot::Furniture > Chairs & Seating > Big & Tall Chairs,Furniture > Chairs & Seating > Big & Tall Chairs,3,True,151.0,Furniture > Chairs & Seating > Big and Tall Chairs,0.9877298,True,1.0,2.0570274092924175,0.0,DEEPEN,100.0,87.3217887348599,0.09184762540621572,1P-CORE GAP,0.09567353871378875
OfficeDepot,OfficeDepot::Furniture > Chairs & Seating > Chair Accessories,Furniture > Chairs & Seating > Chair Accessories,3,True,125.0,Furniture > Chairs & Seating > Chair Parts & Accessories,0.832796,True,1.0,1.1425554354779823,0.0,DEEPEN,100.0,96.2962962962963,0.021370640713706375,1P-CORE GAP,0.02259945130315497
OfficeDepot,OfficeDepot::Furniture > Chairs & Seating > Classroom Seating,Furniture > Chairs & Seating > Classroom Seating,3,True,18.0,Furniture > Chairs & Seating > Kids Seating,0.7509662,True,1.0,-3.8040593879249904,0.0,PARITY,100.0,58.425196850393704,,,
OfficeDepot,OfficeDepot::Furniture > Chairs & Seating > Drafting Chairs,Furniture > Chairs & Seating > Drafting Chairs,3,True,69.0,Furniture > Chairs & Seating > Stools & Ottomans > Drafting Chairs & Office Stools,0.8264301,True,1.0,0.5149424362712489,0.0,PARITY,100.0,96.2962962962963,,,
OfficeDepot,OfficeDepot::Furniture > Chairs & Seating > Ergonomic Office Chairs,Furniture > Chairs & Seating > Ergonomic Office Chairs,3,True,663.0,Furniture > Chairs & Seating > Office Chairs,0.8558952,True,1.0,1.0337467447637732,0.0,DEEPEN,100.0,96.2962962962963,0.01996485536631519,1P-CORE GAP,0.020953360768175548
OfficeDepot,OfficeDepot::Furniture > Chairs & Seating > Folding Chairs,Furniture > Chairs & Seating > Folding Chairs,3,True,41.0,Furniture > Chairs & Seating > Stacking & Folding Chairs,0.8904742,True,1.0,-0.9644844770253216,0.0,PARITY,100.0,96.2962962962963,,,
OfficeDepot,OfficeDepot::Furniture > Chairs & Seating > Gaming Chairs,Furniture > Chairs & Seating > Gaming Chairs,3,True,80.0,Furniture > Chairs & Seating > Gaming Chairs,1.0,True,1.0,1.3358794250114134,0.0,DEEPEN,100.0,96.2962962962963,0.023371181400378443,1P-CORE GAP,0.02451989026063096
OfficeDepot,OfficeDepot::Furniture > Chairs & Seating > Massage Chairs,Furniture > Chairs & Seating > Massage Chairs,3,True,2.0,Furniture > Chairs & Seating > Office Chairs,0.7009582,True,1.0,-5.652618106825776,0.0,PARITY,100.0,96.2962962962963,,,
OfficeDepot,OfficeDepot::Furniture > Chairs & Seating > Office Chairs,Furniture > Chairs & Seating > Office Chairs,3,True,610.0,Furniture > Chairs & Seating > Office Chairs,1.0,True,1.0,0.9505615544589352,0.0,DEEPEN,100.0,96.2962962962963,0.01899161935658283,1P-CORE GAP,0.019993141289437553
OfficeDepot,OfficeDepot::Furniture > Chairs & Seating > Reception Seating,Furniture > Chairs & Seating > Reception Seating,3,True,103.0,Furniture > Chairs & Seating > Kids Seating,0.7217877,True,1.0,-2.104107467950058,0.0,PARITY,99.84892272949219,58.425196850393704,,,
OfficeDepot,OfficeDepot::Furniture > Chairs & Seating > Recliners,Furniture > Chairs & Seating > Recliners,3,True,7.0,"Furniture > Chairs & Seating > Recliners, Gliders & Rockers",0.77991486,True,1.0,0.6287189911726163,0.0,PARITY,85.93230438232422,13.953703703703704,,,
OfficeDepot,OfficeDepot::Furniture > Chairs & Seating > Sofas & Lounge Chairs,Furniture > Chairs & Seating > Sofas & Lounge Chairs,3,True,56.0,Furniture > Chairs & Seating > Sofas & Benches,0.7363199,True,1.0,-2.7054470992568804,0.0,PARITY,100.0,93.01601383421156,,,
OfficeDepot,OfficeDepot::Furniture > Chairs & Seating > Stackable Chairs,Furniture > Chairs & Seating > Stackable Chairs,3,True,84.0,Furniture > Chairs & Seating > Stacking & Folding Chairs,0.71481395,True,1.0,-0.2595028388183733,0.0,PARITY,100.0,93.7037037037037,,,
OfficeDepot,OfficeDepot::Furniture > Chairs & Seating > Stools,Furniture > Chairs & Seating > Stools,3,True,127.0,Furniture > Chairs & Seating > Stools & Ottomans,0.8047471,True,1.0,-0.5128672995475574,0.0,PARITY,100.0,20.791666666666668,,,
OfficeDepot,OfficeDepot::Furniture > Chairs & Seating > Task Chairs,Furniture > Chairs & Seating > Task Chairs,3,True,344.0,Furniture > Chairs & Seating > Office Chairs,0.72415656,True,1.0,-0.9049539500600705,0.0,PARITY,100.0,96.2962962962963,,,
OfficeDepot,OfficeDepot::Furniture > Cubicle Systems,Furniture > Cubicle Systems,2,False,46.0,Furniture > Cubicle & Panel Systems,0.8461537,True,1.0,-0.8894106278119285,0.0,PARITY,67.58372912199602,61.01821658615136,,,
OfficeDepot,OfficeDepot::Furniture > Cubicle Systems > Panel & Cubicle System Accessories,Furniture > Cubicle Systems > Panel & Cubicle System Accessories,3,True,13.0,Furniture > Cubicle & Panel Systems,0.8214921,True,1.0,-2.1005008999067285,0.0,PARITY,100.0,60.56944444444444,,,
OfficeDepot,OfficeDepot::Furniture > Cubicle Systems > Panel & Cubicle Systems,Furniture > Cubicle Systems > Panel & Cubicle Systems,3,True,7.0,Furniture > Cubicle & Panel Systems,0.861241,True,1.0,-2.660116687842151,0.0,PARITY,100.0,60.56944444444444,,,
OfficeDepot,OfficeDepot::Furniture > Cubicle Systems > Portable Partitions,Furniture > Cubicle Systems > Portable Partitions,3,True,26.0,Furniture > Cubicle & Panel Systems > Office Partitions & Dividers,0.7171516,True,1.0,-0.30042157818929427,0.0,PARITY,42.648136138916016,61.36342592592592,,,
OfficeDepot,OfficeDepot::Furniture > Desks,Furniture > Desks,2,False,911.0,Furniture > Desks,1.0,True,1.0,0.46466546475260184,0.0,PARITY,98.51561628289292,87.08333333333333,,,
OfficeDepot,OfficeDepot::Furniture > Desks > Active Workstations,Furniture > Desks > Active Workstations,3,True,1.0,Furniture > Cubicle & Panel Systems > Cubicle & Panel Workstations,0.64475584,False,1.0,0.0,0.0,PARITY,40.2271614074707,29.99321679563986,,,
OfficeDepot,OfficeDepot::Furniture > Desks > Commercial Grade Desks,Furniture > Desks > Commercial Grade Desks,3,True,100.0,Furniture > Desks,0.72220904,True,1.0,-1.6934410581040664,0.0,PARITY,100.0,66.21896058320999,,,
OfficeDepot,OfficeDepot::Furniture > Desks > Computer Desks,Furniture > Desks > Computer Desks,3,True,417.0,Furniture > Desks,0.8055462,True,1.0,-0.27308014242056977,0.0,PARITY,100.0,87.08333333333333,,,
OfficeDepot,OfficeDepot::Furniture > Desks > Corner & L-Shaped Desks,Furniture > Desks > Corner & L-Shaped Desks,3,True,97.0,Furniture > Desks,0.69581753,True,1.0,-1.7235940962747538,0.0,PARITY,86.7069091796875,58.17322834645669,,,
OfficeDepot,OfficeDepot::Furniture > Desks > Desk Components,Furniture > Desks > Desk Components,3,True,71.0,Furniture > Desks > Desk Components & Hutches > Desk Components,0.9800919,True,1.0,0.5375511408116616,0.0,PARITY,100.0,58.17322834645669,,,
OfficeDepot,OfficeDepot::Furniture > Desks > Executive Desks,Furniture > Desks > Executive Desks,3,True,125.0,Furniture > Desks,0.74114174,True,1.0,-1.4722796679938481,0.0,PARITY,99.70148468017578,87.08333333333333,,,
OfficeDepot,OfficeDepot::Furniture > Desks > Hutches,Furniture > Desks > Hutches,3,True,35.0,Furniture > Desks > Desk Components & Hutches > Hutches,0.9793955,True,1.0,0.6409723966577712,0.0,PARITY,87.11000061035156,54.61565217391304,,,
OfficeDepot,OfficeDepot::Furniture > Desks > Portable Desks,Furniture > Desks > Portable Desks,3,True,26.0,Furniture > Desks,0.7832586,True,1.0,-3.012724708940997,0.0,PARITY,100.0,87.08333333333333,,,
OfficeDepot,OfficeDepot::Furniture > Desks > Standing Desk Converters,Furniture > Desks > Standing Desk Converters,3,True,59.0,Furniture > Standing Desk Mats,0.7500911,True,1.0,1.6935546156032442,0.0,DEEPEN,100.0,64.25196850393701,0.2448870624748549,1P-CORE GAP,0.2525532225138524
OfficeDepot,OfficeDepot::Furniture > Desks > Standing Desks,Furniture > Desks > Standing Desks,3,True,190.0,Furniture > Standing Desk Mats,0.8238958,True,1.0,-1.0743879117305717,0.0,PARITY,100.0,87.08333333333333,,,
OfficeDepot,OfficeDepot::Furniture > Desks > Student Desks,Furniture > Desks > Student Desks,3,True,77.0,Furniture > School Furniture > Student Desks & Study Carrels,0.8180452,True,1.0,-1.976604552300981,0.0,PARITY,100.0,87.08333333333333,,,
OfficeDepot,OfficeDepot::Furniture > Desks > Writing Desks,Furniture > Desks > Writing Desks,3,True,40.0,Furniture > Desks,0.7874508,True,1.0,-2.594989508241018,0.0,PARITY,100.0,87.08333333333333,,,
OfficeDepot,OfficeDepot::Furniture > File Cabinets,Furniture > File Cabinets,2,True,558.0,Furniture > File Cabinets,1.0,True,1.0,1.094115248451855,0.0,DEEPEN,100.0,81.21259842519684,0.10593626070463821,1P-CORE GAP,0.11255045202683
OfficeDepot,OfficeDepot::Furniture > Furniture Accessories,Furniture > Furniture Accessories,2,False,71.0,Furniture,0.87304574,True,1.0,-4.798511948567781,0.0,PARITY,68.93000909053919,68.38320209973753,,,
OfficeDepot,OfficeDepot::Furniture > Furniture Accessories > Cord & Wire Management,Furniture > Furniture Accessories > Cord & Wire Management,3,True,58.0,Computers & Accessories > Computer Accessories & Peripherals > Cables & Cable Accessories > Cable Management,0.6315606,False,1.0,0.0,0.0,PARITY,64.64449310302734,27.149017997409985,,,
OfficeDepot,OfficeDepot::Furniture > Furniture Accessories > Furniture Movers,Furniture > Furniture Accessories > Furniture Movers,3,True,3.0,Furniture,0.81151545,True,1.0,-7.688883706463946,0.0,PARITY,100.0,68.38320209973753,,,
OfficeDepot,OfficeDepot::Furniture > Furniture Accessories > Furniture Repair,Furniture > Furniture Accessories > Furniture Repair,3,True,5.0,Furniture,0.818912,True,1.0,-7.283418598355782,0.0,PARITY,100.0,68.38320209973753,,,
OfficeDepot,OfficeDepot::Furniture > Furniture Collections,Furniture > Furniture Collections,2,False,0.0,Furniture,0.81773734,True,1.0,-9.075178067583836,0.0,PARITY,55.222187995910645,68.38320209973753,,,
OfficeDepot,OfficeDepot::Furniture > Furniture Collections > All Collections,Furniture > Furniture Collections > All Collections,3,True,0.0,Expanded Assortment > Books & Magazines > Literary Collection Books,0.6277741,False,1.0,0.0,0.0,PARITY,10.444375991821289,8.487380561621292,,,
OfficeDepot,OfficeDepot::Furniture > Furniture Collections > Home Office & Small Office Furniture,Furniture > Furniture Collections > Home Office & Small Office Furniture,3,True,0.0,Furniture > Home & Office Tables,0.79812634,True,1.0,-9.075178067583836,0.0,PARITY,100.0,61.916513742424364,,,
OfficeDepot,OfficeDepot::Furniture > Lamps & Lighting,Furniture > Lamps & Lighting,2,False,153.0,Furniture > Lamps & Lighting,1.0,True,1.0,-0.5045594784777281,0.0,PARITY,97.13541155547098,55.59055118110236,,,
OfficeDepot,OfficeDepot::Furniture > Lamps & Lighting > Lamps,Furniture > Lamps & Lighting > Lamps,3,False,139.0,Furniture > Lamps & Lighting > Wall Lamps,0.8510852,True,1.0,-0.5998696582820537,0.0,PARITY,99.6884798008761,55.59055118110236,,,
OfficeDepot,OfficeDepot::Furniture > Lamps & Lighting > Lamps > Desk & Table Lamps,Furniture > Lamps & Lighting > Lamps > Desk & Table Lamps,4,True,96.0,Furniture > Lamps & Lighting > Table Lamps,0.9137986,True,1.0,-0.02262034397007895,0.0,PARITY,100.0,55.59055118110236,,,
OfficeDepot,OfficeDepot::Furniture > Lamps & Lighting > Lamps > Floor Lamps,Furniture > Lamps & Lighting > Lamps > Floor Lamps,4,True,29.0,Furniture > Lamps & Lighting > Floor Lamps,0.9950466,True,1.0,-0.05812933096682826,0.0,PARITY,100.0,55.59055118110236,,,
OfficeDepot,OfficeDepot::Furniture > Lamps & Lighting > Lamps > Lamp Sets,Furniture > Lamps & Lighting > Lamps > Lamp Sets,4,True,1.0,Furniture > Lamps & Lighting > Lamp Shades,0.73147964,True,1.0,-4.848364900331412,0.0,PARITY,100.0,53.91666666666666,,,
OfficeDepot,OfficeDepot::Furniture > Lamps & Lighting > Lamps > Light Therapy Lamps,Furniture > Lamps & Lighting > Lamps > Light Therapy Lamps,4,True,3.0,Furniture > Lamps & Lighting > Wall Lamps,0.70102507,True,1.0,-4.155217719771467,0.0,PARITY,100.0,55.59055118110236,,,
OfficeDepot,OfficeDepot::Furniture > Lamps & Lighting > Lamps > Ring Lights,Furniture > Lamps & Lighting > Lamps > Ring Lights,4,True,9.0,Furniture > Lamps & Lighting > Accent Lighting,0.60968417,False,1.0,0.0,0.0,PARITY,95.1887435913086,5.979953042165501,,,
OfficeDepot,OfficeDepot::Furniture > Lamps & Lighting > Lamps > Wall Lamps,Furniture > Lamps & Lighting > Lamps > Wall Lamps,4,True,1.0,Furniture > Lamps & Lighting > Wall Lamps,0.9950286,True,1.0,-0.3599088978350312,0.0,PARITY,100.0,55.59055118110236,,,
OfficeDepot,OfficeDepot::Furniture > Lamps & Lighting > Light Bulbs,Furniture > Lamps & Lighting > Light Bulbs,3,False,14.0,"Facilities > Commercial Lighting, Ballasts & Bulbs > Light Bulbs",0.95469546,True,1.0,-1.6150568642135874,0.0,PARITY,71.7870911189488,64.26388888888889,,,
OfficeDepot,OfficeDepot::Furniture > Lamps & Lighting > Light Bulbs > Compact Fluorescent Light Bulbs,Furniture > Lamps & Lighting > Light Bulbs > Compact Fluorescent Light Bulbs,4,True,3.0,"Facilities > Commercial Lighting, Ballasts & Bulbs > Light Bulbs",0.8007943,True,1.0,-2.9306070224148515,0.0,PARITY,71.42778778076172,64.26388888888889,,,
OfficeDepot,OfficeDepot::Furniture > Lamps & Lighting > Light Bulbs > Fluorescent Tubes,Furniture > Lamps & Lighting > Light Bulbs > Fluorescent Tubes,4,True,3.0,"Facilities > Commercial Lighting, Ballasts & Bulbs > Light Bulbs",0.5562419,False,1.0,0.0,0.0,PARITY,24.836833953857422,0.0,,,
OfficeDepot,OfficeDepot::Furniture > Lamps & Lighting > Light Bulbs > Halogen Light Bulbs,Furniture > Lamps & Lighting > Light Bulbs > Halogen Light Bulbs,4,True,1.0,"Facilities > Commercial Lighting, Ballasts & Bulbs > Light Bulbs",0.84827846,True,1.0,-3.623754202974797,0.0,PARITY,80.82929229736328,64.26388888888889,,,
OfficeDepot,OfficeDepot::Furniture > Lamps & Lighting > Light Bulbs > LED Light Bulbs,Furniture > Lamps & Lighting > Light Bulbs > LED Light Bulbs,4,True,5.0,"Facilities > Commercial Lighting, Ballasts & Bulbs > Light Bulbs",0.87647134,True,1.0,-2.5251419143066873,0.0,PARITY,87.0792236328125,64.26388888888889,,,
OfficeDepot,OfficeDepot::Furniture > Lamps & Lighting > Light Bulbs > Under Cabinet Lighting,Furniture > Lamps & Lighting > Light Bulbs > Under Cabinet Lighting,4,True,2.0,Furniture > Lamps & Lighting > Under Cabinet Lighting,0.98487806,True,1.0,0.7156658870896939,0.0,DEEPEN,100.0,45.45701489673825,0.23349971359900007,,
OfficeDepot,OfficeDepot::Furniture > Office Decor,Furniture > Office Decor,2,False,264.0,Furniture > Decor > Home & Office Decor,0.91524976,True,0.9727626459143969,-3.002213990928846,1.4933014762351737,PARITY,62.67090473842992,86.86924731289899,,,
OfficeDepot,OfficeDepot::Furniture > Office Decor > Area Rugs,Furniture > Office Decor > Area Rugs,3,True,10.0,Decor > Rugs,0.77851963,True,1.0,-2.841589752345911,0.0,PARITY,88.16838073730469,9.034120734908138,,,
OfficeDepot,OfficeDepot::Furniture > Office Decor > Artificial Plants,Furniture > Office Decor > Artificial Plants,3,True,15.0,Furniture > Decor > Artificial Plants & Flowers > Artificial Plants,0.95012915,True,1.0,-2.287116732339189,0.0,PARITY,100.0,14.509565217391303,,,
OfficeDepot,OfficeDepot::Furniture > Office Decor > Clocks,Furniture > Office Decor > Clocks,3,False,39.0,Furniture > Decor > Clocks & Timers,0.8095721,True,1.0,-0.307955795616206,0.0,PARITY,68.70178582933214,14.355579589827189,,,
OfficeDepot,OfficeDepot::Furniture > Office Decor > Clocks > Alarm Clocks,Furniture > Office Decor > Clocks > Alarm Clocks,4,True,6.0,Furniture > Decor > Clocks & Timers,0.6797532,False,1.0,0.0,0.0,PARITY,4.501742362976074,11.778384128378496,,,
OfficeDepot,OfficeDepot::Furniture > Office Decor > Clocks > Desk Clocks,Furniture > Office Decor > Clocks > Desk Clocks,4,True,8.0,Furniture > Decor > Clocks & Timers,0.70785385,True,1.0,-1.7996106723939227,0.0,PARITY,84.30608367919922,19.307840152049625,,,
OfficeDepot,OfficeDepot::Furniture > Office Decor > Clocks > Wall Clocks,Furniture > Office Decor > Clocks > Wall Clocks,4,True,31.0,Furniture > Decor > Clocks & Timers,0.71435225,True,1.0,-0.5310993469304157,0.0,PARITY,77.1006851196289,13.576388888888888,,,
OfficeDepot,OfficeDepot::Furniture > Office Decor > Decorative Decor,Furniture > Office Decor > Decorative Decor,3,True,3.0,Furniture > Decor,0.8411929,True,1.0,-7.194599278509637,0.0,PARITY,100.0,14.937007874015748,,,
OfficeDepot,OfficeDepot::Furniture > Office Decor > Fireplaces,Furniture > Office Decor > Fireplaces,3,True,2.0,Furniture > Decor > Home & Office Decor > Indoor Fireplaces,0.8540107,True,1.0,0.2232276124959519,0.0,PARITY,66.15324401855469,10.82608695652174,,,
OfficeDepot,OfficeDepot::Furniture > Office Decor > Frames,Furniture > Office Decor > Frames,3,False,87.0,Facilities > Paint Supplies > Paint Accessories > Roller Frames,0.7303296,True,1.0,-0.2943342263482771,0.0,PARITY,28.976134412428912,60.50434782608695,,,
OfficeDepot,OfficeDepot::Furniture > Office Decor > Frames > Document Frames,Furniture > Office Decor > Frames > Document Frames,4,True,87.0,Facilities > Paint Supplies > Paint Accessories > Roller Frames,0.6133615,False,1.0,0.0,0.0,PARITY,25.810041427612305,9.750085026803221,,,
OfficeDepot,OfficeDepot::Furniture > Office Decor > Frames > Picture Frames,Furniture > Office Decor > Frames > Picture Frames,4,True,15.0,Furniture > Decor > Picture Frames & Photo Albums,0.7848346,True,1.0,-1.91032522640115,0.0,PARITY,47.339473724365234,29.388888888888893,,,
OfficeDepot,OfficeDepot::Furniture > Office Decor > Globes,Furniture > Office Decor > Globes,3,True,7.0,Furniture > Lamps & Lighting,0.5025465,False,0.0,2.0794415416798357,1.4933014762351737,ENTER,12.096464157104492,0.0,0.6074572756829923,,
OfficeDepot,OfficeDepot::Furniture > Office Decor > Holiday & Seasonal Decor,Furniture > Office Decor > Holiday & Seasonal Decor,3,True,63.0,Furniture > Decor > Seasonal Decor,0.8852188,True,1.0,-0.7747280947685811,0.0,PARITY,100.0,14.937007874015748,,,
OfficeDepot,OfficeDepot::Furniture > Office Decor > Mirrors & Wall Art,Furniture > Office Decor > Mirrors & Wall Art,3,False,10.0,Furniture > Decor > Wall Art,0.8446604,True,1.0,-5.9535005953140505,0.0,PARITY,86.06109008789062,41.44675925925926,,,
OfficeDepot,OfficeDepot::Furniture > Office Decor > Mirrors & Wall Art > Framed Art,Furniture > Office Decor > Mirrors & Wall Art > Framed Art,4,True,1.0,Furniture > Decor > Wall Art > Framed Posters,0.8082214,True,1.0,-7.655380714773777,0.0,PARITY,100.0,14.994782608695653,,,
OfficeDepot,OfficeDepot::Furniture > Office Decor > Mirrors & Wall Art > Mirrors,Furniture > Office Decor > Mirrors & Wall Art > Mirrors,4,True,5.0,Furniture > Decor > Mirrors,0.9673127,True,1.0,-0.7832609227110705,0.0,PARITY,100.0,41.44675925925926,,,
OfficeDepot,OfficeDepot::Furniture > Office Decor > Mirrors & Wall Art > Motivational Posters,Furniture > Office Decor > Mirrors & Wall Art > Motivational Posters,4,True,4.0,Furniture > Decor > Wall Art > Motivational Art,0.8116389,True,1.0,1.3997446437637635,0.0,DEEPEN,65.15272521972656,9.532173913043477,0.48818136096823067,,
OfficeDepot,OfficeDepot::Furniture > Outdoor Furniture,Furniture > Outdoor Furniture,2,False,37.0,Furniture,0.8444806,True,1.0,-5.471437119727225,0.0,PARITY,100.0,68.38320209973753,,,
OfficeDepot,OfficeDepot::Furniture > Outdoor Furniture > Outdoor Decor,Furniture > Outdoor Furniture > Outdoor Decor,3,False,31.0,Gift Shop > Professional Gifts > Compasses > Outdoor Decor,0.9073123,True,1.0,1.5787885269132393,0.0,DEEPEN,100.0,35.99316576454375,0.4305277207881236,CURATE - DEEPEN,0.44745518377564325
OfficeDepot,OfficeDepot::Furniture > Outdoor Furniture > Outdoor Decor > Outdoor Accessories,Furniture > Outdoor Furniture > Outdoor Decor > Outdoor Accessories,4,True,31.0,Gift Shop > Professional Gifts > Compasses > Outdoor Decor,0.7248858,True,1.0,1.5787885269132393,0.0,DEEPEN,100.0,35.99316576454375,0.4305277207881236,,
OfficeDepot,OfficeDepot::Furniture > Outdoor Furniture > Outdoor Seating,Furniture > Outdoor Furniture > Outdoor Seating,3,False,5.0,Furniture > Chairs & Seating,0.72792083,True,1.0,-4.96978509119549,0.0,PARITY,100.0,63.93460256082041,,,
OfficeDepot,OfficeDepot::Furniture > Outdoor Furniture > Outdoor Seating > Outdoor Chairs & Benches,Furniture > Outdoor Furniture > Outdoor Seating > Outdoor Chairs & Benches,4,True,5.0,Healthcare Supplies > Durable Medical Equipment > Shower & Bath Aids > Shower Chairs / Benches,0.7289435,True,1.0,-1.7451877174950092,0.0,PARITY,100.0,63.93460256082041,,,
OfficeDepot,OfficeDepot::Furniture > Outdoor Furniture > Outdoor Tables,Furniture > Outdoor Furniture > Outdoor Tables,3,True,1.0,Furniture > Lamps & Lighting > Outdoor Lighting,0.6988019,True,1.0,-0.9553950507402996,0.0,PARITY,100.0,27.912855260015473,,,
OfficeDepot,OfficeDepot::Furniture > Storage Cabinets & Shelving Units,Furniture > Storage Cabinets & Shelving Units,2,False,171.0,Furniture > Storage Furniture > Storage Cabinets,0.84620345,True,1.0,-0.5743116643384081,0.0,PARITY,84.7071658372879,81.21259842519684,,,
OfficeDepot,OfficeDepot::Furniture > Storage Cabinets & Shelving Units > Closet Organizers,Furniture > Storage Cabinets & Shelving Units > Closet Organizers,3,True,2.0,Furniture > Storage Furniture > Clothing Racks & Closet Organization > Closet Storage & Organizers,0.8587395,True,1.0,-2.3233370474705177,0.0,PARITY,100.0,79.14351851851852,,,
OfficeDepot,OfficeDepot::Furniture > Storage Cabinets & Shelving Units > Safes,Furniture > Storage Cabinets & Shelving Units > Safes,3,True,28.0,Furniture > Safes & Secure Storage,0.758917,True,1.0,0.1565904747680551,0.0,PARITY,38.94755172729492,45.826771653543304,,,
OfficeDepot,OfficeDepot::Furniture > Storage Cabinets & Shelving Units > Shelving Units,Furniture > Storage Cabinets & Shelving Units > Shelving Units,3,False,44.0,Furniture > Storage Furniture > Shelving,0.82879764,True,1.0,-0.05742876609531278,0.0,PARITY,95.3302001953125,62.49768518518518,,,
OfficeDepot,OfficeDepot::Furniture > Storage Cabinets & Shelving Units > Shelving Units > Shelving Accessories,Furniture > Storage Cabinets & Shelving Units > Shelving Units > Shelving Accessories,4,True,1.0,Furniture > Storage Furniture > Shelving,0.8717872,True,1.0,-3.170944075305687,0.0,PARITY,95.3302001953125,62.49768518518518,,,
OfficeDepot,OfficeDepot::Furniture > Storage Cabinets & Shelving Units > Storage Cabinets & Lockers,Furniture > Storage Cabinets & Shelving Units > Storage Cabinets & Lockers,3,False,97.0,Furniture > Storage Furniture > Storage Cabinets,0.882824,True,1.0,-0.739848411267392,0.0,PARITY,97.49129462487919,79.95909284964809,,,
OfficeDepot,OfficeDepot::Furniture > Storage Cabinets & Shelving Units > Storage Cabinets & Lockers > Lockers,Furniture > Storage Cabinets & Shelving Units > Storage Cabinets & Lockers > Lockers,4,True,7.0,Furniture > Storage Furniture > Lockers,0.9832326,True,1.0,-2.1009388112348266,0.0,PARITY,65.23651123046875,63.84259259259258,,,
OfficeDepot,OfficeDepot::Furniture > Storage Cabinets & Shelving Units > Storage Cabinets & Lockers > Storage Cabinets,Furniture > Storage Cabinets & Shelving Units > Storage Cabinets & Lockers > Storage Cabinets,4,True,90.0,Furniture > Storage Furniture > Storage Cabinets,0.98501384,True,1.0,-0.43775729677599884,0.0,PARITY,100.0,81.21259842519684,,,
OfficeDepot,OfficeDepot::Furniture > Tables,Furniture > Tables,2,False,268.0,Furniture > Home & Office Tables > Folding Tables,0.7887557,True,1.0,-0.6967139176350061,0.0,PARITY,99.32081757651434,58.04724409448819,,,
OfficeDepot,OfficeDepot::Furniture > Tables > Breakroom & Hospitality Tables,Furniture > Tables > Breakroom & Hospitality Tables,3,False,157.0,Furniture > Home & Office Tables > Breakroom & Dining Tables,0.7578359,True,1.0,-0.06439526706762422,0.0,PARITY,98.34200899941581,57.166666666666664,,,
OfficeDepot,OfficeDepot::Furniture > Tables > Breakroom & Hospitality Tables > Cafe Height Tables,Furniture > Tables > Breakroom & Hospitality Tables > Cafe Height Tables,4,True,37.0,Furniture > Home & Office Tables > Breakroom & Dining Tables,0.63106924,False,1.0,0.0,0.0,PARITY,94.98121643066406,19.983176166812576,,,
OfficeDepot,OfficeDepot::Furniture > Tables > Breakroom & Hospitality Tables > Standard & Utility Tables,Furniture > Tables > Breakroom & Hospitality Tables > Standard & Utility Tables,4,True,75.0,Furniture > Home & Office Tables > Folding Tables,0.62546384,False,1.0,0.0,0.0,PARITY,100.0,14.826069427861105,,,
OfficeDepot,OfficeDepot::Furniture > Tables > Conference Tables,Furniture > Tables > Conference Tables,3,True,53.0,Furniture > Home & Office Tables > Conference Room Tables,0.8467921,True,1.0,0.3991446727810195,0.0,PARITY,100.0,52.541666666666664,,,
OfficeDepot,OfficeDepot::Furniture > Tables > Drafting Tables,Furniture > Tables > Drafting Tables,3,True,5.0,Furniture > Home & Office Tables > Specialty & Drafting Tables,0.8521484,True,1.0,-1.074107792559372,0.0,PARITY,100.0,49.08333333333333,,,
OfficeDepot,OfficeDepot::Furniture > Tables > Folding Tables,Furniture > Tables > Folding Tables,3,False,52.0,Furniture > Home & Office Tables > Folding Tables,0.9789033,True,1.0,0.5871714508617294,0.0,PARITY,99.80943180964543,84.17699085341559,,,
OfficeDepot,OfficeDepot::Furniture > Tables > Folding Tables > Plastic Folding Tables,Furniture > Tables > Folding Tables > Plastic Folding Tables,4,True,45.0,Furniture > Home & Office Tables > Folding Tables,0.8676667,True,1.0,0.4455209337987025,0.0,PARITY,100.0,65.99421589462845,,,
OfficeDepot,OfficeDepot::Furniture > Tables > Folding Tables > Wood & Laminate Folding Tables,Furniture > Tables > Folding Tables > Wood & Laminate Folding Tables,4,True,7.0,Furniture > Home & Office Tables > Folding Tables,0.81422645,True,1.0,-1.3036789210105568,0.0,PARITY,98.5843505859375,51.13888888888888,,,
OfficeDepot,OfficeDepot::Furniture > Tables > Reception & Lobby Tables,Furniture > Tables > Reception & Lobby Tables,3,True,36.0,Furniture > Home & Office Tables > Folding Tables,0.62910664,False,1.0,0.0,0.0,PARITY,100.0,16.808205469614926,,,
OfficeDepot,OfficeDepot::Furniture > Tables > Training Room Tables,Furniture > Tables > Training Room Tables,3,True,30.0,Furniture > Home & Office Tables > Training Room Tables,0.97873545,True,1.0,-0.5100389362683706,0.0,PARITY,100.0,54.02777777777777,,,
OfficeDepot,OfficeDepot::In Room Solutions,In Room Solutions,1,False,56.0,Healthcare Supplies > Patient Care > Medical Practice Furniture > Exam Room Tables,0.5394854,False,0.8979591836734694,-2.1028514164584466,1.0666439115965527,PARITY,66.61139713988013,37.488034450759955,,,
OfficeDepot,OfficeDepot::In Room Solutions > Appliances,In Room Solutions > Appliances,2,False,4.0,Appliances & Kitchenware > Small Appliances,0.5810683,False,0.25,-1.6291020822535096,0.6399863469579316,PARITY,36.8706636428833,6.326388888888888,,,
OfficeDepot,OfficeDepot::In Room Solutions > Appliances > Small Appliances,In Room Solutions > Appliances > Small Appliances,3,False,4.0,Appliances & Kitchenware > Small Appliances,0.92009735,True,0.25,-2.912208121921461,0.6399863469579316,PARITY,36.8706636428833,25.761326607756725,,,
OfficeDepot,OfficeDepot::In Room Solutions > Appliances > Small Appliances > Microwave,In Room Solutions > Appliances > Small Appliances > Microwave,4,True,1.0,Appliances & Kitchenware > Small Appliances > Microwaves,0.8827387,True,1.0,-2.5453928141276645,0.0,PARITY,55.78261184692383,25.305555555555554,,,
OfficeDepot,OfficeDepot::In Room Solutions > Appliances > Small Appliances > Mini fridge,In Room Solutions > Appliances > Small Appliances > Mini fridge,4,True,3.0,Appliances & Kitchenware > Small Appliances > Ice Cream & Yogurt Makers,0.52386004,False,0.0,1.3862943611198906,0.6399863469579316,ENTER,30.566680908203125,0.0,0.5537438383450474,,
OfficeDepot,OfficeDepot::In Room Solutions > Bathroom Accessories,In Room Solutions > Bathroom Accessories,2,True,1.0,Facilities > Plumbing > Bathroom Hardware,0.6911099,False,1.0,0.0,0.0,PARITY,100.0,55.606701164333906,,,
OfficeDepot,OfficeDepot::In Room Solutions > Food Service Solutions,In Room Solutions > Food Service Solutions,2,False,2.0,Healthcare Supplies > Environmental Services,0.5552917,False,1.0,0.0,0.0,PARITY,44.64510726928711,0.0,,,
OfficeDepot,"OfficeDepot::In Room Solutions > Food Service Solutions > Plastic Utensils, Wrapped Cups, etc.","In Room Solutions > Food Service Solutions > Plastic Utensils, Wrapped Cups, etc.",3,True,2.0,Appliances & Kitchenware > Kitchenware > Kitchen Tools > Cooking Utensils,0.57505864,False,1.0,0.0,0.0,PARITY,44.64510726928711,0.0,,,
OfficeDepot,OfficeDepot::In Room Solutions > Kitchen Accessories,In Room Solutions > Kitchen Accessories,2,True,10.0,Appliances & Kitchenware > Kitchenware > Kitchen Accessories,0.8518107,True,1.0,-2.931454300487749,0.0,PARITY,100.0,28.791666666666664,,,
OfficeDepot,OfficeDepot::In Room Solutions > Personal Care Amenities,In Room Solutions > Personal Care Amenities,2,False,34.0,Healthcare Supplies > Personal Care,0.735979,True,0.9285714285714286,-3.4858612914484435,0.42665756463862103,PARITY,56.88782153810774,48.9501312335958,,,
OfficeDepot,OfficeDepot::In Room Solutions > Personal Care Amenities > Amenities Kit,In Room Solutions > Personal Care Amenities > Amenities Kit,3,True,2.0,Healthcare Supplies > Patient Care > Practice Front Desk Supplies > Personal Care Kits,0.5289421,False,0.0,1.0986122886681098,0.42665756463862103,ENTER,13.463873863220215,0.0,0.4281653442173979,,
OfficeDepot,OfficeDepot::In Room Solutions > Personal Care Amenities > Bar Soap & Wipes,In Room Solutions > Personal Care Amenities > Bar Soap & Wipes,3,True,5.0,Cleaning Supplies > Hand Soaps & Sanitizers > Hand Soap,0.6443301,False,1.0,0.0,0.0,PARITY,76.78214263916016,40.33610660086075,,,
OfficeDepot,OfficeDepot::In Room Solutions > Personal Care Amenities > Body Wash,In Room Solutions > Personal Care Amenities > Body Wash,3,True,6.0,Healthcare Supplies > Personal Care > Skin Care > Bath Soap & Body Wash,0.8179505,True,1.0,0.09495557555120371,0.0,PARITY,94.28533935546875,40.97391304347826,,,
OfficeDepot,OfficeDepot::In Room Solutions > Personal Care Amenities > Conditioner,In Room Solutions > Personal Care Amenities > Conditioner,3,True,5.0,Facilities > Heating & Cooling > Air Conditioners,0.7612523,True,1.0,-2.291270112165312,0.0,PARITY,41.369144439697266,63.22685185185185,,,
OfficeDepot,OfficeDepot::In Room Solutions > Personal Care Amenities > Deodorants,In Room Solutions > Personal Care Amenities > Deodorants,3,True,1.0,Healthcare Supplies > Personal Care > Skin Care > Deodorant,0.8162535,True,1.0,-0.7013376056573829,0.0,PARITY,0.0,38.7304347826087,,,
OfficeDepot,OfficeDepot::In Room Solutions > Personal Care Amenities > Liquid Hand Soap,In Room Solutions > Personal Care Amenities > Liquid Hand Soap,3,True,1.0,Cleaning Supplies > Hand Soaps & Sanitizers > Hand Soap,0.7811996,True,1.0,-3.511900868307741,0.0,PARITY,96.64329528808594,82.20833333333333,,,
OfficeDepot,OfficeDepot::In Room Solutions > Personal Care Amenities > Shampoo,In Room Solutions > Personal Care Amenities > Shampoo,3,True,8.0,Retail Store Supplies > Spa & Salon > Hair > Shampoo & Conditioner,0.77454025,True,1.0,0.2419593994617566,0.0,PARITY,39.10243606567383,41.356521739130436,,,
OfficeDepot,OfficeDepot::In Room Solutions > Room Accessories,In Room Solutions > Room Accessories,2,False,4.0,Cleaning Supplies > Laundry Care > Laundry Room Organization > Laundry Accessories,0.61864316,False,1.0,-2.957543090876789,0.0,PARITY,83.58164691925049,63.15888803681602,,,
OfficeDepot,OfficeDepot::In Room Solutions > Room Accessories > Ice Buckets,In Room Solutions > Room Accessories > Ice Buckets,3,False,1.0,Facilities > Paint Supplies > Paint Accessories > Paint Buckets,0.6740479,False,1.0,0.0,0.0,PARITY,34.32658767700195,38.15108667083408,,,
OfficeDepot,OfficeDepot::In Room Solutions > Room Accessories > Ice Buckets > Ice Buckets & Liners,In Room Solutions > Room Accessories > Ice Buckets > Ice Buckets & Liners,4,True,1.0,Facilities > Paint Supplies > Paint Accessories > Paint Buckets,0.61842144,False,1.0,0.0,0.0,PARITY,34.32658767700195,10.165262440080227,,,
OfficeDepot,OfficeDepot::In Room Solutions > Room Accessories > Laundry Bags,In Room Solutions > Room Accessories > Laundry Bags,3,True,3.0,Cleaning Supplies > Laundry Care > Laundry Room Organization > Laundry Accessories,0.7772921,True,1.0,-3.1702430192989404,0.0,PARITY,100.0,80.82342990239462,,,
OfficeDepot,OfficeDepot::Office Supplies,Office Supplies,1,False,17067.0,Office Supplies,1.0,True,0.9871064467766117,-0.24999068579162653,45.86568819865176,PARITY,70.80324691068286,98.97435897435898,,,
OfficeDepot,OfficeDepot::Office Supplies > Bags & Luggage,Office Supplies > Bags & Luggage,2,False,677.0,"Bags, Backpacks & Luggage > Luggage & Travel Accessories > Luggage & Duffel Bags",0.7293977,True,0.9972260748959778,-0.16640325742371864,0.42665756463862103,PARITY,97.2556880945637,58.92675125226809,,,
OfficeDepot,OfficeDepot::Office Supplies > Bags & Luggage > Backpacks,Office Supplies > Bags & Luggage > Backpacks,3,True,327.0,"Bags, Backpacks & Luggage > Backpacks & Laptop Bags > Backpacks",0.97768295,True,1.0,0.869532752345143,0.0,DEEPEN,100.0,56.63888888888889,0.2109502230332522,REVIEW,0.2180100308641975
OfficeDepot,OfficeDepot::Office Supplies > Bags & Luggage > Briefcases & Padfolios,Office Supplies > Bags & Luggage > Briefcases & Padfolios,3,False,84.0,"Bags, Backpacks & Luggage > Briefcases & Padfolios",0.9771706,True,0.9761904761904762,-0.46543905917648765,0.42665756463862103,PARITY,76.53595765431722,56.50811660695191,,,
OfficeDepot,OfficeDepot::Office Supplies > Bags & Luggage > Briefcases & Padfolios > Briefcases,Office Supplies > Bags & Luggage > Briefcases & Padfolios > Briefcases,4,True,48.0,"Bags, Backpacks & Luggage > Briefcases & Padfolios > Briefcases",0.982695,True,1.0,0.0035483162810643343,0.0,PARITY,80.05966186523438,53.79166666666667,,,
OfficeDepot,OfficeDepot::Office Supplies > Bags & Luggage > Briefcases & Padfolios > Catalog Cases,Office Supplies > Bags & Luggage > Briefcases & Padfolios > Catalog Cases,4,True,2.0,Furniture > Storage Furniture > Display Cases,0.5521826,False,0.0,1.0986122886681098,0.42665756463862103,ENTER,30.11075782775879,0.0,0.4781059961110136,,
OfficeDepot,OfficeDepot::Office Supplies > Bags & Luggage > Briefcases & Padfolios > Credit & Business Card Holders,Office Supplies > Bags & Luggage > Briefcases & Padfolios > Credit & Business Card Holders,4,True,13.0,Office Supplies > Desk Organizers & Accessories > Business Card Holders & Files,0.79698116,True,1.0,-0.35152553507003104,0.0,PARITY,83.57952117919922,82.61574074074073,,,
OfficeDepot,OfficeDepot::Office Supplies > Bags & Luggage > Briefcases & Padfolios > Padfolios,Office Supplies > Bags & Luggage > Briefcases & Padfolios > Padfolios,4,True,21.0,"Bags, Backpacks & Luggage > Briefcases & Padfolios > Padfolios",0.91853535,True,1.0,-0.2516803346334848,0.0,PARITY,68.54292297363281,51.93700787401575,,,
OfficeDepot,OfficeDepot::Office Supplies > Bags & Luggage > Laptop Bags & Cases,Office Supplies > Bags & Luggage > Laptop Bags & Cases,3,False,133.0,"Bags, Backpacks & Luggage > Backpacks & Laptop Bags > Laptop Bags",0.87231016,True,1.0,0.3838315430329482,0.0,PARITY,100.0,69.53540697240311,,,
OfficeDepot,OfficeDepot::Office Supplies > Bags & Luggage > Laptop Bags & Cases > Laptop Bags,Office Supplies > Bags & Luggage > Laptop Bags & Cases > Laptop Bags,4,True,92.0,"Bags, Backpacks & Luggage > Backpacks & Laptop Bags > Laptop Bags",0.9637201,True,1.0,1.4740297634922306,0.0,DEEPEN,100.0,74.52588373201866,0.16669741046894357,,
OfficeDepot,OfficeDepot::Office Supplies > Bags & Luggage > Laptop Bags & Cases > Laptop Sleeves,Office Supplies > Bags & Luggage > Laptop Bags & Cases > Laptop Sleeves,4,True,41.0,"Bags, Backpacks & Luggage > Backpacks & Laptop Bags > Laptop Sleeves & Cases",0.8995363,True,1.0,-0.524868179399745,0.0,PARITY,100.0,58.337263999607266,,,
OfficeDepot,OfficeDepot::Office Supplies > Bags & Luggage > Luggage & Travel Accessories,Office Supplies > Bags & Luggage > Luggage & Travel Accessories,3,False,83.0,"Bags, Backpacks & Luggage > Luggage & Travel Accessories",0.97752285,True,1.0,-1.3495772701558097,0.0,PARITY,99.91753412062123,57.72222222222222,,,
OfficeDepot,OfficeDepot::Office Supplies > Bags & Luggage > Luggage & Travel Accessories > Luggage & Duffel Bags,Office Supplies > Bags & Luggage > Luggage & Travel Accessories > Luggage & Duffel Bags,4,True,26.0,"Bags, Backpacks & Luggage > Luggage & Travel Accessories > Luggage & Duffel Bags",0.9836538,True,1.0,-2.1617594794981176,0.0,PARITY,100.0,59.20695652173913,,,
OfficeDepot,"OfficeDepot::Office Supplies > Bags & Luggage > Luggage & Travel Accessories > Luggage Tags, Locks & Scales","Office Supplies > Bags & Luggage > Luggage & Travel Accessories > Luggage Tags, Locks & Scales",4,True,10.0,"Bags, Backpacks & Luggage > Luggage & Travel Accessories > Travel Accessories > Luggage Tags, Locks & Covers",0.8694701,True,1.0,-0.615867271724925,0.0,PARITY,100.0,54.907826086956526,,,
OfficeDepot,OfficeDepot::Office Supplies > Bags & Luggage > Luggage & Travel Accessories > Travel Accessories,Office Supplies > Bags & Luggage > Luggage & Travel Accessories > Travel Accessories,4,True,56.0,"Bags, Backpacks & Luggage > Luggage & Travel Accessories > Travel Accessories",0.98121524,True,1.0,-0.4606816856224709,0.0,PARITY,100.0,56.97637795275591,,,
OfficeDepot,OfficeDepot::Office Supplies > Bags & Luggage > Luggage & Travel Accessories > Travel Toiletries,Office Supplies > Bags & Luggage > Luggage & Travel Accessories > Travel Toiletries,4,True,1.0,"Bags, Backpacks & Luggage > Luggage & Travel Accessories > Travel Accessories",0.7212709,True,1.0,-3.810585772897076,0.0,PARITY,92.33067321777344,56.4104347826087,,,
OfficeDepot,OfficeDepot::Office Supplies > Bags & Luggage > Lunch Bags,Office Supplies > Bags & Luggage > Lunch Bags,3,True,69.0,"Bags, Backpacks & Luggage > Totes & Handbags > Lunch Bags & Boxes",0.8918219,True,1.0,-0.3080421383694718,0.0,PARITY,100.0,55.86111111111111,,,
OfficeDepot,OfficeDepot::Office Supplies > Bags & Luggage > Messenger Bags,Office Supplies > Bags & Luggage > Messenger Bags,3,True,5.0,"Bags, Backpacks & Luggage > Backpacks & Laptop Bags > Messenger Bags",0.9724513,True,1.0,-1.320135565610661,0.0,PARITY,100.0,50.0,,,
OfficeDepot,OfficeDepot::Office Supplies > Bags & Luggage > Totes & Handbags,Office Supplies > Bags & Luggage > Totes & Handbags,3,True,10.0,"Bags, Backpacks & Luggage > Totes & Handbags",0.9779936,True,1.0,-2.5119168468986848,0.0,PARITY,100.0,53.041666666666664,,,
OfficeDepot,OfficeDepot::Office Supplies > Basic Supplies,Office Supplies > Basic Supplies,2,False,1008.0,Office Supplies,0.8888527,True,0.9952198852772467,-2.054686702188482,1.0666439115965527,PARITY,66.19369042033675,98.97435897435898,,,
OfficeDepot,OfficeDepot::Office Supplies > Basic Supplies > Book Covers,Office Supplies > Basic Supplies > Book Covers,3,True,6.0,Office Supplies > Folders & Filing > Pocket & Presentation Folders > Report Covers,0.645722,False,1.0,0.0,0.0,PARITY,88.48079681396484,47.382036820701934,,,
OfficeDepot,OfficeDepot::Office Supplies > Basic Supplies > Catalogs,Office Supplies > Basic Supplies > Catalogs,3,False,1.0,Office Supplies > Custom Marketing Materials,0.5345675,False,1.0,0.0,0.0,PARITY,24.887102127075195,0.0,,,
OfficeDepot,OfficeDepot::Office Supplies > Basic Supplies > Catalogs > Office Depot Catalogs,Office Supplies > Basic Supplies > Catalogs > Office Depot Catalogs,4,True,1.0,Office Supplies,0.5790922,False,1.0,0.0,0.0,PARITY,24.887102127075195,0.0,,,
OfficeDepot,OfficeDepot::Office Supplies > Basic Supplies > Envelope Sealers,Office Supplies > Basic Supplies > Envelope Sealers,3,True,22.0,"Shipping, Packing & Mailing Supplies > Shipping Supplies > Poly Bags & Tubing > Impulse Sealers",0.6130423,False,1.0,0.0,0.0,PARITY,45.227928161621094,12.504829080208488,,,
OfficeDepot,OfficeDepot::Office Supplies > Basic Supplies > Letter Openers,Office Supplies > Basic Supplies > Letter Openers,3,True,9.0,"Shipping, Packing & Mailing Supplies > Mailing Supplies > Letter Openers",0.9295027,True,1.0,0.9676902099815659,0.0,DEEPEN,82.84290313720703,68.81944444444444,0.14474704228526483,,
OfficeDepot,"OfficeDepot::Office Supplies > Basic Supplies > Magnets, Tacks & Push Pins","Office Supplies > Basic Supplies > Magnets, Tacks & Push Pins",3,False,80.0,"Office Supplies > Clips, Fasteners & Rubber Bands > Thumb Tacks & Push Pins",0.77767634,True,1.0,0.9956157625677999,0.0,DEEPEN,40.25402208653892,82.61574074074073,0.060774359136342944,1P-CORE GAP,0.06397134274302343
OfficeDepot,"OfficeDepot::Office Supplies > Basic Supplies > Magnets, Tacks & Push Pins > Magnets","Office Supplies > Basic Supplies > Magnets, Tacks & Push Pins > Magnets",4,True,52.0,"Office Supplies > Clips, Fasteners & Rubber Bands > Magnets",0.96872914,True,1.0,0.9797090488668325,0.0,DEEPEN,22.159395217895508,82.61574074074073,0.05006858456229871,,
OfficeDepot,"OfficeDepot::Office Supplies > Basic Supplies > Magnets, Tacks & Push Pins > Tacks & Push Pins","Office Supplies > Basic Supplies > Magnets, Tacks & Push Pins > Tacks & Push Pins",4,True,30.0,"Office Supplies > Clips, Fasteners & Rubber Bands > Thumb Tacks & Push Pins",0.8716148,True,1.0,1.03319725786629,0.0,DEEPEN,71.6180419921875,78.17129629629629,0.09844429134400869,,
OfficeDepot,"OfficeDepot::Office Supplies > Basic Supplies > Paper Clips, Binder Clips & Fasteners","Office Supplies > Basic Supplies > Paper Clips, Binder Clips & Fasteners",3,False,110.0,"Office Supplies > Clips, Fasteners & Rubber Bands > Binder & Paper Clips",0.83877707,True,1.0,-0.4077213836541569,0.0,PARITY,90.52121645609537,88.54166666666666,,,
OfficeDepot,"OfficeDepot::Office Supplies > Basic Supplies > Paper Clips, Binder Clips & Fasteners > Binder Clips","Office Supplies > Basic Supplies > Paper Clips, Binder Clips & Fasteners > Binder Clips",4,True,44.0,"Office Supplies > Clips, Fasteners & Rubber Bands > Binder & Paper Clips",0.8620732,True,1.0,0.034808922526123,0.0,PARITY,77.83198547363281,88.54166666666666,,,
OfficeDepot,"OfficeDepot::Office Supplies > Basic Supplies > Paper Clips, Binder Clips & Fasteners > Fasteners & Posts","Office Supplies > Basic Supplies > Paper Clips, Binder Clips & Fasteners > Fasteners & Posts",4,True,25.0,"Office Supplies > Clips, Fasteners & Rubber Bands > Paper Fasteners",0.7410252,True,1.0,-0.9258452455727615,0.0,PARITY,100.0,80.37037037037037,,,
OfficeDepot,"OfficeDepot::Office Supplies > Basic Supplies > Paper Clips, Binder Clips & Fasteners > Paper & Binder Clip Dispensers","Office Supplies > Basic Supplies > Paper Clips, Binder Clips & Fasteners > Paper & Binder Clip Dispensers",4,True,6.0,"Office Supplies > Clips, Fasteners & Rubber Bands > Binder & Paper Clips",0.8016271,True,1.0,-1.8259434181888834,0.0,PARITY,100.0,88.54166666666667,,,
OfficeDepot,"OfficeDepot::Office Supplies > Basic Supplies > Paper Clips, Binder Clips & Fasteners > Paper Clips","Office Supplies > Basic Supplies > Paper Clips, Binder Clips & Fasteners > Paper Clips",4,True,45.0,"Office Supplies > Clips, Fasteners & Rubber Bands > Binder & Paper Clips",0.87851924,True,1.0,0.05678782924489845,0.0,PARITY,96.39863586425781,88.54166666666666,,,
OfficeDepot,"OfficeDepot::Office Supplies > Basic Supplies > Paper Punches, Cutters & Folding Machines","Office Supplies > Basic Supplies > Paper Punches, Cutters & Folding Machines",3,False,106.0,"Office Supplies > Scissors, Hole Punches & Paper Cutters",0.7334515,True,1.0,0.3843396787455804,0.0,PARITY,72.19476376747599,82.88713910761155,,,
OfficeDepot,"OfficeDepot::Office Supplies > Basic Supplies > Paper Punches, Cutters & Folding Machines > Electric/Battery Operated Paper Punches","Office Supplies > Basic Supplies > Paper Punches, Cutters & Folding Machines > Electric/Battery Operated Paper Punches",4,True,5.0,"Office Supplies > Scissors, Hole Punches & Paper Cutters",0.62683576,False,1.0,0.0,0.0,PARITY,59.28881072998047,25.24038739091768,,,
OfficeDepot,"OfficeDepot::Office Supplies > Basic Supplies > Paper Punches, Cutters & Folding Machines > Heavy-Duty Paper Punches","Office Supplies > Basic Supplies > Paper Punches, Cutters & Folding Machines > Heavy-Duty Paper Punches",4,True,15.0,"Office Supplies > Scissors, Hole Punches & Paper Cutters",0.6515446,False,1.0,0.0,0.0,PARITY,59.263057708740234,47.031845655341165,,,
OfficeDepot,"OfficeDepot::Office Supplies > Basic Supplies > Paper Punches, Cutters & Folding Machines > Paper Punches","Office Supplies > Basic Supplies > Paper Punches, Cutters & Folding Machines > Paper Punches",4,True,40.0,"Office Supplies > Scissors, Hole Punches & Paper Cutters > Hole Punches",0.7299381,True,1.0,-0.49841355706741375,0.0,PARITY,100.0,82.88713910761155,,,
OfficeDepot,"OfficeDepot::Office Supplies > Basic Supplies > Paper Punches, Cutters & Folding Machines > Paper Trimmers","Office Supplies > Basic Supplies > Paper Punches, Cutters & Folding Machines > Paper Trimmers",4,True,38.0,"Office Supplies > Scissors, Hole Punches & Paper Cutters > Paper Cutters",0.66079813,False,1.0,0.0,0.0,PARITY,49.72886657714844,54.719263480769264,,,
OfficeDepot,OfficeDepot::Office Supplies > Basic Supplies > Rubber Bands,Office Supplies > Basic Supplies > Rubber Bands,3,True,62.0,"Office Supplies > Clips, Fasteners & Rubber Bands > Rubber Bands",0.94479537,True,1.0,0.7135973135266735,0.0,DEEPEN,100.0,86.45669291338582,0.05758376918213692,1P-CORE GAP,0.058562263050452035
OfficeDepot,"OfficeDepot::Office Supplies > Basic Supplies > Rulers, Yardsticks & Tape Measures","Office Supplies > Basic Supplies > Rulers, Yardsticks & Tape Measures",3,False,56.0,Facilities > Hand & Power Tools > Measuring & Layout Tools > Tape Measures,0.72152877,True,0.9107142857142857,1.5417476122932299,1.0666439115965527,DEEPEN,14.369121551513672,60.18782608695652,0.2133168504549705,1P-CORE GAP,0.2235954733495249
OfficeDepot,"OfficeDepot::Office Supplies > Basic Supplies > Rulers, Yardsticks & Tape Measures > Rulers","Office Supplies > Basic Supplies > Rulers, Yardsticks & Tape Measures > Rulers",4,True,42.0,"Tools, Parts & Supplies > Measuring & Leveling Tools > Ruler",0.8114742,True,1.0,2.7930390266361735,0.0,DEEPEN,0.0,38.9866670841972,0.2874752291762825,,
OfficeDepot,"OfficeDepot::Office Supplies > Basic Supplies > Rulers, Yardsticks & Tape Measures > Tape Measures","Office Supplies > Basic Supplies > Rulers, Yardsticks & Tape Measures > Tape Measures",4,True,9.0,Facilities > Hand & Power Tools > Measuring & Layout Tools > Tape Measures,0.9318143,True,1.0,-0.054988828996770156,0.0,PARITY,89.40786743164062,60.18782608695652,,,
OfficeDepot,"OfficeDepot::Office Supplies > Basic Supplies > Rulers, Yardsticks & Tape Measures > Yardsticks","Office Supplies > Basic Supplies > Rulers, Yardsticks & Tape Measures > Yardsticks",4,True,5.0,"Tools, Parts & Supplies > Measuring & Leveling Tools > Compasses, Protractors and Markers",0.37299162,False,0.0,1.791759469228055,1.0666439115965527,ENTER,0.0,0.0,0.5299270072992701,,
OfficeDepot,OfficeDepot::Office Supplies > Basic Supplies > Scissors,Office Supplies > Basic Supplies > Scissors,3,True,76.0,"Office Supplies > Scissors, Hole Punches & Paper Cutters > Scissors",0.9487498,True,1.0,0.8699103589424766,0.0,DEEPEN,100.0,86.11111111111111,0.06777169505271692,1P-CORE GAP,0.0703446502057613
OfficeDepot,OfficeDepot::Office Supplies > Basic Supplies > Stamps & Stamp Pads,Office Supplies > Basic Supplies > Stamps & Stamp Pads,3,False,343.0,Office Supplies > Stamps & Stamp Pads,0.9901154,True,1.0,1.9765504015077657,0.0,DEEPEN,55.81428106207596,80.36745406824147,0.11505770982690937,1P-CORE GAP,0.11922013863117584
OfficeDepot,OfficeDepot::Office Supplies > Basic Supplies > Stamps & Stamp Pads > Stamp Pads & Refills,Office Supplies > Basic Supplies > Stamps & Stamp Pads > Stamp Pads & Refills,4,True,84.0,Office Supplies > Stamps & Stamp Pads,0.80462676,True,1.0,0.5785600006246843,0.0,PARITY,59.30445861816406,80.36745406824147,,,
OfficeDepot,OfficeDepot::Office Supplies > Basic Supplies > Stamps & Stamp Pads > Stamps & Print Kits,Office Supplies > Basic Supplies > Stamps & Stamp Pads > Stamps & Print Kits,4,True,258.0,Office Supplies > Stamps & Stamp Pads,0.73232013,True,1.0,1.692736805833905,0.0,DEEPEN,54.67794418334961,80.36745406824147,0.10750987800907867,,
OfficeDepot,OfficeDepot::Office Supplies > Basic Supplies > Staplers & Staples,Office Supplies > Basic Supplies > Staplers & Staples,3,False,139.0,Office Supplies > Staplers & Staples,0.9897909,True,1.0,0.8012985199210165,0.0,DEEPEN,69.82912897509198,88.75,0.04175619964223225,1P-CORE GAP,0.04262983102909356
OfficeDepot,OfficeDepot::Office Supplies > Basic Supplies > Staplers & Staples > Electric Staplers,Office Supplies > Basic Supplies > Staplers & Staples > Electric Staplers,4,True,14.0,Office Supplies > Staplers & Staples > Staplers,0.8052753,True,1.0,-1.0850484050579223,0.0,PARITY,80.85575103759766,88.75,,,
OfficeDepot,OfficeDepot::Office Supplies > Basic Supplies > Staplers & Staples > Heavy-Duty Staplers,Office Supplies > Basic Supplies > Staplers & Staples > Heavy-Duty Staplers,4,True,25.0,Office Supplies > Staplers & Staples > Staplers,0.7294822,True,1.0,-0.8822473646668052,0.0,PARITY,66.66749572753906,88.75,,,
OfficeDepot,OfficeDepot::Office Supplies > Basic Supplies > Staplers & Staples > Reduced Effort & Basic Staplers,Office Supplies > Basic Supplies > Staplers & Staples > Reduced Effort & Basic Staplers,4,True,86.0,Office Supplies > Staplers & Staples,0.6677383,False,1.0,0.0,0.0,PARITY,58.507041931152344,60.92529791546619,,,
OfficeDepot,OfficeDepot::Office Supplies > Basic Supplies > Staplers & Staples > Specialty Staplers,Office Supplies > Basic Supplies > Staplers & Staples > Specialty Staplers,4,True,8.0,Office Supplies > Staplers & Staples > Staplers,0.8240566,True,1.0,-1.5958740288239128,0.0,PARITY,95.63632202148438,88.75,,,
OfficeDepot,OfficeDepot::Office Supplies > Basic Supplies > Staplers & Staples > Staple Removers,Office Supplies > Basic Supplies > Staplers & Staples > Staple Removers,4,True,8.0,Office Supplies > Staplers & Staples > Staple Removers,1.0,True,1.0,0.9256968271996509,0.0,DEEPEN,95.48210144042969,81.59722222222221,0.09066141057575228,,
OfficeDepot,OfficeDepot::Office Supplies > Basic Supplies > Staplers & Staples > Staples,Office Supplies > Basic Supplies > Staplers & Staples > Staples,4,True,31.0,Office Supplies > Staplers & Staples > Staples,1.0,True,1.0,0.6405321797805485,0.0,PARITY,85.5286865234375,82.36220472440945,,,
OfficeDepot,OfficeDepot::Office Supplies > Binders & Accessories,Office Supplies > Binders & Accessories,2,False,1243.0,Office Supplies > Binder Accessories,0.95431006,True,0.9767272727272728,0.9302622946433425,6.8265210342179365,DEEPEN,38.75460383293846,91.28608923884515,0.04322172385809934,1P-CORE GAP,0.04313102757145309
OfficeDepot,OfficeDepot::Office Supplies > Binders & Accessories > Binder Accessories,Office Supplies > Binders & Accessories > Binder Accessories,3,False,72.0,Office Supplies > Binder Accessories,0.9547193,True,1.0,-0.7018687515187869,0.0,PARITY,88.91870814732142,91.28608923884515,,,
OfficeDepot,OfficeDepot::Office Supplies > Binders & Accessories > Binder Accessories > Pencil Pouches,Office Supplies > Binders & Accessories > Binder Accessories > Pencil Pouches,4,True,33.0,Office Supplies > Writing Supplies & Instruments > Pencil Accessories > Pencil Cases & Pouches,0.8394302,True,1.0,0.2696854194556355,0.0,PARITY,100.0,92.83478260869565,,,
OfficeDepot,OfficeDepot::Office Supplies > Binders & Accessories > Binder Accessories > Ring Binder Accessories,Office Supplies > Binders & Accessories > Binder Accessories > Ring Binder Accessories,4,True,72.0,Office Supplies > Binder Accessories,0.863741,True,1.0,-0.5161471871171219,0.0,PARITY,83.83978271484375,87.4015748031496,,,
OfficeDepot,OfficeDepot::Office Supplies > Binders & Accessories > Binders,Office Supplies > Binders & Accessories > Binders,3,True,401.0,Office Supplies > Binders,0.9535378,True,1.0,0.6727728384211353,0.0,PARITY,52.40242004394531,91.28608923884515,,,
OfficeDepot,OfficeDepot::Office Supplies > Binders & Accessories > Binding,Office Supplies > Binders & Accessories > Binding,3,True,47.0,"Shredders, Projectors & Office Machines > Binding Equipment > Binding Covers & Accessories",0.77993095,True,1.0,0.3548326111734661,0.0,PARITY,82.14176177978516,64.14814814814815,,,
OfficeDepot,OfficeDepot::Office Supplies > Binders & Accessories > Clipboards,Office Supplies > Binders & Accessories > Clipboards,3,True,106.0,Office Supplies > Office Basics > Clipboards,0.9278561,True,1.0,1.2739954423572666,0.0,DEEPEN,29.808961868286133,85.37037037037037,0.05937438744121904,,
OfficeDepot,OfficeDepot::Office Supplies > Binders & Accessories > Dividers & Tabs,Office Supplies > Binders & Accessories > Dividers & Tabs,3,False,246.0,Furniture > Cubicle & Panel Systems > Office Partitions & Dividers,0.6045048,False,0.8699186991869918,0.138750308500315,6.8265210342179365,PARITY,0.0,47.10114729128053,,,
OfficeDepot,OfficeDepot::Office Supplies > Binders & Accessories > Dividers & Tabs > Dividers,Office Supplies > Binders & Accessories > Dividers & Tabs > Dividers,4,True,214.0,Furniture > Cubicle & Panel Systems > Office Partitions & Dividers,0.6811433,False,1.0,0.0,0.0,PARITY,0.0,54.144309503060796,,,
OfficeDepot,OfficeDepot::Office Supplies > Binders & Accessories > Dividers & Tabs > Tabs,Office Supplies > Binders & Accessories > Dividers & Tabs > Tabs,4,True,32.0,Office Supplies > Office Basics > Post-it® / Sticky Flags & Tabs,0.5338985,False,0.0,3.4965075614664802,6.8265210342179365,ENTER,0.0,0.0,0.6541970802919708,,
OfficeDepot,OfficeDepot::Office Supplies > Binders & Accessories > Report Covers & Portfolios,Office Supplies > Binders & Accessories > Report Covers & Portfolios,3,False,274.0,Office Supplies > Folders & Filing > Pocket & Presentation Folders > Report Covers,0.80376375,True,1.0,2.1214138852488937,0.0,DEEPEN,21.484864031136368,93.73913043478261,0.03106683653703195,,
OfficeDepot,OfficeDepot::Office Supplies > Binders & Accessories > Report Covers & Portfolios > Professional Portfolios,Office Supplies > Binders & Accessories > Report Covers & Portfolios > Professional Portfolios,4,True,12.0,Healthcare Supplies > Professional Dental Supplies,0.59424853,False,1.0,0.0,0.0,PARITY,1.8030110597610474,0.0,,,
OfficeDepot,OfficeDepot::Office Supplies > Binders & Accessories > Report Covers & Portfolios > Report Covers,Office Supplies > Binders & Accessories > Report Covers & Portfolios > Report Covers,4,True,64.0,Office Supplies > Folders & Filing > Pocket & Presentation Folders > Report Covers,0.958308,True,1.0,0.6790300574779589,0.0,PARITY,21.36577606201172,93.73913043478261,,,
OfficeDepot,OfficeDepot::Office Supplies > Binders & Accessories > Report Covers & Portfolios > Report Covers With Fasteners,Office Supplies > Binders & Accessories > Report Covers & Portfolios > Report Covers With Fasteners,4,True,27.0,Office Supplies > Folders & Filing > Pocket & Presentation Folders > Report Covers,0.83856344,True,1.0,-0.16315270224247413,0.0,PARITY,55.71479797363281,93.73913043478261,,,
OfficeDepot,OfficeDepot::Office Supplies > Binders & Accessories > Report Covers & Portfolios > Twin Pocket Portfolios,Office Supplies > Binders & Accessories > Report Covers & Portfolios > Twin Pocket Portfolios,4,True,199.0,Office Supplies > Folders & Filing > Pocket & Presentation Folders > Pocket Folders,0.5780839,False,1.0,0.0,0.0,PARITY,13.777053833007812,0.0,,,
OfficeDepot,OfficeDepot::Office Supplies > Binders & Accessories > Report Covers & Portfolios > Twin Pocket With Fastener Portfolios,Office Supplies > Binders & Accessories > Report Covers & Portfolios > Twin Pocket With Fastener Portfolios,4,True,56.0,"Office Supplies > Clips, Fasteners & Rubber Bands > Paper Fasteners",0.56701195,False,1.0,0.0,0.0,PARITY,36.725040435791016,0.0,,,
OfficeDepot,OfficeDepot::Office Supplies > Binders & Accessories > Sheet Protectors,Office Supplies > Binders & Accessories > Sheet Protectors,3,True,74.0,Office Supplies > Sheet Protectors,0.94754374,True,1.0,0.4731714529467821,0.0,PARITY,92.4074935913086,80.26246719160105,,,
OfficeDepot,OfficeDepot::Office Supplies > Binders & Accessories > Specialty Binders,Office Supplies > Binders & Accessories > Specialty Binders,3,False,38.0,Office Supplies > Binders,0.7875204,True,1.0,-1.6601176040682395,0.0,PARITY,36.51570701599121,91.28608923884515,,,
OfficeDepot,OfficeDepot::Office Supplies > Binders & Accessories > Specialty Binders > Data Binders,Office Supplies > Binders & Accessories > Specialty Binders > Data Binders,4,True,5.0,Office Supplies > Binders,0.7958657,True,1.0,-3.531919780969831,0.0,PARITY,43.800270080566406,91.28608923884515,,,
OfficeDepot,OfficeDepot::Office Supplies > Binders & Accessories > Specialty Binders > Easel Binders,Office Supplies > Binders & Accessories > Specialty Binders > Easel Binders,4,True,2.0,Office Supplies > Binders,0.7864185,True,1.0,-4.225066961529776,0.0,PARITY,74.38255310058594,91.28608923884515,,,
OfficeDepot,OfficeDepot::Office Supplies > Binders & Accessories > Specialty Binders > Hanging Binders,Office Supplies > Binders & Accessories > Specialty Binders > Hanging Binders,4,True,2.0,Office Supplies > Binders,0.78910404,True,1.0,-4.225066961529776,0.0,PARITY,57.32105255126953,91.28608923884515,,,
OfficeDepot,OfficeDepot::Office Supplies > Binders & Accessories > Specialty Binders > Ledger & Post Binders,Office Supplies > Binders & Accessories > Specialty Binders > Ledger & Post Binders,4,True,21.0,Office Supplies > Binders,0.7365758,True,1.0,-2.2326367968395697,0.0,PARITY,33.54781723022461,91.28608923884515,,,
OfficeDepot,OfficeDepot::Office Supplies > Binders & Accessories > Specialty Binders > Zippered Binders,Office Supplies > Binders & Accessories > Specialty Binders > Zippered Binders,4,True,8.0,Office Supplies > Binders,0.73823434,True,1.0,-3.1264546728616662,0.0,PARITY,25.08551788330078,91.28608923884515,,,
OfficeDepot,OfficeDepot::Office Supplies > Business Forms & Bookkeeping,Office Supplies > Business Forms & Bookkeeping,2,False,637.0,Office Supplies > Forms & Recordkeeping > Business Forms,0.81072783,True,0.8179419525065963,2.2190738701759276,29.43937196006485,DEEPEN,46.78981945193852,86.64351851851852,0.10259202709105314,1P-CORE GAP,0.10309212784400938
OfficeDepot,OfficeDepot::Office Supplies > Business Forms & Bookkeeping > Business Forms,Office Supplies > Business Forms & Bookkeeping > Business Forms,3,False,129.0,Office Supplies > Forms & Recordkeeping > Business Forms,0.9739466,True,0.5348837209302325,1.2906581692659502,12.799726939158631,DEEPEN,43.15581359419712,86.64351851851852,0.08373347818062835,,
OfficeDepot,OfficeDepot::Office Supplies > Business Forms & Bookkeeping > Business Forms > Gift Certificates,Office Supplies > Business Forms & Bookkeeping > Business Forms > Gift Certificates,4,True,5.0,Retail Store Supplies > Store Security & Operations > Gift Certificates,0.9410995,True,1.0,0.9163747930558971,0.0,DEEPEN,100.0,58.05923058917829,0.2110814635676027,,
OfficeDepot,OfficeDepot::Office Supplies > Business Forms & Bookkeeping > Business Forms > Guest Checks,Office Supplies > Business Forms & Bookkeeping > Business Forms > Guest Checks,4,True,6.0,Office Supplies > Forms & Recordkeeping > Business Forms,0.50141484,False,0.0,1.9459101490553132,1.279972693915863,ENTER,2.080718517303467,0.0,0.559709308836582,,
OfficeDepot,OfficeDepot::Office Supplies > Business Forms & Bookkeeping > Business Forms > Invoices & Statements,Office Supplies > Business Forms & Bookkeeping > Business Forms > Invoices & Statements,4,True,54.0,Office Supplies > Forms & Recordkeeping > Business Forms,0.55437475,False,0.0,4.007333185232471,11.519754245242769,ENTER,17.81104278564453,0.0,0.7238710845613132,,
OfficeDepot,OfficeDepot::Office Supplies > Business Forms & Bookkeeping > Business Forms > Order & Service Forms,Office Supplies > Business Forms & Bookkeeping > Business Forms > Order & Service Forms,4,True,43.0,Office Supplies > Forms & Recordkeeping > Business Forms,0.6576401,False,1.0,0.0,0.0,PARITY,76.69298553466797,54.7827514661131,,,
OfficeDepot,OfficeDepot::Office Supplies > Business Forms & Bookkeeping > Business Forms > Receipts,Office Supplies > Business Forms & Bookkeeping > Business Forms > Receipts,4,True,18.0,Retail Store Supplies > Point of Sale (POS) Equipment > POS Receipt Printers,0.615177,False,1.0,0.0,0.0,PARITY,30.4073429107666,7.920364422930612,,,
OfficeDepot,OfficeDepot::Office Supplies > Business Forms & Bookkeeping > Business Forms > Shipping & Receiving Forms,Office Supplies > Business Forms & Bookkeeping > Business Forms > Shipping & Receiving Forms,4,True,3.0,Office Supplies > Forms & Recordkeeping > Business Forms,0.6334745,False,1.0,0.0,0.0,PARITY,82.56292724609375,32.504535031815365,,,
OfficeDepot,OfficeDepot::Office Supplies > Business Forms & Bookkeeping > Employee Management,Office Supplies > Business Forms & Bookkeeping > Employee Management,3,False,88.0,Office Supplies > Forms & Recordkeeping > Business Forms,0.5571005,False,0.7079646017699115,0.09418721505970051,7.039849816537247,PARITY,45.1401990367248,10.200409689604538,,,
OfficeDepot,OfficeDepot::Office Supplies > Business Forms & Bookkeeping > Employee Management > Attendance Forms,Office Supplies > Business Forms & Bookkeeping > Employee Management > Attendance Forms,4,True,16.0,Office Supplies > Forms & Recordkeeping > Business Forms,0.61465746,False,1.0,0.0,0.0,PARITY,54.46814727783203,15.157096076894689,,,
OfficeDepot,OfficeDepot::Office Supplies > Business Forms & Bookkeeping > Employee Management > Employee Folders,Office Supplies > Business Forms & Bookkeeping > Employee Management > Employee Folders,4,True,21.0,Office Supplies > Folders & Filing,0.63571787,False,1.0,0.0,0.0,PARITY,60.456024169921875,38.81300155102737,,,
OfficeDepot,OfficeDepot::Office Supplies > Business Forms & Bookkeeping > Employee Management > Employee Management & Compliance Software,Office Supplies > Business Forms & Bookkeeping > Employee Management > Employee Management & Compliance Software,4,True,33.0,Computer Software > Office & Business Software,0.55408734,False,0.0,3.5263605246161616,7.039849816537247,ENTER,33.57323455810547,0.0,0.7580189737473091,,
OfficeDepot,OfficeDepot::Office Supplies > Business Forms & Bookkeeping > Employee Management > Hiring Forms,Office Supplies > Business Forms & Bookkeeping > Employee Management > Hiring Forms,4,True,4.0,Office Supplies > Forms & Recordkeeping > Business Forms,0.6239945,False,1.0,0.0,0.0,PARITY,53.91728973388672,23.764931280855777,,,
OfficeDepot,OfficeDepot::Office Supplies > Business Forms & Bookkeeping > Employee Management > Performance & Discipline Forms,Office Supplies > Business Forms & Bookkeeping > Employee Management > Performance & Discipline Forms,4,True,39.0,Office Supplies > Forms & Recordkeeping > Business Forms,0.59165573,False,1.0,0.0,0.0,PARITY,41.953582763671875,0.0,,,
OfficeDepot,OfficeDepot::Office Supplies > Business Forms & Bookkeeping > Financial Bookkeeping,Office Supplies > Business Forms & Bookkeeping > Financial Bookkeeping,3,False,81.0,"Shredders, Projectors & Office Machines > Calculators > Financial Calculators",0.5728793,False,0.5794392523364486,0.2635845208727208,9.599795204368974,PARITY,25.812851166056696,48.81720021609494,,,
OfficeDepot,OfficeDepot::Office Supplies > Business Forms & Bookkeeping > Financial Bookkeeping > Accounting Books,Office Supplies > Business Forms & Bookkeeping > Financial Bookkeeping > Accounting Books,4,True,62.0,Office Supplies > Forms & Recordkeeping > Accounting & Record Journals,0.6894808,False,1.0,0.0,0.0,PARITY,44.5479850769043,84.24903908261547,,,
OfficeDepot,OfficeDepot::Office Supplies > Business Forms & Bookkeeping > Financial Bookkeeping > Checks,Office Supplies > Business Forms & Bookkeeping > Financial Bookkeeping > Checks,4,True,11.0,"Security, Banking & Cash",0.48300835,False,0.0,2.4849066497880004,2.346616605512416,ENTER,0.0,0.0,0.6043795620437956,,
OfficeDepot,OfficeDepot::Office Supplies > Business Forms & Bookkeeping > Financial Bookkeeping > Columnar Pads,Office Supplies > Business Forms & Bookkeeping > Financial Bookkeeping > Columnar Pads,4,True,28.0,Office Supplies > Desk Organizers & Accessories > Desk Pads,0.47363994,False,0.0,3.367295829986474,5.973205904940695,ENTER,0.0,0.0,0.6498175182481751,,
OfficeDepot,OfficeDepot::Office Supplies > Business Forms & Bookkeeping > Financial Bookkeeping > Mileage Logs,Office Supplies > Business Forms & Bookkeeping > Financial Bookkeeping > Mileage Logs,4,True,6.0,Office Supplies > Forms & Recordkeeping > Accounting & Record Journals,0.47684884,False,0.0,1.9459101490553132,1.279972693915863,ENTER,0.0,0.0,0.5534671532846716,,
OfficeDepot,OfficeDepot::Office Supplies > Business Forms & Bookkeeping > Legal Forms,Office Supplies > Business Forms & Bookkeeping > Legal Forms,3,False,32.0,Office Supplies > Forms & Recordkeeping > Digital Legal Forms,0.85483706,True,1.0,2.6211228852943225,0.0,DEEPEN,54.41915698581272,86.64351851851852,0.08298203876337278,,
OfficeDepot,OfficeDepot::Office Supplies > Business Forms & Bookkeeping > Legal Forms > Personal Law & Power of Attorney Forms,Office Supplies > Business Forms & Bookkeeping > Legal Forms > Personal Law & Power of Attorney Forms,4,True,29.0,Office Supplies > Forms & Recordkeeping > Digital Legal Forms,0.5990351,False,1.0,0.0,0.0,PARITY,63.80586624145508,0.5701135699551,,,
OfficeDepot,OfficeDepot::Office Supplies > Business Forms & Bookkeeping > Legal Forms > Real Estate & Leasing Forms,Office Supplies > Business Forms & Bookkeeping > Legal Forms > Real Estate & Leasing Forms,4,True,16.0,Office Supplies > Forms & Recordkeeping > Business Forms,0.5983847,False,1.0,0.0,0.0,PARITY,37.40574645996094,0.1552322443711563,,,
OfficeDepot,OfficeDepot::Office Supplies > Business Forms & Bookkeeping > Medical Forms,Office Supplies > Business Forms & Bookkeeping > Medical Forms,3,False,48.0,Office Supplies > Forms & Recordkeeping > Medical Forms,0.9705081,True,1.0,1.1532679187223298,0.0,DEEPEN,46.04093572828505,86.64351851851852,0.05603173118605641,,
OfficeDepot,OfficeDepot::Office Supplies > Business Forms & Bookkeeping > Medical Forms > ADA Dental Forms,Office Supplies > Business Forms & Bookkeeping > Medical Forms > ADA Dental Forms,4,True,2.0,Office Supplies > Forms & Recordkeeping > Medical Forms,0.646671,False,1.0,0.0,0.0,PARITY,90.79170989990234,41.55547757391576,,,
OfficeDepot,OfficeDepot::Office Supplies > Business Forms & Bookkeeping > Medical Forms > Claim Forms,Office Supplies > Business Forms & Bookkeeping > Medical Forms > Claim Forms,4,True,24.0,Office Supplies > Forms & Recordkeeping > Medical Forms,0.673597,False,1.0,0.0,0.0,PARITY,64.56359100341797,64.64759881297746,,,
OfficeDepot,OfficeDepot::Office Supplies > Business Forms & Bookkeeping > Medical Forms > HIPAA Compliance Forms,Office Supplies > Business Forms & Bookkeeping > Medical Forms > HIPAA Compliance Forms,4,True,24.0,Office Supplies > Forms & Recordkeeping > Medical Forms,0.6633832,False,1.0,0.0,0.0,PARITY,65.99324035644531,55.88809623210518,,,
OfficeDepot,OfficeDepot::Office Supplies > Business Forms & Bookkeeping > Medical Forms > UB-04 Forms,Office Supplies > Business Forms & Bookkeeping > Medical Forms > UB-04 Forms,4,True,22.0,Office Supplies > Forms & Recordkeeping > Medical Forms,0.5688283,False,1.0,0.0,0.0,PARITY,0.0,0.0,,,
OfficeDepot,OfficeDepot::Office Supplies > Business Forms & Bookkeeping > Tax Forms,Office Supplies > Business Forms & Bookkeeping > Tax Forms,3,False,298.0,Office Supplies > Forms & Recordkeeping > Tax Forms,0.9705852,True,1.0,2.15672983523908,0.0,DEEPEN,55.729302014390086,86.75925925925925,0.07969064792708677,,
OfficeDepot,OfficeDepot::Office Supplies > Business Forms & Bookkeeping > Tax Forms > 1099 Tax Forms,Office Supplies > Business Forms & Bookkeeping > Tax Forms > 1099 Tax Forms,4,True,131.0,Office Supplies > Forms & Recordkeeping > Tax Forms,0.845806,True,1.0,1.3390881844347637,0.0,DEEPEN,56.620662689208984,86.75925925925925,0.06651403222649965,,
OfficeDepot,OfficeDepot::Office Supplies > Business Forms & Bookkeeping > Tax Forms > ACA Tax Forms,Office Supplies > Business Forms & Bookkeeping > Tax Forms > ACA Tax Forms,4,True,5.0,Office Supplies > Forms & Recordkeeping > Tax Forms,0.84550184,True,1.0,-1.7519542689235519,0.0,PARITY,55.40294647216797,86.75925925925925,,,
OfficeDepot,OfficeDepot::Office Supplies > Business Forms & Bookkeeping > Tax Forms > Additional Tax Forms,Office Supplies > Business Forms & Bookkeeping > Tax Forms > Additional Tax Forms,4,True,20.0,Office Supplies > Forms & Recordkeeping > Tax Forms,0.83095086,True,1.0,-0.4991913004281838,0.0,PARITY,68.38642883300781,86.75925925925925,,,
OfficeDepot,OfficeDepot::Office Supplies > Business Forms & Bookkeeping > Tax Forms > Tax Form Envelopes,Office Supplies > Business Forms & Bookkeeping > Tax Forms > Tax Form Envelopes,4,True,64.0,Office Supplies > Forms & Recordkeeping > Tax Forms,0.8048182,True,1.0,0.63067353174403,0.0,PARITY,66.10179138183594,86.75925925925925,,,
OfficeDepot,OfficeDepot::Office Supplies > Business Forms & Bookkeeping > Tax Forms > W-2 Tax Forms,Office Supplies > Business Forms & Bookkeeping > Tax Forms > W-2 Tax Forms,4,True,72.0,Office Supplies > Forms & Recordkeeping > Tax Forms,0.77753776,True,1.0,0.7467457029967841,0.0,DEEPEN,41.394325256347656,86.75925925925925,0.035144084065229286,,
OfficeDepot,OfficeDepot::Office Supplies > Calendars & Planners,Office Supplies > Calendars & Planners,2,False,1219.0,Office Supplies > Calendars & Planners,1.0,True,1.0,0.40774246141057535,0.0,PARITY,53.76677402594151,96.85039370078741,,,
OfficeDepot,OfficeDepot::Office Supplies > Calendars & Planners > Calendar Refills & Bases,Office Supplies > Calendars & Planners > Calendar Refills & Bases,3,True,27.0,Office Supplies > Calendars & Planners > Calendars,0.7285395,True,1.0,-2.333847860407969,0.0,PARITY,59.92413330078125,96.62037037037037,,,
OfficeDepot,OfficeDepot::Office Supplies > Calendars & Planners > Calendars,Office Supplies > Calendars & Planners > Calendars,3,True,534.0,Office Supplies > Calendars & Planners > Calendars,1.0,True,1.0,0.6162143763128336,0.0,PARITY,70.38311004638672,96.85039370078741,,,
OfficeDepot,OfficeDepot::Office Supplies > Calendars & Planners > Organizer Accessories,Office Supplies > Calendars & Planners > Organizer Accessories,3,True,66.0,Office Supplies > Desk Organizers & Accessories,0.82488406,True,1.0,-1.4360064578883058,0.0,PARITY,100.0,93.1758530183727,,,
OfficeDepot,OfficeDepot::Office Supplies > Calendars & Planners > Organizer Refills,Office Supplies > Calendars & Planners > Organizer Refills,3,True,86.0,Office Supplies > Calendars & Planners > Organizer Refills & Accessories,0.9325006,True,1.0,2.0441909224451855,0.0,DEEPEN,100.0,78.35648148148148,0.15616509529602599,1P-CORE GAP,0.1617251800411523
OfficeDepot,OfficeDepot::Office Supplies > Calendars & Planners > Organizers,Office Supplies > Calendars & Planners > Organizers,3,True,20.0,Office Supplies > Desk Organizers & Accessories > Desk Organizers,0.7953774,True,1.0,-2.877358986644666,0.0,PARITY,100.0,96.48148148148148,,,
OfficeDepot,OfficeDepot::Office Supplies > Calendars & Planners > Planners,Office Supplies > Calendars & Planners > Planners,3,True,632.0,Office Supplies > Calendars & Planners > Planners & Personal Organizers,0.7941133,True,1.0,0.15688696216622677,0.0,PARITY,26.88150978088379,96.85039370078741,,,
OfficeDepot,OfficeDepot::Office Supplies > Desk Accessories,Office Supplies > Desk Accessories,2,False,698.0,Office Supplies > Desk Organizers & Accessories,0.7978718,True,1.0,0.9460777606809421,0.0,DEEPEN,98.4723181515085,93.1758530183727,0.034580056167347176,1P-CORE GAP,0.03627225644279936
OfficeDepot,OfficeDepot::Office Supplies > Desk Accessories > Bookends,Office Supplies > Desk Accessories > Bookends,3,True,14.0,Office Supplies > Desk Organizers & Accessories > Bookends,0.9875269,True,1.0,0.720300219942209,0.0,DEEPEN,35.494754791259766,74.62962962962963,0.06062656336890325,,
OfficeDepot,OfficeDepot::Office Supplies > Desk Accessories > Business Card Holders,Office Supplies > Desk Accessories > Business Card Holders,3,True,33.0,Office Supplies > Desk Organizers & Accessories > Business Card Holders & Files,0.9096224,True,1.0,0.5357776599308721,0.0,PARITY,100.0,82.61574074074073,,,
OfficeDepot,OfficeDepot::Office Supplies > Desk Accessories > Desk Organizer Collections,Office Supplies > Desk Accessories > Desk Organizer Collections,3,True,30.0,Office Supplies > Desk Organizers & Accessories > Desk Organizers,0.8258968,True,1.0,-2.169585777067722,0.0,PARITY,100.0,93.1758530183727,,,
OfficeDepot,OfficeDepot::Office Supplies > Desk Accessories > Desk Organizers,Office Supplies > Desk Accessories > Desk Organizers,3,True,195.0,Office Supplies > Desk Organizers & Accessories > Desk Organizers,0.9917644,True,1.0,0.8862800192562945,0.0,DEEPEN,100.0,93.1758530183727,0.03359771634385119,,
OfficeDepot,OfficeDepot::Office Supplies > Desk Accessories > Desk Pads,Office Supplies > Desk Accessories > Desk Pads,3,True,67.0,Office Supplies > Desk Organizers & Accessories > Desk Pads,0.991169,True,1.0,1.217267839880673,0.0,DEEPEN,100.0,82.75462962962963,0.10378691876182752,,
OfficeDepot,OfficeDepot::Office Supplies > Desk Accessories > Desk Trays,Office Supplies > Desk Accessories > Desk Trays,3,True,89.0,Office Supplies > Desk Organizers & Accessories > Desk Pads,0.7216471,True,1.0,0.401172228887793,0.0,PARITY,100.0,88.33333333333333,,,
OfficeDepot,OfficeDepot::Office Supplies > Desk Accessories > Document & Bookholders,Office Supplies > Desk Accessories > Document & Bookholders,3,True,13.0,Office Supplies > Desk Organizers & Accessories > Book & Document Holders,0.7388029,True,1.0,0.5893418109225763,0.0,PARITY,78.51136016845703,75.20833333333333,,,
OfficeDepot,OfficeDepot::Office Supplies > Desk Accessories > Drawer Organizers,Office Supplies > Desk Accessories > Drawer Organizers,3,True,37.0,Office Supplies > Desk Organizers & Accessories > Drawer Organizers,0.99085975,True,1.0,1.0804917855692069,0.0,DEEPEN,100.0,93.1758530183727,0.03827997777650058,,
OfficeDepot,OfficeDepot::Office Supplies > Desk Accessories > File Organizers,Office Supplies > Desk Accessories > File Organizers,3,True,201.0,Office Supplies > Desk Organizers & Accessories > File Organizers,0.9904629,True,1.0,1.6321074861130498,0.0,DEEPEN,100.0,93.1758530183727,0.04634940705404527,,
OfficeDepot,OfficeDepot::Office Supplies > Desk Accessories > Magazine Holders,Office Supplies > Desk Accessories > Magazine Holders,3,True,27.0,Office Supplies > Desk Organizers & Accessories > Magazine Holders,0.989352,True,1.0,0.9746305881843877,0.0,DEEPEN,100.0,77.75462962962962,0.11536741349013249,,
OfficeDepot,OfficeDepot::Office Supplies > Desk Accessories > Wall Files,Office Supplies > Desk Accessories > Wall Files,3,True,68.0,Office Supplies > Desk Organizers & Accessories > Wall Files,0.9892539,True,1.0,1.0715863708062132,0.0,DEEPEN,100.0,83.63425925925925,0.0898921161124629,,
OfficeDepot,OfficeDepot::Office Supplies > Drafting,Office Supplies > Drafting,2,False,164.0,Arts & Crafts > Drafting Supplies,0.74932873,True,1.0,-0.9579284917633979,0.0,PARITY,53.42768765053554,49.08333333333333,,,
OfficeDepot,OfficeDepot::Office Supplies > Drafting > Classroom Compasses,Office Supplies > Drafting > Classroom Compasses,3,True,7.0,Gift Shop > Professional Gifts > Compasses,0.6999768,True,1.0,-3.6416005327758465,0.0,PARITY,77.74700164794922,29.01388888888889,,,
OfficeDepot,OfficeDepot::Office Supplies > Drafting > Drafting Pencils,Office Supplies > Drafting > Drafting Pencils,3,True,7.0,Office Supplies > Writing Supplies & Instruments > Pencils,0.6925285,True,1.0,-2.406051590589929,0.0,PARITY,51.398616790771484,92.73148148148148,,,
OfficeDepot,OfficeDepot::Office Supplies > Drafting > Drafting Tools & Kits,Office Supplies > Drafting > Drafting Tools & Kits,3,True,120.0,Arts & Crafts > Drafting Supplies,0.6679999,False,1.0,0.0,0.0,PARITY,59.412437438964844,16.802886652195546,,,
OfficeDepot,OfficeDepot::Office Supplies > Drafting > Knives & Blades,Office Supplies > Drafting > Knives & Blades,3,True,37.0,Facilities > Hand & Power Tools > Hand Tools > Box Cutters & Utility Knives,0.59885114,False,1.0,0.0,0.0,PARITY,29.800615310668945,0.43369870794856025,,,
OfficeDepot,OfficeDepot::Office Supplies > Filing & Folders,Office Supplies > Filing & Folders,2,False,1020.0,Office Supplies > Folders & Filing,0.92683935,True,1.0,0.1952005020494436,0.0,PARITY,100.0,97.27034120734908,,,
OfficeDepot,OfficeDepot::Office Supplies > Filing & Folders > Classification Folders,Office Supplies > Filing & Folders > Classification Folders,3,True,143.0,Office Supplies > Folders & Filing > Classification Folders,1.0,True,1.0,0.2890601761800653,0.0,PARITY,100.0,93.56481481481481,,,
OfficeDepot,OfficeDepot::Office Supplies > Filing & Folders > Expanding File Folders,Office Supplies > Filing & Folders > Expanding File Folders,3,True,359.0,Office Supplies > Folders & Filing > File Folders,0.86551905,True,1.0,0.2528876148510184,0.0,PARITY,100.0,97.27034120734909,,,
OfficeDepot,OfficeDepot::Office Supplies > Filing & Folders > File Folders,Office Supplies > Filing & Folders > File Folders,3,True,519.0,Office Supplies > Folders & Filing > File Folders,1.0,True,1.0,0.8999048576088224,0.0,DEEPEN,100.0,97.27034120734908,0.013558633637948568,1P-CORE GAP,0.014229610187615465
OfficeDepot,OfficeDepot::Office Supplies > Filing & Folders > Filing Accessories,Office Supplies > Filing & Folders > Filing Accessories,3,True,48.0,Office Supplies > Folders & Filing > Filing Accessories,1.0,True,1.0,0.5998327631210434,0.0,PARITY,100.0,97.27034120734908,,,
OfficeDepot,OfficeDepot::Office Supplies > Filing & Folders > Hanging File Folders,Office Supplies > Filing & Folders > Hanging File Folders,3,True,112.0,Office Supplies > Folders & Filing > Hanging File Folders,1.0,True,1.0,0.4914928361353388,0.0,PARITY,100.0,97.27034120734909,,,
OfficeDepot,OfficeDepot::Office Supplies > Labels & Label Makers,Office Supplies > Labels & Label Makers,2,False,2415.0,Office Supplies > Label Makers & Tapes > Label Makers,0.89468205,True,1.0,-0.1888467093490629,0.0,PARITY,73.87863719598224,99.26509186351706,,,
OfficeDepot,OfficeDepot::Office Supplies > Labels & Label Makers > CD Labels,Office Supplies > Labels & Label Makers > CD Labels,3,True,6.0,Office Supplies > Labels,0.7923196,True,1.0,-5.984990976715841,0.0,PARITY,73.80841064453125,99.26509186351706,,,
OfficeDepot,OfficeDepot::Office Supplies > Labels & Label Makers > Color-Coding & Round Labels,Office Supplies > Labels & Label Makers > Color-Coding & Round Labels,3,True,395.0,Office Supplies > Labels,0.6716913,False,1.0,0.0,0.0,PARITY,54.580162048339844,77.6038899634454,,,
OfficeDepot,OfficeDepot::Office Supplies > Labels & Label Makers > Filing Labels,Office Supplies > Labels & Label Makers > Filing Labels,3,True,32.0,Office Supplies > Labels,0.7808977,True,1.0,-4.397927412087318,0.0,PARITY,100.0,99.26509186351706,,,
OfficeDepot,OfficeDepot::Office Supplies > Labels & Label Makers > Full-Sheet Labels,Office Supplies > Labels & Label Makers > Full-Sheet Labels,3,True,59.0,Office Supplies > Labels,0.7173493,True,1.0,-3.8000904113316984,0.0,PARITY,77.23435974121094,99.26509186351706,,,
OfficeDepot,OfficeDepot::Office Supplies > Labels & Label Makers > Label Holders,Office Supplies > Labels & Label Makers > Label Holders,3,True,11.0,Office Supplies > Label Makers & Tapes > Label Makers,0.72405016,True,1.0,-5.422318778813718,0.0,PARITY,100.0,99.26509186351706,,,
OfficeDepot,OfficeDepot::Office Supplies > Labels & Label Makers > Label Maker Tapes,Office Supplies > Labels & Label Makers > Label Maker Tapes,3,True,149.0,Office Supplies > Label Makers & Tapes,0.91866744,True,1.0,-0.03264664341681378,0.0,PARITY,100.0,93.24074074074073,,,
OfficeDepot,OfficeDepot::Office Supplies > Labels & Label Makers > Label Makers,Office Supplies > Labels & Label Makers > Label Makers,3,True,45.0,Office Supplies > Label Makers & Tapes > Label Makers,0.9905467,True,1.0,0.25831022674474946,0.0,PARITY,100.0,99.26509186351707,,,
OfficeDepot,OfficeDepot::Office Supplies > Labels & Label Makers > Name Badges & Holders,Office Supplies > Labels & Label Makers > Name Badges & Holders,3,True,163.0,Retail Store Supplies > Store Security & Operations > Name Tags & Badges,0.73119956,True,1.0,0.6823737364188398,0.0,PARITY,75.8138656616211,46.2037037037037,,,
OfficeDepot,OfficeDepot::Office Supplies > Labels & Label Makers > Standard Labels,Office Supplies > Labels & Label Makers > Standard Labels,3,True,1438.0,Office Supplies > Labels,0.7634466,True,1.0,-0.6227312666664311,0.0,PARITY,74.51780700683594,99.26509186351706,,,
OfficeDepot,OfficeDepot::Office Supplies > Labor Law & Workplace Posters,Office Supplies > Labor Law & Workplace Posters,2,False,131.0,Facilities > Facilities Signs > Labor Law Posters,0.78333735,True,1.0,-0.7952911814990458,0.0,PARITY,21.296185547578418,67.66666666666666,,,
OfficeDepot,OfficeDepot::Office Supplies > Labor Law & Workplace Posters > Federal & State Poster Kits,Office Supplies > Labor Law & Workplace Posters > Federal & State Poster Kits,3,True,97.0,Facilities > Facilities Signs > Labor Law Posters,0.6034579,False,1.0,0.0,0.0,PARITY,26.61248207092285,3.773885103563467,,,
OfficeDepot,OfficeDepot::Office Supplies > Labor Law & Workplace Posters > Federal Posters,Office Supplies > Labor Law & Workplace Posters > Federal Posters,3,True,9.0,Facilities > Facilities Signs > Labor Law Posters,0.639568,False,1.0,0.0,0.0,PARITY,0.0,29.77249425649643,,,
OfficeDepot,OfficeDepot::Office Supplies > Labor Law & Workplace Posters > General Communications Posters,Office Supplies > Labor Law & Workplace Posters > General Communications Posters,3,True,4.0,Facilities > Facilities Signs > Labor Law Posters,0.6066253,False,1.0,0.0,0.0,PARITY,36.85004806518555,6.054351878662904,,,
OfficeDepot,OfficeDepot::Office Supplies > Labor Law & Workplace Posters > Spanish Posters,Office Supplies > Labor Law & Workplace Posters > Spanish Posters,3,True,10.0,Facilities > Facilities Signs > Labor Law Posters,0.56739396,False,1.0,0.0,0.0,PARITY,3.78840970993042,0.0,,,
OfficeDepot,OfficeDepot::Office Supplies > Labor Law & Workplace Posters > State Posters,Office Supplies > Labor Law & Workplace Posters > State Posters,3,True,21.0,Facilities > Facilities Signs > Labor Law Posters,0.6578306,False,1.0,0.0,0.0,PARITY,11.241291046142578,42.921268721421555,,,
OfficeDepot,OfficeDepot::Office Supplies > Laminating,Office Supplies > Laminating,2,False,116.0,Office Supplies > Laminators & Supplies > Laminating Machines,0.8189325,True,1.0,1.080123950879786,0.0,DEEPEN,67.17610898511163,86.18055555555554,0.0637100404388854,1P-CORE GAP,0.06815680814637391
OfficeDepot,OfficeDepot::Office Supplies > Laminating > Laminating Machines,Office Supplies > Laminating > Laminating Machines,3,True,26.0,Office Supplies > Laminators & Supplies > Laminating Machines,0.97251236,True,1.0,1.1877725159971777,0.0,DEEPEN,96.54157257080078,86.18055555555556,0.0807263213655374,,
OfficeDepot,OfficeDepot::Office Supplies > Laminating > Laminating Supplies,Office Supplies > Laminating > Laminating Supplies,3,True,90.0,Office Supplies > Laminators & Supplies > Laminating Machines,0.77594817,True,1.0,0.8288095225988794,0.0,DEEPEN,58.692752838134766,86.18055555555554,0.04788661578405422,,
OfficeDepot,"OfficeDepot::Office Supplies > Mailing, Packing & Shipping","Office Supplies > Mailing, Packing & Shipping",2,False,2178.0,"Shipping, Packing & Mailing Supplies",0.82933533,True,0.9985542168674699,-1.875153919512261,0.6399863469579316,PARITY,78.68388319957687,99.47506561679789,,,
OfficeDepot,"OfficeDepot::Office Supplies > Mailing, Packing & Shipping > Envelopes","Office Supplies > Mailing, Packing & Shipping > Envelopes",3,False,818.0,Paper > Envelopes > Envelopes,0.9279679,True,1.0,-0.32492562244825063,0.0,PARITY,75.58232315040074,98.11023622047243,,,
OfficeDepot,"OfficeDepot::Office Supplies > Mailing, Packing & Shipping > Envelopes > Booklet Envelopes","Office Supplies > Mailing, Packing & Shipping > Envelopes > Booklet Envelopes",4,True,82.0,Paper > Envelopes > Envelopes,0.8150131,True,1.0,-2.614169098504722,0.0,PARITY,56.96002197265625,98.11023622047243,,,
OfficeDepot,"OfficeDepot::Office Supplies > Mailing, Packing & Shipping > Envelopes > Business Envelopes","Office Supplies > Mailing, Packing & Shipping > Envelopes > Business Envelopes",4,True,227.0,Paper > Envelopes > Envelopes,0.80878943,True,1.0,-1.6036640773468793,0.0,PARITY,87.97251892089844,98.11023622047244,,,
OfficeDepot,"OfficeDepot::Office Supplies > Mailing, Packing & Shipping > Envelopes > Coin Envelopes","Office Supplies > Mailing, Packing & Shipping > Envelopes > Coin Envelopes",4,True,33.0,Paper > Envelopes > Envelopes,0.8044215,True,1.0,-3.506649181685159,0.0,PARITY,54.6217041015625,98.11023622047243,,,
OfficeDepot,"OfficeDepot::Office Supplies > Mailing, Packing & Shipping > Envelopes > Interoffice Envelopes","Office Supplies > Mailing, Packing & Shipping > Envelopes > Interoffice Envelopes",4,True,14.0,Paper > Envelopes > Envelopes,0.7784922,True,1.0,-4.324959505199111,0.0,PARITY,24.50904655456543,98.11023622047243,,,
OfficeDepot,"OfficeDepot::Office Supplies > Mailing, Packing & Shipping > Envelopes > Invitation Envelopes","Office Supplies > Mailing, Packing & Shipping > Envelopes > Invitation Envelopes",4,True,157.0,Paper > Envelopes > Envelopes,0.8058957,True,1.0,-1.9704146732743535,0.0,PARITY,90.01910400390625,98.11023622047243,,,
OfficeDepot,"OfficeDepot::Office Supplies > Mailing, Packing & Shipping > Envelopes > Tax Envelopes","Office Supplies > Mailing, Packing & Shipping > Envelopes > Tax Envelopes",4,True,73.0,Paper > Envelopes > Envelopes,0.81312335,True,1.0,-2.72894461309715,0.0,PARITY,67.2972183227539,98.11023622047243,,,
OfficeDepot,"OfficeDepot::Office Supplies > Mailing, Packing & Shipping > Envelopes > Window Envelopes","Office Supplies > Mailing, Packing & Shipping > Envelopes > Window Envelopes",4,True,66.0,Paper > Envelopes > Envelopes,0.7898981,True,1.0,-2.8283170869103547,0.0,PARITY,52.24018096923828,98.11023622047243,,,
OfficeDepot,"OfficeDepot::Office Supplies > Mailing, Packing & Shipping > Industrial Shipping Supplies","Office Supplies > Mailing, Packing & Shipping > Industrial Shipping Supplies",3,False,113.0,"Shipping, Packing & Mailing Supplies > Shipping Supplies",0.8505187,True,1.0,-3.5277117220895553,0.0,PARITY,79.01003873031752,99.47506561679789,,,
OfficeDepot,"OfficeDepot::Office Supplies > Mailing, Packing & Shipping > Industrial Shipping Supplies > Hand Trucks & Dollies","Office Supplies > Mailing, Packing & Shipping > Industrial Shipping Supplies > Hand Trucks & Dollies",4,True,19.0,Facilities > Material Handling > Hand Trucks & Dollies,0.9258765,True,1.0,-0.20551999421562517,0.0,PARITY,63.512508392333984,58.73842592592592,,,
OfficeDepot,"OfficeDepot::Office Supplies > Mailing, Packing & Shipping > Industrial Shipping Supplies > Inspection & Shipping Tags","Office Supplies > Mailing, Packing & Shipping > Industrial Shipping Supplies > Inspection & Shipping Tags",4,True,22.0,"Shipping, Packing & Mailing Supplies > Shipping Supplies > Package Identification & Indicators > Shipping Tags & Seals",0.7263349,True,1.0,-1.0268862052995065,0.0,PARITY,100.0,96.83478260869565,,,
OfficeDepot,"OfficeDepot::Office Supplies > Mailing, Packing & Shipping > Industrial Shipping Supplies > Pallet Covers","Office Supplies > Mailing, Packing & Shipping > Industrial Shipping Supplies > Pallet Covers",4,True,6.0,"Shipping, Packing & Mailing Supplies > Shipping Supplies > Poly Bags & Tubing > Pallet Covers & Sheeting",0.79046535,True,1.0,-1.0446727156299762,0.0,PARITY,77.63726806640625,91.2695652173913,,,
OfficeDepot,"OfficeDepot::Office Supplies > Mailing, Packing & Shipping > Industrial Shipping Supplies > Sealers","Office Supplies > Mailing, Packing & Shipping > Industrial Shipping Supplies > Sealers",4,True,1.0,"Facilities > Adhesives, Sealants and Patching > Concrete & Asphalt Maintenance > Cleaners and Sealers",0.76737005,True,1.0,-1.2621179973145176,0.0,PARITY,34.80195236206055,79.2695652173913,,,
OfficeDepot,"OfficeDepot::Office Supplies > Mailing, Packing & Shipping > Industrial Shipping Supplies > Shrink-Wrap","Office Supplies > Mailing, Packing & Shipping > Industrial Shipping Supplies > Shrink-Wrap",4,True,33.0,"Shipping, Packing & Mailing Supplies > Shipping Supplies > Stretch & Shrink Film",0.66344976,False,1.0,0.0,0.0,PARITY,61.171348571777344,58.24277160206327,,,
OfficeDepot,"OfficeDepot::Office Supplies > Mailing, Packing & Shipping > Industrial Shipping Supplies > Strapping Materials & Twine","Office Supplies > Mailing, Packing & Shipping > Industrial Shipping Supplies > Strapping Materials & Twine",4,True,10.0,"Shipping, Packing & Mailing Supplies > Shipping Supplies > Strapping & Strapping Equipment",0.7049123,True,1.0,-1.1458184653532362,0.0,PARITY,100.0,86.75925925925925,,,
OfficeDepot,"OfficeDepot::Office Supplies > Mailing, Packing & Shipping > Industrial Shipping Supplies > Utility Knives, Cutters & Blades","Office Supplies > Mailing, Packing & Shipping > Industrial Shipping Supplies > Utility Knives, Cutters & Blades",4,True,22.0,Facilities > Hand & Power Tools > Hand Tools > Box Cutters & Utility Knives,0.78936535,True,1.0,0.09907713934790463,0.0,PARITY,91.00530242919922,64.20521739130433,,,
OfficeDepot,"OfficeDepot::Office Supplies > Mailing, Packing & Shipping > Labels & Tags","Office Supplies > Mailing, Packing & Shipping > Labels & Tags",3,False,270.0,Office Supplies > Labels,0.7943214,True,1.0,-2.384876560846318,0.0,PARITY,85.17746780548606,99.26509186351706,,,
OfficeDepot,"OfficeDepot::Office Supplies > Mailing, Packing & Shipping > Labels & Tags > Address Labels","Office Supplies > Mailing, Packing & Shipping > Labels & Tags > Address Labels",4,True,131.0,Office Supplies > Labels,0.7700034,True,1.0,-3.0116330509674283,0.0,PARITY,66.16841888427734,99.26509186351706,,,
OfficeDepot,"OfficeDepot::Office Supplies > Mailing, Packing & Shipping > Labels & Tags > Packing List Envelopes","Office Supplies > Mailing, Packing & Shipping > Labels & Tags > Packing List Envelopes",4,True,23.0,"Shipping, Packing & Mailing Supplies > Shipping Supplies > Package Identification & Indicators > Packing List Envelopes",0.9412128,True,1.0,-0.13113305446469958,0.0,PARITY,100.0,92.93913043478261,,,
OfficeDepot,"OfficeDepot::Office Supplies > Mailing, Packing & Shipping > Labels & Tags > Shipping Labels","Office Supplies > Mailing, Packing & Shipping > Labels & Tags > Shipping Labels",4,True,145.0,Office Supplies > Labels,0.7762137,True,1.0,-2.9108283518454625,0.0,PARITY,100.0,99.26509186351706,,,
OfficeDepot,"OfficeDepot::Office Supplies > Mailing, Packing & Shipping > Mailers","Office Supplies > Mailing, Packing & Shipping > Mailers",3,False,342.0,"Shipping, Packing & Mailing Supplies > Mailing Supplies > Mailers",0.98572505,True,1.0,0.3971893235641959,0.0,PARITY,43.44983013706094,97.49565217391304,,,
OfficeDepot,"OfficeDepot::Office Supplies > Mailing, Packing & Shipping > Mailers > Bubble Mailers","Office Supplies > Mailing, Packing & Shipping > Mailers > Bubble Mailers",4,True,138.0,"Shipping, Packing & Mailing Supplies > Mailing Supplies > Mailers",0.772537,True,1.0,0.3977251540703248,0.0,PARITY,31.388944625854492,93.03240740740742,,,
OfficeDepot,"OfficeDepot::Office Supplies > Mailing, Packing & Shipping > Mailers > Corrugated Mailers","Office Supplies > Mailing, Packing & Shipping > Mailers > Corrugated Mailers",4,True,45.0,"Shipping, Packing & Mailing Supplies > Shipping Supplies > Corrugated Boxes & Pads > Corrugated Mailers",0.94931555,True,1.0,-0.7663358001883323,0.0,PARITY,63.6723747253418,97.49565217391304,,,
OfficeDepot,"OfficeDepot::Office Supplies > Mailing, Packing & Shipping > Mailers > Flat Mailers","Office Supplies > Mailing, Packing & Shipping > Mailers > Flat Mailers",4,True,76.0,"Shipping, Packing & Mailing Supplies > Mailing Supplies > Mailers",0.77986306,True,1.0,-0.19294335720668254,0.0,PARITY,25.795291900634766,93.03240740740742,,,
OfficeDepot,"OfficeDepot::Office Supplies > Mailing, Packing & Shipping > Mailers > Mailing Tubes","Office Supplies > Mailing, Packing & Shipping > Mailers > Mailing Tubes",4,True,52.0,"Shipping, Packing & Mailing Supplies > Mailing Supplies > Mailing Tubes > Mailing Tubes",0.95619726,True,1.0,0.2765654420786263,0.0,PARITY,100.0,94.64347826086956,,,
OfficeDepot,"OfficeDepot::Office Supplies > Mailing, Packing & Shipping > Mailers > Padded Mailers","Office Supplies > Mailing, Packing & Shipping > Mailers > Padded Mailers",4,True,27.0,"Shipping, Packing & Mailing Supplies > Mailing Supplies > Mailers",0.7539071,True,1.0,-1.2045442688851629,0.0,PARITY,12.172932624816895,93.03240740740742,,,
OfficeDepot,"OfficeDepot::Office Supplies > Mailing, Packing & Shipping > Mailroom Equipment","Office Supplies > Mailing, Packing & Shipping > Mailroom Equipment",3,False,85.0,"Shipping, Packing & Mailing Supplies > Shipping Supplies > Strapping & Strapping Equipment",0.5773534,False,0.896551724137931,1.1366704110291992,0.6399863469579316,DEEPEN,36.604917723557044,69.74616858237547,0.1540176650801734,1P-CORE GAP,0.1637628503016115
OfficeDepot,"OfficeDepot::Office Supplies > Mailing, Packing & Shipping > Mailroom Equipment > Electronic Letter Openers","Office Supplies > Mailing, Packing & Shipping > Mailroom Equipment > Electronic Letter Openers",4,True,3.0,"Shipping, Packing & Mailing Supplies > Mailing Supplies > Letter Openers",0.80585575,True,1.0,0.05139947810741052,0.0,PARITY,46.075565338134766,68.81944444444444,,,
OfficeDepot,"OfficeDepot::Office Supplies > Mailing, Packing & Shipping > Mailroom Equipment > Mail Sorters","Office Supplies > Mailing, Packing & Shipping > Mailroom Equipment > Mail Sorters",4,True,13.0,"Shipping, Packing & Mailing Supplies > Mailing Supplies > Literature & Mail Sorters",0.797977,True,1.0,-0.2658843561886868,0.0,PARITY,48.819679260253906,82.01388888888889,,,
OfficeDepot,"OfficeDepot::Office Supplies > Mailing, Packing & Shipping > Mailroom Equipment > Mailroom Carts","Office Supplies > Mailing, Packing & Shipping > Mailroom Equipment > Mailroom Carts",4,True,3.0,Laboratory & Scientific Supplies > Lab Furniture & Fixtures > Lab Carts,0.5063162,False,0.0,1.3862943611198906,0.6399863469579316,ENTER,0.0,0.0,0.46204379562043796,,
OfficeDepot,"OfficeDepot::Office Supplies > Mailing, Packing & Shipping > Mailroom Equipment > Postal Scales","Office Supplies > Mailing, Packing & Shipping > Mailroom Equipment > Postal Scales",4,True,10.0,"Shipping, Packing & Mailing Supplies > Mailing Supplies > Postal Scales & Meters",0.8384292,True,1.0,0.3786826336612781,0.0,PARITY,28.866008758544922,75.0,,,
OfficeDepot,"OfficeDepot::Office Supplies > Mailing, Packing & Shipping > Packing Materials","Office Supplies > Mailing, Packing & Shipping > Packing Materials",3,False,174.0,"Shipping, Packing & Mailing Supplies > Shipping Supplies > Packing Tape & Dispensers",0.67205006,False,1.0,-4.0007266962869945,0.0,PARITY,100.0,84.11030570329746,,,
OfficeDepot,"OfficeDepot::Office Supplies > Mailing, Packing & Shipping > Packing Materials > Bubble Rolls & Wrap","Office Supplies > Mailing, Packing & Shipping > Packing Materials > Bubble Rolls & Wrap",4,True,53.0,"Shipping, Packing & Mailing Supplies > Shipping Supplies > Cushioning & Void Fill > Bubble Rolls",0.85893,True,1.0,1.413963654625149,0.0,DEEPEN,100.0,88.20869565217392,0.07612707077118372,,
OfficeDepot,"OfficeDepot::Office Supplies > Mailing, Packing & Shipping > Packing Materials > Cold Packs for Shipping","Office Supplies > Mailing, Packing & Shipping > Packing Materials > Cold Packs for Shipping",4,True,3.0,"Shipping, Packing & Mailing Supplies > Shipping Supplies > Desiccants & Cold Packs > Shipping Cold Packs",0.88852096,True,1.0,-0.7769011206644179,0.0,PARITY,100.0,84.20869565217392,,,
OfficeDepot,"OfficeDepot::Office Supplies > Mailing, Packing & Shipping > Packing Materials > Corrugated Sheets & Rolls","Office Supplies > Mailing, Packing & Shipping > Packing Materials > Corrugated Sheets & Rolls",4,True,26.0,"Shipping, Packing & Mailing Supplies > Shipping Supplies > Corrugated Boxes & Pads",0.69588006,True,1.0,-2.872513676084427,0.0,PARITY,100.0,97.49565217391304,,,
OfficeDepot,"OfficeDepot::Office Supplies > Mailing, Packing & Shipping > Packing Materials > Furniture Covers","Office Supplies > Mailing, Packing & Shipping > Packing Materials > Furniture Covers",4,True,55.0,Gift Shop > Professional Gifts > Compasses > Outdoor Furniture Covers,0.7893633,True,1.0,-5.0828967609989775,0.0,PARITY,100.0,68.38320209973753,,,
OfficeDepot,"OfficeDepot::Office Supplies > Mailing, Packing & Shipping > Packing Materials > Packing Foam","Office Supplies > Mailing, Packing & Shipping > Packing Materials > Packing Foam",4,True,4.0,"Shipping, Packing & Mailing Supplies > Shipping Supplies > Cushioning & Void Fill > Foam Rolls",0.69310415,True,1.0,-0.37831206872590073,0.0,PARITY,100.0,83.09565217391304,,,
OfficeDepot,"OfficeDepot::Office Supplies > Mailing, Packing & Shipping > Packing Materials > Packing Papers","Office Supplies > Mailing, Packing & Shipping > Packing Materials > Packing Papers",4,True,56.0,"Shipping, Packing & Mailing Supplies > Shipping Supplies > Cushioning & Void Fill > Packing Paper Sheets",0.79658234,True,1.0,0.6520434787356697,0.0,PARITY,100.0,92.0695652173913,,,
OfficeDepot,"OfficeDepot::Office Supplies > Mailing, Packing & Shipping > Packing Materials > Packing Peanuts","Office Supplies > Mailing, Packing & Shipping > Packing Materials > Packing Peanuts",4,True,7.0,"Shipping, Packing & Mailing Supplies > Shipping Supplies > Packing Peanuts",0.95061517,True,1.0,1.4202654801659733,0.0,DEEPEN,100.0,63.7962962962963,0.23426703163017035,,
OfficeDepot,"OfficeDepot::Office Supplies > Mailing, Packing & Shipping > Packing Tape","Office Supplies > Mailing, Packing & Shipping > Packing Tape",3,True,173.0,"Office Supplies > Tape, Fasteners & Adhesives > Tape > Packing Tape",0.94624543,True,1.0,0.8390462609861871,0.0,DEEPEN,100.0,96.83478260869566,0.015029006664550912,1P-CORE GAP,0.015327858293075659
OfficeDepot,"OfficeDepot::Office Supplies > Mailing, Packing & Shipping > Poly Bags","Office Supplies > Mailing, Packing & Shipping > Poly Bags",3,True,41.0,"Shipping, Packing & Mailing Supplies > Shipping Supplies > Poly Bags & Tubing > Poly Bags",0.9571781,True,1.0,-1.981076747038967,0.0,PARITY,100.0,99.02608695652174,,,
OfficeDepot,"OfficeDepot::Office Supplies > Mailing, Packing & Shipping > Postage Stamps","Office Supplies > Mailing, Packing & Shipping > Postage Stamps",3,True,3.0,"Shipping, Packing & Mailing Supplies > Mailing Supplies > Postage Stamps",0.9858351,True,1.0,-0.46466021238421895,0.0,PARITY,93.1875991821289,72.66203703703704,,,
OfficeDepot,"OfficeDepot::Office Supplies > Mailing, Packing & Shipping > Shipping & Moving Boxes","Office Supplies > Mailing, Packing & Shipping > Shipping & Moving Boxes",3,False,215.0,"Shipping, Packing & Mailing Supplies > Shipping Supplies > Corrugated Boxes & Pads > Shipping Boxes",0.7940024,True,1.0,-2.876780335742657,0.0,PARITY,97.60555021003758,99.47506561679789,,,
OfficeDepot,"OfficeDepot::Office Supplies > Mailing, Packing & Shipping > Shipping & Moving Boxes > Moving Boxes","Office Supplies > Mailing, Packing & Shipping > Shipping & Moving Boxes > Moving Boxes",4,True,49.0,"Shipping, Packing & Mailing Supplies > Shipping Supplies > Moving Supplies",0.7518904,True,1.0,1.1886716446455807,0.0,DEEPEN,94.94351959228516,80.50925925925925,0.11320533299058096,,
OfficeDepot,"OfficeDepot::Office Supplies > Mailing, Packing & Shipping > Shipping & Moving Boxes > Multi-Depth Boxes","Office Supplies > Mailing, Packing & Shipping > Shipping & Moving Boxes > Multi-Depth Boxes",4,True,8.0,"Shipping, Packing & Mailing Supplies > Shipping Supplies > Corrugated Boxes & Pads > Shipping Boxes",0.59324545,False,1.0,0.0,0.0,PARITY,64.22565460205078,0.0,,,
OfficeDepot,"OfficeDepot::Office Supplies > Mailing, Packing & Shipping > Shipping & Moving Boxes > Shipping Boxes","Office Supplies > Mailing, Packing & Shipping > Shipping & Moving Boxes > Shipping Boxes",4,True,166.0,"Shipping, Packing & Mailing Supplies > Shipping Supplies > Corrugated Boxes & Pads > Shipping Boxes",0.963675,True,1.0,-0.7265656613403397,0.0,PARITY,100.0,99.47506561679789,,,
OfficeDepot,OfficeDepot::Office Supplies > Presentation Boards,Office Supplies > Presentation Boards,2,False,839.0,Office Supplies > Folders & Filing > Pocket & Presentation Folders > Presentation Books,0.7036968,True,0.9942857142857143,0.7813417931663933,1.0666439115965527,DEEPEN,83.3609247796195,80.83478260869566,0.10346607016570582,1P-CORE GAP,0.10400491380147106
OfficeDepot,OfficeDepot::Office Supplies > Presentation Boards > Board Accessories,Office Supplies > Presentation Boards > Board Accessories,3,True,149.0,Furniture > Boards & Easels > Board Accessories,0.94456375,True,1.0,1.2175366879361231,0.0,DEEPEN,100.0,79.875,0.12141104014598543,,
OfficeDepot,OfficeDepot::Office Supplies > Presentation Boards > Bulletin Boards,Office Supplies > Presentation Boards > Bulletin Boards,3,True,140.0,Furniture > Boards & Easels > Bulletin Boards,0.94326854,True,1.0,0.7402370378273355,0.0,DEEPEN,84.84149169921875,82.27083333333334,0.06990707873815456,,
OfficeDepot,OfficeDepot::Office Supplies > Presentation Boards > Chalkboards,Office Supplies > Presentation Boards > Chalkboards,3,True,18.0,Furniture > Boards & Easels > Chalkboards,0.9348167,True,1.0,0.176160692424832,0.0,PARITY,49.81660079956055,72.875,,,
OfficeDepot,OfficeDepot::Office Supplies > Presentation Boards > Dry Erase Surfaces,Office Supplies > Presentation Boards > Dry Erase Surfaces,3,True,13.0,Furniture > Boards & Easels > Dry Erase Whiteboards,0.68333685,False,1.0,0.0,0.0,PARITY,34.62411880493164,77.7387868364652,,,
OfficeDepot,OfficeDepot::Office Supplies > Presentation Boards > Easels & Pads,Office Supplies > Presentation Boards > Easels & Pads,3,False,82.0,Furniture > Boards & Easels > Easels,0.8090634,True,1.0,1.227131641820399,0.0,DEEPEN,77.76572846203315,85.74803149606299,0.07688959311465664,,
OfficeDepot,OfficeDepot::Office Supplies > Presentation Boards > Easels & Pads > Easel Pads,Office Supplies > Presentation Boards > Easels & Pads > Easel Pads,4,True,54.0,Paper > Easel Pads,0.8838054,True,1.0,1.2687808058441745,0.0,DEEPEN,85.7291488647461,73.59580052493439,0.15107187820087573,,
OfficeDepot,OfficeDepot::Office Supplies > Presentation Boards > Easels & Pads > Easels,Office Supplies > Presentation Boards > Easels & Pads > Easels,4,True,28.0,Furniture > Boards & Easels > Easels,0.9727355,True,1.0,1.078263259925234,0.0,DEEPEN,62.4077033996582,85.74803149606299,0.06283304479340177,,
OfficeDepot,OfficeDepot::Office Supplies > Presentation Boards > Enclosed Boards,Office Supplies > Presentation Boards > Enclosed Boards,3,True,15.0,Furniture > Boards & Easels > Bulletin Boards,0.6142601,False,1.0,0.0,0.0,PARITY,60.76640319824219,14.044295600615442,,,
OfficeDepot,OfficeDepot::Office Supplies > Presentation Boards > Interactive Whiteboards & Accessories,Office Supplies > Presentation Boards > Interactive Whiteboards & Accessories,3,True,3.0,Furniture > Boards & Easels > Dry Erase Whiteboards,0.6144147,False,1.0,0.0,0.0,PARITY,32.762115478515625,14.793649079898993,,,
OfficeDepot,OfficeDepot::Office Supplies > Presentation Boards > Message Bars,Office Supplies > Presentation Boards > Message Bars,3,True,5.0,Furniture > Decor > Home & Office Decor > Home & Office Bars,0.54513586,False,0.0,1.791759469228055,1.0666439115965527,ENTER,8.041016578674316,0.0,0.5540500570352931,,
OfficeDepot,OfficeDepot::Office Supplies > Presentation Boards > Planning & In-Out Boards,Office Supplies > Presentation Boards > Planning & In-Out Boards,3,True,3.0,Furniture > Boards & Easels > Calendar & In-Out Boards,0.73578745,True,1.0,-1.3672314215746255,0.0,PARITY,72.74476623535156,72.6875,,,
OfficeDepot,OfficeDepot::Office Supplies > Presentation Boards > Project & Display Boards,Office Supplies > Presentation Boards > Project & Display Boards,3,True,94.0,School Supplies > Elementary School Supplies > Display Boards,0.81164074,True,1.0,0.7766696007828022,0.0,DEEPEN,79.48523712158203,62.02777777777777,0.14861394397542232,,
OfficeDepot,OfficeDepot::Office Supplies > Presentation Boards > Whiteboards & Dry-Erase Boards,Office Supplies > Presentation Boards > Whiteboards & Dry-Erase Boards,3,True,353.0,Furniture > Boards & Easels > Dry Erase Whiteboards,0.8205294,True,1.0,0.7056070588498402,0.0,DEEPEN,84.1347427368164,85.83333333333334,0.05307782527385255,,
OfficeDepot,OfficeDepot::Office Supplies > Retail Store Supplies,Office Supplies > Retail Store Supplies,2,False,878.0,Retail Store Supplies,0.947057,True,0.95260663507109,-1.2016876598386048,6.399863469579316,PARITY,87.32747890598966,88.55123718579611,,,
OfficeDepot,OfficeDepot::Office Supplies > Retail Store Supplies > Brochure Holders,Office Supplies > Retail Store Supplies > Brochure Holders,3,True,35.0,Office Supplies > Desk Organizers & Accessories > Book & Document Holders,0.6301296,False,1.0,0.0,0.0,PARITY,79.41016387939453,26.013562977314,,,
OfficeDepot,OfficeDepot::Office Supplies > Retail Store Supplies > Cash Boxes & Coin Handling,Office Supplies > Retail Store Supplies > Cash Boxes & Coin Handling,3,False,188.0,Retail Store Supplies > Cash Handling,0.79709435,True,1.0,1.0332241625088097,0.0,DEEPEN,100.0,42.8587962962963,0.3071861060421736,REVIEW,0.321154728223594
OfficeDepot,OfficeDepot::Office Supplies > Retail Store Supplies > Cash Boxes & Coin Handling > Banking & Money Handling Supplies,Office Supplies > Retail Store Supplies > Cash Boxes & Coin Handling > Banking & Money Handling Supplies,4,True,176.0,Retail Store Supplies > Cash Handling > Cash Handling,0.70852643,True,1.0,0.9676268800229959,0.0,DEEPEN,100.0,42.8587962962963,0.29383925554203844,,
OfficeDepot,OfficeDepot::Office Supplies > Retail Store Supplies > Cash Boxes & Coin Handling > Cash Boxes,Office Supplies > Retail Store Supplies > Cash Boxes & Coin Handling > Cash Boxes,4,True,27.0,"Retail Store Supplies > Cash Handling > Cash Boxes, Drawers & Trays",0.79004276,True,1.0,0.4663372483877768,0.0,PARITY,100.0,40.90277777777778,,,
OfficeDepot,"OfficeDepot::Office Supplies > Retail Store Supplies > Cash Registers, Rolls & POS Devices","Office Supplies > Retail Store Supplies > Cash Registers, Rolls & POS Devices",3,False,116.0,Retail Store Supplies > Point of Sale (POS) Equipment > Cash Registers,0.8014779,True,1.0,-1.192309986867369,0.0,PARITY,89.80473140794403,51.09902817207373,,,
OfficeDepot,"OfficeDepot::Office Supplies > Retail Store Supplies > Cash Registers, Rolls & POS Devices > Barcode Scanners","Office Supplies > Retail Store Supplies > Cash Registers, Rolls & POS Devices > Barcode Scanners",4,True,12.0,Retail Store Supplies > Point of Sale (POS) Equipment > Barcode Scanners & Readers,0.8624101,True,1.0,-1.3422548451078335,0.0,PARITY,100.0,79.625,,,
OfficeDepot,"OfficeDepot::Office Supplies > Retail Store Supplies > Cash Registers, Rolls & POS Devices > Cash Register Ink & Ribbons","Office Supplies > Retail Store Supplies > Cash Registers, Rolls & POS Devices > Cash Register Ink & Ribbons",4,True,18.0,Retail Store Supplies > Point of Sale (POS) Equipment > Cash Register Ribbons,0.8484585,True,1.0,0.7289936503576859,0.0,DEEPEN,88.63311767578125,38.067129629629626,0.24853711223705424,,
OfficeDepot,"OfficeDepot::Office Supplies > Retail Store Supplies > Cash Registers, Rolls & POS Devices > Electronic Cash Registers","Office Supplies > Retail Store Supplies > Cash Registers, Rolls & POS Devices > Electronic Cash Registers",4,True,5.0,Retail Store Supplies > Point of Sale (POS) Equipment > Cash Registers,0.8366246,True,1.0,0.5202317190914862,0.0,PARITY,74.01152038574219,38.067129629629626,,,
OfficeDepot,"OfficeDepot::Office Supplies > Retail Store Supplies > Cash Registers, Rolls & POS Devices > Point of Sale Systems","Office Supplies > Retail Store Supplies > Cash Registers, Rolls & POS Devices > Point of Sale Systems",4,True,14.0,Retail Store Supplies > Point of Sale (POS) Equipment,0.75007826,True,1.0,-3.2464337205629152,0.0,PARITY,88.21272277832031,48.05774278215223,,,
OfficeDepot,OfficeDepot::Office Supplies > Retail Store Supplies > Catalog Racks,Office Supplies > Retail Store Supplies > Catalog Racks,3,True,10.0,Retail Store Supplies > Time Clock Cards & Racks,0.63423926,False,1.0,0.0,0.0,PARITY,77.34619140625,14.39598534050889,,,
OfficeDepot,OfficeDepot::Office Supplies > Retail Store Supplies > Counterfeit Detectors,Office Supplies > Retail Store Supplies > Counterfeit Detectors,3,True,17.0,Retail Store Supplies > Cash Handling > Counterfeit Money Detectors,0.80380166,True,1.0,0.8110563106389459,0.0,DEEPEN,56.63052749633789,37.69675925925926,0.21021725908163977,VERTICAL EXTENSION,0.21603239665010174
OfficeDepot,OfficeDepot::Office Supplies > Retail Store Supplies > Magazine Racks,Office Supplies > Retail Store Supplies > Magazine Racks,3,True,20.0,Office Supplies > Desk Organizers & Accessories > Magazine Holders,0.73186505,True,1.0,-4.090357212761372,0.0,PARITY,100.0,77.75462962962962,,,
OfficeDepot,OfficeDepot::Office Supplies > Retail Store Supplies > Pricemarkers & Supplies,Office Supplies > Retail Store Supplies > Pricemarkers & Supplies,3,True,19.0,Office Supplies,0.6503618,False,1.0,0.0,0.0,PARITY,100.0,54.9144582870679,,,
OfficeDepot,"OfficeDepot::Office Supplies > Retail Store Supplies > Retail Bags, Gift Boxes & Accessories","Office Supplies > Retail Store Supplies > Retail Bags, Gift Boxes & Accessories",3,False,56.0,Retail Store Supplies > Retail Packaging > Retail Boxes & Bags,0.7829498,True,1.0,-3.4942347363242625,0.0,PARITY,100.0,47.3622926040495,,,
OfficeDepot,"OfficeDepot::Office Supplies > Retail Store Supplies > Retail Bags, Gift Boxes & Accessories > Retail Accessories","Office Supplies > Retail Store Supplies > Retail Bags, Gift Boxes & Accessories > Retail Accessories",4,True,7.0,Retail Store Supplies > Retail Packaging > Retail Boxes & Bags,0.73224103,True,1.0,-5.442436003773356,0.0,PARITY,100.0,47.9002624671916,,,
OfficeDepot,"OfficeDepot::Office Supplies > Retail Store Supplies > Retail Bags, Gift Boxes & Accessories > Retail Bags","Office Supplies > Retail Store Supplies > Retail Bags, Gift Boxes & Accessories > Retail Bags",4,True,44.0,Retail Store Supplies > Retail Packaging > Retail Boxes & Bags,0.83736813,True,1.0,0.6245887784350339,0.0,PARITY,100.0,47.9002624671916,,,
OfficeDepot,"OfficeDepot::Office Supplies > Retail Store Supplies > Retail Bags, Gift Boxes & Accessories > Retail Gift Boxes & Wrap","Office Supplies > Retail Store Supplies > Retail Bags, Gift Boxes & Accessories > Retail Gift Boxes & Wrap",4,True,5.0,Party Supplies > Wrapping Supplies > Gift Boxes & Bags,0.7752321,True,1.0,-2.174610341808621,0.0,PARITY,100.0,41.875,,,
OfficeDepot,OfficeDepot::Office Supplies > Retail Store Supplies > Retail Sign Holders,Office Supplies > Retail Store Supplies > Retail Sign Holders,3,True,85.0,Retail Store Supplies > Retail Signage > Literature & Sign Holders,0.76874244,True,1.0,-0.9170770925250364,0.0,PARITY,100.0,47.66203703703704,,,
OfficeDepot,OfficeDepot::Office Supplies > Retail Store Supplies > Retail Signs,Office Supplies > Retail Store Supplies > Retail Signs,3,True,51.0,Retail Store Supplies > Retail Signage,0.76577735,True,1.0,-3.5706338268717634,0.0,PARITY,100.0,47.9002624671916,,,
OfficeDepot,OfficeDepot::Office Supplies > Retail Store Supplies > Security,Office Supplies > Retail Store Supplies > Security,3,False,53.0,Smart Home & Security > Security System Accessories,0.74986565,True,0.43333333333333335,-2.1058705645124567,3.6265892994282787,PARITY,9.271067047119141,85.28695652173911,,,
OfficeDepot,OfficeDepot::Office Supplies > Retail Store Supplies > Security > Call Bells & Counters,Office Supplies > Retail Store Supplies > Security > Call Bells & Counters,4,True,5.0,"Security, Banking & Cash > Call Bells",0.82050055,True,1.0,0.9163747930558971,0.0,DEEPEN,34.18024444580078,38.5511811023622,0.18792609918168693,,
OfficeDepot,OfficeDepot::Office Supplies > Retail Store Supplies > Security > Depository & Drop Slot Safes,Office Supplies > Retail Store Supplies > Security > Depository & Drop Slot Safes,4,True,17.0,Furniture > Safes & Secure Storage,0.5391406,False,0.0,2.8903717578961645,3.6265892994282787,ENTER,6.3076934814453125,0.0,0.6572442483275476,,
OfficeDepot,OfficeDepot::Office Supplies > Retail Store Supplies > Security > Stanchions,Office Supplies > Retail Store Supplies > Security > Stanchions,4,True,8.0,Safety Supplies > Stanchions & Barricades,0.73388565,True,1.0,-2.6504873366080504,0.0,PARITY,0.0,61.328083989501316,,,
OfficeDepot,OfficeDepot::Office Supplies > Retail Store Supplies > Suggestion Boxes,Office Supplies > Retail Store Supplies > Suggestion Boxes,3,True,8.0,Retail Store Supplies > Retail Signage > Suggestion & Ballot Boxes,0.78258175,True,1.0,0.17801193819912697,0.0,PARITY,100.0,37.5,,,
OfficeDepot,OfficeDepot::Office Supplies > Retail Store Supplies > Tags & Tickets,Office Supplies > Retail Store Supplies > Tags & Tickets,3,False,50.0,"Security, Banking & Cash > Tickets & Tags",0.80941385,True,0.74,1.9440756515643247,2.7732741701510366,DEEPEN,37.683873596191404,41.574803149606296,0.3975176703238216,REVIEW,0.40280697494541545
OfficeDepot,OfficeDepot::Office Supplies > Retail Store Supplies > Tags & Tickets > Event Wristbands,Office Supplies > Retail Store Supplies > Tags & Tickets > Event Wristbands,4,True,13.0,"Security, Banking & Cash > Tickets & Tags",0.46749157,False,0.0,2.6390573296152584,2.7732741701510366,ENTER,0.0,0.0,0.6184306569343065,,
OfficeDepot,OfficeDepot::Office Supplies > Retail Store Supplies > Tags & Tickets > Tags,Office Supplies > Retail Store Supplies > Tags & Tickets > Tags,4,True,31.0,Retail Store Supplies > Pricing & Tagging > Pricing Tags & Retail Tags,0.6653602,False,1.0,0.0,0.0,PARITY,60.78044128417969,31.834714977001706,,,
OfficeDepot,OfficeDepot::Office Supplies > Retail Store Supplies > Tags & Tickets > Tickets,Office Supplies > Retail Store Supplies > Tags & Tickets > Tickets,4,True,6.0,"Security, Banking & Cash > Tickets & Tags",0.76763123,True,1.0,-0.04183983210468778,0.0,PARITY,0.0,41.574803149606296,,,
OfficeDepot,OfficeDepot::Office Supplies > Sticky Notes & Flags,Office Supplies > Sticky Notes & Flags,2,False,340.0,Office Supplies > Office Basics > Post-it® & Sticky Notes,0.7371313,True,1.0,1.0007826601009375,0.0,DEEPEN,44.122636256498446,92.03703703703704,0.028878471891877488,1P-CORE GAP,0.03052154609611687
OfficeDepot,OfficeDepot::Office Supplies > Sticky Notes & Flags > Note Dispensers,Office Supplies > Sticky Notes & Flags > Note Dispensers,3,True,13.0,Office Supplies > Office Basics > Post-it® and Sticky Notes Dispensers,0.7287257,True,1.0,0.9905150983150135,0.0,DEEPEN,89.01696014404297,71.57407407407408,0.14054435644833,,
OfficeDepot,OfficeDepot::Office Supplies > Sticky Notes & Flags > Sticky Flags,Office Supplies > Sticky Notes & Flags > Sticky Flags,3,True,73.0,School Supplies > Teacher Supplies > Classroom Decorations > Flags,0.7242578,True,1.0,0.5705122874260597,0.0,PARITY,43.794010162353516,86.64351851851852,,,
OfficeDepot,OfficeDepot::Office Supplies > Sticky Notes & Flags > Sticky Notes,Office Supplies > Sticky Notes & Flags > Sticky Notes,3,True,249.0,Office Supplies > Office Basics > Post-it® & Sticky Notes,0.7636566,True,1.0,0.7517669971408321,0.0,DEEPEN,42.194061279296875,92.03703703703704,0.021559146323182118,,
OfficeDepot,OfficeDepot::Office Supplies > Sticky Notes & Flags > Sticky Tabs,Office Supplies > Sticky Notes & Flags > Sticky Tabs,3,True,5.0,Office Supplies > Office Basics > Post-it® / Sticky Flags & Tabs,0.7075592,True,1.0,-1.7451877174950092,0.0,PARITY,28.23836898803711,86.64351851851852,,,
OfficeDepot,OfficeDepot::Office Supplies > Storage,Office Supplies > Storage,2,False,479.0,Office Supplies,0.904755,True,1.0,-2.7938161865975912,0.0,PARITY,100.0,98.97435897435898,,,
OfficeDepot,OfficeDepot::Office Supplies > Storage > File Boxes,Office Supplies > Storage > File Boxes,3,True,107.0,Office Supplies > Folders & Filing > File Storage,0.7309805,True,1.0,0.7986488400080041,0.0,DEEPEN,100.0,89.56018518518518,0.04804600905650177,1P-CORE GAP,0.048622470850480125
OfficeDepot,OfficeDepot::Office Supplies > Storage > Plastic Storage Containers,Office Supplies > Storage > Plastic Storage Containers,3,True,228.0,Office Supplies > Storage & Organization > Storage Containers & Boxes,0.83784896,True,1.0,0.5239098838571845,0.0,PARITY,100.0,93.28703703703704,,,
OfficeDepot,OfficeDepot::Office Supplies > Storage > Storage Bins & Baskets,Office Supplies > Storage > Storage Bins & Baskets,3,True,80.0,Office Supplies > Storage & Organization > Storage Bins,0.86744714,True,1.0,-0.7824984587005615,0.0,PARITY,100.0,95.04629629629629,,,
OfficeDepot,OfficeDepot::Office Supplies > Storage > Storage Drawers & Carts,Office Supplies > Storage > Storage Drawers & Carts,3,True,93.0,Office Supplies > Storage & Organization > Storage Drawers,0.9026741,True,1.0,1.4630525227726539,0.0,DEEPEN,100.0,86.5785887506273,0.08763103914280201,1P-CORE GAP,0.09134015989156417
OfficeDepot,OfficeDepot::Office Supplies > Tape & Adhesives,Office Supplies > Tape & Adhesives,2,False,581.0,"Office Supplies > Tape, Fasteners & Adhesives",0.8149782,True,1.0,0.2944917744364961,0.0,PARITY,91.195950211419,96.57407407407408,,,
OfficeDepot,OfficeDepot::Office Supplies > Tape & Adhesives > Duct Tape,Office Supplies > Tape & Adhesives > Duct Tape,3,True,39.0,"Office Supplies > Tape, Fasteners & Adhesives > Tape > Duct Tape",0.97949183,True,1.0,0.497170488137737,0.0,PARITY,100.0,96.57407407407408,,,
OfficeDepot,OfficeDepot::Office Supplies > Tape & Adhesives > Glue,Office Supplies > Tape & Adhesives > Glue,3,True,94.0,"Office Supplies > Tape, Fasteners & Adhesives > Glue & Glue Sticks",0.90623057,True,1.0,0.7660473809721307,0.0,DEEPEN,83.01974487304688,88.6574074074074,0.04526366318596734,1P-CORE GAP,0.0453686871914543
OfficeDepot,OfficeDepot::Office Supplies > Tape & Adhesives > Industrial Tape,Office Supplies > Tape & Adhesives > Industrial Tape,3,True,140.0,"Tools, Parts & Supplies > Measuring & Leveling Tools > Industrial Tape",0.9245013,True,1.0,4.565813488799752,0.0,DEEPEN,100.0,96.57407407407408,0.027569951338199474,1P-CORE GAP,0.02775634430727019
OfficeDepot,OfficeDepot::Office Supplies > Tape & Adhesives > Masking Tape,Office Supplies > Tape & Adhesives > Masking Tape,3,True,66.0,"Office Supplies > Tape, Fasteners & Adhesives > Tape > Masking Tape",0.97937334,True,1.0,0.6278163382013338,0.0,PARITY,100.0,96.57407407407408,,,
OfficeDepot,OfficeDepot::Office Supplies > Tape & Adhesives > Mounting Supplies,Office Supplies > Tape & Adhesives > Mounting Supplies,3,False,219.0,"Office Supplies > Tape, Fasteners & Adhesives > Mounting",0.8651136,True,1.0,0.8976709573477848,0.0,DEEPEN,80.61108813002774,93.58267482378467,0.02804940568015067,1P-CORE GAP,0.02948285118619228
OfficeDepot,OfficeDepot::Office Supplies > Tape & Adhesives > Mounting Supplies > Hooks & Hanging Strips,Office Supplies > Tape & Adhesives > Mounting Supplies > Hooks & Hanging Strips,4,True,185.0,"Office Supplies > Tape, Fasteners & Adhesives > Mounting > Hooks & Hanging Strips",0.99192667,True,1.0,1.5495864624250464,0.0,DEEPEN,86.796630859375,94.43478260869566,0.03470072090209455,,
OfficeDepot,OfficeDepot::Office Supplies > Tape & Adhesives > Mounting Supplies > Permanent Mounting,Office Supplies > Tape & Adhesives > Mounting Supplies > Permanent Mounting,4,True,27.0,"Office Supplies > Tape, Fasteners & Adhesives > Mounting",0.7842381,True,1.0,-0.8658574974080051,0.0,PARITY,38.87599182128906,91.2962962962963,,,
OfficeDepot,OfficeDepot::Office Supplies > Tape & Adhesives > Mounting Supplies > Putty,Office Supplies > Tape & Adhesives > Mounting Supplies > Putty,4,True,2.0,"Office Supplies > Tape, Fasteners & Adhesives > Mounting > Putty",0.9899843,True,1.0,-0.5040215433525028,0.0,PARITY,51.56692123413086,79.82608695652173,,,
OfficeDepot,OfficeDepot::Office Supplies > Tape & Adhesives > Mounting Supplies > Spray Adhesives,Office Supplies > Tape & Adhesives > Mounting Supplies > Spray Adhesives,4,True,4.0,"Facilities > Adhesives, Sealants and Patching > Adhesives",0.71984124,True,1.0,-1.5726357989011854,0.0,PARITY,100.0,90.4137274317854,,,
OfficeDepot,OfficeDepot::Office Supplies > Tape & Adhesives > Mounting Supplies > Suction Cup Hooks,Office Supplies > Tape & Adhesives > Mounting Supplies > Suction Cup Hooks,4,True,1.0,"Office Supplies > Tape, Fasteners & Adhesives > Mounting > Hooks & Hanging Strips",0.63589936,False,1.0,0.0,0.0,PARITY,43.66596984863281,37.863920159961864,,,
OfficeDepot,OfficeDepot::Office Supplies > Tape & Adhesives > Office Tape,Office Supplies > Tape & Adhesives > Office Tape,3,False,106.0,"Office Supplies > Tape, Fasteners & Adhesives > Tape",0.793689,True,1.0,-0.9728277575228717,0.0,PARITY,96.47801300481702,96.57407407407408,,,
OfficeDepot,OfficeDepot::Office Supplies > Tape & Adhesives > Office Tape > Double Sided Office Tape,Office Supplies > Tape & Adhesives > Office Tape > Double Sided Office Tape,4,True,23.0,Party Supplies > Wrapping Supplies > Double Sided Tape,0.8199485,True,1.0,0.9129536727076846,0.0,DEEPEN,100.0,30.61111111111111,0.3477041768045418,,
OfficeDepot,OfficeDepot::Office Supplies > Tape & Adhesives > Office Tape > Invisible Office Tape,Office Supplies > Tape & Adhesives > Office Tape > Invisible Office Tape,4,True,55.0,"Office Supplies > Tape, Fasteners & Adhesives > Tape",0.6440686,False,1.0,0.0,0.0,PARITY,94.0170669555664,47.116066280890394,,,
OfficeDepot,OfficeDepot::Office Supplies > Tape & Adhesives > Office Tape > Removable Office Tape,Office Supplies > Tape & Adhesives > Office Tape > Removable Office Tape,4,True,19.0,"Office Supplies > Tape, Fasteners & Adhesives > Tape",0.6693715,False,1.0,0.0,0.0,PARITY,100.0,73.11633950582257,,,
OfficeDepot,OfficeDepot::Office Supplies > Tape & Adhesives > Office Tape > Transparent Office Tape,Office Supplies > Tape & Adhesives > Office Tape > Transparent Office Tape,4,True,44.0,"Office Supplies > Tape, Fasteners & Adhesives > Tape",0.64736706,False,1.0,0.0,0.0,PARITY,96.19229888916016,50.50543762467525,,,
OfficeDepot,OfficeDepot::Office Supplies > Tape & Adhesives > Tape Dispensers,Office Supplies > Tape & Adhesives > Tape Dispensers,3,False,21.0,"Office Supplies > Tape, Fasteners & Adhesives > Tape Dispensers",0.9941993,True,1.0,1.0718298142212235,0.0,DEEPEN,100.0,96.57407407407408,0.018892606109759368,1P-CORE GAP,0.020016289437585707
OfficeDepot,OfficeDepot::Office Supplies > Tape & Adhesives > Tape Dispensers > Office Tape Dispensers,Office Supplies > Tape & Adhesives > Tape Dispensers > Office Tape Dispensers,4,True,21.0,"Office Supplies > Tape, Fasteners & Adhesives > Tape Dispensers",0.8868731,True,1.0,1.0718298142212235,0.0,DEEPEN,100.0,91.875,0.044806113138686154,,
OfficeDepot,OfficeDepot::Office Supplies > Writing Supplies,Office Supplies > Writing Supplies,2,False,1971.0,Office Supplies > Writing Supplies & Instruments,0.8687938,True,1.0,1.0909268689727938,0.0,DEEPEN,45.732149311118256,98.97435897435898,0.004098514944178881,1P-CORE GAP,0.0044365827518330625
OfficeDepot,OfficeDepot::Office Supplies > Writing Supplies > Correction Fluid & Tape,Office Supplies > Writing Supplies > Correction Fluid & Tape,3,False,40.0,Office Supplies > Writing Supplies & Instruments > Correction & White Out,0.6748233,False,1.0,0.0,0.0,PARITY,56.29742739200592,65.83137388030687,,,
OfficeDepot,OfficeDepot::Office Supplies > Writing Supplies > Correction Fluid & Tape > Correction Fluid,Office Supplies > Writing Supplies > Correction Fluid & Tape > Correction Fluid,4,True,8.0,Office Supplies > Writing Supplies & Instruments > Correction & White Out,0.5914247,False,1.0,0.0,0.0,PARITY,0.0,0.0,,,
OfficeDepot,OfficeDepot::Office Supplies > Writing Supplies > Correction Fluid & Tape > Correction Pens,Office Supplies > Writing Supplies > Correction Fluid & Tape > Correction Pens,4,True,5.0,Office Supplies > Writing Supplies & Instruments > Correction & White Out,0.66846085,False,1.0,0.0,0.0,PARITY,8.769856452941895,60.363882560696865,,,
OfficeDepot,OfficeDepot::Office Supplies > Writing Supplies > Correction Fluid & Tape > Correction Tape,Office Supplies > Writing Supplies > Correction Fluid & Tape > Correction Tape,4,True,27.0,Office Supplies > Writing Supplies & Instruments > Correction & White Out,0.64374626,False,1.0,0.0,0.0,PARITY,81.77954864501953,42.59980276778892,,,
OfficeDepot,OfficeDepot::Office Supplies > Writing Supplies > Erasers,Office Supplies > Writing Supplies > Erasers,3,True,77.0,Office Supplies > Writing Supplies & Instruments > Erasers,0.98395,True,1.0,1.559562813327517,0.0,DEEPEN,67.445556640625,81.2962962962963,0.10631092865245988,,
OfficeDepot,OfficeDepot::Office Supplies > Writing Supplies > Fine Writing Pens Gallery,Office Supplies > Writing Supplies > Fine Writing Pens Gallery,3,False,88.0,Office Supplies > Writing Supplies & Instruments > Pens,0.65985274,False,1.0,0.0,0.0,PARITY,43.589154503562234,63.48705523543887,,,
OfficeDepot,OfficeDepot::Office Supplies > Writing Supplies > Fine Writing Pens Gallery > Fine Writing Pen Refills,Office Supplies > Writing Supplies > Fine Writing Pens Gallery > Fine Writing Pen Refills,4,True,60.0,Office Supplies > Writing Supplies & Instruments > Pens,0.63567376,False,1.0,0.0,0.0,PARITY,44.567378997802734,38.58211129903793,,,
OfficeDepot,OfficeDepot::Office Supplies > Writing Supplies > Fine Writing Pens Gallery > Parker Fine Writing Pens,Office Supplies > Writing Supplies > Fine Writing Pens Gallery > Parker Fine Writing Pens,4,True,12.0,Office Supplies > Writing Supplies & Instruments > Pens,0.6696218,False,1.0,0.0,0.0,PARITY,39.098358154296875,73.54945263928838,,,
OfficeDepot,OfficeDepot::Office Supplies > Writing Supplies > Fine Writing Pens Gallery > Scriveiner Fine Writing Pens,Office Supplies > Writing Supplies > Fine Writing Pens Gallery > Scriveiner Fine Writing Pens,4,True,16.0,Office Supplies > Writing Supplies & Instruments > Pens,0.6697747,False,1.0,0.0,0.0,PARITY,43.288909912109375,73.7069291373094,,,
OfficeDepot,OfficeDepot::Office Supplies > Writing Supplies > Markers,Office Supplies > Writing Supplies > Markers,3,False,390.0,Office Supplies > Writing Supplies & Instruments > Markers,0.98407924,True,1.0,0.9811428966624254,0.0,DEEPEN,29.174637369304822,93.75,0.01958977005418991,,
OfficeDepot,OfficeDepot::Office Supplies > Writing Supplies > Markers > Dry-Erase Markers,Office Supplies > Writing Supplies > Markers > Dry-Erase Markers,4,True,83.0,Office Supplies > Writing Supplies & Instruments > Markers,0.745662,True,1.0,-0.27556307448012785,0.0,PARITY,36.482330322265625,93.75,,,
OfficeDepot,OfficeDepot::Office Supplies > Writing Supplies > Markers > Highlighters,Office Supplies > Writing Supplies > Markers > Highlighters,4,True,100.0,Office Supplies > Writing Supplies & Instruments > Highlighters,0.9219253,True,1.0,1.0061462382583084,0.0,DEEPEN,6.139817237854004,87.77777777777777,0.030576489353798704,,
OfficeDepot,OfficeDepot::Office Supplies > Writing Supplies > Markers > Overhead & Flip-Chart Markers,Office Supplies > Writing Supplies > Markers > Overhead & Flip-Chart Markers,4,True,4.0,Office Supplies > Writing Supplies & Instruments > Markers,0.69192636,False,1.0,0.0,0.0,PARITY,22.683889389038086,93.47701258957386,,,
OfficeDepot,OfficeDepot::Office Supplies > Writing Supplies > Markers > Permanent Markers & Marker Pens,Office Supplies > Writing Supplies > Markers > Permanent Markers & Marker Pens,4,True,198.0,Office Supplies > Writing Supplies & Instruments > Markers,0.8125632,True,1.0,0.586924951401051,0.0,PARITY,38.122398376464844,93.75,,,
OfficeDepot,OfficeDepot::Office Supplies > Writing Supplies > Markers > Wet-Erase Markers,Office Supplies > Writing Supplies > Markers > Wet-Erase Markers,4,True,12.0,Office Supplies > Writing Supplies & Instruments > Markers,0.7313976,True,1.0,-2.1414305158619045,0.0,PARITY,25.11212158203125,93.75,,,
OfficeDepot,OfficeDepot::Office Supplies > Writing Supplies > Pencil Sharpeners,Office Supplies > Writing Supplies > Pencil Sharpeners,3,True,31.0,Office Supplies > Writing Supplies & Instruments > Pencil Accessories > Pencil Sharpeners,0.9522631,True,1.0,0.6267931204897828,0.0,PARITY,100.0,92.73148148148148,,,
OfficeDepot,OfficeDepot::Office Supplies > Writing Supplies > Pencils,Office Supplies > Writing Supplies > Pencils,3,False,344.0,Office Supplies > Writing Supplies & Instruments > Pencils,0.98549557,True,1.0,1.0581419174538613,0.0,DEEPEN,93.92912964488185,92.73148148148148,0.03849390020476917,,
OfficeDepot,OfficeDepot::Office Supplies > Writing Supplies > Pencils > Mechanical Pencil Lead,Office Supplies > Writing Supplies > Pencils > Mechanical Pencil Lead,4,True,31.0,Office Supplies > Writing Supplies & Instruments > Pencils,0.6898637,False,1.0,0.0,0.0,PARITY,80.38787841796875,90.42626301999445,,,
OfficeDepot,OfficeDepot::Office Supplies > Writing Supplies > Pencils > Mechanical Pencils,Office Supplies > Writing Supplies > Pencils > Mechanical Pencils,4,True,126.0,Office Supplies > Writing Supplies & Instruments > Pencils,0.7876972,True,1.0,0.3586939541888263,0.0,PARITY,88.28845977783203,92.73148148148148,,,
OfficeDepot,OfficeDepot::Office Supplies > Writing Supplies > Pencils > Pencil Cases,Office Supplies > Writing Supplies > Pencils > Pencil Cases,4,True,124.0,Office Supplies > Writing Supplies & Instruments > Pencil Accessories > Pencil Cases & Pouches,0.85378456,True,1.0,1.5716386321417755,0.0,DEEPEN,100.0,92.83478260869565,0.04803833703586169,,
OfficeDepot,OfficeDepot::Office Supplies > Writing Supplies > Pencils > Pencil Grips,Office Supplies > Writing Supplies > Pencils > Pencil Grips,4,True,5.0,Office Supplies > Writing Supplies & Instruments > Pencils,0.72528225,True,1.0,-2.7598673510710694,0.0,PARITY,99.05008697509766,92.73148148148148,,,
OfficeDepot,OfficeDepot::Office Supplies > Writing Supplies > Pencils > Wood Pencils,Office Supplies > Writing Supplies > Pencils > Wood Pencils,4,True,58.0,Office Supplies > Writing Supplies & Instruments > Pencils,0.8160021,True,1.0,-0.40795568836404517,0.0,PARITY,100.0,92.73148148148148,,,
OfficeDepot,OfficeDepot::Office Supplies > Writing Supplies > Pens,Office Supplies > Writing Supplies > Pens,3,False,1082.0,Office Supplies > Writing Supplies & Instruments > Pens,0.9866253,True,1.0,1.1241921829810222,0.0,DEEPEN,23.112028995290174,96.80555555555556,0.010923844384554723,,
OfficeDepot,OfficeDepot::Office Supplies > Writing Supplies > Pens > Ballpoint Pens,Office Supplies > Writing Supplies > Pens > Ballpoint Pens,4,True,329.0,Office Supplies > Writing Supplies & Instruments > Pens,0.736331,True,1.0,-0.06420540955944265,0.0,PARITY,25.719463348388672,96.80555555555556,,,
OfficeDepot,OfficeDepot::Office Supplies > Writing Supplies > Pens > Calligraphy Pens,Office Supplies > Writing Supplies > Pens > Calligraphy Pens,4,True,2.0,Office Supplies > Writing Supplies & Instruments > Pens,0.7333653,True,1.0,-4.764685775351858,0.0,PARITY,31.895511627197266,96.80555555555556,,,
OfficeDepot,OfficeDepot::Office Supplies > Writing Supplies > Pens > Check Fraud Prevention & Counterfeit Detector Pens,Office Supplies > Writing Supplies > Pens > Check Fraud Prevention & Counterfeit Detector Pens,4,True,7.0,Retail Store Supplies > Cash Handling > Counterfeit Money Detectors,0.6394656,False,1.0,0.0,0.0,PARITY,22.263154983520508,27.788511601587135,,,
OfficeDepot,OfficeDepot::Office Supplies > Writing Supplies > Pens > Counter Pens,Office Supplies > Writing Supplies > Pens > Counter Pens,4,True,4.0,Office Supplies > Writing Supplies & Instruments > Pens,0.7635487,True,1.0,-4.253860151585868,0.0,PARITY,29.190284729003906,96.80555555555556,,,
OfficeDepot,OfficeDepot::Office Supplies > Writing Supplies > Pens > Felt Tip Pens,Office Supplies > Writing Supplies > Pens > Felt Tip Pens,4,True,44.0,Office Supplies > Writing Supplies & Instruments > Pens,0.7249173,True,1.0,-2.0566355742496487,0.0,PARITY,32.301734924316406,96.80555555555556,,,
OfficeDepot,OfficeDepot::Office Supplies > Writing Supplies > Pens > Multifunction Pens,Office Supplies > Writing Supplies > Pens > Multifunction Pens,4,True,10.0,Office Supplies > Writing Supplies & Instruments > Pens,0.71057665,True,1.0,-3.4654027912215977,0.0,PARITY,24.023202896118164,96.80555555555556,,,
OfficeDepot,OfficeDepot::Office Supplies > Writing Supplies > Pens > Pen Refills,Office Supplies > Writing Supplies > Pens > Pen Refills,4,True,78.0,Office Supplies > Writing Supplies & Instruments > Pens,0.69350356,True,1.0,-1.4938502115529468,0.0,PARITY,42.63134765625,96.80555555555556,,,
OfficeDepot,OfficeDepot::Office Supplies > Writing Supplies > Pens > Rollerball Pens,Office Supplies > Writing Supplies > Pens > Rollerball Pens,4,True,127.0,Office Supplies > Writing Supplies & Instruments > Pens,0.71303725,True,1.0,-1.0112678001003514,0.0,PARITY,0.8305374383926392,96.80555555555556,,,
OfficeDepot,OfficeDepot::Paper,Paper,1,False,2630.0,Paper,1.0,True,0.8382531338455318,-0.13375626111080585,85.3315129277242,PARITY,64.52014438835079,94.87179487179486,,,
OfficeDepot,OfficeDepot::Paper > Cash Register & Thermal Rolls,Paper > Cash Register & Thermal Rolls,2,False,65.0,Paper > Thermal Fax Paper Rolls,0.75992346,True,1.0,3.8067083404480093,0.0,DEEPEN,90.44595872788202,63.88446754587427,0.27501395116369876,1P-CORE GAP,0.2742255409864426
OfficeDepot,OfficeDepot::Paper > Cash Register & Thermal Rolls > Calculator Paper Rolls,Paper > Cash Register & Thermal Rolls > Calculator Paper Rolls,3,True,19.0,Paper > Thermal Fax Paper Rolls,0.70811975,True,1.0,2.612785871975575,0.0,DEEPEN,91.89077758789062,68.28100450971853,0.23225970413427788,,
OfficeDepot,OfficeDepot::Paper > Cash Register & Thermal Rolls > Cash Register & Thermal Paper Rolls,Paper > Cash Register & Thermal Rolls > Cash Register & Thermal Paper Rolls,3,True,63.0,Paper > Thermal Fax Paper Rolls,0.75477475,True,1.0,3.7759366817812556,0.0,DEEPEN,89.70691680908203,61.574803149606296,0.29118878608290116,,
OfficeDepot,OfficeDepot::Paper > Cash Register & Thermal Rolls > Fax Paper,Paper > Cash Register & Thermal Rolls > Fax Paper,3,True,2.0,Paper > Thermal Fax Paper Rolls,0.8204292,True,1.0,0.7156658870896939,0.0,DEEPEN,100.0,94.87179487179486,0.02195395845030888,,
OfficeDepot,OfficeDepot::Paper > Certificates & Covers,Paper > Certificates & Covers,2,False,76.0,Paper > Certificates & Holders,0.80016935,True,1.0,0.34697017212354186,0.0,PARITY,19.16721328936125,81.52230971128608,,,
OfficeDepot,OfficeDepot::Paper > Certificates & Covers > Award & Certificate Seals,Paper > Certificates & Covers > Award & Certificate Seals,3,True,14.0,Paper > Certificates & Holders,0.67130286,False,1.0,0.0,0.0,PARITY,0.0,63.39592122030383,,,
OfficeDepot,OfficeDepot::Paper > Certificates & Covers > Certificate & Document Covers,Paper > Certificates & Covers > Certificate & Document Covers,3,True,41.0,Paper > Certificates & Holders,0.69065917,False,1.0,0.0,0.0,PARITY,35.52946853637695,80.18575366087785,,,
OfficeDepot,OfficeDepot::Paper > Certificates & Covers > Certificates,Paper > Certificates & Covers > Certificates,3,True,21.0,Paper > Certificates & Holders,0.80789477,True,1.0,-0.9057927963718262,0.0,PARITY,0.0,81.52230971128608,,,
OfficeDepot,OfficeDepot::Paper > Copy & Printer Paper,Paper > Copy & Printer Paper,2,False,434.0,Office Supplies > Copy & Printer Paper,0.87354696,True,1.0,-1.933063972048628,0.0,PARITY,82.88156439109407,94.87179487179486,,,
OfficeDepot,OfficeDepot::Paper > Copy & Printer Paper > Cardstock,Paper > Copy & Printer Paper > Cardstock,3,True,109.0,Paper > Card Stock,0.6137306,False,1.0,0.0,0.0,PARITY,35.53178787231445,14.60107496091387,,,
OfficeDepot,OfficeDepot::Paper > Copy & Printer Paper > Colored Paper,Paper > Copy & Printer Paper > Colored Paper,3,True,105.0,Paper,0.7344606,True,1.0,-3.3449709090252453,0.0,PARITY,100.0,94.87179487179486,,,
OfficeDepot,OfficeDepot::Paper > Copy & Printer Paper > Continuous Feed Computer Paper,Paper > Copy & Printer Paper > Continuous Feed Computer Paper,3,True,13.0,Paper,0.6304385,False,1.0,0.0,0.0,PARITY,84.41217041015625,32.526681744135345,,,
OfficeDepot,OfficeDepot::Paper > Copy & Printer Paper > Copy & Multipurpose Paper,Paper > Copy & Printer Paper > Copy & Multipurpose Paper,3,True,221.0,Paper,0.66027987,False,1.0,0.0,0.0,PARITY,95.19296264648438,62.650022751245736,,,
OfficeDepot,OfficeDepot::Paper > Copy & Printer Paper > Inkjet Printer Paper,Paper > Copy & Printer Paper > Inkjet Printer Paper,3,True,23.0,Office Supplies > Copy & Printer Paper,0.70924306,True,1.0,-2.175870123618705,0.0,PARITY,94.32057189941406,91.49606299212599,,,
OfficeDepot,OfficeDepot::Paper > Copy & Printer Paper > Laser Printer Paper,Paper > Copy & Printer Paper > Laser Printer Paper,3,True,27.0,Office Supplies > Copy & Printer Paper,0.72860974,True,1.0,-2.0217194437914467,0.0,PARITY,100.0,91.49606299212599,,,
OfficeDepot,OfficeDepot::Paper > Copy & Printer Paper > Perforated & Hole Punched Paper,Paper > Copy & Printer Paper > Perforated & Hole Punched Paper,3,True,23.0,Paper,0.6423866,False,1.0,0.0,0.0,PARITY,78.43278503417969,44.58769078438098,,,
OfficeDepot,OfficeDepot::Paper > Filler & Graph Paper,Paper > Filler & Graph Paper,2,False,45.0,Paper > Loose Leaf & Graph Paper,0.76222,True,1.0,-4.179768606648217,0.0,PARITY,73.28489248631364,94.87179487179486,,,
OfficeDepot,OfficeDepot::Paper > Filler & Graph Paper > Data Pads,Paper > Filler & Graph Paper > Data Pads,3,True,9.0,"Shipping, Packing & Mailing Supplies > Shipping Supplies > Corrugated Boxes & Pads > Layer Pads",0.55587566,False,1.0,0.0,0.0,PARITY,29.099565505981445,0.0,,,
OfficeDepot,OfficeDepot::Paper > Filler & Graph Paper > Filler Paper,Paper > Filler & Graph Paper > Filler Paper,3,True,36.0,Paper,0.6841358,False,1.0,0.0,0.0,PARITY,77.28107452392578,86.73136020318056,,,
OfficeDepot,OfficeDepot::Paper > Filler & Graph Paper > Graph Paper,Paper > Filler & Graph Paper > Graph Paper,3,True,14.0,Paper > Loose Leaf & Graph Paper,0.78973156,True,1.0,-0.17101224355986977,0.0,PARITY,91.41384887695312,93.49392942893199,,,
OfficeDepot,OfficeDepot::Paper > Index Cards,Paper > Index Cards,2,True,59.0,Paper > Index Cards,1.0,True,1.0,0.8558045675344905,0.0,DEEPEN,95.66998291015625,77.00787401574803,0.10786221040872275,1P-CORE GAP,0.11090949069090157
OfficeDepot,OfficeDepot::Paper > Invitations & Cards,Paper > Invitations & Cards,2,False,551.0,Paper > Stationery & Invitations,0.792752,True,1.0,-1.6948619568602172,0.0,PARITY,83.08749639815179,95.11811023622047,,,
OfficeDepot,OfficeDepot::Paper > Invitations & Cards > DIY Business Cards,Paper > Invitations & Cards > DIY Business Cards,3,True,32.0,Paper > Business & Loyalty Cards,0.66381395,False,1.0,0.0,0.0,PARITY,77.8436050415039,63.34839851837458,,,
OfficeDepot,OfficeDepot::Paper > Invitations & Cards > Design Paper,Paper > Invitations & Cards > Design Paper,3,True,40.0,Paper,0.70806223,True,1.0,-4.294837936433004,0.0,PARITY,100.0,94.87179487179486,,,
OfficeDepot,OfficeDepot::Paper > Invitations & Cards > Greeting & Note Cards,Paper > Invitations & Cards > Greeting & Note Cards,3,True,451.0,Gift Shop > Greeting Cards,0.77816856,True,1.0,0.8037443434031655,0.0,DEEPEN,82.26031494140625,26.881889763779526,0.3007929053097099,CURATE - DEEPEN,0.307044217113496
OfficeDepot,OfficeDepot::Paper > Invitations & Cards > Invitations,Paper > Invitations & Cards > Invitations,3,True,6.0,Gift Shop > Invitations,0.905951,True,1.0,-0.865363120291575,0.0,PARITY,74.62018585205078,95.11811023622049,,,
OfficeDepot,OfficeDepot::Paper > Invitations & Cards > Place Cards & Tent Cards,Paper > Invitations & Cards > Place Cards & Tent Cards,3,True,16.0,Gift Shop > Note Cards & Postcards,0.6255922,False,1.0,0.0,0.0,PARITY,81.11126708984375,7.830241008067694,,,
OfficeDepot,OfficeDepot::Paper > Invitations & Cards > Post Cards,Paper > Invitations & Cards > Post Cards,3,True,7.0,Gift Shop > Note Cards & Postcards,0.6468053,False,1.0,0.0,0.0,PARITY,75.48560333251953,13.897766088876198,,,
OfficeDepot,OfficeDepot::Paper > Notebooks & Pads,Paper > Notebooks & Pads,2,False,889.0,Paper > Notebooks,0.87149936,True,0.5637949836423118,1.2552125372597613,85.3315129277242,DEEPEN,33.79522096109754,90.91863517060368,0.05461402607811527,1P-CORE GAP,0.055623066614714854
OfficeDepot,OfficeDepot::Paper > Notebooks & Pads > Composition Books,Paper > Notebooks & Pads > Composition Books,3,True,255.0,Paper > Notebooks,0.5509883,False,0.0,5.545177444479562,54.398839491424184,ENTER,34.106075286865234,0.0,0.8012233353496467,VERIFY,0.7995404480828179
OfficeDepot,OfficeDepot::Paper > Notebooks & Pads > Discbound Note Taking Systems,Paper > Notebooks & Pads > Discbound Note Taking Systems,3,True,110.0,Paper > Post-it® & Sticky Notes,0.5374052,False,0.0,4.709530201312334,23.46616605512416,ENTER,26.96592140197754,0.0,0.7750583481475385,VERIFY,0.7660829493911178
OfficeDepot,OfficeDepot::Paper > Notebooks & Pads > Guest Register Books,Paper > Notebooks & Pads > Guest Register Books,3,True,2.0,Expanded Assortment > Books & Magazines > Computer Books,0.55514264,False,1.0,0.0,0.0,PARITY,35.46122741699219,0.0,,,
OfficeDepot,OfficeDepot::Paper > Notebooks & Pads > Journals & Diaries,Paper > Notebooks & Pads > Journals & Diaries,3,True,117.0,Office Supplies > Notebooks & Notepads > Journals & Diaries,0.9573575,True,1.0,0.6759263695047917,0.0,PARITY,22.93726921081543,90.94907407407408,,,
OfficeDepot,OfficeDepot::Paper > Notebooks & Pads > Memo & Scratch Pads,Paper > Notebooks & Pads > Memo & Scratch Pads,3,True,38.0,Paper > Envelopes > Finger Pads & Moisteners,0.57620656,False,1.0,0.0,0.0,PARITY,32.910736083984375,0.0,,,
OfficeDepot,OfficeDepot::Paper > Notebooks & Pads > Newsprint,Paper > Notebooks & Pads > Newsprint,3,True,6.0,Paper > Notebooks,0.53928983,False,0.0,1.9459101490553132,1.279972693915863,ENTER,3.8424718379974365,0.0,0.5649945687986638,,
OfficeDepot,OfficeDepot::Paper > Notebooks & Pads > Spiral & Wireless Notebooks,Paper > Notebooks & Pads > Spiral & Wireless Notebooks,3,True,226.0,Paper > Notebooks,0.7411751,True,1.0,0.15380469219075632,0.0,PARITY,42.833984375,90.91863517060368,,,
OfficeDepot,OfficeDepot::Paper > Notebooks & Pads > Steno Books,Paper > Notebooks & Pads > Steno Books,3,True,18.0,Paper > Notebooks,0.5610915,False,1.0,0.0,0.0,PARITY,0.0,0.0,,,
OfficeDepot,OfficeDepot::Paper > Notebooks & Pads > Telephone & Address Books,Paper > Notebooks & Pads > Telephone & Address Books,3,True,8.0,Expanded Assortment > Books & Magazines > Computer Books,0.5340216,False,0.0,2.1972245773362196,1.7066302585544841,ENTER,24.820615768432617,0.0,0.6576735261374146,,
OfficeDepot,OfficeDepot::Paper > Notebooks & Pads > Telephone Message Pads & Voicemail Log Books,Paper > Notebooks & Pads > Telephone Message Pads & Voicemail Log Books,3,True,21.0,Office Supplies > Desk Organizers & Accessories > Desk Pads,0.5311794,False,0.0,3.091042453358316,4.479904428705521,ENTER,10.313251495361328,0.0,0.6730930391576168,VERIFY,0.6624212359675655
OfficeDepot,OfficeDepot::Paper > Notebooks & Pads > Writing Pads,Paper > Notebooks & Pads > Writing Pads,3,True,116.0,Paper > Easel Pads,0.5995722,False,1.0,0.0,0.0,PARITY,44.853858947753906,1.0617534340092831,,,
OfficeDepot,OfficeDepot::Paper > Photo & Presentation Paper,Paper > Photo & Presentation Paper,2,False,201.0,Paper > Specialty Paper Products > Presentation & Photo Paper,0.8745805,True,1.0,-1.146996604918674,0.0,PARITY,100.0,94.87179487179486,,,
OfficeDepot,OfficeDepot::Paper > Photo & Presentation Paper > Brochure & Presentation Paper,Paper > Photo & Presentation Paper > Brochure & Presentation Paper,3,True,21.0,Paper > Specialty Paper Products > Presentation & Photo Paper,0.7640254,True,1.0,-0.35350053058492836,0.0,PARITY,100.0,85.625,,,
OfficeDepot,OfficeDepot::Paper > Photo & Presentation Paper > Commercial Printing Paper,Paper > Photo & Presentation Paper > Commercial Printing Paper,3,True,43.0,Paper,0.68791306,False,1.0,0.0,0.0,PARITY,100.0,90.54431808300507,,,
OfficeDepot,OfficeDepot::Paper > Photo & Presentation Paper > Photo Printer Paper,Paper > Photo & Presentation Paper > Photo Printer Paper,3,True,40.0,Paper > Specialty Paper Products > Presentation & Photo Paper,0.7390428,True,1.0,-1.7743953582947274,0.0,PARITY,100.0,92.71457363397647,,,
OfficeDepot,OfficeDepot::Paper > Photo & Presentation Paper > Stationery & Resume Paper,Paper > Photo & Presentation Paper > Stationery & Resume Paper,3,True,32.0,Paper > Fine Business & Resume Papers,0.7609632,True,1.0,-2.374715069093891,0.0,PARITY,100.0,95.11811023622047,,,
OfficeDepot,OfficeDepot::Paper > Photo & Presentation Paper > Wide Format Paper,Paper > Photo & Presentation Paper > Wide Format Paper,3,True,69.0,Paper > Wide Format Paper,0.9797722,True,1.0,0.5205357195844065,0.0,PARITY,100.0,79.63254593175853,,,
OfficeDepot,OfficeDepot::Pet Supplies,Pet Supplies,1,False,230.0,Expanded Assortment > Pet Supplies & Accessories > Specialty Pet Supplies,0.8303438,True,0.9652173913043478,-1.7803205559446411,1.7066302585544841,PARITY,76.96138176607049,50.77332713504818,,,
OfficeDepot,OfficeDepot::Pet Supplies > Accessories,Pet Supplies > Accessories,2,False,8.0,Expanded Assortment > Pet Supplies & Accessories,0.88778925,True,1.0,1.5380485158223571,0.0,DEEPEN,72.04024004936218,14.522521059132284,0.4913927977918445,,
OfficeDepot,"OfficeDepot::Pet Supplies > Accessories > Collars, Leashes & Harnesses","Pet Supplies > Accessories > Collars, Leashes & Harnesses",3,True,2.0,Safety Supplies > Safety Harnesses,0.5837039,False,1.0,0.0,0.0,PARITY,13.72351360321045,0.0,,,
OfficeDepot,OfficeDepot::Pet Supplies > Accessories > Totes & Storage,Pet Supplies > Accessories > Totes & Storage,3,True,6.0,Restaurant & Foodservice Supplies > Disposable Food Packaging > Disposable Bags > Food Storage Bags,0.63176155,False,1.0,0.0,0.0,PARITY,91.4791488647461,19.363361412176378,,,
OfficeDepot,OfficeDepot::Pet Supplies > Cleaning & Waste Disposal,Pet Supplies > Cleaning & Waste Disposal,2,False,132.0,Cleaning Supplies > Waste & Recycling,0.6794758,False,1.0,-2.3317078565069886,0.0,PARITY,99.18013335719253,78.95761612677067,,,
OfficeDepot,OfficeDepot::Pet Supplies > Cleaning & Waste Disposal > Cleaning Products,Pet Supplies > Cleaning & Waste Disposal > Cleaning Products,3,True,55.0,Cleaning Supplies > Cleaning Tools,0.7257861,True,1.0,-3.1967052939935927,0.0,PARITY,100.0,85.05063052440252,,,
OfficeDepot,OfficeDepot::Pet Supplies > Cleaning & Waste Disposal > Floor & Upholstery Care,Pet Supplies > Cleaning & Waste Disposal > Floor & Upholstery Care,3,True,73.0,Cleaning Supplies > Cleaning Chemicals & Wipes > Hard Floor Care,0.70696235,True,1.0,0.8447383805751865,0.0,DEEPEN,100.0,77.29166666666667,0.1084861618004866,1P-CORE GAP,0.11164930555555554
OfficeDepot,OfficeDepot::Pet Supplies > Cleaning & Waste Disposal > Litter Care,Pet Supplies > Cleaning & Waste Disposal > Litter Care,3,True,3.0,Expanded Assortment > Pet Supplies & Accessories > Dog & Cat Supplies > Cat Litter,0.72205853,True,1.0,1.3862943611198906,0.0,DEEPEN,71.51969146728516,6.093913043478261,0.5191882010856432,,
OfficeDepot,OfficeDepot::Pet Supplies > Cleaning & Waste Disposal > Waste Stations & Waste Clean Up,Pet Supplies > Cleaning & Waste Disposal > Waste Stations & Waste Clean Up,3,True,1.0,Cleaning Supplies > Waste & Recycling,0.7202908,True,1.0,-4.958262286125988,0.0,PARITY,77.2185287475586,84.04724409448819,,,
OfficeDepot,OfficeDepot::Pet Supplies > Feeding & Hydration,Pet Supplies > Feeding & Hydration,2,False,8.0,Healthcare Supplies > Patient Care > Feeding Tubes & Nutrients > Feeding Pumps & Sets,0.6133115,False,0.0,2.1972245773362196,1.7066302585544841,DEEPEN,15.773898839950562,5.4246100322059965,0.5963293986162184,,
OfficeDepot,"OfficeDepot::Pet Supplies > Feeding & Hydration > Bowls, Feeders & Stands","Pet Supplies > Feeding & Hydration > Bowls, Feeders & Stands",3,True,2.0,Healthcare Supplies > Patient Care > Feeding Tubes & Nutrients > Feeding Pumps & Sets,0.5289791,False,0.0,1.0986122886681098,0.42665756463862103,ENTER,7.204859733581543,0.0,0.40938830182848185,,
OfficeDepot,OfficeDepot::Pet Supplies > Feeding & Hydration > Storage & Scoops,Pet Supplies > Feeding & Hydration > Storage & Scoops,3,True,6.0,Restaurant & Foodservice Supplies > Disposable Food Packaging > Disposable Bags > Food Storage Bags,0.5487392,False,0.0,1.9459101490553132,1.279972693915863,ENTER,18.630245208740234,0.0,0.6093578889108923,,
OfficeDepot,OfficeDepot::Pet Supplies > Furniture & Containment,Pet Supplies > Furniture & Containment,2,False,2.0,Office Supplies > Storage & Organization > Storage Furniture,0.6161266,False,1.0,0.0,0.0,PARITY,1.4845203161239624,11.478199250306243,,,
OfficeDepot,OfficeDepot::Pet Supplies > Furniture & Containment > Containment & Exercise,Pet Supplies > Furniture & Containment > Containment & Exercise,3,True,2.0,Laboratory & Scientific Supplies > Lab Safety > Lab Spill Control & Containment,0.61025757,False,1.0,0.0,0.0,PARITY,1.4845203161239624,2.4227286423039103,,,
OfficeDepot,"OfficeDepot::Pet Supplies > Health, Wellness & Care","Pet Supplies > Health, Wellness & Care",2,False,19.0,Healthcare Supplies > Personal Care,0.606207,False,1.0,0.0,0.0,PARITY,100.0,40.14239952197441,,,
OfficeDepot,"OfficeDepot::Pet Supplies > Health, Wellness & Care > Safety & Care","Pet Supplies > Health, Wellness & Care > Safety & Care",3,True,19.0,Healthcare Supplies > Personal Care > Baby Care,0.6727139,False,1.0,0.0,0.0,PARITY,100.0,40.14239952197441,,,
OfficeDepot,OfficeDepot::Pet Supplies > Treats & Food,Pet Supplies > Treats & Food,2,False,61.0,Expanded Assortment > Pet Supplies & Accessories > Dog & Cat Supplies > Cat Treats,0.7451426,True,1.0,4.127134385045092,0.0,DEEPEN,32.85013198852539,6.500879162498142,0.5565682189915885,OFF-BRAND,0.5553106949954638
OfficeDepot,OfficeDepot::Pet Supplies > Treats & Food > Treats,Pet Supplies > Treats & Food > Treats,3,True,61.0,Expanded Assortment > Pet Supplies & Accessories > Dog & Cat Supplies > Cat Treats,0.7965032,True,1.0,4.127134385045092,0.0,DEEPEN,32.85013198852539,6.093913043478261,0.5589907488081679,,
OfficeDepot,OfficeDepot::School Supplies,School Supplies,1,False,1599.0,School Supplies,1.0,True,0.996875,-1.4921699455294215,0.6399863469579316,PARITY,96.51411637654537,70.0,,,
OfficeDepot,OfficeDepot::School Supplies > Backpacks & Lunch Bags,School Supplies > Backpacks & Lunch Bags,2,False,113.0,School Supplies > School Bags & Lunch Boxes,0.75717133,True,1.0,-1.0920150757643166,0.0,PARITY,91.96859741210938,84.29166666666667,,,
OfficeDepot,OfficeDepot::School Supplies > Backpacks & Lunch Bags > Water Bottles & Cups,School Supplies > Backpacks & Lunch Bags > Water Bottles & Cups,3,True,12.0,"Coffee, Water & Snacks > Water & Beverages > Water Bottles, Tumblers & Travel Mugs",0.71534234,True,1.0,-2.126561500998132,0.0,PARITY,91.96859741210938,84.29166666666667,,,
OfficeDepot,OfficeDepot::School Supplies > Basic School Supplies,School Supplies > Basic School Supplies,2,False,353.0,School Supplies,0.8878171,True,0.9662921348314607,-2.980092090492792,0.6399863469579316,PARITY,83.77753418483091,70.0,,,
OfficeDepot,OfficeDepot::School Supplies > Basic School Supplies > Classroom Essentials,School Supplies > Basic School Supplies > Classroom Essentials,3,True,61.0,School Supplies > Classroom Essentials,0.99171066,True,1.0,-4.695971929167887,0.0,PARITY,100.0,69.90277777777777,,,
OfficeDepot,"OfficeDepot::School Supplies > Basic School Supplies > Rulers, Compasses & Protractors","School Supplies > Basic School Supplies > Rulers, Compasses & Protractors",3,True,25.0,"Tools, Parts & Supplies > Measuring & Leveling Tools > Compasses, Protractors and Markers",0.7246176,True,1.0,1.9865687878849134,0.0,DEEPEN,49.17013168334961,20.513888888888886,0.4511499622357926,VERTICAL EXTENSION,0.4697858989379043
OfficeDepot,OfficeDepot::School Supplies > Basic School Supplies > Textbook Covers,School Supplies > Basic School Supplies > Textbook Covers,3,True,3.0,School Supplies > Teacher Supplies > Teacher Resources > Lesson Plans & Grade Books,0.5471365,False,0.0,1.3862943611198906,0.6399863469579316,ENTER,42.31575012207031,0.0,0.5889910459866489,,
OfficeDepot,OfficeDepot::School Supplies > Folders & Binders,School Supplies > Folders & Binders,2,False,133.0,Office Supplies > Binders,0.76882637,True,1.0,-0.8368669422747015,0.0,PARITY,100.0,97.56521739130434,,,
OfficeDepot,OfficeDepot::School Supplies > Folders & Binders > Pocket Folders,School Supplies > Folders & Binders > Pocket Folders,3,True,43.0,Office Supplies > Folders & Filing > Pocket & Presentation Folders > Pocket Folders,0.96803045,True,1.0,-0.8724810446682674,0.0,PARITY,100.0,97.56521739130434,,,
OfficeDepot,OfficeDepot::School Supplies > Instructional Resources,School Supplies > Instructional Resources,2,True,535.0,School Supplies > Teacher Supplies > Teacher Resources > Teaching Resources,0.74591714,True,1.0,0.03552614872764703,0.0,PARITY,100.0,69.12347826086956,,,
OfficeDepot,OfficeDepot::School Supplies > Notebooks & Paper,School Supplies > Notebooks & Paper,2,False,215.0,Paper > Notebooks,0.805321,True,1.0,-1.224221395361675,0.0,PARITY,41.62071375693044,96.01049868766405,,,
OfficeDepot,OfficeDepot::School Supplies > Notebooks & Paper > Handwriting Paper,School Supplies > Notebooks & Paper > Handwriting Paper,3,True,2.0,Paper,0.64950687,False,1.0,0.0,0.0,PARITY,70.84425354003906,51.7752210299174,,,
OfficeDepot,OfficeDepot::School Supplies > Notebooks & Paper > Legal Pads,School Supplies > Notebooks & Paper > Legal Pads,3,True,24.0,Office Supplies > Forms & Recordkeeping > Digital Legal Forms,0.60676724,False,1.0,0.0,0.0,PARITY,27.023067474365234,5.953924544155598,,,
OfficeDepot,OfficeDepot::School Supplies > Notebooks & Paper > School Planners & Calendars,School Supplies > Notebooks & Paper > School Planners & Calendars,3,True,5.0,Office Supplies > Calendars & Planners,0.7899476,True,1.0,-4.5018239907498945,0.0,PARITY,100.0,96.85039370078741,,,
OfficeDepot,OfficeDepot::School Supplies > School Electronics,School Supplies > School Electronics,2,True,0.0,School Supplies,0.73130876,True,1.0,-8.849020750846003,0.0,PARITY,100.0,68.56410256410255,,,
OfficeDepot,OfficeDepot::School Supplies > School Furniture,School Supplies > School Furniture,2,True,220.0,School Supplies > Learning at Home > Home School Furniture,0.895506,True,1.0,0.20943155162127702,0.0,PARITY,100.0,70.0,,,
OfficeDepot,OfficeDepot::School Supplies > Storage,School Supplies > Storage,2,False,21.0,School Supplies,0.9024841,True,1.0,-5.763754262869121,0.0,PARITY,100.0,70.0,,,
OfficeDepot,OfficeDepot::School Supplies > Storage > Food Containers,School Supplies > Storage > Food Containers,3,True,2.0,Restaurant & Foodservice Supplies > Restaurant Storage & Transport > Food Storage & Containers,0.8062897,True,1.0,-2.6237224896134226,0.0,PARITY,100.0,93.28703703703704,,,
OfficeDepot,OfficeDepot::School Supplies > Storage > Locker Accessories,School Supplies > Storage > Locker Accessories,3,True,19.0,School Supplies > Teacher Supplies > Locker Accessories,0.9774003,True,1.0,0.8876679235468394,0.0,DEEPEN,100.0,63.84259259259259,0.17854369424168698,1P-CORE GAP,0.18580889917695476
OfficeDepot,OfficeDepot::School Supplies > Teacher Supplies,School Supplies > Teacher Supplies,2,False,9.0,School Supplies > Teacher Supplies,1.0,True,1.0,-6.214963893063779,0.0,PARITY,100.0,69.90277777777777,,,
OfficeDepot,OfficeDepot::School Supplies > Teacher Supplies > Classroom Rugs,School Supplies > Teacher Supplies > Classroom Rugs,3,True,9.0,School Supplies > Teacher Supplies > Classroom Decorations,0.7225559,True,1.0,-5.236563852345742,0.0,PARITY,100.0,69.90277777777777,,,
OfficeDepot,OfficeDepot::Towels & Bath Mats,Towels & Bath Mats,1,False,4.0,Furniture > Decor > Bath Mats & Towels,0.8813187,True,1.0,1.0788689979431565,0.0,DEEPEN,61.63762092590332,28.969905958510935,0.3130667581472909,,
OfficeDepot,OfficeDepot::Towels & Bath Mats > Bath Towels,Towels & Bath Mats > Bath Towels,2,True,1.0,Furniture > Decor > Bath Mats & Towels,0.7965617,True,1.0,0.1625782660690014,0.0,PARITY,93.19950103759766,51.2537207454443,,,
OfficeDepot,OfficeDepot::Towels & Bath Mats > Gym Towel,Towels & Bath Mats > Gym Towel,2,True,2.0,Furniture > Decor > Bath Mats & Towels,0.6349487,False,1.0,0.0,0.0,PARITY,43.579471588134766,6.4072241354733706,,,
OfficeDepot,OfficeDepot::Towels & Bath Mats > Pool Towels,Towels & Bath Mats > Pool Towels,2,True,1.0,Furniture > Decor > Bath Mats & Towels,0.68719184,False,1.0,0.0,0.0,PARITY,66.1920394897461,51.8114548176527,,,
