competitor,uid,path_str,level,is_leaf,comp_items,best_staples,best_score,matched,coverage,DG,WM,gap_type,AAS,CRS,sibling_coverage,concept_id,O_node,label,O
OfficeDepot,OfficeDepot::Breakroom,Breakroom,1,False,4187.0,Restaurant & Foodservice Supplies > Restaurant Storage & Transport > Kitchen Racks,0.643810510635376,True,0.9875115633672525,0.9616618925165925,11.519754245242769,DEEPEN,93.07310425766856,68.2904731191158,,13,0.21491671876273852,,
OfficeDepot,OfficeDepot::Breakroom > Appliances,Breakroom > Appliances,2,False,1104.0,"Coffee, Water & Snacks > Breakroom Appliances",0.6223183879118153,True,0.9746606334841629,0.1418367121384172,5.973205904940695,PARITY,92.59998080270736,76.29921259842519,0.9919229574401989,189,,,
OfficeDepot,OfficeDepot::Breakroom > Appliances > Heating & Cooling,Breakroom > Appliances > Heating & Cooling,3,False,383.0,Facilities > Heating & Cooling,0.6988549730804591,True,1.0,0.684394942969111,0.0,PARITY,98.83656509695291,62.15317667536988,0.961218836565097,521,,,
OfficeDepot,OfficeDepot::Breakroom > Appliances > Heating & Cooling > Air Conditioners & Accessories,Breakroom > Appliances > Heating & Cooling > Air Conditioners & Accessories,4,True,122.0,Facilities > Heating & Cooling > Air Conditioners,0.8068876237537864,True,1.0,0.6645687809398133,0.0,PARITY,100.0,63.259259259259245,1.0,522,,,
OfficeDepot,OfficeDepot::Breakroom > Appliances > Heating & Cooling > Air Purifiers & Filters,Breakroom > Appliances > Heating & Cooling > Air Purifiers & Filters,4,True,54.0,Facilities > Air Quality > Air Purifier Filters,0.7102230466622554,True,1.0,1.002375306065391,0.0,DEEPEN,100.0,58.333333333333336,1.0,433,0.2225103734439834,,
OfficeDepot,OfficeDepot::Breakroom > Appliances > Heating & Cooling > Fans,Breakroom > Appliances > Heating & Cooling > Fans,4,True,99.0,Facilities > Heating & Cooling > Ceiling Fans,0.6144275040295127,True,1.0,-0.48750207358185627,0.0,PARITY,100.0,66.04629629629629,1.0,523,,,
OfficeDepot,OfficeDepot::Breakroom > Appliances > Heating & Cooling > Heaters,Breakroom > Appliances > Heating & Cooling > Heaters,4,True,86.0,Facilities > Heating & Cooling > Heaters,0.9210099123214657,True,1.0,0.7999728065969021,0.0,DEEPEN,100.0,60.43981481481481,1.0,524,0.1817142116182573,,
OfficeDepot,OfficeDepot::Breakroom > Appliances > Heating & Cooling > Humidifiers,Breakroom > Appliances > Heating & Cooling > Humidifiers,4,True,22.0,Facilities > Air Quality > Humidifiers,0.7395811867221354,True,1.0,0.5956221604260676,0.0,PARITY,100.0,54.574074074074076,1.0,436,,,
OfficeDepot,OfficeDepot::Breakroom > Appliances > Kitchen,Breakroom > Appliances > Kitchen,3,False,675.0,Appliances & Kitchenware > Kitchenware > Kitchen Tools,0.4720375452125083,True,0.9585185185185185,-0.19935585460771676,5.973205904940695,PARITY,88.84657348138326,47.997737804213365,1.0,13,,,
OfficeDepot,OfficeDepot::Breakroom > Appliances > Kitchen > Blenders,Breakroom > Appliances > Kitchen > Blenders,4,True,90.0,"Coffee, Water & Snacks > Breakroom Appliances > Blenders & Food Processors",0.5146456049791704,True,1.0,1.5625768326758465,0.0,DEEPEN,88.32033887058876,73.08333333333333,0.9521367521367521,190,0.16871009825764083,,
OfficeDepot,OfficeDepot::Breakroom > Appliances > Kitchen > Can Openers,Breakroom > Appliances > Kitchen > Can Openers,4,True,13.0,"Shipping, Packing & Mailing Supplies > Mailing Supplies > Letter Openers",0.3386743908539662,False,1.0,0.0,0.0,PARITY,68.3816551909114,19.341812922744218,0.9577039274924471,1763,,,
OfficeDepot,OfficeDepot::Breakroom > Appliances > Kitchen > Coffee Grinders,Breakroom > Appliances > Kitchen > Coffee Grinders,4,True,3.0,"Coffee, Water & Snacks > Coffee, Coffee Makers & Supplies > Coffee Grinders",0.7313541514964098,True,1.0,-0.20144644770363662,0.0,PARITY,95.57655655029957,62.79166666666667,0.9583333333333334,206,,,
OfficeDepot,OfficeDepot::Breakroom > Appliances > Kitchen > Coffee Makers,Breakroom > Appliances > Kitchen > Coffee Makers,4,True,115.0,"Coffee, Water & Snacks > Coffee, Coffee Makers & Supplies",0.5916323614047226,True,1.0,-1.2820662756963843,0.0,PARITY,98.5,85.93700787401575,0.95,202,,,
OfficeDepot,OfficeDepot::Breakroom > Appliances > Kitchen > Cookers,Breakroom > Appliances > Kitchen > Cookers,4,True,67.0,Appliances & Kitchenware > Small Appliances > Egg Cookers & Servers,0.42870135387783537,False,1.0,0.0,0.0,PARITY,68.26895841876957,15.444305065285738,0.9539473684210527,1764,,,
OfficeDepot,OfficeDepot::Breakroom > Appliances > Kitchen > Dishwashers,Breakroom > Appliances > Kitchen > Dishwashers,4,True,7.0,Appliances & Kitchenware > Major Appliances > Dishwashers,0.7534167666057663,True,1.0,1.8341070170571472,0.0,DEEPEN,77.19275053421273,60.41263773348643,0.9580838323353293,29,0.24673991217907024,,
OfficeDepot,OfficeDepot::Breakroom > Appliances > Kitchen > Food Processors,Breakroom > Appliances > Kitchen > Food Processors,4,True,20.0,"Coffee, Water & Snacks > Breakroom Appliances > Blenders & Food Processors",0.6467502317028687,True,1.0,0.09623976388241973,0.0,PARITY,91.33745804211989,73.08333333333333,0.9572519083969465,190,,,
OfficeDepot,OfficeDepot::Breakroom > Appliances > Kitchen > Food Slicers,Breakroom > Appliances > Kitchen > Food Slicers,4,True,3.0,"Appliances & Kitchenware > Kitchenware > Kitchen Tools > Food Mills, Shavers & Spice Grinders",0.24172047943213507,False,1.0,0.0,0.0,PARITY,68.400537366138,0.0,0.9583333333333334,1765,,,
OfficeDepot,OfficeDepot::Breakroom > Appliances > Kitchen > Grills,Breakroom > Appliances > Kitchen > Grills,4,True,30.0,"Appliances & Kitchenware > Small Appliances > Griddles, Grills & Waffle Makers",0.3648448969168848,False,1.0,0.0,0.0,PARITY,68.34821178474265,10.188357633067307,0.9565891472868217,1766,,,
OfficeDepot,OfficeDepot::Breakroom > Appliances > Kitchen > Ice Makers,Breakroom > Appliances > Kitchen > Ice Makers,4,True,27.0,Appliances & Kitchenware > Major Appliances > Ice Makers & Dispensers,0.5619094271282273,True,1.0,-1.8657263994132607,0.0,PARITY,72.94991407998074,39.27214282520038,0.9567901234567902,32,,,
OfficeDepot,OfficeDepot::Breakroom > Appliances > Kitchen > Microwaves,Breakroom > Appliances > Kitchen > Microwaves,4,True,71.0,Appliances & Kitchenware > Small Appliances > Microwaves,0.7640744234366602,True,1.0,0.8689857324758217,0.0,DEEPEN,92.2974287885649,25.319444444444443,0.9536423841059603,46,0.3456099628475046,,
OfficeDepot,OfficeDepot::Breakroom > Appliances > Kitchen > Refrigerators,Breakroom > Appliances > Kitchen > Refrigerators,4,True,111.0,Appliances & Kitchenware > Major Appliances > Refrigerators,0.7534167666057663,True,1.0,0.9772352545921033,0.0,DEEPEN,92.21334101865965,26.20138888888889,0.950354609929078,34,0.3719641250371223,,
OfficeDepot,OfficeDepot::Breakroom > Appliances > Kitchen > Stoves,Breakroom > Appliances > Kitchen > Stoves,4,True,28.0,Appliances & Kitchenware > Kitchenware > Kitchen Accessories > Kitchen Storage & Organization,0.14969471342141213,False,0.0,3.367295829986474,5.973205904940695,ENTER,69.650537366138,0.0,1.0,1767,0.8496155125133517,,
OfficeDepot,OfficeDepot::Breakroom > Appliances > Kitchen > Toasters & Toaster Ovens,Breakroom > Appliances > Kitchen > Toasters & Toaster Ovens,4,True,44.0,"Coffee, Water & Snacks > Breakroom Appliances > Toaster Ovens",0.7650819280088248,True,1.0,1.2889660171593285,0.0,DEEPEN,94.64864065362497,69.97916666666666,0.9556259904912837,195,0.17592827085450782,,
OfficeDepot,OfficeDepot::Breakroom > Appliances > Kitchen > Water Filters & Dispensers,Breakroom > Appliances > Kitchen > Water Filters & Dispensers,4,True,46.0,"Coffee, Water & Snacks > Breakroom Appliances > Water Filters & Dispensers",0.827938176455698,True,1.0,0.6804620210326298,0.0,PARITY,98.66454689984101,74.52083333333334,0.9554848966613673,196,,,
OfficeDepot,OfficeDepot::Breakroom > Appliances > Laundry,Breakroom > Appliances > Laundry,3,False,47.0,Cleaning Supplies > Laundry Care > Laundry Room Organization > Laundry Accessories,0.4989710508424865,True,1.0,-2.018649381693486,0.0,PARITY,91.10595655179235,78.88695652173912,0.9735349716446124,171,,,
OfficeDepot,OfficeDepot::Breakroom > Appliances > Laundry > Dryers,Breakroom > Appliances > Laundry > Dryers,4,True,6.0,Cleaning Supplies > Laundry Care > Dryer Sheets,0.52896936387124,True,1.0,-3.4962752464462694,0.0,PARITY,100.0,58.895833333333336,1.0,35,,,
OfficeDepot,OfficeDepot::Breakroom > Appliances > Laundry > Fabric Steamers,Breakroom > Appliances > Laundry > Fabric Steamers,4,True,12.0,Retail Store Supplies > Sewing & Tailoring > Fabric,0.4605440986765801,True,1.0,1.48438513866513,0.0,DEEPEN,88.75956410876529,42.577564426482375,1.0,1344,0.35400136873814664,,
OfficeDepot,OfficeDepot::Breakroom > Appliances > Laundry > Irons,Breakroom > Appliances > Laundry > Irons,4,True,7.0,"Tools, Parts & Supplies > Power Tools > Soldering Guns & Irons",0.3572748361833527,False,1.0,0.0,0.0,PARITY,80.34474098897648,13.73041085330697,1.0,1768,,,
OfficeDepot,OfficeDepot::Breakroom > Appliances > Laundry > Sewing Machines,Breakroom > Appliances > Laundry > Sewing Machines,4,True,18.0,Retail Store Supplies > Sewing & Tailoring > Sewing Machines,0.7329705761769507,True,1.0,0.010841613678691076,0.0,PARITY,97.19844909310615,40.50925925925925,1.0,1352,,,
OfficeDepot,OfficeDepot::Breakroom > Appliances > Laundry > Washers,Breakroom > Appliances > Laundry > Washers,4,True,4.0,Appliances & Kitchenware > Major Appliances > Washers & Dryers,0.5023893541917224,True,1.0,-3.8120679083372275,0.0,PARITY,85.54890200285166,28.680555555555554,1.0,35,,,
OfficeDepot,OfficeDepot::Breakroom > Beverages,Breakroom > Beverages,2,False,290.0,"Coffee, Water & Snacks > Water & Beverages",0.5490974519081229,True,1.0,-0.27117749569988714,0.0,PARITY,99.59841348537432,83.10236220472441,0.9866137828458106,234,,,
OfficeDepot,OfficeDepot::Breakroom > Beverages > Energy & Nutrition Drinks,Breakroom > Beverages > Energy & Nutrition Drinks,3,True,59.0,"Coffee, Water & Snacks > Water & Beverages > Energy & Sports Drinks",0.5262623187230245,True,1.0,0.7052526776448453,0.0,DEEPEN,100.0,75.75,1.0,235,0.10414419087136931,1P-CORE GAP,0.10989078947368423
OfficeDepot,OfficeDepot::Breakroom > Beverages > Hot Chocolate,Breakroom > Beverages > Hot Chocolate,3,True,18.0,"Coffee, Water & Snacks > Candy, Gum & Mints > Chocolate",0.5394577424808213,True,1.0,-0.8356402229243582,0.0,PARITY,100.0,79.04166666666667,1.0,198,,,
OfficeDepot,OfficeDepot::Breakroom > Beverages > Juice,Breakroom > Beverages > Juice,3,True,43.0,"Coffee, Water & Snacks > Water & Beverages > Juice",0.8767815245657239,True,1.0,1.028201354371515,0.0,DEEPEN,100.0,71.5625,1.0,236,0.1551672717842324,1P-CORE GAP,0.16598519736842107
OfficeDepot,OfficeDepot::Breakroom > Beverages > Soda,Breakroom > Beverages > Soda,3,True,35.0,"Coffee, Water & Snacks > Water & Beverages > Soda",0.8767815245657239,True,1.0,1.0007186049355865,0.0,DEEPEN,100.0,70.52083333333333,1.0,239,0.15693680843706778,1P-CORE GAP,0.16834155701754386
OfficeDepot,OfficeDepot::Breakroom > Beverages > Tea,Breakroom > Beverages > Tea,3,True,76.0,"Coffee, Water & Snacks > Coffee, Coffee Makers & Supplies > Tea",0.729322125321717,True,1.0,0.6637452311738294,0.0,PARITY,100.0,77.77083333333333,1.0,208,,,
OfficeDepot,OfficeDepot::Breakroom > Beverages > Water,Breakroom > Beverages > Water,3,True,59.0,"Coffee, Water & Snacks > Water & Beverages > Water",0.8767815245657239,True,1.0,0.05816322265197105,0.0,PARITY,100.0,80.39583333333333,1.0,240,,,
OfficeDepot,OfficeDepot::Breakroom > Candy & Snacks,Breakroom > Candy & Snacks,2,False,802.0,"Coffee, Water & Snacks > Snacks & Food",0.3534298402129051,False,1.0,0.6508564113160489,0.0,PARITY,93.55893710285937,60.649280736314246,0.9846678023850085,1769,,,
OfficeDepot,OfficeDepot::Breakroom > Candy & Snacks > Chips & Pretzels,Breakroom > Candy & Snacks > Chips & Pretzels,3,True,117.0,"Coffee, Water & Snacks > Snacks & Food > Pretzels",0.5977419128451108,True,1.0,2.4506909680433555,0.0,DEEPEN,100.0,76.4375,1.0,230,0.17315015560165975,1P-CORE GAP,0.17919901315789472
OfficeDepot,OfficeDepot::Breakroom > Candy & Snacks > Chocolate & Caramels,Breakroom > Candy & Snacks > Chocolate & Caramels,3,True,137.0,"Coffee, Water & Snacks > Candy, Gum & Mints > Chocolate",0.5343494572809452,True,1.0,1.1471744830664066,0.0,DEEPEN,100.0,79.04166666666667,1.0,198,0.12235840248962648,1P-CORE GAP,0.12850767543859642
OfficeDepot,OfficeDepot::Breakroom > Candy & Snacks > Cookies,Breakroom > Candy & Snacks > Cookies,3,True,74.0,"Coffee, Water & Snacks > Snacks & Food > Cookies",0.8192591265984024,True,1.0,1.0064111497869819,0.0,DEEPEN,100.0,75.20833333333333,1.0,218,0.13321663208852005,1P-CORE GAP,0.1426173245614035
OfficeDepot,OfficeDepot::Breakroom > Candy & Snacks > Crackers,Breakroom > Candy & Snacks > Crackers,3,True,57.0,"Coffee, Water & Snacks > Snacks & Food > Crackers",0.8192591265984024,True,1.0,1.542746537935428,0.0,DEEPEN,100.0,69.97916666666666,1.0,219,0.19818732710926695,1P-CORE GAP,0.20809177631578948
OfficeDepot,OfficeDepot::Breakroom > Candy & Snacks > Gift Baskets,Breakroom > Candy & Snacks > Gift Baskets,3,True,4.0,Office Supplies > Storage & Organization > Storage Baskets,0.3454053449206351,False,1.0,0.0,0.0,PARITY,83.6285332119792,26.832892298928662,1.0,1770,,,
OfficeDepot,OfficeDepot::Breakroom > Candy & Snacks > Gum & Mints,Breakroom > Candy & Snacks > Gum & Mints,3,True,60.0,"Coffee, Water & Snacks > Candy, Gum & Mints > Gum & Mints",0.792481932043998,True,1.0,1.2865955846050956,0.0,DEEPEN,100.0,76.7244094488189,1.0,199,0.13975012252099187,1P-CORE GAP,0.14859627020306665
OfficeDepot,OfficeDepot::Breakroom > Candy & Snacks > Hard Candy,Breakroom > Candy & Snacks > Hard Candy,3,True,32.0,"Coffee, Water & Snacks > Candy, Gum & Mints > Hard Candy & Lollipops",0.5491093554666752,True,1.0,0.7764966553066062,0.0,DEEPEN,100.0,71.22916666666667,1.0,201,0.1302447268326417,1P-CORE GAP,0.14006853070175432
OfficeDepot,OfficeDepot::Breakroom > Candy & Snacks > Licorice & Gummy Snacks,Breakroom > Candy & Snacks > Licorice & Gummy Snacks,3,True,73.0,"Coffee, Water & Snacks > Snacks & Food",0.298612691045655,False,1.0,0.0,0.0,PARITY,83.6285332119792,3.5703779699644564,1.0,1771,,,
OfficeDepot,OfficeDepot::Breakroom > Candy & Snacks > Nuts & Bars,Breakroom > Candy & Snacks > Nuts & Bars,3,True,216.0,"Coffee, Water & Snacks > Snacks & Food > Nuts & Seeds",0.3979284532443897,False,1.0,0.0,0.0,PARITY,83.6285332119792,46.30785998113475,1.0,1772,,,
OfficeDepot,OfficeDepot::Breakroom > Candy & Snacks > Popcorn,Breakroom > Candy & Snacks > Popcorn,3,True,32.0,"Coffee, Water & Snacks > Snacks & Food > Popcorn",0.8192591265984024,True,1.0,1.703935414420435,0.0,DEEPEN,100.0,64.41666666666667,1.0,229,0.24199619640387277,1P-CORE GAP,0.25264166666666665
OfficeDepot,OfficeDepot::Breakroom > Coffee & Coffee Supplies,Breakroom > Coffee & Coffee Supplies,2,False,728.0,"Coffee, Water & Snacks > Coffee",0.579730008347564,True,1.0,0.5105134060138754,0.0,PARITY,94.11333517599093,85.93700787401575,0.9849498327759197,202,,,
OfficeDepot,OfficeDepot::Breakroom > Coffee & Coffee Supplies > Carafes,Breakroom > Coffee & Coffee Supplies > Carafes,3,True,14.0,"Coffee, Water & Snacks > Coffee, Coffee Makers & Supplies > Carafes, Kettles & Decanters",0.51546590072596,True,1.0,-0.08266590573012778,0.0,PARITY,100.0,71.70833333333334,1.0,203,,,
OfficeDepot,OfficeDepot::Breakroom > Coffee & Coffee Supplies > Coffee,Breakroom > Coffee & Coffee Supplies > Coffee,3,True,434.0,"Coffee, Water & Snacks > Coffee",0.8796083654658958,True,1.0,1.7183870793352574,0.0,DEEPEN,100.0,85.93700787401575,1.0,202,0.09610683830496293,1P-CORE GAP,0.10103149606299212
OfficeDepot,OfficeDepot::Breakroom > Coffee & Coffee Supplies > Coffee Filters,Breakroom > Coffee & Coffee Supplies > Coffee Filters,3,True,16.0,"Coffee, Water & Snacks > Coffee, Coffee Makers & Supplies > Coffee Filters",0.8796083654658958,True,1.0,1.36612608768072,0.0,DEEPEN,100.0,74.31496062992127,1.0,205,0.15805358251380391,1P-CORE GAP,0.16830460008288423
OfficeDepot,OfficeDepot::Breakroom > Coffee & Coffee Supplies > Coffee Organizers,Breakroom > Coffee & Coffee Supplies > Coffee Organizers,3,True,7.0,"Coffee, Water & Snacks > Coffee, Coffee Makers & Supplies > Coffee Organizers & Dispensers",0.7294511522548363,True,1.0,-0.6220833507874515,0.0,PARITY,100.0,74.31496062992127,1.0,207,,,
OfficeDepot,OfficeDepot::Breakroom > Coffee & Coffee Supplies > Coffee Pots,Breakroom > Coffee & Coffee Supplies > Coffee Pots,3,True,8.0,"Coffee, Water & Snacks > Coffee",0.6084024633662863,True,1.0,-2.1597343744172073,0.0,PARITY,100.0,75.49724307718826,1.0,202,,,
OfficeDepot,OfficeDepot::Breakroom > Coffee & Coffee Supplies > Creamers,Breakroom > Coffee & Coffee Supplies > Creamers,3,True,83.0,"Coffee, Water & Snacks > Water & Beverages > Milk & Creamer",0.4300328216107583,False,1.0,0.0,0.0,PARITY,81.89919629790504,63.08660439306156,1.0,1773,,,
OfficeDepot,OfficeDepot::Breakroom > Coffee & Coffee Supplies > Hot Cups & Lids,Breakroom > Coffee & Coffee Supplies > Hot Cups & Lids,3,True,125.0,Party Supplies > Disposable Cups,0.35239930067571495,False,1.0,0.0,0.0,PARITY,81.89919629790504,11.76694317052375,1.0,1774,,,
OfficeDepot,OfficeDepot::Breakroom > Coffee & Coffee Supplies > Stir Sticks,Breakroom > Coffee & Coffee Supplies > Stir Sticks,3,True,13.0,"Coffee, Water & Snacks > Snacks & Food > Jerky & Meat Sticks",0.23516904567734775,False,1.0,0.0,0.0,PARITY,81.89919629790504,0.0,1.0,1775,,,
OfficeDepot,OfficeDepot::Breakroom > Coffee & Coffee Supplies > Sugar & Sweeteners,Breakroom > Coffee & Coffee Supplies > Sugar & Sweeteners,3,True,36.0,"Coffee, Water & Snacks > Snacks & Food > Fresh, Frozen & Dry Groceries > Sugar & Sweeteners",0.7211977925957685,True,1.0,0.592279272881326,0.0,PARITY,100.0,81.51652173913043,1.0,225,,,
OfficeDepot,OfficeDepot::Breakroom > Cookware,Breakroom > Cookware,2,False,114.0,Restaurant & Foodservice Supplies > Smallwares > Commercial Cookware,0.47716902996545363,True,1.0,1.3652656959538878,0.0,DEEPEN,93.7403697778092,21.550418422778346,0.9871733966745844,1291,0.4667075871987272,CURATE - DEEPEN,0.4960161041684047
OfficeDepot,OfficeDepot::Breakroom > Cookware > Bakeware,Breakroom > Cookware > Bakeware,3,True,32.0,Appliances & Kitchenware > Kitchenware > Kitchen Tools > Bakeware,0.7539838861078062,True,1.0,1.908766752642953,0.0,DEEPEN,98.27297989728,23.44695652173913,1.0,14,0.5319050449974855,,
OfficeDepot,OfficeDepot::Breakroom > Cookware > Kitchen Scales,Breakroom > Cookware > Kitchen Scales,3,True,7.0,Appliances & Kitchenware > Kitchenware > Kitchen Tools,0.36308099828448365,False,1.0,0.0,0.0,PARITY,73.28407744913956,11.852901270340519,1.0,1776,,,
OfficeDepot,OfficeDepot::Breakroom > Cookware > Pots & Pans,Breakroom > Cookware > Pots & Pans,3,True,59.0,Appliances & Kitchenware > Kitchenware > Kitchen Tools > Pots & Pans,0.7539838861078062,True,1.0,0.878987114712865,0.0,DEEPEN,100.0,27.516521739130432,1.0,24,0.3545975969691502,,
OfficeDepot,OfficeDepot::Breakroom > Cookware > Teapots & Kettles,Breakroom > Cookware > Teapots & Kettles,3,True,16.0,"Coffee, Water & Snacks > Coffee, Coffee Makers & Supplies > Carafes, Kettles & Decanters",0.23430416851624455,False,1.0,0.0,0.0,PARITY,73.28407744913956,0.0,1.0,1777,,,
OfficeDepot,"OfficeDepot::Breakroom > Cups, Plates & Cutlery","Breakroom > Cups, Plates & Cutlery",2,False,911.0,"Coffee, Water & Snacks > Plates, Cups & Cutlery",0.5149664074029208,True,1.0,0.9288722223063015,0.0,DEEPEN,98.38824384059083,82.53543307086615,0.9841781423967184,214,0.08865238842689095,1P-CORE GAP,0.09521065941065282
OfficeDepot,"OfficeDepot::Breakroom > Cups, Plates & Cutlery > Bowls","Breakroom > Cups, Plates & Cutlery > Bowls",3,True,18.0,Party Supplies > Disposable Bowls,0.5772515174989485,True,1.0,0.5712363189584413,0.0,PARITY,100.0,28.05249343832021,1.0,1212,,,
OfficeDepot,"OfficeDepot::Breakroom > Cups, Plates & Cutlery > Cooking Utensils","Breakroom > Cups, Plates & Cutlery > Cooking Utensils",3,True,28.0,Appliances & Kitchenware > Kitchenware > Kitchen Tools > Cooking Utensils,0.7371002721496669,True,1.0,0.30870327201499315,0.0,PARITY,100.0,27.22434782608695,1.0,16,,,
OfficeDepot,"OfficeDepot::Breakroom > Cups, Plates & Cutlery > Cups","Breakroom > Cups, Plates & Cutlery > Cups",3,True,272.0,Party Supplies > Disposable Cups,0.5366495998233852,True,1.0,1.4930953053803613,0.0,DEEPEN,100.0,32.44094488188976,1.0,1214,0.4403953344006273,,
OfficeDepot,"OfficeDepot::Breakroom > Cups, Plates & Cutlery > Cutlery","Breakroom > Cups, Plates & Cutlery > Cutlery",3,True,150.0,Restaurant & Foodservice Supplies > Tabletop > Flatware,0.7302437470975551,True,1.0,3.6874267865999855,0.0,DEEPEN,98.33459017343726,61.01537018168485,1.0,1300,0.30264998925357967,,
OfficeDepot,"OfficeDepot::Breakroom > Cups, Plates & Cutlery > Dinnerware","Breakroom > Cups, Plates & Cutlery > Dinnerware",3,True,5.0,Appliances & Kitchenware > Kitchenware > Dining & Tableware > Tableware,0.7426609468352717,True,1.0,-1.7040087206705468,0.0,PARITY,100.0,27.31944444444444,1.0,7,,,
OfficeDepot,"OfficeDepot::Breakroom > Cups, Plates & Cutlery > Food Storage","Breakroom > Cups, Plates & Cutlery > Food Storage",3,True,206.0,Restaurant & Foodservice Supplies > Disposable Food Packaging > Disposable Bags > Food Storage Bags,0.575959938976843,True,1.0,2.9339369955862415,0.0,DEEPEN,100.0,26.23611111111111,1.0,1267,0.5653190986629784,,
OfficeDepot,"OfficeDepot::Breakroom > Cups, Plates & Cutlery > Napkins","Breakroom > Cups, Plates & Cutlery > Napkins",3,True,43.0,Party Supplies > Napkins,0.8680865063654821,True,1.0,-0.36342594051434274,0.0,PARITY,100.0,44.89566990287518,1.0,1217,,,
OfficeDepot,"OfficeDepot::Breakroom > Cups, Plates & Cutlery > Plates","Breakroom > Cups, Plates & Cutlery > Plates",3,True,57.0,Party Supplies > Disposable Plates,0.5567967786776464,True,1.0,-0.19927818267009023,0.0,PARITY,100.0,50.52173913043478,1.0,1216,,,
OfficeDepot,"OfficeDepot::Breakroom > Cups, Plates & Cutlery > Serveware","Breakroom > Cups, Plates & Cutlery > Serveware",3,True,55.0,Appliances & Kitchenware > Kitchenware > Dining & Tableware > Tableware,0.7426609468352717,True,1.0,0.5295835008365479,0.0,PARITY,100.0,27.31944444444444,1.0,7,,,
OfficeDepot,"OfficeDepot::Breakroom > Cups, Plates & Cutlery > Tablecloths","Breakroom > Cups, Plates & Cutlery > Tablecloths",3,True,10.0,Restaurant & Foodservice Supplies > Tabletop > Placemats & Tablecloths,0.47920071089897054,True,1.0,-1.097872917100231,0.0,PARITY,100.0,25.458333333333332,1.0,1303,,,
OfficeDepot,"OfficeDepot::Breakroom > Cups, Plates & Cutlery > Water Bottles","Breakroom > Cups, Plates & Cutlery > Water Bottles",3,True,67.0,"Coffee, Water & Snacks > Water & Beverages > Water Bottles, Tumblers & Travel Mugs",0.40553987859701984,False,1.0,0.0,0.0,PARITY,88.26735792627365,57.22739741865269,1.0,1778,,,
OfficeDepot,OfficeDepot::Breakroom > First Aid,Breakroom > First Aid,2,False,117.0,Healthcare Supplies > First Aid,0.6615739016298476,True,1.0,-0.14293822879357876,0.0,PARITY,91.16527641821804,41.979166666666664,0.9871642500594248,831,,,
OfficeDepot,OfficeDepot::Breakroom > First Aid > Bandages,Breakroom > First Aid > Bandages,3,True,26.0,Healthcare Supplies > Wound Care > Bandages,0.7306374800935084,True,1.0,-0.45200154801484604,0.0,PARITY,99.65714566791269,44.538509732673106,1.0,1005,,,
OfficeDepot,OfficeDepot::Breakroom > First Aid > First Aid Kits,Breakroom > First Aid > First Aid Kits,3,True,46.0,Healthcare Supplies > First Aid > First Aid Kits,0.9101613643602415,True,1.0,0.4799963066104498,0.0,PARITY,100.0,41.979166666666664,1.0,831,,,
OfficeDepot,OfficeDepot::Breakroom > First Aid > Medicine,Breakroom > First Aid > Medicine,3,False,44.0,Healthcare Supplies > OTC Pharmaceuticals > Medicine & Vitamins,0.4721804170140875,True,1.0,-3.288454468749772,0.0,PARITY,78.22900079682671,48.842592592592595,1.0,838,,,
OfficeDepot,OfficeDepot::Breakroom > First Aid > Medicine > Antacids,Breakroom > First Aid > Medicine > Antacids,4,True,5.0,Healthcare Supplies > OTC Pharmaceuticals > Medicine & Vitamins > Antacids,0.8513333709629215,True,1.0,0.26252687931458496,0.0,PARITY,87.41107644989457,38.7304347826087,1.0,839,,,
OfficeDepot,OfficeDepot::Breakroom > First Aid > Medicine > Aspirin & Pain Relievers,Breakroom > First Aid > Medicine > Aspirin & Pain Relievers,4,True,25.0,Healthcare Supplies > OTC Pharmaceuticals > Medicine & Vitamins > Pain Relievers,0.6753168103402976,True,1.0,0.9381028815991725,0.0,DEEPEN,84.83496316877417,42.10434782608696,1.0,845,0.27130642128604576,,
OfficeDepot,OfficeDepot::Breakroom > First Aid > Medicine > Cold & Sinus Medicine,Breakroom > First Aid > Medicine > Cold & Sinus Medicine,4,True,15.0,Healthcare Supplies > OTC Pharmaceuticals > Medicine & Vitamins,0.24862691181193047,False,1.0,0.0,0.0,PARITY,64.15837162589168,0.0,1.0,1779,,,
OfficeDepot,OfficeDepot::Breakroom > Fresh & Frozen Foods,Breakroom > Fresh & Frozen Foods,2,False,113.0,"Coffee, Water & Snacks > Snacks & Food > Fresh, Frozen & Dry Groceries > Frozen Foods",0.5717135123615052,True,0.7699115044247787,1.3756536989014414,5.546548340302073,DEEPEN,85.94472720205034,79.70086956521739,0.9933507480408454,224,0.15080151375193113,1P-CORE GAP,0.15575682451847406
OfficeDepot,OfficeDepot::Breakroom > Fresh & Frozen Foods > Bakery & Breads,Breakroom > Fresh & Frozen Foods > Bakery & Breads,3,True,10.0,Appliances & Kitchenware > Small Appliances > Bread Machines,0.25220187364609625,False,1.0,0.0,0.0,PARITY,58.390122248046005,0.0,0.7475728155339806,1780,,,
OfficeDepot,OfficeDepot::Breakroom > Fresh & Frozen Foods > Breakfast & Cereal,Breakroom > Fresh & Frozen Foods > Breakfast & Cereal,3,True,13.0,"Coffee, Water & Snacks > Snacks & Food > Fresh, Frozen & Dry Groceries > Fresh Groceries",0.12261889643416642,False,0.0,2.6390573296152584,2.7732741701510366,ENTER,62.062937782026594,0.0,0.87,1781,0.7895083154207686,VERIFY,0.8067151291355534
OfficeDepot,OfficeDepot::Breakroom > Fresh & Frozen Foods > Dairy,Breakroom > Fresh & Frozen Foods > Dairy,3,True,10.0,"Coffee, Water & Snacks > Snacks & Food > Fresh, Frozen & Dry Groceries > Dry Goods",0.12367891914059842,False,0.0,2.3978952727983707,2.1332878231931054,ENTER,61.302743607269306,0.0,0.8446601941747572,1782,0.7646136250126792,VERIFY,0.77706612555865
OfficeDepot,OfficeDepot::Breakroom > Fresh & Frozen Foods > Frozen Meals & Snacks,Breakroom > Fresh & Frozen Foods > Frozen Meals & Snacks,3,True,9.0,"Coffee, Water & Snacks > Snacks & Food > Fresh, Frozen & Dry Groceries > Frozen Foods",0.3912834201272341,False,1.0,0.0,0.0,PARITY,58.4629377820266,47.349568772063336,0.75,1783,,,
OfficeDepot,OfficeDepot::Breakroom > Fresh & Frozen Foods > Fruits & Vegetables,Breakroom > Fresh & Frozen Foods > Fruits & Vegetables,3,True,1.0,"Coffee, Water & Snacks > Snacks & Food > Fruit Snacks",0.28118927650932496,False,1.0,0.0,0.0,PARITY,58.99865206774088,0.0,0.7678571428571429,1784,,,
OfficeDepot,OfficeDepot::Breakroom > Fresh & Frozen Foods > Meats & Deli,Breakroom > Fresh & Frozen Foods > Meats & Deli,3,True,3.0,"Coffee, Water & Snacks > Snacks & Food > Jerky & Meat Sticks",0.19411061578277772,False,0.0,1.3862943611198906,0.6399863469579316,ENTER,59.69021050929932,0.0,0.7909090909090909,1785,0.6328050713619228,,
OfficeDepot,OfficeDepot::Breakroom > Fresh & Frozen Foods > Pantry,Breakroom > Fresh & Frozen Foods > Pantry,3,True,67.0,"Coffee, Water & Snacks > Snacks & Food > Fresh, Frozen & Dry Groceries > Fresh Groceries",0.5920158982008992,True,1.0,1.5955463266209247,0.0,DEEPEN,83.04347826086956,78.29217391304348,0.43478260869565216,223,0.13370618848684981,,
OfficeDepot,OfficeDepot::Breakroom > Party Supplies,Breakroom > Party Supplies,2,False,136.0,Party Supplies,0.8597873559091317,True,1.0,-2.2226343637620136,0.0,PARITY,99.61318051575932,38.3199773863453,0.9871060171919771,1207,,,
OfficeDepot,"OfficeDepot::Breakroom > Party Supplies > Gift Wrap, Bags, & Tissue Paper","Breakroom > Party Supplies > Gift Wrap, Bags, & Tissue Paper",3,True,18.0,Party Supplies > Wrapping Supplies > Tissue Paper,0.5202656894421672,True,1.0,-0.08769578115698984,0.0,PARITY,100.0,32.74074074074074,1.0,1236,,,
OfficeDepot,OfficeDepot::Breakroom > Party Supplies > Party Decorations,Breakroom > Party Supplies > Party Decorations,3,True,118.0,Party Supplies > Party Décor,0.4856050776110756,True,1.0,0.2826799153238193,0.0,PARITY,100.0,39.17104738313244,1.0,1218,,,
OfficeDepot,OfficeDepot::Cleaning,Cleaning,1,False,4139.0,"Cleaning Supplies > Cleaning Tools > Cleaning Carts, Caddies & Accessories > Cleaning Carts",0.663587749004364,True,0.9762232265671055,-1.5308630990299186,25.81278266063657,PARITY,73.27294683098795,85.64583333333333,,143,,,
OfficeDepot,OfficeDepot::Cleaning > Air Fresheners,Cleaning > Air Fresheners,2,True,137.0,Cleaning Supplies > Cleaning Chemicals & Wipes > Air Fresheners & Deodorizers,0.6269791146483004,True,1.0,0.2894038319016152,0.0,PARITY,99.26696284329564,83.29166666666666,0.9755654281098546,129,,,
OfficeDepot,OfficeDepot::Cleaning > Cleaning Supplies,Cleaning > Cleaning Supplies,2,False,837.0,Cleaning Supplies,0.8485356423978289,True,1.0,-2.6651296157842284,0.0,PARITY,72.71903989062035,88.7244094488189,0.9685469196776709,126,,,
OfficeDepot,OfficeDepot::Cleaning > Cleaning Supplies > All-Purpose Cleaners,Cleaning > Cleaning Supplies > All-Purpose Cleaners,3,True,321.0,Cleaning Supplies > Cleaning Tools,0.32658089464776735,False,1.0,0.0,0.0,PARITY,65.37321877250625,17.296984010891812,1.0,1786,,,
OfficeDepot,OfficeDepot::Cleaning > Cleaning Supplies > Bathroom Cleaners,Cleaning > Cleaning Supplies > Bathroom Cleaners,3,True,221.0,Facilities > Heating & Cooling > Bathroom Fans,0.3332705906453632,False,1.0,0.0,0.0,PARITY,65.37321877250625,17.9532061856488,1.0,1787,,,
OfficeDepot,OfficeDepot::Cleaning > Cleaning Supplies > Car Cleaners,Cleaning > Cleaning Supplies > Car Cleaners,3,True,4.0,Cleaning Supplies > Cleaning Tools,0.35376988863818865,False,1.0,0.0,0.0,PARITY,65.37321877250625,30.680356343458115,1.0,1788,,,
OfficeDepot,OfficeDepot::Cleaning > Cleaning Supplies > Cleaning Wipes,Cleaning > Cleaning Supplies > Cleaning Wipes,3,True,179.0,Cleaning Supplies > Cleaning Chemicals & Wipes,0.6526541974021014,True,1.0,-0.8360266808261256,0.0,PARITY,99.73990573266859,86.71433576261734,1.0,128,,,
OfficeDepot,OfficeDepot::Cleaning > Cleaning Supplies > Dish Detergents,Cleaning > Cleaning Supplies > Dish Detergents,3,True,64.0,Cleaning Supplies > Dishwasher Detergent,0.5790857170467023,True,1.0,1.6793693105033158,0.0,DEEPEN,91.22636980390699,68.1259842519685,1.0,154,0.2073221751267925,1P-CORE GAP,0.21657392317892366
OfficeDepot,OfficeDepot::Cleaning > Cleaning Supplies > Floor Cleaners,Cleaning > Cleaning Supplies > Floor Cleaners,3,True,68.0,Cleaning Supplies > Floor & Carpet Cleaning Equipment,0.47539013285170156,True,1.0,-0.7636988694511366,0.0,PARITY,94.63106019015052,78.66141732283465,1.0,155,,,
OfficeDepot,OfficeDepot::Cleaning > Cleaning Supplies > Furniture Cleaners,Cleaning > Cleaning Supplies > Furniture Cleaners,3,True,7.0,Furniture,0.6223272681236267,True,1.0,-7.171190733123311,0.0,PARITY,88.06218689608977,60.0,1.0,580,,,
OfficeDepot,OfficeDepot::Cleaning > Cleaning Supplies > Glass Cleaners,Cleaning > Cleaning Supplies > Glass Cleaners,3,True,44.0,Cleaning Supplies > Cleaning Tools,0.3375068464607158,False,1.0,0.0,0.0,PARITY,65.37321877250625,22.67511904788078,1.0,1789,,,
OfficeDepot,OfficeDepot::Cleaning > Cleaning Supplies > Kitchen Cleaners,Cleaning > Cleaning Supplies > Kitchen Cleaners,3,True,318.0,Cleaning Supplies > Cleaning Tools,0.33332701752740873,False,1.0,0.0,0.0,PARITY,65.37321877250625,20.61766127946941,1.0,1790,,,
OfficeDepot,OfficeDepot::Cleaning > Cleaning Supplies > Natural Cleaners,Cleaning > Cleaning Supplies > Natural Cleaners,3,True,16.0,Cleaning Supplies > Natural Cleaning Supplies,0.6011834153264919,True,1.0,-4.564198730275156,0.0,PARITY,86.67677979526157,88.7244094488189,1.0,180,,,
OfficeDepot,OfficeDepot::Cleaning > Cleaning Tools,Cleaning > Cleaning Tools,2,False,579.0,Cleaning Supplies > Cleaning Tools,0.8348667921356842,True,1.0,0.6366571518936421,0.0,PARITY,98.74874326129628,82.72440944881889,0.973170731707317,138,,,
OfficeDepot,OfficeDepot::Cleaning > Cleaning Tools > Cloths,Cleaning > Cleaning Tools > Cloths,3,True,15.0,Cleaning Supplies > Cleaning Tools > Cleaning Cloths & Rags,0.6228251959785019,True,1.0,-1.1923506499249763,0.0,PARITY,100.0,79.91666666666667,1.0,144,,,
OfficeDepot,OfficeDepot::Cleaning > Cleaning Tools > Dusters,Cleaning > Cleaning Tools > Dusters,3,True,32.0,Cleaning Supplies > Cleaning Tools > Dusters,0.9542683184335539,True,1.0,0.8138168619423456,0.0,DEEPEN,100.0,71.04166666666667,1.0,145,0.1354192600276625,1P-CORE GAP,0.14341995614035086
OfficeDepot,OfficeDepot::Cleaning > Cleaning Tools > Floor Care,Cleaning > Cleaning Tools > Floor Care,3,True,409.0,Cleaning Supplies > Cleaning Chemicals & Wipes > Hard Floor Care,0.6580033440072225,True,1.0,2.3864323717298914,0.0,DEEPEN,100.0,77.33333333333333,1.0,136,0.16468603042876906,1P-CORE GAP,0.1695228070175439
OfficeDepot,OfficeDepot::Cleaning > Cleaning Tools > Laundry Organizers,Cleaning > Cleaning Tools > Laundry Organizers,3,True,23.0,Cleaning Supplies > Laundry Care,0.43277243338226123,False,1.0,0.0,0.0,PARITY,88.76290167541096,64.52238976560866,1.0,1791,,,
OfficeDepot,OfficeDepot::Cleaning > Cleaning Tools > Sponges,Cleaning > Cleaning Tools > Sponges,3,True,54.0,Cleaning Supplies > Cleaning Tools > Sponges & Scrubbers,0.6643344666465317,True,1.0,0.8855056351467825,0.0,DEEPEN,100.0,74.0625,1.0,150,0.1277502593360996,1P-CORE GAP,0.13501151315789475
OfficeDepot,OfficeDepot::Cleaning > Cleaning Tools > Spray Bottles,Cleaning > Cleaning Tools > Spray Bottles,3,True,40.0,Cleaning Supplies > Cleaning Tools > Spray Bottles & Sprayers,0.8192022349341904,True,1.0,1.7127514796403993,0.0,DEEPEN,100.0,65.39583333333334,1.0,151,0.2359113934993084,1P-CORE GAP,0.2471466008771929
OfficeDepot,OfficeDepot::Cleaning > Cleaning Tools > Squeegees,Cleaning > Cleaning Tools > Squeegees,3,True,6.0,Cleaning Supplies > Cleaning Tools > Squeegees,0.9542683184335539,True,1.0,-0.5491078103370077,0.0,PARITY,100.0,69.64583333333333,1.0,152,,,
OfficeDepot,OfficeDepot::Cleaning > Facial Tissues,Cleaning > Facial Tissues,2,True,35.0,"Coffee, Water & Snacks > Paper Products > Facial Tissue",0.7323175437399494,True,1.0,0.5924315821887123,0.0,PARITY,99.2817570241393,73.47916666666667,0.9760585674713098,210,,,
OfficeDepot,OfficeDepot::Cleaning > Facility Supplies,Cleaning > Facility Supplies,2,False,281.0,Facilities,0.5383254367672016,True,0.9217081850533808,-2.4855695217771103,4.693233211024832,PARITY,68.62484626449688,65.69230769230768,0.9794093178036606,424,,,
OfficeDepot,OfficeDepot::Cleaning > Facility Supplies > Electrical Switches,Cleaning > Facility Supplies > Electrical Switches,3,True,7.0,Facilities > Electrical and Wiring > Electrical,0.4690565897178779,True,1.0,0.2868693946337906,0.0,PARITY,70.93528841243149,50.101851851851855,0.9197080291970803,448,,,
OfficeDepot,OfficeDepot::Cleaning > Facility Supplies > Flashlights & Emergency Products,Cleaning > Facility Supplies > Flashlights & Emergency Products,3,True,55.0,Facilities > Flashlights & Lanterns,0.4184148392126877,False,1.0,0.0,0.0,PARITY,54.715519713105685,40.28309030888182,0.9026548672566371,1792,,,
OfficeDepot,OfficeDepot::Cleaning > Facility Supplies > Housekeeping Carts,Cleaning > Facility Supplies > Housekeeping Carts,3,True,9.0,"Cleaning Supplies > Cleaning Tools > Cleaning Carts, Caddies & Accessories > Cleaning Carts",0.2116550033977907,False,0.0,2.302585092994046,1.9199590408737948,ENTER,56.202050165994805,0.0,0.9522058823529411,1793,0.7389381007054533,,
OfficeDepot,OfficeDepot::Cleaning > Facility Supplies > Janitorial Carts,Cleaning > Facility Supplies > Janitorial Carts,3,True,6.0,"Cleaning Supplies > Cleaning Tools > Cleaning Carts, Caddies & Accessories > Cleaning Carts",0.7546767121246737,True,1.0,0.35816934023178604,0.0,PARITY,84.06487545195759,78.24351534599163,0.92,143,,,
OfficeDepot,OfficeDepot::Cleaning > Facility Supplies > Key Control & Locks,Cleaning > Facility Supplies > Key Control & Locks,3,True,54.0,Facilities > Locks & Key Control,0.7760733829697177,True,1.0,0.259494771213296,0.0,PARITY,89.70193898113988,57.701388888888886,0.9030837004405287,527,,,
OfficeDepot,OfficeDepot::Cleaning > Facility Supplies > Ladders & Step Stools,Cleaning > Facility Supplies > Ladders & Step Stools,3,True,9.0,Facilities > Ladders & Step Stools,0.8696515257489318,True,1.0,-1.0185831310382718,0.0,PARITY,97.57352941176471,53.17060367454067,0.9191176470588235,526,,,
OfficeDepot,OfficeDepot::Cleaning > Facility Supplies > Lighting,Cleaning > Facility Supplies > Lighting,3,False,12.0,Furniture > Lamps & Lighting,0.6957147056444951,True,1.0,-3.1514041757944615,0.0,PARITY,86.06186765625762,64.26388888888889,0.9182156133828996,698,,,
OfficeDepot,OfficeDepot::Cleaning > Facility Supplies > Lighting > Light Bulbs,Cleaning > Facility Supplies > Lighting > Light Bulbs,4,True,12.0,"Facilities > Commercial Lighting, Ballasts & Bulbs > Light Bulbs",0.9159221273346417,True,1.0,-1.9252752269586204,0.0,PARITY,83.5934275068152,64.26388888888889,,447,,,
OfficeDepot,OfficeDepot::Cleaning > Facility Supplies > Mats,Cleaning > Facility Supplies > Mats,3,True,88.0,Furniture > Chair Mats,0.4485592320526916,False,1.0,0.0,0.0,PARITY,54.21618457623559,70.09535321007151,0.8860103626943006,1794,,,
OfficeDepot,OfficeDepot::Cleaning > Facility Supplies > Pesticides & Repellents,Cleaning > Facility Supplies > Pesticides & Repellents,3,True,13.0,Facilities > Spill Containment & Sorbents,0.17406251926963429,False,0.0,2.6390573296152584,2.7732741701510366,ENTER,56.62841100883941,0.0,0.9664179104477612,1795,0.773204735101207,VERIFY,0.790411548815992
OfficeDepot,OfficeDepot::Cleaning > Facility Supplies > Sealants,Cleaning > Facility Supplies > Sealants,3,True,11.0,"Facilities > Adhesives, Sealants and Patching",0.508845686448776,True,1.0,-0.9589451927433936,0.0,PARITY,73.29471672281187,54.199475065616795,0.9185185185185185,425,,,
OfficeDepot,OfficeDepot::Cleaning > Facility Supplies > Smoking Receptacles,Cleaning > Facility Supplies > Smoking Receptacles,3,True,3.0,Facilities > Electrical and Wiring > Electrical > Receptacles,0.4730527721904359,True,1.0,1.140959836497202,0.0,DEEPEN,62.533605390982395,44.48347826086956,0.920863309352518,451,0.25664711341752483,,
OfficeDepot,OfficeDepot::Cleaning > Facility Supplies > Striping Paint & Tape,Cleaning > Facility Supplies > Striping Paint & Tape,3,True,5.0,Facilities > Paint Supplies > Paint,0.3594795620770593,False,1.0,0.0,0.0,PARITY,55.24456934758048,21.988160392661747,0.9202898550724637,1796,,,
OfficeDepot,OfficeDepot::Cleaning > Facility Supplies > Surface Protectors,Cleaning > Facility Supplies > Surface Protectors,3,True,8.0,Facilities > Paint Supplies > Surface Protection,0.4712993870791846,True,1.0,-4.088401008321252,0.0,PARITY,69.86760150250265,67.95833333333333,0.9194139194139194,551,,,
OfficeDepot,OfficeDepot::Cleaning > Facility Supplies > Workplace Posters,Cleaning > Facility Supplies > Workplace Posters,3,True,1.0,Facilities > Facilities Signs > Labor Law Posters,0.2603553161550243,False,1.0,0.0,0.0,PARITY,55.27873083826371,0.0,0.9214285714285714,1797,,,
OfficeDepot,OfficeDepot::Cleaning > Hand Sanitizers,Cleaning > Hand Sanitizers,2,True,136.0,Cleaning Supplies > Hand Soaps & Sanitizers > Hand Sanitizer,0.6989642746397603,True,1.0,1.4326804386085756,0.0,DEEPEN,99.26711084191399,78.09448818897638,0.975570361397133,165,0.14049533669025838,1P-CORE GAP,0.14766880577971678
OfficeDepot,OfficeDepot::Cleaning > Hand Soap,Cleaning > Hand Soap,2,True,256.0,Cleaning Supplies > Hand Soaps & Sanitizers > Hand Soap,0.7240125743812997,True,1.0,1.1709595236291817,0.0,DEEPEN,99.24891371818747,82.20833333333333,0.9749637906062487,166,0.1049464451797935,1P-CORE GAP,0.11093748489006504
OfficeDepot,OfficeDepot::Cleaning > Material Handling,Cleaning > Material Handling,2,False,21.0,Facilities > Material Handling,0.6433836695625291,True,1.0,-0.3791044384170954,0.0,PARITY,73.64923925092724,54.10943979959854,0.9761247040252565,532,,,
OfficeDepot,OfficeDepot::Cleaning > Material Handling > Carts & Trucks,Cleaning > Material Handling > Carts & Trucks,3,False,11.0,Facilities > Material Handling > Hand Trucks & Dollies,0.46779409519587495,True,1.0,-0.8852446453116083,0.0,PARITY,78.35520968879204,58.77083333333333,1.0,533,,,
OfficeDepot,OfficeDepot::Cleaning > Material Handling > Carts & Trucks > Hand Trucks,Cleaning > Material Handling > Carts & Trucks > Hand Trucks,4,True,10.0,Facilities > Material Handling > Hand Trucks & Dollies,0.5841284942784436,True,1.0,-0.972256022301238,0.0,PARITY,80.35238091158382,58.77083333333333,1.0,533,,,
OfficeDepot,OfficeDepot::Cleaning > Material Handling > Carts & Trucks > Truck Wheels,Cleaning > Material Handling > Carts & Trucks > Truck Wheels,4,True,1.0,Facilities > Hardware > Wheels & Casters,0.28973171942609394,False,1.0,0.0,0.0,PARITY,58.38349746087428,0.0,1.0,1798,,,
OfficeDepot,"OfficeDepot::Cleaning > Material Handling > Chain, Cable, Rope & Accessories","Cleaning > Material Handling > Chain, Cable, Rope & Accessories",3,False,10.0,"Facilities > Hardware > Chain, Rope & Tie Downs > Chain Accessories",0.3862567778245932,False,1.0,0.5964269894433547,0.0,PARITY,69.9768154156848,54.85899024582362,1.0,1799,,,
OfficeDepot,"OfficeDepot::Cleaning > Material Handling > Chain, Cable, Rope & Accessories > Rope, Line & Twine","Cleaning > Material Handling > Chain, Cable, Rope & Accessories > Rope, Line & Twine",4,True,2.0,"Shipping, Packing & Mailing Supplies > Shipping Supplies > Strapping & Strapping Equipment > Rope, String & Twine",0.410106079205219,False,1.0,0.0,0.0,PARITY,46.85510592449082,61.202777316074666,1.0,1800,,,
OfficeDepot,"OfficeDepot::Cleaning > Material Handling > Chain, Cable, Rope & Accessories > Straps & Bungee Cords","Cleaning > Material Handling > Chain, Cable, Rope & Accessories > Straps & Bungee Cords",4,True,8.0,"Facilities > Hardware > Chain, Rope & Tie Downs > Straps & Bungee Cords",0.8081023789390531,True,1.0,0.7964021156534193,0.0,DEEPEN,75.7572427884833,53.27304347826086,1.0,512,0.1794867449576923,,
OfficeDepot,OfficeDepot::Cleaning > Medical Supplies,Cleaning > Medical Supplies,2,False,479.0,Restaurant & Foodservice Supplies > Bar Supplies,0.37052428794813685,False,0.744,-1.0743397267329966,20.47956310265381,PARITY,67.15234729594835,22.101785306794703,0.994696648281714,1801,,,
OfficeDepot,OfficeDepot::Cleaning > Medical Supplies > Baby Supplies,Cleaning > Medical Supplies > Baby Supplies,3,False,9.0,Healthcare Supplies > Personal Care > Baby Care,0.33673082806553234,False,1.0,0.027697121610670283,0.0,PARITY,52.68756129936862,26.545145444504378,0.7377049180327869,1802,,,
OfficeDepot,OfficeDepot::Cleaning > Medical Supplies > Baby Supplies > Baby High Chairs,Cleaning > Medical Supplies > Baby Supplies > Baby High Chairs,4,True,1.0,Healthcare Supplies > Personal Care > Baby Care > Baby Kits,0.3340606451626685,False,1.0,0.0,0.0,PARITY,44.242633573931954,11.158329889360601,1.0,1803,,,
OfficeDepot,OfficeDepot::Cleaning > Medical Supplies > Baby Supplies > Baby Wipes,Cleaning > Medical Supplies > Baby Supplies > Baby Wipes,4,True,4.0,Healthcare Supplies > Personal Care > Baby Care > Baby Wipes,0.8126702964898017,True,1.0,0.14235065605860409,0.0,PARITY,72.93122459424356,38.36521739130435,1.0,928,,,
OfficeDepot,OfficeDepot::Cleaning > Medical Supplies > Baby Supplies > Changing Stations,Cleaning > Medical Supplies > Baby Supplies > Changing Stations,4,True,1.0,Facilities > Bathroom Fixtures > Changing Stations and Accessories,0.6170897361032598,True,1.0,-0.17824823140631874,0.0,PARITY,76.31229115276301,45.22453703703703,1.0,439,,,
OfficeDepot,OfficeDepot::Cleaning > Medical Supplies > Baby Supplies > Sound Machines,Cleaning > Medical Supplies > Baby Supplies > Sound Machines,4,True,3.0,Office Supplies > Laminators & Supplies > Laminating Machines,0.3129760402099919,False,1.0,0.0,0.0,PARITY,44.242633573931954,9.687524169641454,1.0,1804,,,
OfficeDepot,OfficeDepot::Cleaning > Medical Supplies > Diagnostic,Cleaning > Medical Supplies > Diagnostic,3,False,25.0,Healthcare Supplies > Patient Care > Diagnostic & Exam Instruments,0.40698376986708823,False,1.0,-1.030222290897378,0.0,PARITY,75.77678119086268,46.41856036758838,0.7257142857142858,1805,,,
OfficeDepot,OfficeDepot::Cleaning > Medical Supplies > Diagnostic > Blood Pressure Supplies,Cleaning > Medical Supplies > Diagnostic > Blood Pressure Supplies,4,True,8.0,Healthcare Supplies > Patient Care > Diagnostic & Exam Instruments > Blood Pressure Monitors,0.60429745233918,True,1.0,-0.5934915294961183,0.0,PARITY,87.46724732642569,44.417391304347824,1.0,866,,,
OfficeDepot,OfficeDepot::Cleaning > Medical Supplies > Diagnostic > Defibrillators,Cleaning > Medical Supplies > Diagnostic > Defibrillators,4,True,3.0,Healthcare Supplies > First Aid > Defibrillators,0.7375937727586882,True,1.0,-1.4863052270304762,0.0,PARITY,96.62971915499708,40.18518518518518,1.0,833,,,
OfficeDepot,OfficeDepot::Cleaning > Medical Supplies > Diagnostic > Health Screenings,Cleaning > Medical Supplies > Diagnostic > Health Screenings,4,True,2.0,Healthcare Supplies > Patient Care > Diagnostic & Exam Instruments > Health & Body Weight Scales,0.29757298276261684,False,1.0,0.0,0.0,PARITY,60.68423307960755,1.565404906011911,1.0,1806,,,
OfficeDepot,OfficeDepot::Cleaning > Medical Supplies > Diagnostic > Lab Supplies,Cleaning > Medical Supplies > Diagnostic > Lab Supplies,4,True,2.0,Office Supplies,0.36652565002441406,False,1.0,0.0,0.0,PARITY,60.68423307960755,44.2192566936737,1.0,1807,,,
OfficeDepot,OfficeDepot::Cleaning > Medical Supplies > Diagnostic > Measuring Devices,Cleaning > Medical Supplies > Diagnostic > Measuring Devices,4,True,6.0,Office Supplies > Office Basics > Rulers & Measuring Devices,0.5922749974301186,True,1.0,-1.3852485182495935,0.0,PARITY,89.29473940944561,83.68055555555556,1.0,1140,,,
OfficeDepot,OfficeDepot::Cleaning > Medical Supplies > Diagnostic > Thermometers,Cleaning > Medical Supplies > Diagnostic > Thermometers,4,True,4.0,"Tools, Parts & Supplies > Measuring & Leveling Tools > Medical Thermometers",0.6438349162085474,True,1.0,-0.682850448253306,0.0,PARITY,83.00032765858808,22.729166666666664,1.0,1700,,,
OfficeDepot,OfficeDepot::Cleaning > Medical Supplies > Incontinence,Cleaning > Medical Supplies > Incontinence,3,False,1.0,Healthcare Supplies > Personal Care > Incontinence,0.6663975439759341,True,1.0,-4.373576397629375,0.0,PARITY,85.74686749673967,66.52987117552335,0.7426273458445041,930,,,
OfficeDepot,OfficeDepot::Cleaning > Medical Supplies > Incontinence > Briefs & Underwear,Cleaning > Medical Supplies > Incontinence > Briefs & Underwear,4,True,1.0,Healthcare Supplies > Personal Care > Incontinence > Adult Briefs,0.48532833017637766,True,1.0,-0.8945936282635819,0.0,PARITY,89.17453772851714,39.07826086956522,1.0,931,,,
OfficeDepot,OfficeDepot::Cleaning > Medical Supplies > Incontinence > Pads,Cleaning > Medical Supplies > Incontinence > Pads,4,True,1.0,Office Supplies > Notebooks & Notepads > Notepads,0.7505627223943443,True,1.0,-4.304658193488451,0.0,PARITY,97.76155651429195,93.9814814814815,1.0,1133,,,
OfficeDepot,OfficeDepot::Cleaning > Medical Supplies > Infection Control,Cleaning > Medical Supplies > Infection Control,3,False,188.0,Cleaning Supplies > Pest Control,0.33056391073823665,False,0.075,2.6805570605220117,15.786329891628979,DEEPEN,43.1690704681715,16.354081730642143,0.9254237288135593,1808,0.6436960809781392,VERTICAL EXTENSION,0.6445418564784386
OfficeDepot,OfficeDepot::Cleaning > Medical Supplies > Infection Control > Antibacterial Wipes,Cleaning > Medical Supplies > Infection Control > Antibacterial Wipes,4,True,74.0,Healthcare Supplies > Personal Care > Baby Care > Baby Wipes,0.22975365639722087,False,0.0,4.31748811353631,15.786329891628979,ENTER,44.9358522994044,0.0,1.0,1809,0.8180025776451012,,
OfficeDepot,OfficeDepot::Cleaning > Medical Supplies > Infection Control > Biohazard Supplies,Cleaning > Medical Supplies > Infection Control > Biohazard Supplies,4,True,5.0,Office Supplies,0.2333173155784607,False,1.0,0.0,0.0,PARITY,15.335852299404396,0.0,0.013333333333333334,1810,,,
OfficeDepot,OfficeDepot::Cleaning > Medical Supplies > Infection Control > Sharps Containers,Cleaning > Medical Supplies > Infection Control > Sharps Containers,4,True,1.0,Healthcare Supplies > Patient Care > Exam Room Supplies & Equipment > Sharps Containers & Wall Brackets,0.5129579420121904,True,1.0,-1.3801781341024544,0.0,PARITY,54.47509082544534,41.18260869565217,0.06329113924050633,897,,,
OfficeDepot,OfficeDepot::Cleaning > Medical Supplies > Medical Furniture,Cleaning > Medical Supplies > Medical Furniture,3,False,23.0,Furniture,0.5341067655372276,True,1.0,-6.076523265173156,0.0,PARITY,68.4152306014405,60.0,0.7264957264957265,580,,,
OfficeDepot,OfficeDepot::Cleaning > Medical Supplies > Medical Furniture > Exam Room,Cleaning > Medical Supplies > Medical Furniture > Exam Room,4,True,10.0,Healthcare Supplies > Patient Care > Medical Practice Furniture > Exam Room Tables,0.6912433311776794,True,1.0,-0.7600388068043373,0.0,PARITY,100.0,48.7037037037037,1.0,907,,,
OfficeDepot,OfficeDepot::Cleaning > Medical Supplies > Medical Furniture > Linens,Cleaning > Medical Supplies > Medical Furniture > Linens,4,True,2.0,Retail Store Supplies > Spa & Salon > Spa & Massage > Sheets & Linens,0.4774804010091341,True,1.0,-1.8784094439730572,0.0,PARITY,71.37186349311202,45.07826086956522,1.0,1392,,,
OfficeDepot,OfficeDepot::Cleaning > Medical Supplies > Medical Furniture > Medical Carts,Cleaning > Medical Supplies > Medical Furniture > Medical Carts,4,True,2.0,Healthcare Supplies > Patient Care > Medical Practice Furniture > Medical Cabinets,0.3933990276719181,False,1.0,0.0,0.0,PARITY,58.01207369761873,33.17559354273858,1.0,1811,,,
OfficeDepot,OfficeDepot::Cleaning > Medical Supplies > Medical Furniture > Medical Chairs,Cleaning > Medical Supplies > Medical Furniture > Medical Chairs,4,True,1.0,Furniture > Chairs & Seating,0.3981052553133359,False,1.0,0.0,0.0,PARITY,58.01207369761873,37.08147619870483,1.0,1812,,,
OfficeDepot,OfficeDepot::Cleaning > Medical Supplies > Medical Furniture > Pillows & Bed Pads,Cleaning > Medical Supplies > Medical Furniture > Pillows & Bed Pads,4,True,9.0,Furniture > Decor > Beds & Bedding > Pillows,0.45119980914410046,False,1.0,0.0,0.0,PARITY,58.01207369761873,13.982043310686079,1.0,1813,,,
OfficeDepot,OfficeDepot::Cleaning > Medical Supplies > Medical Wear,Cleaning > Medical Supplies > Medical Wear,3,False,9.0,Healthcare Supplies > Patient Care > Beds & Bedside Care > Medical Bed Parts,0.32515979016001145,False,1.0,-0.13997400896486223,0.0,PARITY,28.505189058307664,9.22448095674281,0.7377049180327869,1814,,,
OfficeDepot,OfficeDepot::Cleaning > Medical Supplies > Medical Wear > Gowns,Cleaning > Medical Supplies > Medical Wear > Gowns,4,True,2.0,Workwear > Occupational Workwear > Healthcare Apparel > Medical Gowns & Aprons,0.39092982457401404,False,1.0,0.0,0.0,PARITY,31.232553783257327,14.436246320315437,1.0,1815,,,
OfficeDepot,OfficeDepot::Cleaning > Medical Supplies > Medical Wear > Head Covers,Cleaning > Medical Supplies > Medical Wear > Head Covers,4,True,3.0,Safety Supplies > Personal Protective Equipment (PPE) > Shoe Covers,0.29697472247995726,False,1.0,0.0,0.0,PARITY,31.232553783257327,1.5440206739040245,1.0,1816,,,
OfficeDepot,OfficeDepot::Cleaning > Medical Supplies > Medical Wear > Procedural Masks,Cleaning > Medical Supplies > Medical Wear > Procedural Masks,4,True,1.0,School Supplies > College Supplies > School Masks,0.25354254109644064,False,1.0,0.0,0.0,PARITY,31.232553783257327,0.0,1.0,1817,,,
OfficeDepot,OfficeDepot::Cleaning > Medical Supplies > Medical Wear > Scrub Pants,Cleaning > Medical Supplies > Medical Wear > Scrub Pants,4,True,2.0,"Expanded Assortment > Clothing, Shoes & Accessories > Men's Pants",0.32273301919674524,False,1.0,0.0,0.0,PARITY,31.232553783257327,1.3111277149119067,1.0,1818,,,
OfficeDepot,OfficeDepot::Cleaning > Medical Supplies > Medical Wear > Shoe Covers,Cleaning > Medical Supplies > Medical Wear > Shoe Covers,4,True,1.0,Safety Supplies > Personal Protective Equipment (PPE) > Shoe Covers,0.7439532531934474,True,1.0,-0.5603124093498707,0.0,PARITY,77.50594338985789,46.89351851851851,1.0,1437,,,
OfficeDepot,OfficeDepot::Cleaning > Medical Supplies > Mobility Aids,Cleaning > Medical Supplies > Mobility Aids,3,False,27.0,Healthcare Supplies > Durable Medical Equipment > Mobility Aids,0.7383494189205673,True,1.0,-1.3002486248128577,0.0,PARITY,91.72413793103448,58.6616425120773,0.7241379310344828,795,,,
OfficeDepot,OfficeDepot::Cleaning > Medical Supplies > Mobility Aids > Bathroom Safety,Cleaning > Medical Supplies > Mobility Aids > Bathroom Safety,4,True,23.0,Facilities > Plumbing > Bathroom Hardware > Bathroom Safety Hardware,0.5526160601906519,True,1.0,0.5540924517927635,0.0,PARITY,100.0,60.89391304347827,1.0,555,,,
OfficeDepot,OfficeDepot::Cleaning > Medical Supplies > Mobility Aids > Walkers & Canes,Cleaning > Medical Supplies > Mobility Aids > Walkers & Canes,4,True,2.0,Healthcare Supplies > Durable Medical Equipment > Mobility Aids > Canes,0.6472688089018241,True,1.0,-1.692103818164228,0.0,PARITY,100.0,45.72173913043478,1.0,796,,,
OfficeDepot,OfficeDepot::Cleaning > Medical Supplies > Mobility Aids > Wheelchairs,Cleaning > Medical Supplies > Mobility Aids > Wheelchairs,4,True,2.0,Healthcare Supplies > Durable Medical Equipment > Mobility Aids > Wheelchairs,0.9289459272713354,True,1.0,-2.1496802492567513,0.0,PARITY,100.0,45.9304347826087,1.0,802,,,
OfficeDepot,OfficeDepot::Cleaning > Medical Supplies > Orthopedic,Cleaning > Medical Supplies > Orthopedic,3,False,7.0,Healthcare Supplies > Durable Medical Equipment > Orthopedics,0.6065002293199452,True,0.0,-4.097976171322005,1.4933014762351737,PARITY,82.67136714623517,48.47222222222222,0.7581521739130435,803,,,
OfficeDepot,OfficeDepot::Cleaning > Medical Supplies > Orthopedic > Braces,Cleaning > Medical Supplies > Orthopedic > Braces,4,True,7.0,Healthcare Supplies > Durable Medical Equipment > Orthopedics > Post-Op Shoes,0.18061200879639117,False,0.0,2.0794415416798357,1.4933014762351737,ENTER,85.60971704120551,0.0,,1819,0.8105635909576414,,
OfficeDepot,OfficeDepot::Cleaning > Medical Supplies > Patient Care,Cleaning > Medical Supplies > Patient Care,3,False,105.0,Healthcare Supplies > Patient Care,0.6763186824383365,True,0.8571428571428571,-2.2687898561834245,3.199931734789658,PARITY,55.50159604928612,48.58267716535433,0.7,852,,,
OfficeDepot,OfficeDepot::Cleaning > Medical Supplies > Patient Care > Cleansers,Cleaning > Medical Supplies > Patient Care > Cleansers,4,True,10.0,Healthcare Supplies > Personal Care > Skin Care > Cleanser,0.7087206271522744,True,1.0,0.6053231257523255,0.0,PARITY,78.06680976889757,48.24294452892573,0.8421052631578947,945,,,
OfficeDepot,OfficeDepot::Cleaning > Medical Supplies > Patient Care > Cotton Balls & Swabs,Cleaning > Medical Supplies > Patient Care > Cotton Balls & Swabs,4,True,2.0,Healthcare Supplies > Patient Care > Exam Room Supplies & Equipment > Cotton Balls,0.570654242630807,True,1.0,-0.6939598583779354,0.0,PARITY,84.49073744283235,40.17391304347826,0.8543689320388349,883,,,
OfficeDepot,OfficeDepot::Cleaning > Medical Supplies > Patient Care > Feminine Hygiene,Cleaning > Medical Supplies > Patient Care > Feminine Hygiene,4,True,15.0,Healthcare Supplies > Patient Care > Feeding Tubes & Nutrients,0.21283756864101588,False,0.0,2.772588722239781,3.199931734789658,ENTER,57.34853855913297,0.0,1.0,1820,0.7907178148475233,,
OfficeDepot,OfficeDepot::Cleaning > Medical Supplies > Patient Care > Hot & Cold Therapy,Cleaning > Medical Supplies > Patient Care > Hot & Cold Therapy,4,True,11.0,Healthcare Supplies > OTC Pharmaceuticals > Hot & Cold Therapy,0.7378954830807186,True,1.0,-0.5866568489419182,0.0,PARITY,87.58668436723258,41.030092592592595,0.8404255319148937,837,,,
OfficeDepot,OfficeDepot::Cleaning > Medical Supplies > Patient Care > Medical Wristbands,Cleaning > Medical Supplies > Patient Care > Medical Wristbands,4,True,2.0,Healthcare Supplies > Patient Care > Medical Practice Furniture,0.34901623802769227,False,1.0,0.0,0.0,PARITY,52.97960652029802,15.89230668008935,0.8543689320388349,1821,,,
OfficeDepot,OfficeDepot::Cleaning > Medical Supplies > Patient Care > Nursing Supplies,Cleaning > Medical Supplies > Patient Care > Nursing Supplies,4,True,3.0,Healthcare Supplies > Patient Care > Exam Room Supplies & Equipment,0.32252235659774753,False,1.0,0.0,0.0,PARITY,52.936773853250614,9.007367505185842,0.8529411764705882,1822,,,
OfficeDepot,OfficeDepot::Cleaning > Medical Supplies > Patient Care > Over-the-Counter Medicine,Cleaning > Medical Supplies > Patient Care > Over-the-Counter Medicine,4,True,60.0,Healthcare Supplies > OTC Pharmaceuticals > Medicine & Vitamins,0.26699086032158087,False,1.0,0.0,0.0,PARITY,47.34853855913296,0.0,0.6666666666666666,1823,,,
OfficeDepot,OfficeDepot::Cleaning > Medical Supplies > Patient Care > Pill Organizers,Cleaning > Medical Supplies > Patient Care > Pill Organizers,4,True,2.0,Healthcare Supplies > OTC Pharmaceuticals > Medicine & Vitamins > Pill Organizers & Storage,0.5994838413146366,True,1.0,-0.7825270242294216,0.0,PARITY,77.08883807707528,41.75074471473792,0.8543689320388349,846,,,
OfficeDepot,OfficeDepot::Cleaning > Medical Supplies > Rehabilitation,Cleaning > Medical Supplies > Rehabilitation,3,False,20.0,Healthcare Supplies > Physical Therapy and Rehabilitation Equipment > Rehabilitation & Therapeutic Equipment,0.4051993201610472,False,1.0,0.0,0.0,PARITY,21.887323943661976,24.12220994099276,0.7295774647887324,1824,,,
OfficeDepot,OfficeDepot::Cleaning > Medical Supplies > Rehabilitation > Back Support,Cleaning > Medical Supplies > Rehabilitation > Back Support,4,True,2.0,Healthcare Supplies > Durable Medical Equipment > Orthopedics > Back & Waist Supports,0.41005663290047845,False,1.0,0.0,0.0,PARITY,30.000000000000004,34.30788184342683,1.0,1825,,,
OfficeDepot,OfficeDepot::Cleaning > Medical Supplies > Rehabilitation > Exercise Equipment,Cleaning > Medical Supplies > Rehabilitation > Exercise Equipment,4,True,6.0,Healthcare Supplies > Physical Therapy and Rehabilitation Equipment > Rehabilitation & Therapeutic Equipment,0.24729480487734465,False,1.0,0.0,0.0,PARITY,30.000000000000004,0.0,1.0,1826,,,
OfficeDepot,OfficeDepot::Cleaning > Medical Supplies > Rehabilitation > Pain Management Devices,Cleaning > Medical Supplies > Rehabilitation > Pain Management Devices,4,True,12.0,Computers & Accessories > Computer Accessories & Peripherals > Cables & Cable Accessories > Cable Management,0.3053503165957888,False,1.0,0.0,0.0,PARITY,30.000000000000004,6.328592133345294,1.0,1827,,,
OfficeDepot,OfficeDepot::Cleaning > Medical Supplies > Respiratory,Cleaning > Medical Supplies > Respiratory,3,False,1.0,Healthcare Supplies > Patient Care > Respiratory Therapy,0.42222925957327856,False,1.0,0.0,0.0,PARITY,23.557071016462192,25.139285548902063,0.7433155080213903,1828,,,
OfficeDepot,OfficeDepot::Cleaning > Medical Supplies > Respiratory > Breathing Tubes,Cleaning > Medical Supplies > Respiratory > Breathing Tubes,4,True,1.0,"Shipping, Packing & Mailing Supplies > Mailing Supplies > Mailing Tubes > Mailing Tubes",0.2769450531336165,False,1.0,0.0,0.0,PARITY,1.7965796797435425,0.0,,1829,,,
OfficeDepot,OfficeDepot::Cleaning > Medical Supplies > Surgical Supplies,Cleaning > Medical Supplies > Surgical Supplies,3,False,4.0,Restaurant & Foodservice Supplies > Bar Supplies,0.26732694798066076,False,1.0,0.0,0.0,PARITY,22.237196765498656,22.25314222595567,0.7412398921832885,1830,,,
OfficeDepot,OfficeDepot::Cleaning > Medical Supplies > Surgical Supplies > Medical Tools,Cleaning > Medical Supplies > Surgical Supplies > Medical Tools,4,True,3.0,Healthcare Supplies > Wound Care > Bandages > Medical Tape,0.3427849010710884,False,1.0,0.0,0.0,PARITY,30.000000000000004,23.903117043117827,1.0,1831,,,
OfficeDepot,OfficeDepot::Cleaning > Medical Supplies > Surgical Supplies > Skin Prep,Cleaning > Medical Supplies > Surgical Supplies > Skin Prep,4,True,1.0,Healthcare Supplies > Personal Care > Skin Care,0.35912643068428535,False,1.0,0.0,0.0,PARITY,30.000000000000004,17.30321777446921,1.0,1832,,,
OfficeDepot,OfficeDepot::Cleaning > Medical Supplies > Wound Care,Cleaning > Medical Supplies > Wound Care,3,False,63.0,Healthcare Supplies > Wound Care,0.6876294314239059,True,1.0,-2.837195719500797,0.0,PARITY,83.66225158488494,48.84514435695538,0.6932907348242812,984,,,
OfficeDepot,OfficeDepot::Cleaning > Medical Supplies > Wound Care > Dressings,Cleaning > Medical Supplies > Wound Care > Dressings,4,True,37.0,Healthcare Supplies > Wound Care > Advanced Wound Care > Foam Dressings,0.5908223131761026,True,1.0,-3.271865241003283,0.0,PARITY,97.98527498476109,49.70434782608696,1.0,989,,,
OfficeDepot,OfficeDepot::Cleaning > Medical Supplies > Wound Care > Gauze Sponges,Cleaning > Medical Supplies > Wound Care > Gauze Sponges,4,True,10.0,Healthcare Supplies > Wound Care > Gauze,0.6386036292050747,True,1.0,-0.6736682259315478,0.0,PARITY,89.67229634415925,44.608695652173914,1.0,1012,,,
OfficeDepot,OfficeDepot::Cleaning > Medical Supplies > Wound Care > Medical Tape,Cleaning > Medical Supplies > Wound Care > Medical Tape,4,True,2.0,Healthcare Supplies > Wound Care > Bandages > Medical Tape,0.7235742394426717,True,1.0,-0.9391176352517598,0.0,PARITY,97.32302934948385,54.02168736617836,1.0,1010,,,
OfficeDepot,OfficeDepot::Cleaning > Medical Supplies > Wound Care > Ointments,Cleaning > Medical Supplies > Wound Care > Ointments,4,True,10.0,Healthcare Supplies > Wound Care > Antiseptics & Antibiotics > Antibiotic Ointments,0.5197933177591493,True,1.0,1.0680422225834318,0.0,DEEPEN,83.63121769431774,37.6695652173913,1.0,999,0.31673526068084595,,
OfficeDepot,OfficeDepot::Cleaning > Medical Supplies > Wound Care > Wound Cleansing,Cleaning > Medical Supplies > Wound Care > Wound Cleansing,4,True,3.0,Healthcare Supplies > Wound Care > Advanced Wound Care,0.38485792857325185,False,1.0,0.0,0.0,PARITY,68.13415265660157,27.110915377926766,1.0,1833,,,
OfficeDepot,OfficeDepot::Cleaning > Paper Towels,Cleaning > Paper Towels,2,True,182.0,"Coffee, Water & Snacks > Paper Products > Paper Towels",0.7323175437399494,True,1.0,1.2658699489930552,0.0,DEEPEN,99.25431743390598,94.87179487179486,0.9753413490931323,211,0.030590673796087764,1P-CORE GAP,0.03240889633935946
OfficeDepot,OfficeDepot::Cleaning > Personal Care,Cleaning > Personal Care,2,False,354.0,Healthcare Supplies > Personal Care,0.6259611878940269,True,1.0,-1.3864077178002407,0.0,PARITY,54.041412625973734,48.89763779527559,0.9744456177402323,914,,,
OfficeDepot,OfficeDepot::Cleaning > Personal Care > Dental Care,Cleaning > Personal Care > Dental Care,3,True,10.0,Healthcare Supplies > Personal Dental Care,0.5497949918111166,True,1.0,-0.09712268659395029,0.0,PARITY,64.47934347586856,35.511811023622045,1.0,956,,,
OfficeDepot,OfficeDepot::Cleaning > Personal Care > Deodorant & Powders,Cleaning > Personal Care > Deodorant & Powders,3,True,8.0,Healthcare Supplies > Personal Care > Skin Care > Deodorant,0.5325734246310301,True,1.0,0.6679919874227496,0.0,PARITY,73.13704266129932,38.7304347826087,1.0,946,,,
OfficeDepot,OfficeDepot::Cleaning > Personal Care > Grooming,Cleaning > Personal Care > Grooming,3,True,44.0,"Gift Shop > Home, Personal & Travel > Grooming Sets",0.6021764512954334,True,1.0,-1.671004542199154,0.0,PARITY,77.72881077183781,28.749999999999996,1.0,755,,,
OfficeDepot,OfficeDepot::Cleaning > Personal Care > Hair Care,Cleaning > Personal Care > Hair Care,3,True,44.0,Retail Store Supplies > Spa & Salon > Hair,0.4856953068248483,True,1.0,1.1827011112151373,0.0,DEEPEN,64.50817708516793,39.30555555555556,1.0,1364,0.29677168659656467,CURATE - DEEPEN,0.31775030577590996
OfficeDepot,OfficeDepot::Cleaning > Personal Care > Lint Rollers,Cleaning > Personal Care > Lint Rollers,3,True,12.0,Expanded Assortment > Paint & Paint Supplies > Paint Rollers,0.3647149401991867,False,1.0,0.0,0.0,PARITY,50.65561187109866,3.1549488551361247,1.0,1834,,,
OfficeDepot,OfficeDepot::Cleaning > Personal Care > Lotion,Cleaning > Personal Care > Lotion,3,True,21.0,Healthcare Supplies > Personal Care > Skin Care > Lotion & Moisturizer,0.4218812130711894,False,1.0,0.0,0.0,PARITY,50.65561187109866,32.7875710192608,1.0,1835,,,
OfficeDepot,OfficeDepot::Cleaning > Personal Care > Nail Care,Cleaning > Personal Care > Nail Care,3,True,3.0,Healthcare Supplies > Personal Care > Baby Care,0.3817801267142005,False,1.0,0.0,0.0,PARITY,50.65561187109866,22.979257918850656,1.0,1836,,,
OfficeDepot,OfficeDepot::Cleaning > Personal Care > Pet Supplies,Cleaning > Personal Care > Pet Supplies,3,True,212.0,Expanded Assortment > Pet Supplies & Accessories,0.571557918939182,True,1.0,4.613564416845344,0.0,DEEPEN,47.59494500036108,33.91587030983466,1.0,416,0.4256013880118705,VERTICAL EXTENSION,0.43764777871996857
OfficeDepot,OfficeDepot::Cleaning > Restroom Supplies,Cleaning > Restroom Supplies,2,False,212.0,Cleaning Supplies > Janitorial Paper & Dispensers > Dispensers & Restroom Equipment,0.4078861310313377,False,1.0,0.17748271607412391,0.0,PARITY,67.67056032894104,52.659037899944735,0.97515910490659,1837,,,
OfficeDepot,OfficeDepot::Cleaning > Restroom Supplies > Automatic Dispenser Systems,Cleaning > Restroom Supplies > Automatic Dispenser Systems,3,True,27.0,Cleaning Supplies > Janitorial Paper & Dispensers > Dispensers & Restroom Equipment > Toilet Paper Dispensers,0.27546472887227696,False,1.0,0.0,0.0,PARITY,57.563014704571344,0.0,1.0,1838,,,
OfficeDepot,OfficeDepot::Cleaning > Restroom Supplies > Bath Tissue Dispensers,Cleaning > Restroom Supplies > Bath Tissue Dispensers,3,True,7.0,Facilities > Bathroom Fixtures > Facial Tissue Dispensers,0.5821708061584524,True,1.0,1.6372604180333994,0.0,DEEPEN,78.25537479472257,64.23939875339032,1.0,440,0.21749959138716143,,
OfficeDepot,OfficeDepot::Cleaning > Restroom Supplies > Bathroom Tissue,Cleaning > Restroom Supplies > Bathroom Tissue,3,True,82.0,Party Supplies > Wrapping Supplies > Tissue Paper,0.3782821960096443,False,1.0,0.0,0.0,PARITY,57.563014704571344,17.697858654891405,1.0,1839,,,
OfficeDepot,OfficeDepot::Cleaning > Restroom Supplies > Paper Towel Dispensers,Cleaning > Restroom Supplies > Paper Towel Dispensers,3,True,14.0,"Coffee, Water & Snacks > Breakroom Appliances > Paper Towel Dispensers",0.82887345166463,True,1.0,0.08408882254702776,0.0,PARITY,91.39081904973706,79.72916666666667,1.0,194,,,
OfficeDepot,OfficeDepot::Cleaning > Restroom Supplies > Plungers,Cleaning > Restroom Supplies > Plungers,3,True,3.0,Cleaning Supplies > Cleaning Tools > Cleaning Brushes & Toilet Plungers,0.39571922331730236,False,1.0,0.0,0.0,PARITY,57.563014704571344,45.347137372095915,1.0,1840,,,
OfficeDepot,OfficeDepot::Cleaning > Restroom Supplies > Sanitary Napkin Dispensers & Receptacles,Cleaning > Restroom Supplies > Sanitary Napkin Dispensers & Receptacles,3,True,1.0,"Coffee, Water & Snacks > Breakroom Appliances > Napkin Dispensers",0.47280984899711265,True,1.0,-0.17824823140631874,0.0,PARITY,79.50681769051633,58.14583333333333,1.0,193,,,
OfficeDepot,OfficeDepot::Cleaning > Restroom Supplies > Sanitary Napkins & Tampons,Cleaning > Restroom Supplies > Sanitary Napkins & Tampons,3,True,15.0,Party Supplies > Napkins,0.435187101186741,False,1.0,0.0,0.0,PARITY,57.563014704571344,27.927342785624543,1.0,1841,,,
OfficeDepot,OfficeDepot::Cleaning > Restroom Supplies > Toilet Bowl Brushes,Cleaning > Restroom Supplies > Toilet Bowl Brushes,3,True,22.0,Cleaning Supplies > Cleaning Tools > Cleaning Brushes & Toilet Plungers,0.33825251200051243,False,1.0,0.0,0.0,PARITY,57.563014704571344,20.35672412799476,1.0,1842,,,
OfficeDepot,OfficeDepot::Cleaning > Restroom Supplies > Toilet Seat Covers,Cleaning > Restroom Supplies > Toilet Seat Covers,3,True,16.0,"Coffee, Water & Snacks > Paper Products > Toilet Seat Covers",0.7537293651844893,True,1.0,1.432390882373416,0.0,DEEPEN,90.08913577730705,61.541666666666664,1.0,213,0.23511357691759086,1P-CORE GAP,0.24704582285920837
OfficeDepot,OfficeDepot::Cleaning > Restroom Supplies > Urinal Screens & Dispensers,Cleaning > Restroom Supplies > Urinal Screens & Dispensers,3,True,31.0,Cleaning Supplies > Cleaning Chemicals & Wipes > Urinal Screens,0.6121153089109997,True,1.0,1.0176787958727291,0.0,DEEPEN,96.43743013716487,69.08333333333334,1.0,137,0.16385097233050527,1P-CORE GAP,0.17584966382064143
OfficeDepot,OfficeDepot::Cleaning > Safety & Security,Cleaning > Safety & Security,2,False,503.0,Workwear > Occupational Workwear > Safety,0.3592906408574633,False,0.9961685823754789,-1.3212188523666004,0.42665756463862103,PARITY,79.64110534090861,40.18943147350466,0.9739435077731552,1843,,,
OfficeDepot,OfficeDepot::Cleaning > Safety & Security > Alarms,Cleaning > Safety & Security > Alarms,3,True,1.0,Healthcare Supplies > Patient Care > Exam Room Supplies & Equipment > Patient Alarms,0.45626320017094946,False,1.0,0.0,0.0,PARITY,61.07570885075285,48.69587677381111,0.9961612284069098,1844,,,
OfficeDepot,OfficeDepot::Cleaning > Safety & Security > Clothing Protection & Workwear,Cleaning > Safety & Security > Clothing Protection & Workwear,3,False,4.0,Workwear,0.5762901015078906,True,1.0,-3.1403181927856183,0.0,PARITY,89.66193909084805,36.49724953725167,0.9961389961389961,1753,,,
OfficeDepot,OfficeDepot::Cleaning > Safety & Security > Clothing Protection & Workwear > Aprons,Cleaning > Safety & Security > Clothing Protection & Workwear > Aprons,4,True,3.0,Appliances & Kitchenware > Kitchenware > Kitchen Accessories > Aprons,0.7347196283310045,True,1.0,0.5148989491536266,0.0,PARITY,88.17938263407437,24.386086956521737,1.0,9,,,
OfficeDepot,OfficeDepot::Cleaning > Safety & Security > Clothing Protection & Workwear > Sleeves & Bibs,Cleaning > Safety & Security > Clothing Protection & Workwear > Sleeves & Bibs,4,True,1.0,Safety Supplies > Personal Protective Equipment (PPE) > Workwear & Rainwear > Sleeves & Bibs,0.8103056407057916,True,1.0,-1.6268464758623642,0.0,PARITY,94.57292892448959,58.94608695652174,1.0,1450,,,
OfficeDepot,OfficeDepot::Cleaning > Safety & Security > Ergonomic Protection,Cleaning > Safety & Security > Ergonomic Protection,3,False,1.0,Safety Supplies > Personal Protective Equipment (PPE) > Ergonomic Support,0.38435888276895064,False,1.0,0.0,0.0,PARITY,36.425384642447774,29.986283071213727,0.9961612284069098,1845,,,
OfficeDepot,OfficeDepot::Cleaning > Safety & Security > Ergonomic Protection > Knee Pads,Cleaning > Safety & Security > Ergonomic Protection > Knee Pads,4,True,1.0,Office Supplies > Notebooks & Notepads > Notepads,0.34506302824730567,False,1.0,0.0,0.0,PARITY,9.343639700343536,29.986283071213727,,1846,,,
OfficeDepot,OfficeDepot::Cleaning > Safety & Security > Eye Protection,Cleaning > Safety & Security > Eye Protection,3,False,134.0,Safety Supplies > Personal Protective Equipment (PPE) > Eye Protection,0.6769511961256031,True,1.0,0.840049277759614,0.0,DEEPEN,68.23345250887697,62.854166666666664,0.9949238578680203,1422,0.14200618752616345,1P-CORE GAP,0.15326188609572014
OfficeDepot,OfficeDepot::Cleaning > Safety & Security > Eye Protection > Eyeglasses,Cleaning > Safety & Security > Eye Protection > Eyeglasses,4,True,104.0,"Safety Supplies > Personal Protective Equipment (PPE) > Eye Protection > Safety Glasses, Goggles & Accessories",0.3050422768241086,False,1.0,0.0,0.0,PARITY,66.2858195956075,5.357736912033214,1.0,1847,,,
OfficeDepot,OfficeDepot::Cleaning > Safety & Security > Eye Protection > Magnifiers,Cleaning > Safety & Security > Eye Protection > Magnifiers,4,True,13.0,Furniture > Lamps & Lighting > Craft Lighting & Magnifiers,0.441561949642214,False,1.0,0.0,0.0,PARITY,66.2858195956075,14.01513493428859,1.0,1848,,,
OfficeDepot,OfficeDepot::Cleaning > Safety & Security > Eye Protection > Safety Glass Parts & Accessories,Cleaning > Safety & Security > Eye Protection > Safety Glass Parts & Accessories,4,True,1.0,"Safety Supplies > Personal Protective Equipment (PPE) > Eye Protection > Safety Glasses, Goggles & Accessories",0.5822538364944208,True,1.0,-3.172039847592139,0.0,PARITY,89.44101573430702,66.20173913043477,1.0,1424,,,
OfficeDepot,OfficeDepot::Cleaning > Safety & Security > Eye Protection > Safety Glasses,Cleaning > Safety & Security > Eye Protection > Safety Glasses,4,True,8.0,"Safety Supplies > Personal Protective Equipment (PPE) > Eye Protection > Safety Glasses, Goggles & Accessories",0.6602073028417064,True,1.0,-1.6679624508158648,0.0,PARITY,91.0622224234165,66.20173913043477,1.0,1424,,,
OfficeDepot,OfficeDepot::Cleaning > Safety & Security > Eye Protection > Safety Goggles,Cleaning > Safety & Security > Eye Protection > Safety Goggles,4,True,2.0,"Safety Supplies > Personal Protective Equipment (PPE) > Eye Protection > Safety Glasses, Goggles & Accessories",0.608022499696434,True,1.0,-2.766574739483975,0.0,PARITY,89.99730955766805,66.20173913043477,1.0,1424,,,
OfficeDepot,OfficeDepot::Cleaning > Safety & Security > Facility Safety,Cleaning > Safety & Security > Facility Safety,3,False,19.0,Facilities,0.5108332282123226,True,0.9473684210526315,-5.13059410016132,0.21332878231931052,PARITY,98.85858768290214,65.69230769230768,0.9980119284294234,424,,,
OfficeDepot,OfficeDepot::Cleaning > Safety & Security > Facility Safety > Facility Safety Signs,Cleaning > Safety & Security > Facility Safety > Facility Safety Signs,4,True,18.0,Facilities > Facilities Signs > Safety Signs,0.6048681557215291,True,1.0,-3.847007177415313,0.0,PARITY,70.0,68.89763779527559,0.0,458,,,
OfficeDepot,OfficeDepot::Cleaning > Safety & Security > Facility Safety > Sneeze Guards & Plexiglass Shields,Cleaning > Safety & Security > Facility Safety > Sneeze Guards & Plexiglass Shields,4,True,1.0,Safety Supplies > Personal Protective Equipment (PPE) > Head & Face Protection > Face Shields & Visors,0.1883043247635673,False,0.0,0.6931471805599453,0.21332878231931052,ENTER,79.44636677036941,0.0,1.0,1849,0.4615756148339298,,
OfficeDepot,OfficeDepot::Cleaning > Safety & Security > Fall Protection,Cleaning > Safety & Security > Fall Protection,3,False,1.0,"Safety Supplies > Fall Protection Kits, Parts & Accessories",0.58168710766303,True,1.0,-2.3654453774115356,0.0,PARITY,76.53091716481192,52.21522309711285,0.9961612284069098,1413,,,
OfficeDepot,OfficeDepot::Cleaning > Safety & Security > Fall Protection > Harness Parts & Accessories,Cleaning > Safety & Security > Fall Protection > Harness Parts & Accessories,4,True,1.0,Furniture > Chairs & Seating > Chair Parts & Accessories,0.384153012816688,False,1.0,0.0,0.0,PARITY,66.63725758943518,29.222811960411622,,1850,,,
OfficeDepot,"OfficeDepot::Cleaning > Safety & Security > Fire, Gas & Water Protection","Cleaning > Safety & Security > Fire, Gas & Water Protection",3,False,21.0,Safety Supplies > Fire Protection,0.5366801310526765,True,1.0,0.551170397855234,0.0,PARITY,88.63769731066195,48.981627296587924,0.9960079840319361,1414,,,
OfficeDepot,"OfficeDepot::Cleaning > Safety & Security > Fire, Gas & Water Protection > Detectors","Cleaning > Safety & Security > Fire, Gas & Water Protection > Detectors",4,True,15.0,"Tools, Parts & Supplies > Power Tools > Metal Detectors",0.4812238016027606,True,1.0,1.601844861526503,0.0,DEEPEN,85.17667305710808,34.61599155966777,1.0,1406,0.40799277965532066,,
OfficeDepot,"OfficeDepot::Cleaning > Safety & Security > Fire, Gas & Water Protection > Fire Extinguishers","Cleaning > Safety & Security > Fire, Gas & Water Protection > Fire Extinguishers",4,True,6.0,Safety Supplies > Fire Protection > Fire Extinguishers,0.8686283532979657,True,1.0,0.25051832912452077,0.0,PARITY,97.70941962119335,49.71296296296296,1.0,1415,,,
OfficeDepot,OfficeDepot::Cleaning > Safety & Security > First Aid Safety,Cleaning > Safety & Security > First Aid Safety,3,False,148.0,Healthcare Supplies > First Aid,0.4859865587630507,True,1.0,0.3961454368988493,0.0,PARITY,73.9406694222343,41.979166666666664,0.9954233409610984,831,,,
OfficeDepot,OfficeDepot::Cleaning > Safety & Security > First Aid Safety > Bandages & Dressings,Cleaning > Safety & Security > First Aid Safety > Bandages & Dressings,4,True,29.0,Healthcare Supplies > Wound Care > Bandages,0.45107251109870694,False,1.0,0.0,0.0,PARITY,65.15611072825146,41.53412191206062,1.0,1851,,,
OfficeDepot,OfficeDepot::Cleaning > Safety & Security > First Aid Safety > Cold Packs,Cleaning > Safety & Security > First Aid Safety > Cold Packs,4,True,6.0,"Shipping, Packing & Mailing Supplies > Shipping Supplies > Desiccants & Cold Packs > Shipping Cold Packs",0.5374480089068674,True,1.0,-0.37408350736699636,0.0,PARITY,87.11359231542433,84.20869565217392,1.0,1560,,,
OfficeDepot,OfficeDepot::Cleaning > Safety & Security > First Aid Safety > Eye Wash,Cleaning > Safety & Security > First Aid Safety > Eye Wash,4,True,6.0,Safety Supplies > Personal Protective Equipment (PPE) > Eye Protection,0.283991493508323,False,1.0,0.0,0.0,PARITY,65.15611072825146,0.0,1.0,1852,,,
OfficeDepot,OfficeDepot::Cleaning > Safety & Security > First Aid Safety > Insect Repellent & Sunscreen,Cleaning > Safety & Security > First Aid Safety > Insect Repellent & Sunscreen,4,True,13.0,Healthcare Supplies > Personal Care > Skin Care > Sunscreen & Sunblock,0.2574246077390553,False,1.0,0.0,0.0,PARITY,65.15611072825146,0.0,1.0,1853,,,
OfficeDepot,OfficeDepot::Cleaning > Safety & Security > First Aid Safety > Pain Relievers,Cleaning > Safety & Security > First Aid Safety > Pain Relievers,4,True,31.0,Healthcare Supplies > OTC Pharmaceuticals > Medicine & Vitamins > Pain Relievers,0.7269239199447389,True,1.0,1.145742246377417,0.0,DEEPEN,85.36943589001606,42.10434782608696,1.0,845,0.31163260187789665,,
OfficeDepot,OfficeDepot::Cleaning > Safety & Security > Gloves & Hand Protection,Cleaning > Safety & Security > Gloves & Hand Protection,3,False,102.0,Safety Supplies > Personal Protective Equipment (PPE) > Gloves & Hand Protection,0.6857148707413525,True,1.0,-0.7768952863847973,0.0,PARITY,90.55586333285461,65.94907407407408,0.9941176470588236,1426,,,
OfficeDepot,OfficeDepot::Cleaning > Safety & Security > Gloves & Hand Protection > Chemical Resistant Gloves,Cleaning > Safety & Security > Gloves & Hand Protection > Chemical Resistant Gloves,4,True,46.0,Safety Supplies > Personal Protective Equipment (PPE) > Gloves & Hand Protection > Work Gloves,0.40708289882479887,False,1.0,0.0,0.0,PARITY,72.38016493577999,46.86038583985851,1.0,1854,,,
OfficeDepot,OfficeDepot::Cleaning > Safety & Security > Gloves & Hand Protection > Coated Gloves,Cleaning > Safety & Security > Gloves & Hand Protection > Coated Gloves,4,True,33.0,Safety Supplies > Personal Protective Equipment (PPE) > Gloves & Hand Protection > Work Gloves,0.4894828290975824,True,1.0,-1.0561649503988582,0.0,PARITY,96.59440522117892,68.1008695652174,1.0,1428,,,
OfficeDepot,OfficeDepot::Cleaning > Safety & Security > Gloves & Hand Protection > Foodservice Gloves,Cleaning > Safety & Security > Gloves & Hand Protection > Foodservice Gloves,4,True,9.0,Safety Supplies > Personal Protective Equipment (PPE) > Gloves & Hand Protection > Work Gloves,0.44995483810925974,False,1.0,0.0,0.0,PARITY,72.38016493577997,64.23297433158886,1.0,1855,,,
OfficeDepot,OfficeDepot::Cleaning > Safety & Security > Gloves & Hand Protection > General Purpose Gloves,Cleaning > Safety & Security > Gloves & Hand Protection > General Purpose Gloves,4,True,90.0,Facilities > Heating & Cooling > General Purpose Fans,0.49088237909271165,True,1.0,0.31186199597683384,0.0,PARITY,100.0,61.55787037037036,1.0,116,,,
OfficeDepot,OfficeDepot::Cleaning > Safety & Security > Gloves & Hand Protection > Glove Parts & Accessories,Cleaning > Safety & Security > Gloves & Hand Protection > Glove Parts & Accessories,4,True,2.0,Safety Supplies > Personal Protective Equipment (PPE) > Gloves & Hand Protection > Work Gloves,0.4097999552695119,False,1.0,0.0,0.0,PARITY,72.38016493577999,47.96139279943666,1.0,1856,,,
OfficeDepot,OfficeDepot::Cleaning > Safety & Security > Gloves & Hand Protection > Work Gloves,Cleaning > Safety & Security > Gloves & Hand Protection > Work Gloves,4,True,2.0,Safety Supplies > Personal Protective Equipment (PPE) > Gloves & Hand Protection > Work Gloves,0.916622933016748,True,1.0,-3.4839131863469097,0.0,PARITY,100.0,68.1008695652174,1.0,1428,,,
OfficeDepot,OfficeDepot::Cleaning > Safety & Security > Head & Face Protection,Cleaning > Safety & Security > Head & Face Protection,3,False,17.0,Safety Supplies > Personal Protective Equipment (PPE) > Head & Face Protection,0.6847919594853329,True,1.0,-2.061324484881128,0.0,PARITY,98.84397514902136,64.81481481481481,0.996039603960396,1429,,,
OfficeDepot,OfficeDepot::Cleaning > Safety & Security > Head & Face Protection > Face Masks,Cleaning > Safety & Security > Head & Face Protection > Face Masks,4,True,6.0,Safety Supplies > Personal Protective Equipment (PPE) > Face Masks & Respirators,0.552954740494745,True,1.0,-1.6838146389131492,0.0,PARITY,100.0,60.14814814814814,1.0,1425,,,
OfficeDepot,OfficeDepot::Cleaning > Safety & Security > Head & Face Protection > Face Shields & Visors,Cleaning > Safety & Security > Head & Face Protection > Face Shields & Visors,4,True,1.0,Safety Supplies > Personal Protective Equipment (PPE) > Head & Face Protection > Face Shields & Visors,0.9163787765998116,True,1.0,-1.3801781341024544,0.0,PARITY,100.0,57.65565217391304,1.0,1432,,,
OfficeDepot,"OfficeDepot::Cleaning > Safety & Security > Head & Face Protection > Hard Hat, Cap Parts & Accessories","Cleaning > Safety & Security > Head & Face Protection > Hard Hat, Cap Parts & Accessories",4,True,1.0,Safety Supplies > Personal Protective Equipment (PPE) > Head & Face Protection > Hard Hat & Safety Helmet Accessories,0.5201627970577605,True,1.0,-2.3118106986071347,0.0,PARITY,100.0,63.28,1.0,1433,,,
OfficeDepot,OfficeDepot::Cleaning > Safety & Security > Head & Face Protection > Hard Hats & Caps,Cleaning > Safety & Security > Head & Face Protection > Hard Hats & Caps,4,True,8.0,Safety Supplies > Personal Protective Equipment (PPE) > Head & Face Protection > Hard Hats & Safety Helmets,0.5256786960347677,True,1.0,-1.0402096769359246,0.0,PARITY,100.0,64.25391304347826,1.0,1434,,,
OfficeDepot,OfficeDepot::Cleaning > Safety & Security > Head & Face Protection > Winter Liners & Hoods,Cleaning > Safety & Security > Head & Face Protection > Winter Liners & Hoods,4,True,1.0,Safety Supplies > Personal Protective Equipment (PPE) > Workwear & Rainwear > Winter Hoods & Balaclavas,0.33505854540281327,False,1.0,0.0,0.0,PARITY,82.3673795135613,14.072730399851906,1.0,1857,,,
OfficeDepot,OfficeDepot::Cleaning > Safety & Security > Hearing Protection,Cleaning > Safety & Security > Hearing Protection,3,False,4.0,Healthcare Supplies > Durable Medical Equipment > Hearing Aids,0.34094711279647044,False,0.75,0.2231435513142097,0.21332878231931052,PARITY,29.942084942084946,12.57292207571683,0.9980694980694981,1858,,,
OfficeDepot,OfficeDepot::Cleaning > Safety & Security > Hearing Protection > Ear Plugs,Cleaning > Safety & Security > Hearing Protection > Ear Plugs,4,True,3.0,Facilities > Electrical and Wiring > Electrical > Plugs and Connectors,0.2873906554297931,False,1.0,0.0,0.0,PARITY,0.0,0.0,0.0,1859,,,
OfficeDepot,OfficeDepot::Cleaning > Safety & Security > Hearing Protection > Earmuffs,Cleaning > Safety & Security > Hearing Protection > Earmuffs,4,True,1.0,Safety Supplies > Fire Protection > Smoke Alarms & Carbon Monoxide Detectors,0.10122888859827893,False,0.0,0.6931471805599453,0.21332878231931052,ENTER,30.000000000000004,0.0,1.0,1860,0.31323651452282153,,
OfficeDepot,OfficeDepot::Cleaning > Safety & Security > Lockout & Locks,Cleaning > Safety & Security > Lockout & Locks,3,False,19.0,Facilities > Locks & Key Control > Lockout Devices,0.38694349100642916,False,1.0,-0.1107120244158315,0.0,PARITY,60.97955011459456,30.23917721098982,0.9960238568588469,1861,,,
OfficeDepot,OfficeDepot::Cleaning > Safety & Security > Lockout & Locks > Lock Boxes,Cleaning > Safety & Security > Lockout & Locks > Lock Boxes,4,True,12.0,"Shipping, Packing & Mailing Supplies > Shipping Supplies > Corrugated Boxes & Pads > Shipping Boxes",0.2332107003382738,False,1.0,0.0,0.0,PARITY,49.13390882847715,0.0,1.0,1862,,,
OfficeDepot,OfficeDepot::Cleaning > Safety & Security > Lockout & Locks > Lockout & Hasps,Cleaning > Safety & Security > Lockout & Locks > Lockout & Hasps,4,True,1.0,Facilities > Locks & Key Control > Lockout Devices,0.3917913313865151,False,1.0,0.0,0.0,PARITY,49.13390882847715,31.774163496806402,1.0,1863,,,
OfficeDepot,OfficeDepot::Cleaning > Safety & Security > Lockout & Locks > Padlocks & Cables,Cleaning > Safety & Security > Lockout & Locks > Padlocks & Cables,4,True,6.0,Facilities > Locks & Key Control > Padlocks,0.5959086082253627,True,1.0,-0.2885527734210249,0.0,PARITY,87.02283983292513,52.77546296296296,1.0,531,,,
OfficeDepot,OfficeDepot::Cleaning > Safety & Security > Respiratory Protection,Cleaning > Safety & Security > Respiratory Protection,3,False,8.0,Safety Supplies > Fire Protection,0.3000931078148424,False,1.0,0.0,0.0,PARITY,36.423816272730754,45.32312707073337,0.9961089494163424,1864,,,
OfficeDepot,OfficeDepot::Cleaning > Safety & Security > Respiratory Protection > Disposable Respirators & Dust Masks,Cleaning > Safety & Security > Respiratory Protection > Disposable Respirators & Dust Masks,4,True,8.0,Safety Supplies > Personal Protective Equipment (PPE) > Face Masks & Respirators,0.41807769019167024,False,1.0,0.0,0.0,PARITY,9.343639700343536,45.32312707073337,,1865,,,
OfficeDepot,OfficeDepot::Cleaning > Safety & Security > Spill Control Safety,Cleaning > Safety & Security > Spill Control Safety,3,False,4.0,Laboratory & Scientific Supplies > Lab Safety > Lab Spill Control & Containment,0.40363364272476193,False,1.0,-2.1957058094157267,0.0,PARITY,89.17985908073103,55.48556430446193,0.9961389961389961,1866,,,
OfficeDepot,OfficeDepot::Cleaning > Safety & Security > Spill Control Safety > Sorbents,Cleaning > Safety & Security > Spill Control Safety > Sorbents,4,True,4.0,Facilities > Spill Containment & Sorbents,0.4737100352055182,True,1.0,-2.1957058094157267,0.0,PARITY,84.70812742365878,55.48556430446193,,573,,,
OfficeDepot,OfficeDepot::Cleaning > Safety & Security > Traffic Safety,Cleaning > Safety & Security > Traffic Safety,3,False,28.0,Safety Supplies > Traffic Signs,0.45972561621449143,True,1.0,-2.6907212149434288,0.0,PARITY,90.15787338706477,55.96325459317585,0.9959514170040485,1462,,,
OfficeDepot,OfficeDepot::Cleaning > Safety & Security > Traffic Safety > Safety Cones,Cleaning > Safety & Security > Traffic Safety > Safety Cones,4,True,5.0,Workwear > Occupational Workwear > Safety,0.46693902729389386,True,1.0,-2.329139940407512,0.0,PARITY,86.37527557010816,33.39333563850684,1.0,1762,,,
OfficeDepot,OfficeDepot::Cleaning > Safety & Security > Traffic Safety > Safety Tape,Cleaning > Safety & Security > Traffic Safety > Safety Tape,4,True,15.0,Workwear > Occupational Workwear > Safety,0.5088133338364267,True,1.0,-1.3483106873957857,0.0,PARITY,86.39632578025817,54.4380718597199,1.0,1762,,,
OfficeDepot,OfficeDepot::Cleaning > Safety & Security > Traffic Safety > Safety Vests,Cleaning > Safety & Security > Traffic Safety > Safety Vests,4,True,8.0,Safety Supplies > Safety Vests & High Visibility Clothing,0.4800564137926388,True,1.0,-3.5227832746421597,0.0,PARITY,100.0,64.85564304461943,1.0,1459,,,
OfficeDepot,OfficeDepot::Cleaning > Toilet Paper,Cleaning > Toilet Paper,2,True,78.0,Cleaning Supplies > Janitorial Paper & Dispensers > Dispensers & Restroom Equipment > Toilet Paper Dispensers,0.5376479915243441,True,1.0,-3.8175582847325904,0.0,PARITY,99.27559369387347,94.87179487179486,0.975853123129116,170,,,
OfficeDepot,OfficeDepot::Cleaning > Tools & Equipment,Cleaning > Tools & Equipment,2,False,235.0,Cleaning Supplies > Cleaning Tools,0.5953996072699129,True,0.9957446808510638,-0.47628809849457365,0.21332878231931052,PARITY,68.00074736038414,82.72440944881889,0.9752781211372065,138,,,
OfficeDepot,OfficeDepot::Cleaning > Tools & Equipment > Electrical Tools,Cleaning > Tools & Equipment > Electrical Tools,3,False,2.0,"Tools, Parts & Supplies > Hand Tools > Electrical Tools, Meters & Fish Tape",0.5392117711554149,True,1.0,-2.74893723415782,0.0,PARITY,68.26077280008502,56.98879345817775,0.9957081545064378,448,,,
OfficeDepot,OfficeDepot::Cleaning > Tools & Equipment > Electrical Tools > Wire Pulling Grips,Cleaning > Tools & Equipment > Electrical Tools > Wire Pulling Grips,4,True,2.0,"Tools, Parts & Supplies > Hand Tools > Electrical Tools: Wire Pulling Grips",0.6985305215492194,True,1.0,-2.6360330165040162,0.0,PARITY,54.84218309270271,55.09566852409886,,1677,,,
OfficeDepot,OfficeDepot::Cleaning > Tools & Equipment > Hand Tools,Cleaning > Tools & Equipment > Hand Tools,3,False,195.0,"Tools, Parts & Supplies > Hand Tools > All Hand Tools",0.7738609151062176,True,0.9949238578680203,0.7754905250376609,0.21332878231931052,DEEPEN,72.88751640626433,63.87499999999999,1.0,485,0.17252711561483255,1P-CORE GAP,0.1896484248526574
OfficeDepot,"OfficeDepot::Cleaning > Tools & Equipment > Hand Tools > Hammers, Sledges, Mallets & Axes","Cleaning > Tools & Equipment > Hand Tools > Hammers, Sledges, Mallets & Axes",4,True,1.0,Facilities > Hand & Power Tools > Hand Tools > Hammers & Striking Tools,0.3820728311868482,False,1.0,0.0,0.0,PARITY,63.602987188331355,30.685799136892122,0.9948979591836735,1867,,,
OfficeDepot,OfficeDepot::Cleaning > Tools & Equipment > Hand Tools > Hand Tool Organizers & Belts,Cleaning > Tools & Equipment > Hand Tools > Hand Tool Organizers & Belts,4,True,1.0,"Tools, Parts & Supplies > Hand Tools > All Hand Tools",0.5524984080859728,True,1.0,-2.6077356503769393,0.0,PARITY,94.90975494187268,63.21096613274383,0.9948979591836735,485,,,
OfficeDepot,OfficeDepot::Cleaning > Tools & Equipment > Hand Tools > Handsaws & Sets,Cleaning > Tools & Equipment > Hand Tools > Handsaws & Sets,4,True,1.0,Facilities > Hand & Power Tools > Hand Tools > Hand Tool Sets,0.4216630025920955,False,1.0,0.0,0.0,PARITY,63.602987188331355,46.41065966521119,0.9948979591836735,1868,,,
OfficeDepot,"OfficeDepot::Cleaning > Tools & Equipment > Hand Tools > Hex, Torx & Spline Keys","Cleaning > Tools & Equipment > Hand Tools > Hex, Torx & Spline Keys",4,True,1.0,"Tools, Parts & Supplies > Hand Tools > All Hand Tools",0.21884376704523897,False,0.0,0.6931471805599453,0.21332878231931052,ENTER,63.756048412821144,0.0,1.0,1869,0.414504659761285,,
OfficeDepot,OfficeDepot::Cleaning > Tools & Equipment > Hand Tools > Knives & Multipurpose Tools,Cleaning > Tools & Equipment > Hand Tools > Knives & Multipurpose Tools,4,True,33.0,"Tools, Parts & Supplies > Hand Tools > Putty Knives & Scrapers",0.3690809622390065,False,1.0,0.0,0.0,PARITY,63.573121583552854,24.552738278928167,0.9939024390243902,1870,,,
OfficeDepot,OfficeDepot::Cleaning > Tools & Equipment > Hand Tools > Lawn & Garden Tools,Cleaning > Tools & Equipment > Hand Tools > Lawn & Garden Tools,4,True,8.0,Facilities > Grounds Maintenance > Outdoor Tools > Lawn & Garden Tools,0.7762782666210242,True,1.0,-0.44669894193021165,0.0,PARITY,90.7127227686354,61.13739130434782,0.9947089947089947,465,,,
OfficeDepot,OfficeDepot::Cleaning > Tools & Equipment > Hand Tools > Multipurpose Hand Tool Sets,Cleaning > Tools & Equipment > Hand Tools > Multipurpose Hand Tool Sets,4,True,11.0,Facilities > Hand & Power Tools > Hand Tools > Hand Tool Sets,0.6905592034192853,True,1.0,0.013093476747019661,0.0,PARITY,93.70329470287302,60.08758369492775,0.9946236559139785,485,,,
OfficeDepot,OfficeDepot::Cleaning > Tools & Equipment > Hand Tools > Pliers & Cutters,Cleaning > Tools & Equipment > Hand Tools > Pliers & Cutters,4,True,16.0,Facilities > Hand & Power Tools > Hand Tools > Pliers,0.6798683440333863,True,1.0,0.2933412885531341,0.0,PARITY,98.57670383660798,60.3095652173913,0.994475138121547,486,,,
OfficeDepot,OfficeDepot::Cleaning > Tools & Equipment > Hand Tools > Putty Knives & Scrapers,Cleaning > Tools & Equipment > Hand Tools > Putty Knives & Scrapers,4,True,2.0,"Tools, Parts & Supplies > Hand Tools > Putty Knives & Scrapers",0.9264076473440578,True,1.0,-1.1358506338082284,0.0,PARITY,87.12324082371335,43.51913071313994,0.9948717948717949,1683,,,
OfficeDepot,OfficeDepot::Cleaning > Tools & Equipment > Hand Tools > Retrieving Tools,Cleaning > Tools & Equipment > Hand Tools > Retrieving Tools,4,True,3.0,"Tools, Parts & Supplies > Hand Tools > Magnetic Pickups & Retrieving Tools",0.6646529557432582,True,1.0,0.1328347712100746,0.0,PARITY,79.9163961694771,20.09722222222222,0.9948453608247423,1680,,,
OfficeDepot,OfficeDepot::Cleaning > Tools & Equipment > Hand Tools > Screwdrivers & Nutdrivers,Cleaning > Tools & Equipment > Hand Tools > Screwdrivers & Nutdrivers,4,True,4.0,Facilities > Hand & Power Tools > Hand Tools > Screwdrivers & Nutdrivers,0.9239001905566712,True,1.0,-0.5314887128964163,0.0,PARITY,99.83152311411754,58.166956521739124,0.9948186528497409,487,,,
OfficeDepot,"OfficeDepot::Cleaning > Tools & Equipment > Hand Tools > Shears, Scissors & Snips","Cleaning > Tools & Equipment > Hand Tools > Shears, Scissors & Snips",4,True,77.0,Healthcare Supplies > Patient Care > Diagnostic & Exam Instruments > Medical Scissors & Shears,0.3946112199495135,False,1.0,0.0,0.0,PARITY,63.506048412821144,37.89415904886395,0.9916666666666667,1871,,,
OfficeDepot,OfficeDepot::Cleaning > Tools & Equipment > Hand Tools > Sheet Sander Parts & Accessories,Cleaning > Tools & Equipment > Hand Tools > Sheet Sander Parts & Accessories,4,True,26.0,"Tools, Parts & Supplies > Power Tools > Sheet Sander Parts & Accessories",0.8002892086531571,True,1.0,1.1549102406738125,0.0,DEEPEN,64.731823458022,22.38888888888889,0.9941520467836257,1715,0.3722792724276842,,
OfficeDepot,OfficeDepot::Cleaning > Tools & Equipment > Hand Tools > Staplers & Riveters,Cleaning > Tools & Equipment > Hand Tools > Staplers & Riveters,4,True,2.0,"Tools, Parts & Supplies > Hand Tools > Staplers & Riveters",0.9264076473440578,True,1.0,-0.1548473012417062,0.0,PARITY,82.50040316991677,70.11611737586767,0.9948717948717949,1687,,,
OfficeDepot,OfficeDepot::Cleaning > Tools & Equipment > Hand Tools > Tool Storage,Cleaning > Tools & Equipment > Hand Tools > Tool Storage,4,True,11.0,"Tools, Parts & Supplies > Hand Tools > All Hand Tools",0.7261536668437003,True,1.0,-0.7847550236657344,0.0,PARITY,95.50877742868533,63.87499999999999,0.9946236559139785,485,,,
OfficeDepot,OfficeDepot::Cleaning > Tools & Equipment > Lubricants,Cleaning > Tools & Equipment > Lubricants,3,True,6.0,"Tools, Parts & Supplies > Chemicals, Lubricants & Paints > Lubricants",0.7246018576997036,True,1.0,0.15333800200926806,0.0,PARITY,74.58017606302445,21.47222222222222,0.9956331877729258,1656,,,
OfficeDepot,OfficeDepot::Cleaning > Tools & Equipment > Measuring & Marking Tools,Cleaning > Tools & Equipment > Measuring & Marking Tools,3,False,22.0,"Tools, Parts & Supplies > Chalk Reels & Marking Tools",0.35962037491811916,False,1.0,0.5449831777836631,0.0,PARITY,45.329694724797314,25.74080059448649,0.9954954954954955,1872,,,
OfficeDepot,OfficeDepot::Cleaning > Tools & Equipment > Measuring & Marking Tools > Levels,Cleaning > Tools & Equipment > Measuring & Marking Tools > Levels,4,True,1.0,"Facilities > Hand & Power Tools > Measuring & Layout Tools > Levels, Compasses, and Calipers",0.44308815378728317,False,1.0,0.0,0.0,PARITY,35.78016503326709,52.025267413556655,1.0,1873,,,
OfficeDepot,OfficeDepot::Cleaning > Tools & Equipment > Measuring & Marking Tools > Protractors,Cleaning > Tools & Equipment > Measuring & Marking Tools > Protractors,4,True,1.0,"Tools, Parts & Supplies > Measuring & Leveling Tools > Compasses, Protractors and Markers",0.4997441053706224,True,1.0,-0.7076752811228549,0.0,PARITY,59.3824043597107,20.513888888888886,1.0,1695,,,
OfficeDepot,OfficeDepot::Cleaning > Tools & Equipment > Measuring & Marking Tools > Temperature Measurement,Cleaning > Tools & Equipment > Measuring & Marking Tools > Temperature Measurement,4,True,8.0,"Tools, Parts & Supplies > Chalk Reels & Marking Tools > Temperature Indicators",0.41753204295965013,False,1.0,0.0,0.0,PARITY,35.78016503326709,16.719739761568192,1.0,1874,,,
OfficeDepot,OfficeDepot::Cleaning > Tools & Equipment > Measuring & Marking Tools > Thermostats,Cleaning > Tools & Equipment > Measuring & Marking Tools > Thermostats,4,True,3.0,Facilities > Heating & Cooling > Thermostats,0.7377211440499951,True,1.0,1.140959836497202,0.0,DEEPEN,69.87963284000243,42.77777777777777,1.0,525,0.27714307003140026,,
OfficeDepot,OfficeDepot::Cleaning > Tools & Equipment > Plumbing Equipment,Cleaning > Tools & Equipment > Plumbing Equipment,3,False,10.0,Facilities > Plumbing,0.43468727315264716,False,1.0,-0.16705408466316607,0.0,PARITY,29.86547085201794,52.55529556958132,0.9955156950672646,1875,,,
OfficeDepot,OfficeDepot::Cleaning > Tools & Equipment > Plumbing Equipment > Drain Cleaning & Inspection Equipment,Cleaning > Tools & Equipment > Plumbing Equipment > Drain Cleaning & Inspection Equipment,4,True,4.0,Cleaning Supplies > Floor & Carpet Cleaning Equipment,0.31975929765975647,False,1.0,0.0,0.0,PARITY,30.000000000000004,13.25453702144237,1.0,1876,,,
OfficeDepot,OfficeDepot::Cleaning > Tools & Equipment > Plumbing Equipment > Tips & Nozzles,Cleaning > Tools & Equipment > Plumbing Equipment > Tips & Nozzles,4,True,8.0,Facilities > Grounds Maintenance > Watering Equipment > Water Hose Nozzles & Sprayers,0.33010821735893675,False,1.0,0.0,0.0,PARITY,30.000000000000004,12.856486002167381,1.0,1877,,,
OfficeDepot,OfficeDepot::Cleaning > Tools & Equipment > Pneumatic Tools,Cleaning > Tools & Equipment > Pneumatic Tools,3,False,1.0,Facilities > Hand & Power Tools > Power Tools > Pneumatic Tools,0.7702837729330589,True,1.0,-1.4799401854776022,0.0,PARITY,55.15602292783487,44.48347826086956,0.9957264957264957,499,,,
OfficeDepot,OfficeDepot::Cleaning > Tools & Equipment > Pneumatic Tools > Finishing Tools,Cleaning > Tools & Equipment > Pneumatic Tools > Finishing Tools,4,True,1.0,"Tools, Parts & Supplies > Power Tools > Finishing Tools",0.8119579757489856,True,1.0,-1.4477794447705712,0.0,PARITY,36.12032579434285,22.388888888888886,,1710,,,
OfficeDepot,OfficeDepot::Cleaning > Tools & Equipment > Power Tools,Cleaning > Tools & Equipment > Power Tools,3,False,4.0,"Tools, Parts & Supplies > Power Tools",0.8167711636206461,True,1.0,-0.5314887128964163,0.0,PARITY,50.93287699386137,60.1522309711286,0.9956709956709957,1707,,,
OfficeDepot,OfficeDepot::Cleaning > Tools & Equipment > Power Tools > Drilling & Fastening Tools,Cleaning > Tools & Equipment > Power Tools > Drilling & Fastening Tools,4,True,4.0,"Tools, Parts & Supplies > Power Tools > Drilling and Fastening Tools",0.9517652253242307,True,1.0,-0.5314887128964163,0.0,PARITY,30.08963874818785,46.16347826086956,,1709,,,
OfficeDepot,OfficeDepot::Cleaning > Trash Cans & Bags,Cleaning > Trash Cans & Bags,2,False,438.0,Cleaning Supplies > Waste & Recycling > Trash Bags,0.45111813135559076,False,1.0,0.2510446084237019,0.0,PARITY,98.416497642459,82.06438943295248,0.9739840894431305,1878,,,
OfficeDepot,OfficeDepot::Cleaning > Trash Cans & Bags > Recycle Bins,Cleaning > Trash Cans & Bags > Recycle Bins,3,True,18.0,Cleaning Supplies > Waste & Recycling > Trash Cans & Recycling Bins,0.3523682235314237,False,1.0,0.0,0.0,PARITY,80.45972400635054,31.1779206462883,1.0,1879,,,
OfficeDepot,OfficeDepot::Cleaning > Trash Cans & Bags > Trash Bags,Cleaning > Trash Cans & Bags > Trash Bags,3,True,268.0,Cleaning Supplies > Waste & Recycling > Trash Bags,0.778697235959435,True,1.0,0.9731398486691578,0.0,DEEPEN,100.0,83.25,1.0,185,0.08778112033195018,1P-CORE GAP,0.0942407894736842
OfficeDepot,OfficeDepot::Cleaning > Trash Cans & Bags > Trash Cans,Cleaning > Trash Cans & Bags > Trash Cans,3,True,152.0,Cleaning Supplies > Waste & Recycling > Trash Cans & Recycling Bins,0.4909774838520872,True,1.0,-0.3762087204142359,0.0,PARITY,100.0,86.0,1.0,186,,,
OfficeDepot,OfficeDepot::Computers & Accessories,Computers & Accessories,1,False,7960.0,Computers & Accessories,0.863044205385278,True,0.9702991006065677,0.5158679153825645,30.292687089342095,PARITY,79.76831748672453,78.99212598425197,,114,,,
OfficeDepot,OfficeDepot::Computers & Accessories > Computer Accessories,Computers & Accessories > Computer Accessories,2,False,1326.0,Computers & Accessories,0.824518236961101,True,1.0,-0.8820378705903726,0.0,PARITY,92.52603167885927,79.28608923884515,0.9584309133489461,114,,,
OfficeDepot,OfficeDepot::Computers & Accessories > Computer Accessories > CPU Stands,Computers & Accessories > Computer Accessories > CPU Stands,3,True,5.0,Computers & Accessories > Computer Monitors & Stands,0.4379204616732248,False,1.0,0.0,0.0,PARITY,77.50414226602838,65.11571871667746,1.0,1880,,,
OfficeDepot,OfficeDepot::Computers & Accessories > Computer Accessories > Computer Cleaning Supplies,Computers & Accessories > Computer Accessories > Computer Cleaning Supplies,3,False,45.0,Cleaning Supplies,0.6871507073436178,True,1.0,-3.568770677842277,0.0,PARITY,84.93974103365316,80.76923076923076,1.0,126,,,
OfficeDepot,OfficeDepot::Computers & Accessories > Computer Accessories > Computer Cleaning Supplies > Cleaning Equipment & Kits,Computers & Accessories > Computer Accessories > Computer Cleaning Supplies > Cleaning Equipment & Kits,4,True,22.0,Cleaning Supplies > Floor & Carpet Cleaning Equipment,0.6171075318967907,True,1.0,-1.8623111581192466,0.0,PARITY,100.0,78.66141732283465,1.0,155,,,
OfficeDepot,OfficeDepot::Computers & Accessories > Computer Accessories > Computer Cleaning Supplies > Compressed Air Dusters,Computers & Accessories > Computer Accessories > Computer Cleaning Supplies > Compressed Air Dusters,4,True,21.0,Cleaning Supplies > Cleaning Tools > Dusters,0.43849476238125584,False,1.0,0.0,0.0,PARITY,70.53427593540836,62.162351187255396,1.0,1881,,,
OfficeDepot,OfficeDepot::Computers & Accessories > Computer Accessories > Computer Cleaning Supplies > Computer Tools,Computers & Accessories > Computer Accessories > Computer Cleaning Supplies > Computer Tools,4,True,2.0,Cleaning Supplies > Cleaning Tools,0.4018018884745277,False,1.0,0.0,0.0,PARITY,70.53427593540836,54.3233840301007,1.0,1882,,,
OfficeDepot,OfficeDepot::Computers & Accessories > Computer Accessories > Computer Speakers & Headsets,Computers & Accessories > Computer Accessories > Computer Speakers & Headsets,3,False,419.0,Computers & Accessories > Computer Accessories & Peripherals > Computer Speakers,0.7330258687654458,True,1.0,0.3442421820156767,0.0,PARITY,100.0,63.314814814814824,1.0,268,,,
OfficeDepot,OfficeDepot::Computers & Accessories > Computer Accessories > Computer Speakers & Headsets > Computer Headsets,Computers & Accessories > Computer Accessories > Computer Speakers & Headsets > Computer Headsets,4,True,401.0,Audio > Headsets & Microphones > Headsets,0.549403630025285,True,1.0,0.3492485687488589,0.0,PARITY,100.0,38.53703703703704,1.0,80,,,
OfficeDepot,OfficeDepot::Computers & Accessories > Computer Accessories > Computer Speakers & Headsets > Computer Speakers,Computers & Accessories > Computer Accessories > Computer Speakers & Headsets > Computer Speakers,4,True,18.0,Computers & Accessories > Computer Accessories & Peripherals > Computer Speakers,0.8212566392604637,True,1.0,0.2244280730065662,0.0,PARITY,100.0,63.314814814814824,1.0,268,,,
OfficeDepot,OfficeDepot::Computers & Accessories > Computer Accessories > Laptop Accessories,Computers & Accessories > Computer Accessories > Laptop Accessories,3,False,200.0,Computers & Accessories > Computer Accessories & Peripherals > Laptop Accessories,0.8732078441643338,True,1.0,-0.1496577894753237,0.0,PARITY,100.0,78.99212598425197,1.0,271,,,
OfficeDepot,OfficeDepot::Computers & Accessories > Computer Accessories > Laptop Accessories > Laptop Chargers & Adapters,Computers & Accessories > Computer Accessories > Laptop Accessories > Laptop Chargers & Adapters,4,True,25.0,Computers & Accessories > Computer Accessories & Peripherals > Laptop Accessories > Laptop Chargers & Adapters,0.968701423324927,True,1.0,-0.977775815524836,0.0,PARITY,100.0,77.07826086956521,1.0,272,,,
OfficeDepot,OfficeDepot::Computers & Accessories > Computer Accessories > Laptop Accessories > Laptop Cooling Devices,Computers & Accessories > Computer Accessories > Laptop Accessories > Laptop Cooling Devices,4,True,14.0,Computers & Accessories > Computer Accessories & Peripherals > Laptop Cooling Pads,0.6527677394748186,True,1.0,0.6347248864398103,0.0,PARITY,100.0,62.325606481221094,1.0,275,,,
OfficeDepot,OfficeDepot::Computers & Accessories > Computer Accessories > Laptop Accessories > Laptop Docking Stations,Computers & Accessories > Computer Accessories > Laptop Accessories > Laptop Docking Stations,4,True,90.0,Computers & Accessories > Computer Accessories & Peripherals > Laptop Accessories > Laptop Docking Stations,0.968701423324927,True,1.0,0.09172508352789333,0.0,PARITY,100.0,77.55130434782609,1.0,273,,,
OfficeDepot,OfficeDepot::Computers & Accessories > Computer Accessories > Laptop Accessories > Laptop Stands & Lap Desks,Computers & Accessories > Computer Accessories > Laptop Accessories > Laptop Stands & Lap Desks,4,True,57.0,Computers & Accessories > Computer Accessories & Peripherals > Laptop Accessories > Laptop Stands & Lap Desks,0.968701423324927,True,1.0,0.0,0.0,PARITY,100.0,76.32695652173913,1.0,274,,,
OfficeDepot,OfficeDepot::Computers & Accessories > Computer Accessories > Laptop Accessories > Security Cable Locks,Computers & Accessories > Computer Accessories > Laptop Accessories > Security Cable Locks,4,True,14.0,Computers & Accessories > Computer Accessories & Peripherals > Laptop Accessories > Laptop Locks,0.4677298548426642,True,1.0,-0.25470524027371155,0.0,PARITY,100.0,71.98608695652175,1.0,114,,,
OfficeDepot,OfficeDepot::Computers & Accessories > Computer Accessories > Mice & Keyboards,Computers & Accessories > Computer Accessories > Mice & Keyboards,3,False,549.0,Computers & Accessories > Computer Accessories & Peripherals > Computer Keyboards,0.5369420207999328,True,1.0,0.38083523070717096,0.0,PARITY,86.88856850707319,74.11111111111111,1.0,265,,,
OfficeDepot,OfficeDepot::Computers & Accessories > Computer Accessories > Mice & Keyboards > Gaming Keyboards,Computers & Accessories > Computer Accessories > Mice & Keyboards > Gaming Keyboards,4,True,14.0,Gaming,0.5531033873558044,True,1.0,-2.004945751995654,0.0,PARITY,92.70692540958362,53.41805545768346,1.0,80,,,
OfficeDepot,OfficeDepot::Computers & Accessories > Computer Accessories > Mice & Keyboards > Gaming Mice,Computers & Accessories > Computer Accessories > Mice & Keyboards > Gaming Mice,4,True,18.0,Gaming,0.6318357586860657,True,1.0,-1.7685569739314237,0.0,PARITY,93.82796949785293,22.91710614541619,1.0,80,,,
OfficeDepot,OfficeDepot::Computers & Accessories > Computer Accessories > Mice & Keyboards > Keyboard & Mouse Combos,Computers & Accessories > Computer Accessories > Mice & Keyboards > Keyboard & Mouse Combos,4,True,63.0,Computers & Accessories > Computer Accessories & Peripherals > Keyboard & Mouse Combos,0.8411209999738792,True,1.0,0.1276255217152542,0.0,PARITY,100.0,71.4074074074074,1.0,270,,,
OfficeDepot,OfficeDepot::Computers & Accessories > Computer Accessories > Mice & Keyboards > Keyboard Accessories,Computers & Accessories > Computer Accessories > Mice & Keyboards > Keyboard Accessories,4,True,30.0,Computers & Accessories > Computer Accessories & Peripherals > Keyboard Trays,0.4122353761757493,False,1.0,0.0,0.0,PARITY,79.73966993368515,46.213694917840805,1.0,1883,,,
OfficeDepot,OfficeDepot::Computers & Accessories > Computer Accessories > Mice & Keyboards > Mousepads & Wrist Rests,Computers & Accessories > Computer Accessories > Mice & Keyboards > Mousepads & Wrist Rests,4,True,123.0,Computers & Accessories > Computer Accessories & Peripherals > Mouse Pads & Wrist Rests,0.5069030492867113,True,1.0,0.3269426500240806,0.0,PARITY,100.0,73.5,1.0,276,,,
OfficeDepot,OfficeDepot::Computers & Accessories > Computer Accessories > Mice & Keyboards > Wired Keyboards,Computers & Accessories > Computer Accessories > Mice & Keyboards > Wired Keyboards,4,True,62.0,Computers & Accessories > Computer Accessories & Peripherals > Computer Keyboards,0.4065906034417885,False,1.0,0.0,0.0,PARITY,79.73966993368515,50.77895470576439,1.0,1884,,,
OfficeDepot,OfficeDepot::Computers & Accessories > Computer Accessories > Mice & Keyboards > Wired Mice,Computers & Accessories > Computer Accessories > Mice & Keyboards > Wired Mice,4,True,40.0,Computers & Accessories > Computer Accessories & Peripherals > Computer Mice,0.33634955238097564,False,1.0,0.0,0.0,PARITY,79.73966993368515,20.07104746517911,1.0,1885,,,
OfficeDepot,OfficeDepot::Computers & Accessories > Computer Accessories > Mice & Keyboards > Wireless Keyboards,Computers & Accessories > Computer Accessories > Mice & Keyboards > Wireless Keyboards,4,True,85.0,Computers & Accessories > Computer Accessories & Peripherals > Computer Keyboards,0.38840748278236903,False,1.0,0.0,0.0,PARITY,79.73966993368515,42.76050348989954,1.0,1886,,,
OfficeDepot,OfficeDepot::Computers & Accessories > Computer Accessories > Mice & Keyboards > Wireless Mice,Computers & Accessories > Computer Accessories > Mice & Keyboards > Wireless Mice,4,True,153.0,Computers & Accessories > Computer Accessories & Peripherals > Computer Mice,0.3189723290936657,False,1.0,0.0,0.0,PARITY,79.73966993368515,12.3045838086121,1.0,1887,,,
OfficeDepot,OfficeDepot::Computers & Accessories > Computer Accessories > Server Accessories,Computers & Accessories > Computer Accessories > Server Accessories,3,False,48.0,Computers & Accessories > Servers & Accessories,0.8420724585973576,True,1.0,-0.7159805709359834,0.0,PARITY,100.0,70.22453703703705,1.0,295,,,
OfficeDepot,OfficeDepot::Computers & Accessories > Computer Accessories > Server Accessories > Server Connector Faceplates,Computers & Accessories > Computer Accessories > Server Accessories > Server Connector Faceplates,4,True,6.0,Computers & Accessories > Servers & Accessories > Servers,0.4924073384574933,True,1.0,-0.8783681305129025,0.0,PARITY,100.0,64.01851851851852,1.0,298,,,
OfficeDepot,OfficeDepot::Computers & Accessories > Computer Accessories > Server Accessories > Server Racks & Mounts,Computers & Accessories > Computer Accessories > Server Accessories > Server Racks & Mounts,4,True,42.0,Computers & Accessories > Servers & Accessories > Server Racks & Cabinets,0.6579534491556482,True,1.0,-0.20899975496650658,0.0,PARITY,100.0,71.11111111111111,1.0,297,,,
OfficeDepot,OfficeDepot::Computers & Accessories > Computer Accessories > Webcams,Computers & Accessories > Computer Accessories > Webcams,3,True,60.0,Computers & Accessories > Computer Accessories & Peripherals > Webcams,0.9034659039723768,True,1.0,-0.33143300016574173,0.0,PARITY,100.0,73.37037037037038,1.0,278,,,
OfficeDepot,OfficeDepot::Computers & Accessories > Computer Cards & Components,Computers & Accessories > Computer Cards & Components,2,False,24.0,Computers & Accessories > Computer Parts & Components,0.6719773640986183,True,1.0,-2.660143548960082,0.0,PARITY,97.03908241491804,71.43307086614175,0.9701429772918418,282,,,
OfficeDepot,OfficeDepot::Computers & Accessories > Computer Cards & Components > Computer Cases,Computers & Accessories > Computer Cards & Components > Computer Cases,3,True,6.0,Computers & Accessories > Computer Parts & Components > Tower Computer Cases,0.7240856926920167,True,1.0,-1.291524105216831,0.0,PARITY,100.0,66.55555555555557,1.0,292,,,
OfficeDepot,OfficeDepot::Computers & Accessories > Computer Cards & Components > Computer Cooling,Computers & Accessories > Computer Cards & Components > Computer Cooling,3,False,1.0,Computers & Accessories > Computer Accessories & Peripherals > Laptop Cooling Pads,0.7049026550586526,True,1.0,-2.3523039779174844,0.0,PARITY,100.0,63.05555555555556,1.0,275,,,
OfficeDepot,OfficeDepot::Computers & Accessories > Computer Cards & Components > Computer Cooling > Computer Fans,Computers & Accessories > Computer Cards & Components > Computer Cooling > Computer Fans,4,True,1.0,Computers & Accessories > Computer Parts & Components > Computer Fans,0.8260455230990582,True,1.0,-1.9507763387064858,0.0,PARITY,100.0,63.05555555555556,,284,,,
OfficeDepot,OfficeDepot::Computers & Accessories > Computer Cards & Components > Computer Power Supplies,Computers & Accessories > Computer Cards & Components > Computer Power Supplies,3,False,4.0,Computers & Accessories > Computer Parts & Components > Power Supplies,0.7421553090778853,True,1.0,-1.2473126021273913,0.0,PARITY,100.0,64.14814814814815,1.0,290,,,
OfficeDepot,OfficeDepot::Computers & Accessories > Computer Cards & Components > Computer Power Supplies > Internal PC Power Supplies,Computers & Accessories > Computer Cards & Components > Computer Power Supplies > Internal PC Power Supplies,4,True,4.0,Computers & Accessories > Computer Parts & Components > Power Supplies,0.5225127993511042,True,1.0,-1.2473126021273913,0.0,PARITY,100.0,64.14814814814815,,290,,,
OfficeDepot,OfficeDepot::Computers & Accessories > Computer Cards & Components > Graphic & Sound Cards,Computers & Accessories > Computer Cards & Components > Graphic & Sound Cards,3,False,5.0,Computers & Accessories > Computer Parts & Components > Graphics Cards,0.5581828056201347,True,1.0,-1.7533622651365701,0.0,PARITY,100.0,68.16666666666666,1.0,286,,,
OfficeDepot,OfficeDepot::Computers & Accessories > Computer Cards & Components > Graphic & Sound Cards > Graphic Cards,Computers & Accessories > Computer Cards & Components > Graphic & Sound Cards > Graphic Cards,4,True,5.0,Computers & Accessories > Computer Parts & Components > Graphics Cards,0.704037531026077,True,1.0,-1.7533622651365701,0.0,PARITY,100.0,68.16666666666666,,286,,,
OfficeDepot,OfficeDepot::Computers & Accessories > Computer Cards & Components > Memory,Computers & Accessories > Computer Cards & Components > Memory,3,False,4.0,Computers & Accessories > Computer Parts & Components > Memory,0.9012880877224471,True,1.0,-3.5761203626551143,0.0,PARITY,89.67396548081393,65.55555555555556,1.0,288,,,
OfficeDepot,OfficeDepot::Computers & Accessories > Computer Cards & Components > Memory > Cache Memory,Computers & Accessories > Computer Cards & Components > Memory > Cache Memory,4,True,1.0,Computers & Accessories > Computer Parts & Components > Memory,0.4596126563408285,True,1.0,-2.3654453774115356,0.0,PARITY,91.83237459280657,65.55555555555556,1.0,288,,,
OfficeDepot,OfficeDepot::Computers & Accessories > Computer Cards & Components > Memory > Desktop Computer Memory,Computers & Accessories > Computer Cards & Components > Memory > Desktop Computer Memory,4,True,1.0,Computers & Accessories > Desktop Computers,0.5815026205288024,True,1.0,-4.37182230815191,0.0,PARITY,93.70277460986459,70.08923884514437,1.0,114,,,
OfficeDepot,OfficeDepot::Computers & Accessories > Computer Cards & Components > Memory > Laptop Memory,Computers & Accessories > Computer Cards & Components > Memory > Laptop Memory,4,True,2.0,Computers & Accessories > Computer Parts & Components > Memory,0.5246156937935262,True,1.0,-1.9599802693033712,0.0,PARITY,93.16058121636041,65.55555555555556,1.0,288,,,
OfficeDepot,OfficeDepot::Computers & Accessories > Computer Cards & Components > Memory > Workstation Memory,Computers & Accessories > Computer Cards & Components > Memory > Workstation Memory,4,True,1.0,Computers & Accessories > Computer Parts & Components > Memory,0.4379835357184661,False,1.0,0.0,0.0,PARITY,76.51351576867769,57.16251821466558,1.0,1888,,,
OfficeDepot,OfficeDepot::Computers & Accessories > Computer Cards & Components > Motherboards,Computers & Accessories > Computer Cards & Components > Motherboards,3,True,1.0,Computers & Accessories > Computer Parts & Components > Motherboards,0.9012880877224471,True,1.0,-2.269608260815976,0.0,PARITY,100.0,65.07407407407408,1.0,289,,,
OfficeDepot,OfficeDepot::Computers & Accessories > Computer Cards & Components > Processors,Computers & Accessories > Computer Cards & Components > Processors,3,True,3.0,Computers & Accessories > Computer Parts & Components > Computer Processors / CPUs,0.5868885728429479,True,1.0,-2.1826197998962416,0.0,PARITY,100.0,68.33333333333333,1.0,285,,,
OfficeDepot,OfficeDepot::Computers & Accessories > Data Storage & Media,Computers & Accessories > Data Storage & Media,2,False,439.0,Hard Drives & Data Storage,0.5604256620595702,True,0.7325800376647834,0.1525259841002562,30.292687089342095,PARITY,80.27342546876713,42.769230769230774,1.0,287,,,
OfficeDepot,OfficeDepot::Computers & Accessories > Data Storage & Media > CD & DVD Drives,Computers & Accessories > Data Storage & Media > CD & DVD Drives,3,False,13.0,Hard Drives & Data Storage > USB Flash Drives,0.3659196228997838,False,1.0,-1.3300373650251558,0.0,PARITY,75.90699436266523,40.595668430356795,0.7248062015503876,1889,,,
OfficeDepot,OfficeDepot::Computers & Accessories > Data Storage & Media > CD & DVD Drives > Blu-ray Drives,Computers & Accessories > Data Storage & Media > CD & DVD Drives > Blu-ray Drives,4,True,3.0,TV & Streaming Media > TV & Video > DVD & Blu-Ray Players,0.3846480348470095,False,1.0,0.0,0.0,PARITY,63.354243638558515,11.608263411626515,1.0,1890,,,
OfficeDepot,OfficeDepot::Computers & Accessories > Data Storage & Media > CD & DVD Drives > External CD & DVD Drives,Computers & Accessories > Data Storage & Media > CD & DVD Drives > External CD & DVD Drives,4,True,12.0,Hard Drives & Data Storage > External Hard Drives,0.48070761671772716,True,1.0,-1.345804550319826,0.0,PARITY,89.36494948555237,47.84251968503937,1.0,287,,,
OfficeDepot,OfficeDepot::Computers & Accessories > Data Storage & Media > Duplicator Disk Drives,Computers & Accessories > Data Storage & Media > Duplicator Disk Drives,3,True,5.0,Hard Drives & Data Storage > Disc Duplicators,0.48417625992806923,True,1.0,0.39093700754525473,0.0,PARITY,91.57507734024307,39.874015748031496,0.7300380228136882,785,,,
OfficeDepot,OfficeDepot::Computers & Accessories > Data Storage & Media > Hard Drive Accessories,Computers & Accessories > Data Storage & Media > Hard Drive Accessories,3,True,8.0,Hard Drives & Data Storage > Hard Drive Accessories,0.8736571913463519,True,1.0,-0.9246029727494691,0.0,PARITY,91.85468451242829,64.64814814814815,0.7284894837476099,287,,,
OfficeDepot,OfficeDepot::Computers & Accessories > Data Storage & Media > Hard Drives,Computers & Accessories > Data Storage & Media > Hard Drives,3,False,116.0,Hard Drives & Data Storage,0.6734634751547575,True,1.0,-1.172074808014294,0.0,PARITY,89.37891080655729,64.64814814814815,0.6578313253012048,287,,,
OfficeDepot,OfficeDepot::Computers & Accessories > Data Storage & Media > Hard Drives > External Hard Drives,Computers & Accessories > Data Storage & Media > Hard Drives > External Hard Drives,4,True,44.0,Hard Drives & Data Storage > External Hard Drives,0.9061673215292296,True,1.0,-0.10409141801104305,0.0,PARITY,100.0,64.64814814814815,1.0,287,,,
OfficeDepot,OfficeDepot::Computers & Accessories > Data Storage & Media > Hard Drives > Internal Hard Drives,Computers & Accessories > Data Storage & Media > Hard Drives > Internal Hard Drives,4,True,7.0,Computers & Accessories > Computer Parts & Components > Internal Hard Drives,0.9061673215292296,True,1.0,-0.8392516389115743,0.0,PARITY,100.0,64.64814814814815,1.0,287,,,
OfficeDepot,OfficeDepot::Computers & Accessories > Data Storage & Media > Hard Drives > Network Storage Systems,Computers & Accessories > Data Storage & Media > Hard Drives > Network Storage Systems,4,True,12.0,Networking & WiFi > Network Adapters,0.255151867439044,False,1.0,0.0,0.0,PARITY,96.5583867927042,0.0,1.0,1891,,,
OfficeDepot,OfficeDepot::Computers & Accessories > Data Storage & Media > Hard Drives > Solid-State Drives,Computers & Accessories > Data Storage & Media > Hard Drives > Solid-State Drives,4,True,53.0,Hard Drives & Data Storage > Solid State Drives,0.9061673215292296,True,1.0,-0.1760538375780767,0.0,PARITY,100.0,49.1023622047244,1.0,790,,,
OfficeDepot,OfficeDepot::Computers & Accessories > Data Storage & Media > Media,Computers & Accessories > Data Storage & Media > Media,3,False,87.0,Hard Drives & Data Storage > Blank Media,0.5602565225890495,True,0.1977401129943503,1.1264917921870006,30.292687089342095,DEEPEN,42.404951832663414,45.63779527559055,1.0,783,0.32179443209994707,REVIEW,0.32437304552343293
OfficeDepot,OfficeDepot::Computers & Accessories > Data Storage & Media > Media > Backup Data Cartridges,Computers & Accessories > Data Storage & Media > Media > Backup Data Cartridges,4,True,3.0,Batteries & Power > Power Management > Battery Backup & UPS,0.1953511005457567,False,0.0,1.3862943611198906,0.6399863469579316,ENTER,18.4394345912841,0.0,0.20114942528735633,1892,0.5090527436078771,,
OfficeDepot,OfficeDepot::Computers & Accessories > Data Storage & Media > Media > CD-R Printable Discs,Computers & Accessories > Data Storage & Media > Media > CD-R Printable Discs,4,True,13.0,Hard Drives & Data Storage > Disc Duplicators,0.10828081982505042,False,0.0,2.6390573296152584,2.7732741701510366,ENTER,18.807390857053655,0.0,0.21341463414634146,1893,0.6597416746458499,,
OfficeDepot,OfficeDepot::Computers & Accessories > Data Storage & Media > Media > CD-R Recordable Discs,Computers & Accessories > Data Storage & Media > Media > CD-R Recordable Discs,4,True,21.0,Hard Drives & Data Storage > Disc Duplicators,0.10363602144406243,False,0.0,3.091042453358316,4.479904428705521,ENTER,19.13572106343264,0.0,0.22435897435897437,1894,0.6939216860118746,,
OfficeDepot,OfficeDepot::Computers & Accessories > Data Storage & Media > Media > CD-RW Rewritable Discs,Computers & Accessories > Data Storage & Media > Media > CD-RW Rewritable Discs,4,True,1.0,Hard Drives & Data Storage > Disc Duplicators,0.10116733542539112,False,0.0,0.6931471805599453,0.21332878231931052,ENTER,18.3708609235725,0.0,0.19886363636363635,1895,0.27834909729353907,,
OfficeDepot,OfficeDepot::Computers & Accessories > Data Storage & Media > Media > DVD+R Printable Discs,Computers & Accessories > Data Storage & Media > Media > DVD+R Printable Discs,4,True,6.0,School Supplies > Teacher Supplies > Classroom Books & Digital Media > CDs & DVDs,0.17932409194143156,False,0.0,1.9459101490553132,1.279972693915863,ENTER,18.545302709856394,0.0,0.2046783625730994,1896,0.5971296840631791,,
OfficeDepot,OfficeDepot::Computers & Accessories > Data Storage & Media > Media > DVD+R Recordable Discs,Computers & Accessories > Data Storage & Media > Media > DVD+R Recordable Discs,4,True,10.0,School Supplies > Teacher Supplies > Classroom Books & Digital Media > CDs & DVDs,0.17507417433208056,False,0.0,2.3978952727983707,2.1332878231931054,ENTER,18.69237698236401,0.0,0.20958083832335328,1897,0.6367825251379633,,
OfficeDepot,OfficeDepot::Computers & Accessories > Data Storage & Media > Media > DVD+RW Rewritable Discs,Computers & Accessories > Data Storage & Media > Media > DVD+RW Rewritable Discs,4,True,4.0,School Supplies > Teacher Supplies > Classroom Books & Digital Media > CDs & DVDs,0.17261575947094643,False,0.0,1.6094379124341003,0.8533151292772421,ENTER,18.474315994513123,0.0,0.2023121387283237,1898,0.557705105659888,,
OfficeDepot,OfficeDepot::Computers & Accessories > Data Storage & Media > Media > Jewel Cases & Sleeves,Computers & Accessories > Data Storage & Media > Media > Jewel Cases & Sleeves,4,True,32.0,"Bags, Backpacks & Luggage > Backpacks & Laptop Bags > Laptop Sleeves & Cases",0.3545630871936027,False,1.0,0.0,0.0,PARITY,13.025641487835825,20.65767301173381,0.020689655172413793,1899,,,
OfficeDepot,OfficeDepot::Computers & Accessories > Data Storage & Media > Media > Multimedia Storage,Computers & Accessories > Data Storage & Media > Media > Multimedia Storage,4,True,32.0,Furniture > Storage Furniture > Media Storage Furniture,0.2291539913251975,False,0.0,3.4965075614664802,6.8265210342179365,ENTER,19.64633114300824,0.0,0.2413793103448276,1900,0.7054120224746678,,
OfficeDepot,OfficeDepot::Computers & Accessories > Data Storage & Media > Media > Optical Discs,Computers & Accessories > Data Storage & Media > Media > Optical Discs,4,True,52.0,Hard Drives & Data Storage > Disc Duplicators,0.14306240780041618,False,0.0,3.970291913552122,11.093096680604146,ENTER,20.804951832663413,0.0,0.28,1901,0.7263152704357495,,
OfficeDepot,OfficeDepot::Computers & Accessories > Data Storage & Media > Media > Tape Drive Media,Computers & Accessories > Data Storage & Media > Media > Tape Drive Media,4,True,3.0,"Office Supplies > Tape, Fasteners & Adhesives > Tape",0.2889256105187904,False,1.0,0.0,0.0,PARITY,17.922193211973756,0.0,0.1839080459770115,1902,,,
OfficeDepot,OfficeDepot::Computers & Accessories > Data Storage & Media > USB Flash Drives,Computers & Accessories > Data Storage & Media > USB Flash Drives,3,True,210.0,Hard Drives & Data Storage > USB Flash Drives,0.8736571913463519,True,1.0,0.6900771090143119,0.0,DEEPEN,86.72897196261682,50.67716535433072,0.557632398753894,791,0.1807242829124972,REVIEW,0.19348962279862578
OfficeDepot,OfficeDepot::Computers & Accessories > Desktop Computers,Computers & Accessories > Desktop Computers,2,False,89.0,Computers & Accessories > Desktop Computers,0.9641628339051366,True,1.0,-0.7088231263698743,0.0,PARITY,72.64702784805885,70.08923884514437,0.9692640692640693,114,,,
OfficeDepot,OfficeDepot::Computers & Accessories > Desktop Computers > All-In-One Computers,Computers & Accessories > Desktop Computers > All-In-One Computers,3,True,11.0,Computers & Accessories,0.391747385263443,False,1.0,0.0,0.0,PARITY,58.44159579531626,43.83034201575796,1.0,1903,,,
OfficeDepot,OfficeDepot::Computers & Accessories > Desktop Computers > Barebones Computers,Computers & Accessories > Desktop Computers > Barebones Computers,3,True,1.0,Computers & Accessories,0.29324766993522644,False,1.0,0.0,0.0,PARITY,58.44159579531626,0.7893643006347704,1.0,1904,,,
OfficeDepot,OfficeDepot::Computers & Accessories > Desktop Computers > Business Desktops,Computers & Accessories > Desktop Computers > Business Desktops,3,True,56.0,Computers & Accessories > Desktop Computers,0.3927146741060804,False,1.0,0.0,0.0,PARITY,58.44159579531626,42.23629270142237,1.0,1905,,,
OfficeDepot,OfficeDepot::Computers & Accessories > Desktop Computers > Computer Towers,Computers & Accessories > Desktop Computers > Computer Towers,3,True,80.0,Computers & Accessories > Computer Parts & Components > Tower Computer Cases,0.520585910630492,True,1.0,1.157014900400295,0.0,DEEPEN,88.88570961964255,66.55555555555557,1.0,292,0.18521334617130225,1P-CORE GAP,0.19532410058153252
OfficeDepot,OfficeDepot::Computers & Accessories > Desktop Computers > Mini PCs,Computers & Accessories > Desktop Computers > Mini PCs,3,True,4.0,Computers & Accessories > Windows 10 PCs,0.32354601704164254,False,1.0,0.0,0.0,PARITY,58.44159579531626,15.146277848558166,1.0,1906,,,
OfficeDepot,OfficeDepot::Computers & Accessories > Desktop Computers > Refurbished Desktops,Computers & Accessories > Desktop Computers > Refurbished Desktops,3,True,9.0,Computers & Accessories > Desktop Computers,0.340297732156781,False,1.0,0.0,0.0,PARITY,58.44159579531626,20.375708185425278,1.0,1907,,,
OfficeDepot,OfficeDepot::Computers & Accessories > Gaming,Computers & Accessories > Gaming,2,False,71.0,Gaming,0.8870962378419475,True,1.0,-0.4363298340818087,0.0,PARITY,75.55369076442207,49.84722222222222,0.969838572642311,80,,,
OfficeDepot,OfficeDepot::Computers & Accessories > Gaming > PC Games Accessories,Computers & Accessories > Gaming > PC Games Accessories,3,False,71.0,Computer Software > PC Games & Accessories,0.8778807782369945,True,1.0,0.8875742344388002,0.0,DEEPEN,77.39777530344148,69.53513644915635,1.0,251,0.12989736390359594,1P-CORE GAP,0.1392031522085894
OfficeDepot,OfficeDepot::Computers & Accessories > Gaming > PC Games Accessories > PC Gaming Controllers & Mice,Computers & Accessories > Gaming > PC Games Accessories > PC Gaming Controllers & Mice,4,True,18.0,Computer Software > PC Games & Accessories > PC Gaming Accessories,0.6052378753640845,True,1.0,-0.4446529054108148,0.0,PARITY,100.0,57.39029383761459,1.0,253,,,
OfficeDepot,OfficeDepot::Computers & Accessories > Gaming > PC Games Accessories > PC Headsets & Glasses,Computers & Accessories > Gaming > PC Games Accessories > PC Headsets & Glasses,4,True,53.0,Computer Software > PC Games & Accessories > PC Games,0.4261962087201243,False,1.0,0.0,0.0,PARITY,69.72154804800651,31.599996241845083,1.0,1908,,,
OfficeDepot,OfficeDepot::Computers & Accessories > Gaming > PlayStation,Computers & Accessories > Gaming > PlayStation,3,False,2.0,Furniture > Chairs & Seating > Gaming Chairs,0.2545915815565321,False,1.0,0.0,0.0,PARITY,43.11545258590277,0.0,1.0,1909,,,
OfficeDepot,OfficeDepot::Computers & Accessories > Gaming > PlayStation > PlayStation Accessories,Computers & Accessories > Gaming > PlayStation > PlayStation Accessories,4,True,2.0,Computers & Accessories,0.25074684619903564,False,1.0,0.0,0.0,PARITY,18.736360837003954,0.0,,1910,,,
OfficeDepot,OfficeDepot::Computers & Accessories > Laptop Computers,Computers & Accessories > Laptop Computers,2,False,131.0,Computers & Accessories > Computer Accessories & Peripherals > Laptop Accessories > Laptop Locks,0.5858953693048862,True,1.0,-3.0297819418775003,0.0,PARITY,98.87856161003093,79.28608923884515,0.9694229112833764,114,,,
OfficeDepot,OfficeDepot::Computers & Accessories > Laptop Computers > 2-In-1 Laptops,Computers & Accessories > Laptop Computers > 2-In-1 Laptops,3,True,5.0,Computers & Accessories > Laptops,0.6319415924847352,True,1.0,-3.4015496231408764,0.0,PARITY,99.92870318235437,70.84514435695539,1.0,294,,,
OfficeDepot,OfficeDepot::Computers & Accessories > Laptop Computers > Business Laptops,Computers & Accessories > Laptop Computers > Business Laptops,3,True,71.0,Computers & Accessories > Laptops,0.6265107152760255,True,1.0,-0.916642973352876,0.0,PARITY,99.85459208290834,70.84514435695539,1.0,294,,,
OfficeDepot,OfficeDepot::Computers & Accessories > Laptop Computers > Chromebooks,Computers & Accessories > Laptop Computers > Chromebooks,3,True,15.0,Computers & Accessories > Laptops,0.5747470615208374,True,1.0,-2.42072037012915,0.0,PARITY,99.12257590396734,70.84514435695539,1.0,294,,,
OfficeDepot,OfficeDepot::Computers & Accessories > Laptop Computers > PC Laptops,Computers & Accessories > Laptop Computers > PC Laptops,3,True,40.0,Computers & Accessories > Laptops,0.6552231241592565,True,1.0,-1.4797370256646234,0.0,PARITY,100.0,70.84514435695539,1.0,294,,,
OfficeDepot,OfficeDepot::Computers & Accessories > Laptop Computers > Rugged Laptops,Computers & Accessories > Laptop Computers > Rugged Laptops,3,True,6.0,Computers & Accessories > Laptops,0.5878765597982292,True,1.0,-3.247398943313618,0.0,PARITY,99.31276380696433,70.84514435695539,1.0,294,,,
OfficeDepot,OfficeDepot::Computers & Accessories > Monitors & Accessories,Computers & Accessories > Monitors & Accessories,2,False,576.0,Computers & Accessories > Computer Monitors & Stands,0.5231698669511097,True,1.0,0.029130521814694887,0.0,PARITY,98.5819565550942,74.70866141732284,0.9651875459671488,279,,,
OfficeDepot,OfficeDepot::Computers & Accessories > Monitors & Accessories > Computer Monitors,Computers & Accessories > Monitors & Accessories > Computer Monitors,3,True,221.0,Computers & Accessories > Computer Monitors & Stands > Computer Monitors,0.8582621451301005,True,1.0,0.3237605803596182,0.0,PARITY,100.0,75.40740740740742,1.0,280,,,
OfficeDepot,OfficeDepot::Computers & Accessories > Monitors & Accessories > Digital Signage,Computers & Accessories > Monitors & Accessories > Digital Signage,3,True,13.0,TV & Streaming Media > TV & Video > Digital Signage,0.7315681735236403,True,1.0,-1.5473400805408608,0.0,PARITY,100.0,27.194444444444443,1.0,1739,,,
OfficeDepot,OfficeDepot::Computers & Accessories > Monitors & Accessories > Gaming Monitors,Computers & Accessories > Monitors & Accessories > Gaming Monitors,3,True,126.0,Gaming,0.5683608055114746,True,1.0,0.13119113336072719,0.0,PARITY,97.9181252667299,75.40740740740742,1.0,80,,,
OfficeDepot,OfficeDepot::Computers & Accessories > Monitors & Accessories > Monitor Mounts & Arms,Computers & Accessories > Monitors & Accessories > Monitor Mounts & Arms,3,True,157.0,Computers & Accessories > Computer Monitors & Stands > Monitor Stands & Mounts,0.530976148624908,True,1.0,-0.15662633205131193,0.0,PARITY,100.0,76.07407407407408,1.0,281,,,
OfficeDepot,OfficeDepot::Computers & Accessories > Monitors & Accessories > Monitor Stands,Computers & Accessories > Monitors & Accessories > Monitor Stands,3,True,113.0,Computers & Accessories > Computer Monitors & Stands > Monitor Stands & Mounts,0.7124668423984502,True,1.0,-0.48302291668378317,0.0,PARITY,100.0,76.07407407407408,1.0,281,,,
OfficeDepot,OfficeDepot::Computers & Accessories > Monitors & Accessories > Privacy Screen Filters,Computers & Accessories > Monitors & Accessories > Privacy Screen Filters,3,True,72.0,Computers & Accessories > Computer Accessories & Peripherals > Computer Privacy Screens & Protectors,0.4776163496031164,True,1.0,0.5558141359762647,0.0,PARITY,100.0,69.66666666666667,1.0,267,,,
OfficeDepot,OfficeDepot::Computers & Accessories > Printers,Computers & Accessories > Printers,2,False,444.0,Printers & Scanners > Printers,0.733750039674777,True,1.0,0.7039812122577391,0.0,DEEPEN,83.3207450338944,76.49666252913896,0.9647117296222664,1250,0.08878692800185982,1P-CORE GAP,0.09375707031962238
OfficeDepot,OfficeDepot::Computers & Accessories > Printers > All-In-One Printers,Computers & Accessories > Printers > All-In-One Printers,3,True,191.0,Printers & Scanners > Printers,0.6079886122040018,True,1.0,0.6950799414484701,0.0,DEEPEN,82.19201725289562,75.35433070866142,1.0,1250,0.09063146114389851,,
OfficeDepot,OfficeDepot::Computers & Accessories > Printers > Dot Matrix Printers,Computers & Accessories > Printers > Dot Matrix Printers,3,True,9.0,Printers & Scanners > Printers,0.46651556157561214,True,1.0,-2.2598303375852655,0.0,PARITY,79.81991538067102,75.35433070866142,1.0,1250,,,
OfficeDepot,OfficeDepot::Computers & Accessories > Printers > Inkjet Printers,Computers & Accessories > Printers > Inkjet Printers,3,True,134.0,Printers & Scanners > Printers,0.5374435348800882,True,1.0,0.3428593478591182,0.0,PARITY,81.0665310367863,75.35433070866142,1.0,1250,,,
OfficeDepot,OfficeDepot::Computers & Accessories > Printers > LED Printers,Computers & Accessories > Printers > LED Printers,3,True,8.0,Printers & Scanners > Printers,0.6023982499957716,True,1.0,-2.365190853243092,0.0,PARITY,82.10661092084096,75.35433070866142,1.0,1250,,,
OfficeDepot,OfficeDepot::Computers & Accessories > Printers > Large Format Printers,Computers & Accessories > Printers > Large Format Printers,3,True,9.0,Printers & Scanners > Printers,0.4722103383490649,True,1.0,-2.2598303375852655,0.0,PARITY,79.92468958755214,75.35433070866142,1.0,1250,,,
OfficeDepot,OfficeDepot::Computers & Accessories > Printers > Laser Printers,Computers & Accessories > Printers > Laser Printers,3,True,156.0,Printers & Scanners > Printers,0.5732187109964866,True,1.0,0.49383037476899627,0.0,PARITY,81.65051075500648,75.35433070866142,1.0,1250,,,
OfficeDepot,OfficeDepot::Computers & Accessories > Printers > Photo Printers,Computers & Accessories > Printers > Photo Printers,3,True,81.0,Printers & Scanners > Printers,0.5950658994692344,True,1.0,-0.15569618331505808,0.0,PARITY,81.9936425644197,75.35433070866142,1.0,1250,,,
OfficeDepot,OfficeDepot::Computers & Accessories > Printers > Printer Accessories,Computers & Accessories > Printers > Printer Accessories,3,True,114.0,Printers & Scanners > Printer Accessories & Replacement Parts,0.5828663187998313,True,1.0,-0.6491609415452508,0.0,PARITY,100.0,82.93981481481481,1.0,1250,,,
OfficeDepot,OfficeDepot::Computers & Accessories > Printers > Supertank Printers,Computers & Accessories > Printers > Supertank Printers,3,True,33.0,Printers & Scanners > Printers,0.5002518969553489,True,1.0,-1.0360549059631499,0.0,PARITY,80.4283579113308,75.35433070866142,1.0,1250,,,
OfficeDepot,OfficeDepot::Computers & Accessories > Printers > Thermal Printers,Computers & Accessories > Printers > Thermal Printers,3,True,22.0,Printers & Scanners > Printers,0.5442476179549304,True,1.0,-1.4269212146501618,0.0,PARITY,81.17978582046806,75.35433070866142,1.0,1250,,,
OfficeDepot,OfficeDepot::Computers & Accessories > Software,Computers & Accessories > Software,2,False,448.0,Computer Software,0.6067136299194318,True,1.0,-0.7699864944364112,0.0,PARITY,71.69062005217118,34.14698162729658,0.9672584735992622,242,,,
OfficeDepot,"OfficeDepot::Computers & Accessories > Software > Antivirus, Security & Utilities Software","Computers & Accessories > Software > Antivirus, Security & Utilities Software",3,False,130.0,Computer Software > Antivirus Software,0.5602182429393673,True,1.0,1.4675169366609175,0.0,DEEPEN,68.03045231144317,38.503937007874015,1.0,244,0.33985127354375283,CURATE - DEEPEN,0.35951685228133096
OfficeDepot,"OfficeDepot::Computers & Accessories > Software > Antivirus, Security & Utilities Software > Antivirus Software","Computers & Accessories > Software > Antivirus, Security & Utilities Software > Antivirus Software",4,True,56.0,Computer Software > Antivirus Software,0.7881093930315088,True,1.0,0.6353708812943166,0.0,PARITY,88.35492739633246,38.503937007874015,1.0,244,,,
OfficeDepot,"OfficeDepot::Computers & Accessories > Software > Antivirus, Security & Utilities Software > Backup Software","Computers & Accessories > Software > Antivirus, Security & Utilities Software > Backup Software",4,True,1.0,Computer Software,0.35360535979270935,False,1.0,0.0,0.0,PARITY,55.792058711939944,11.66592840624437,1.0,1911,,,
OfficeDepot,"OfficeDepot::Computers & Accessories > Software > Antivirus, Security & Utilities Software > Internet Security Software","Computers & Accessories > Software > Antivirus, Security & Utilities Software > Internet Security Software",4,True,55.0,Computer Software > Tax Software,0.2748946260522913,False,1.0,0.0,0.0,PARITY,55.792058711939944,0.0,1.0,1912,,,
OfficeDepot,"OfficeDepot::Computers & Accessories > Software > Antivirus, Security & Utilities Software > System Maintenance Software","Computers & Accessories > Software > Antivirus, Security & Utilities Software > System Maintenance Software",4,True,9.0,Retail Store Supplies > Point of Sale (POS) Equipment > POS Software > POS Systems & Software,0.33084720119790506,False,1.0,0.0,0.0,PARITY,55.792058711939944,10.233144846531781,1.0,1913,,,
OfficeDepot,"OfficeDepot::Computers & Accessories > Software > Antivirus, Security & Utilities Software > Utilities Software","Computers & Accessories > Software > Antivirus, Security & Utilities Software > Utilities Software",4,True,28.0,Computer Software,0.3237419128417969,False,1.0,0.0,0.0,PARITY,55.792058711939944,6.061656671504021,1.0,1914,,,
OfficeDepot,OfficeDepot::Computers & Accessories > Software > Business Software,Computers & Accessories > Software > Business Software,3,False,58.0,Computer Software > Office & Business Software,0.7444831923292338,True,1.0,1.5825194845133987,0.0,DEEPEN,69.10054016254225,35.06561679790026,1.0,250,0.37171483036540626,CURATE - DEEPEN,0.392638761882047
OfficeDepot,OfficeDepot::Computers & Accessories > Software > Business Software > Business Management Software,Computers & Accessories > Software > Business Software > Business Management Software,4,True,15.0,Computer Software > Office & Business Software,0.4281912806490683,False,1.0,0.0,0.0,PARITY,61.335619367156454,28.533024834127136,1.0,1915,,,
OfficeDepot,OfficeDepot::Computers & Accessories > Software > Business Software > Document Management,Computers & Accessories > Software > Business Software > Document Management,4,True,17.0,Computers & Accessories > Computer Accessories & Peripherals > Cables & Cable Accessories > Cable Management,0.36762050515513206,False,1.0,0.0,0.0,PARITY,61.335619367156454,34.661281057958696,1.0,1916,,,
OfficeDepot,OfficeDepot::Computers & Accessories > Software > Business Software > Microsoft Office Software,Computers & Accessories > Software > Business Software > Microsoft Office Software,4,True,21.0,Computer Software > Microsoft Office,0.7005992381348123,True,1.0,2.219647041392052,0.0,DEEPEN,82.7815910877458,31.863517060367453,1.0,249,0.454199181630911,,
OfficeDepot,OfficeDepot::Computers & Accessories > Software > Business Software > Voice Recognition Software,Computers & Accessories > Software > Business Software > Voice Recognition Software,4,True,5.0,Computer Software > Tax Software,0.29412319177697616,False,1.0,0.0,0.0,PARITY,61.335619367156454,0.5126870579600664,1.0,1917,,,
OfficeDepot,OfficeDepot::Computers & Accessories > Software > Editing Software,Computers & Accessories > Software > Editing Software,3,False,73.0,Computer Software > Video Editing & Music Software,0.5514152329524898,True,1.0,-2.376508002351853,0.0,PARITY,80.79770313383199,36.666666666666664,1.0,255,,,
OfficeDepot,OfficeDepot::Computers & Accessories > Software > Editing Software > Audio Editing Software,Computers & Accessories > Software > Editing Software > Audio Editing Software,4,True,7.0,Audio,0.49333491921424866,True,1.0,-4.574610395119674,0.0,PARITY,71.22141371550738,31.794871794871792,1.0,76,,,
OfficeDepot,OfficeDepot::Computers & Accessories > Software > Editing Software > Digital Editing Suites Software,Computers & Accessories > Software > Editing Software > Digital Editing Suites Software,4,True,11.0,Computer Software > Video Editing & Music Software,0.35019244332477534,False,1.0,0.0,0.0,PARITY,66.23923643512563,11.772195780113343,1.0,1918,,,
OfficeDepot,OfficeDepot::Computers & Accessories > Software > Editing Software > Photo Editing Software,Computers & Accessories > Software > Editing Software > Photo Editing Software,4,True,31.0,Computer Software > Photo Editing & Graphic Design Software,0.5707517678617801,True,1.0,0.5931363146493598,0.0,PARITY,84.18424463370877,36.666666666666664,1.0,255,,,
OfficeDepot,OfficeDepot::Computers & Accessories > Software > Editing Software > Video Editing Software,Computers & Accessories > Software > Editing Software > Video Editing Software,4,True,24.0,Computer Software > Video Editing & Music Software,0.6402906762071388,True,1.0,1.575861616900496,0.0,DEEPEN,85.88913534707628,33.6745406824147,1.0,255,0.4119825028598585,,
OfficeDepot,OfficeDepot::Computers & Accessories > Software > Education Software,Computers & Accessories > Software > Education Software,3,False,14.0,Education,0.5687209075963219,True,1.0,-5.6911842075077,0.0,PARITY,81.47567052654215,32.99212598425197,1.0,245,,,
OfficeDepot,OfficeDepot::Computers & Accessories > Software > Education Software > Instructional Software,Computers & Accessories > Software > Education Software > Instructional Software,4,True,14.0,Computer Software > Tax Software,0.31929704956907445,False,1.0,0.0,0.0,PARITY,73.53667218077449,5.324901397156104,,1919,,,
OfficeDepot,OfficeDepot::Computers & Accessories > Software > Finance & Legal Software,Computers & Accessories > Software > Finance & Legal Software,3,False,114.0,Computer Software > Legal Software,0.7104441292161574,True,1.0,2.7824355589788725,0.0,DEEPEN,78.5920023408666,36.28717637521588,1.0,248,0.44313991904021954,CURATE - DEEPEN,0.4650950324705639
OfficeDepot,OfficeDepot::Computers & Accessories > Software > Finance & Legal Software > Legal Forms Software,Computers & Accessories > Software > Finance & Legal Software > Legal Forms Software,4,True,9.0,Computer Software > Legal Software,0.5637616885717585,True,1.0,1.8604039693476095,0.0,DEEPEN,74.08524062447974,65.43981481481481,1.0,248,0.21333189070851374,,
OfficeDepot,OfficeDepot::Computers & Accessories > Software > Finance & Legal Software > Personal Finance Software,Computers & Accessories > Software > Finance & Legal Software > Personal Finance Software,4,True,26.0,Computer Software > Finance Software,0.655877857138871,True,1.0,1.4146975531067978,0.0,DEEPEN,83.93800638615944,34.14698162729658,1.0,246,0.3887983480364382,,
OfficeDepot,OfficeDepot::Computers & Accessories > Software > Finance & Legal Software > Small Business Finance Software,Computers & Accessories > Software > Finance & Legal Software > Small Business Finance Software,4,True,61.0,Computer Software > Finance Software,0.5771293074050279,True,1.0,2.2459950721475606,0.0,DEEPEN,82.36760980334627,34.14698162729658,1.0,246,0.43925269900843894,,
OfficeDepot,OfficeDepot::Computers & Accessories > Software > Finance & Legal Software > Tax Preparation Software,Computers & Accessories > Software > Finance & Legal Software > Tax Preparation Software,4,True,18.0,Computer Software > Tax Software,0.459129353521993,False,1.0,0.0,0.0,PARITY,60.32826317745593,32.05513177035968,1.0,1920,,,
OfficeDepot,OfficeDepot::Computers & Accessories > Software > Graphic Design Software,Computers & Accessories > Software > Graphic Design Software,3,False,50.0,Computer Software > Photo Editing & Graphic Design Software,0.7179933129254382,True,1.0,1.059226044573959,0.0,DEEPEN,48.07380491050857,36.666666666666664,1.0,255,0.25322128050562326,VERTICAL EXTENSION,0.2790068959966329
OfficeDepot,OfficeDepot::Computers & Accessories > Software > Graphic Design Software > CAD Design Software,Computers & Accessories > Software > Graphic Design Software > CAD Design Software,4,True,8.0,Computer Software > Photo Editing & Graphic Design Software,0.41488994255898487,False,1.0,0.0,0.0,PARITY,48.07380491050857,26.93375102790787,1.0,1921,,,
OfficeDepot,OfficeDepot::Computers & Accessories > Software > Graphic Design Software > Desktop Publishing Software,Computers & Accessories > Software > Graphic Design Software > Desktop Publishing Software,4,True,12.0,Computer Software > Tax Software,0.2711902114133986,False,1.0,0.0,0.0,PARITY,48.07380491050857,0.0,1.0,1922,,,
OfficeDepot,OfficeDepot::Computers & Accessories > Software > Graphic Design Software > Home Design Software,Computers & Accessories > Software > Graphic Design Software > Home Design Software,4,True,3.0,Computer Software > Photo Editing & Graphic Design Software,0.4273125297493405,False,1.0,0.0,0.0,PARITY,48.07380491050857,29.644081390040338,1.0,1923,,,
OfficeDepot,OfficeDepot::Computers & Accessories > Software > Graphic Design Software > Web Design Software,Computers & Accessories > Software > Graphic Design Software > Web Design Software,4,True,4.0,Computer Software > Photo Editing & Graphic Design Software,0.40943066799451433,False,1.0,0.0,0.0,PARITY,48.07380491050857,25.74265956036,1.0,1924,,,
OfficeDepot,OfficeDepot::Computers & Accessories > Software > Video Games,Computers & Accessories > Software > Video Games,3,False,9.0,Gaming > Video Games,0.7308027052833719,True,1.0,-2.410410860103818,0.0,PARITY,91.77899948950049,21.181102362204722,1.0,731,,,
OfficeDepot,OfficeDepot::Computers & Accessories > Software > Video Games > Mobile Gaming,Computers & Accessories > Software > Video Games > Mobile Gaming,4,True,9.0,Gaming,0.5553614497184753,True,1.0,-2.410410860103818,0.0,PARITY,88.25571355642928,19.23076923076923,,80,,,
OfficeDepot,OfficeDepot::Computers & Accessories > Tablets & Accessories,Computers & Accessories > Tablets & Accessories,2,False,454.0,Computers & Accessories > Computer Accessories & Peripherals > Graphic Tablets,0.43532398608876177,False,1.0,-0.8170308700808695,0.0,PARITY,67.48111194411516,48.64174820211383,0.966150178784267,1925,,,
OfficeDepot,OfficeDepot::Computers & Accessories > Tablets & Accessories > Apple Accessories,Computers & Accessories > Tablets & Accessories > Apple Accessories,3,True,136.0,Computers & Accessories > Computer Accessories & Peripherals > Laptop Accessories,0.31615243869799153,False,1.0,0.0,0.0,PARITY,66.9157911401865,11.251224361603656,1.0,1926,,,
OfficeDepot,OfficeDepot::Computers & Accessories > Tablets & Accessories > Tablet Accessories,Computers & Accessories > Tablets & Accessories > Tablet Accessories,3,True,422.0,Tablets & iPads > Tablet Stands & Mounts,0.35189527914427365,False,1.0,0.0,0.0,PARITY,66.9157911401865,18.5995183157112,1.0,1927,,,
OfficeDepot,OfficeDepot::Computers & Accessories > Tablets & Accessories > Tablets,Computers & Accessories > Tablets & Accessories > Tablets,3,True,28.0,Tablets & iPads,0.5977353453636169,True,1.0,-2.7897141596657833,0.0,PARITY,100.0,56.81481481481482,1.0,1619,,,
OfficeDepot,OfficeDepot::Electronics,Electronics,1,False,3986.0,"Phones, Cameras & Electronics",0.5320549114006801,True,0.9773117254528122,-0.0891073597587475,25.38612509599795,PARITY,74.24242138714264,54.7199074074074,,721,,,
OfficeDepot,OfficeDepot::Electronics > Audio,Electronics > Audio,2,False,566.0,Audio,0.8602249208950207,True,0.9817927170868347,-0.53521539769811,2.7732741701510366,PARITY,81.03177040510084,34.504967087828135,0.9766056058265283,76,,,
OfficeDepot,OfficeDepot::Electronics > Audio > Audio Accessories,Electronics > Audio > Audio Accessories,3,False,87.0,Audio,0.5720798109459405,True,1.0,-2.176715122321302,0.0,PARITY,62.71020982040534,36.59842519685039,0.9792993630573248,76,,,
OfficeDepot,OfficeDepot::Electronics > Audio > Audio Accessories > AV Receivers & Amplifiers,Electronics > Audio > Audio Accessories > AV Receivers & Amplifiers,4,True,3.0,Audio > Portable Audio > Home Theater Audio > Receivers & Amplifiers,0.719268494510138,True,1.0,-1.0124874365592367,0.0,PARITY,90.34432453615027,33.92,1.0,84,,,
OfficeDepot,OfficeDepot::Electronics > Audio > Audio Accessories > Audio Cables & Adapters,Electronics > Audio > Audio Accessories > Audio Cables & Adapters,4,True,2.0,Audio,0.4985581636428833,True,1.0,-5.555439648131399,0.0,PARITY,62.27442914551821,31.794871794871792,1.0,76,,,
OfficeDepot,OfficeDepot::Electronics > Audio > Audio Accessories > FM Transmitters & Receivers,Electronics > Audio > Audio Accessories > FM Transmitters & Receivers,4,True,6.0,Audio > Portable Audio > Home Theater Audio > Receivers & Amplifiers,0.3216289644644925,False,1.0,0.0,0.0,PARITY,52.242276697732365,6.092920592262001,1.0,1928,,,
OfficeDepot,OfficeDepot::Electronics > Audio > Audio Accessories > Microphone Accessories,Electronics > Audio > Audio Accessories > Microphone Accessories,4,True,5.0,Furniture > Lecterns & PA Systems > Microphones,0.5664459916933665,True,1.0,-3.930070546513934,0.0,PARITY,87.48585925415212,49.45833333333333,1.0,79,,,
OfficeDepot,OfficeDepot::Electronics > Audio > Audio Accessories > Microphones,Electronics > Audio > Audio Accessories > Microphones,4,True,19.0,Furniture > Lecterns & PA Systems > Microphones,0.7791816531318998,True,1.0,-0.13827621568776838,0.0,PARITY,86.08762041715627,49.45833333333333,1.0,79,,,
OfficeDepot,OfficeDepot::Electronics > Audio > Audio Accessories > Radio & Stereo Antennas,Electronics > Audio > Audio Accessories > Radio & Stereo Antennas,4,True,7.0,Audio > Portable Audio > Two Way Radios,0.2651324839561602,False,1.0,0.0,0.0,PARITY,52.242276697732365,0.0,1.0,1929,,,
OfficeDepot,OfficeDepot::Electronics > Audio > Audio Accessories > iPad Accessories,Electronics > Audio > Audio Accessories > iPad Accessories,4,True,44.0,Tablets & iPads,0.352388858795166,False,1.0,0.0,0.0,PARITY,52.242276697732365,10.786713499928432,1.0,1930,,,
OfficeDepot,OfficeDepot::Electronics > Audio > Docks & Radios,Electronics > Audio > Docks & Radios,3,False,106.0,Audio > Portable Audio > Two Way Radios,0.38863768277139066,False,0.9716981132075472,-0.11486613969976478,0.6399863469579316,PARITY,68.31201626459509,48.28666119770303,0.9835526315789473,1931,,,
OfficeDepot,OfficeDepot::Electronics > Audio > Docks & Radios > Clock Radios & Alarm Clocks,Electronics > Audio > Docks & Radios > Clock Radios & Alarm Clocks,4,True,6.0,Furniture > Decor > Clocks & Timers,0.251982399681393,False,1.0,0.0,0.0,PARITY,39.34223461034943,0.0,0.97,1932,,,
OfficeDepot,OfficeDepot::Electronics > Audio > Docks & Radios > Docking Stations,Electronics > Audio > Docks & Radios > Docking Stations,4,True,66.0,Computers & Accessories > Computer Accessories & Peripherals > Laptop Accessories > Laptop Docking Stations,0.6053911929589102,True,1.0,-0.2144418035979907,0.0,PARITY,83.86646926078862,77.55130434782609,0.925,273,,,
OfficeDepot,OfficeDepot::Electronics > Audio > Docks & Radios > MP3 Players,Electronics > Audio > Docks & Radios > MP3 Players,4,True,31.0,TV & Streaming Media > TV & Video > DVD & Blu-Ray Players,0.24688759681627226,False,1.0,0.0,0.0,PARITY,39.04223461034943,0.0,0.96,1933,,,
OfficeDepot,OfficeDepot::Electronics > Audio > Docks & Radios > Public Address Systems,Electronics > Audio > Docks & Radios > Public Address Systems,4,True,3.0,Facilities > Locks & Key Control > Locking Systems,0.20040087350518168,False,0.0,1.3862943611198906,0.6399863469579316,ENTER,40.242234610349435,0.0,1.0,1934,0.5744611436650732,,
OfficeDepot,OfficeDepot::Electronics > Audio > Headphones,Electronics > Audio > Headphones,3,False,299.0,Audio > Headphones,0.8931420587663613,True,1.0,-0.7118332912715184,0.0,PARITY,90.39675188596722,38.22655634357763,0.9553264604810997,77,,,
OfficeDepot,OfficeDepot::Electronics > Audio > Headphones > Earbuds & In-Ear Headphones,Electronics > Audio > Headphones > Earbuds & In-Ear Headphones,4,True,141.0,Audio > Headphones > Headphones,0.6293722100696686,True,1.0,-0.43065752176578176,0.0,PARITY,90.20782658423782,38.20370370370371,1.0,78,,,
OfficeDepot,OfficeDepot::Electronics > Audio > Headphones > Gaming Headsets,Electronics > Audio > Headphones > Gaming Headsets,4,True,29.0,Gaming,0.5719056725502014,True,1.0,-2.5748563434536957,0.0,PARITY,100.0,38.53703703703704,1.0,80,,,
OfficeDepot,OfficeDepot::Electronics > Audio > Headphones > On-Ear Headphones,Electronics > Audio > Headphones > On-Ear Headphones,4,True,79.0,Audio > Headphones > Headphones,0.7112890446965476,True,1.0,-1.0044579446931614,0.0,PARITY,91.60015166422565,38.20370370370371,1.0,78,,,
OfficeDepot,OfficeDepot::Electronics > Audio > Headphones > Over-The-Ear Headphones,Electronics > Audio > Headphones > Over-The-Ear Headphones,4,True,45.0,Audio > Headphones > Headphones,0.6896195206399768,True,1.0,-1.5578431828779475,0.0,PARITY,91.24649266743616,38.20370370370371,1.0,78,,,
OfficeDepot,OfficeDepot::Electronics > Audio > Headphones > Wireless Headphones,Electronics > Audio > Headphones > Wireless Headphones,4,True,129.0,Audio > Headphones > Headphones,0.7241655638316141,True,1.0,-0.5189501289114604,0.0,PARITY,91.8056245300232,38.20370370370371,1.0,78,,,
OfficeDepot,OfficeDepot::Electronics > Audio > Home Audio,Electronics > Audio > Home Audio,3,False,49.0,Audio,0.5416104055701407,True,0.7959183673469388,-2.742028931371363,2.1332878231931054,PARITY,85.32409169836612,36.59842519685039,0.9954887218045113,76,,,
OfficeDepot,OfficeDepot::Electronics > Audio > Home Audio > Ceiling & Wall Speakers,Electronics > Audio > Home Audio > Ceiling & Wall Speakers,4,True,3.0,Facilities > Hardware > Ceiling,0.38630629848391773,False,1.0,0.0,0.0,PARITY,55.62211051096257,34.793650907608374,0.782608695652174,1935,,,
OfficeDepot,OfficeDepot::Electronics > Audio > Home Audio > Home Speakers,Electronics > Audio > Home Audio > Home Speakers,4,True,23.0,Audio > Portable Audio > Home Theater Audio > Home Theater Speakers,0.5603323282013558,True,1.0,-0.38299225225610556,0.0,PARITY,82.20430102830682,37.30086956521739,0.6153846153846154,83,,,
OfficeDepot,OfficeDepot::Electronics > Audio > Home Audio > Stereos & Boomboxes,Electronics > Audio > Home Audio > Stereos & Boomboxes,4,True,10.0,Audio > Headphones,0.15988334697097165,False,0.0,2.3978952727983707,2.1332878231931054,ENTER,62.14384964139735,0.0,1.0,1936,0.7671369431150633,,
OfficeDepot,OfficeDepot::Electronics > Audio > Home Audio > Voice Recorders,Electronics > Audio > Home Audio > Voice Recorders,4,True,13.0,Audio > Portable Audio > Voice Recorders,0.8600400127687309,True,1.0,0.14403937022293745,0.0,PARITY,85.78655034308747,30.953703703703706,0.7222222222222222,90,,,
OfficeDepot,OfficeDepot::Electronics > Audio > Wireless & Bluetooth Speakers,Electronics > Audio > Wireless & Bluetooth Speakers,3,True,50.0,Audio > Portable Audio > Home Theater Audio > Speaker Stands,0.30459423253016665,False,1.0,0.0,0.0,PARITY,51.926342852779314,2.4021063681659403,0.9804216867469879,1937,,,
OfficeDepot,OfficeDepot::Electronics > Batteries & Power Protection,Electronics > Batteries & Power Protection,2,False,849.0,Batteries & Power,0.6409637362817288,True,0.9988789237668162,0.5073500827049218,0.21332878231931052,PARITY,80.95806401087854,50.615384615384606,0.9728922582127268,110,,,
OfficeDepot,OfficeDepot::Electronics > Batteries & Power Protection > AV Batteries,Electronics > Batteries & Power Protection > AV Batteries,3,False,20.0,Batteries & Power > Battery Shop,0.4241932381701913,False,1.0,-1.020535642898079,0.0,PARITY,69.92463594097717,51.29753721594711,0.9988558352402745,1938,,,
OfficeDepot,OfficeDepot::Electronics > Batteries & Power Protection > AV Batteries > Camcorder Batteries,Electronics > Batteries & Power Protection > AV Batteries > Camcorder Batteries,4,True,1.0,Batteries & Power > Battery Shop > Camera & Camcorder Batteries & Chargers,0.6164350187437302,True,1.0,-0.2882916427236276,0.0,PARITY,80.13241564008607,45.80787037037036,1.0,112,,,
OfficeDepot,OfficeDepot::Electronics > Batteries & Power Protection > AV Batteries > Camera Batteries,Electronics > Batteries & Power Protection > AV Batteries > Camera Batteries,4,True,10.0,Batteries & Power > Battery Shop > Camera & Camcorder Batteries & Chargers,0.45807550392826346,False,1.0,0.0,0.0,PARITY,57.78766566699129,45.41959476648258,1.0,1939,,,
OfficeDepot,OfficeDepot::Electronics > Batteries & Power Protection > AV Batteries > Cordless Phone Batteries,Electronics > Batteries & Power Protection > AV Batteries > Cordless Phone Batteries,4,True,6.0,Batteries & Power > Battery Shop > Cordless Phone Batteries,0.831808270863067,True,1.0,0.41667755914184323,0.0,PARITY,85.76139858127748,64.71759259259258,1.0,115,,,
OfficeDepot,OfficeDepot::Electronics > Batteries & Power Protection > AV Batteries > Two-Way Radio Batteries,Electronics > Batteries & Power Protection > AV Batteries > Two-Way Radio Batteries,4,True,1.0,Audio > Portable Audio > Two Way Radios,0.5590669005852945,True,1.0,-3.06771254822388,0.0,PARITY,86.68383211017692,35.0462962962963,1.0,89,,,
OfficeDepot,OfficeDepot::Electronics > Batteries & Power Protection > Alkaline Batteries,Electronics > Batteries & Power Protection > Alkaline Batteries,3,False,37.0,Batteries & Power > Battery Shop,0.3406106659904018,False,1.0,0.0,0.0,PARITY,29.96491228070176,17.23339352022551,0.9988304093567252,1940,,,
OfficeDepot,OfficeDepot::Electronics > Batteries & Power Protection > Alkaline Batteries > 9-Volt Alkaline Batteries,Electronics > Batteries & Power Protection > Alkaline Batteries > 9-Volt Alkaline Batteries,4,True,6.0,Batteries & Power,0.26681721210479736,False,1.0,0.0,0.0,PARITY,30.000000000000004,0.0,1.0,1941,,,
OfficeDepot,OfficeDepot::Electronics > Batteries & Power Protection > Alkaline Batteries > AA Alkaline Batteries,Electronics > Batteries & Power Protection > Alkaline Batteries > AA Alkaline Batteries,4,True,10.0,Batteries & Power,0.31039127707481384,False,1.0,0.0,0.0,PARITY,30.000000000000004,5.707320075651348,1.0,1942,,,
OfficeDepot,OfficeDepot::Electronics > Batteries & Power Protection > Alkaline Batteries > AAA Alkaline Batteries,Electronics > Batteries & Power Protection > Alkaline Batteries > AAA Alkaline Batteries,4,True,11.0,Batteries & Power,0.2982807755470276,False,1.0,0.0,0.0,PARITY,30.000000000000004,2.059919886386503,1.0,1943,,,
OfficeDepot,OfficeDepot::Electronics > Batteries & Power Protection > Alkaline Batteries > C & D Alkaline Batteries,Electronics > Batteries & Power Protection > Alkaline Batteries > C & D Alkaline Batteries,4,True,10.0,Batteries & Power,0.2976200580596924,False,1.0,0.0,0.0,PARITY,30.000000000000004,1.8609272119024811,1.0,1944,,,
OfficeDepot,OfficeDepot::Electronics > Batteries & Power Protection > Chargers & Adapters,Electronics > Batteries & Power Protection > Chargers & Adapters,3,True,369.0,Computers & Accessories > Computer Accessories & Peripherals > Laptop Accessories > Laptop Chargers & Adapters,0.6038829563421587,True,1.0,1.6776306520919517,0.0,DEEPEN,90.53483273198196,77.07826086956521,0.9980879541108987,272,0.14823677401981877,1P-CORE GAP,0.15430535326153663
OfficeDepot,OfficeDepot::Electronics > Batteries & Power Protection > Lithium Batteries,Electronics > Batteries & Power Protection > Lithium Batteries,3,True,32.0,Batteries & Power > Battery Shop,0.3413860596465767,False,1.0,0.0,0.0,PARITY,60.395255275433726,17.50516105326168,0.9988372093023256,1945,,,
OfficeDepot,OfficeDepot::Electronics > Batteries & Power Protection > Mobile Printer Batteries,Electronics > Batteries & Power Protection > Mobile Printer Batteries,3,True,1.0,Batteries & Power > Battery Shop,0.32912909886289077,False,1.0,0.0,0.0,PARITY,60.39646896269393,13.209221863952605,0.9988776655443322,1946,,,
OfficeDepot,OfficeDepot::Electronics > Batteries & Power Protection > Power & Surge Protectors,Electronics > Batteries & Power Protection > Power & Surge Protectors,3,False,156.0,Batteries & Power > Power Management > Surge Protectors & Power Strips,0.587005852114816,True,1.0,-0.0016763942830726464,0.0,PARITY,99.95923913043478,65.43055555555554,0.998641304347826,124,,,
OfficeDepot,OfficeDepot::Electronics > Batteries & Power Protection > Power & Surge Protectors > Extension Cords,Electronics > Batteries & Power Protection > Power & Surge Protectors > Extension Cords,4,True,23.0,Batteries & Power > Power Management > Extension Cords,0.8269419899241691,True,1.0,-0.3508858617675932,0.0,PARITY,100.0,59.5648148148148,1.0,121,,,
OfficeDepot,OfficeDepot::Electronics > Batteries & Power Protection > Power & Surge Protectors > Power & Surge Strips,Electronics > Batteries & Power Protection > Power & Surge Protectors > Power & Surge Strips,4,True,133.0,Batteries & Power > Power Management > Surge Protectors & Power Strips,0.5668045000603648,True,1.0,0.07614302851175125,0.0,PARITY,100.0,65.43055555555554,1.0,124,,,
OfficeDepot,OfficeDepot::Electronics > Batteries & Power Protection > Power Inverters,Electronics > Batteries & Power Protection > Power Inverters,3,True,3.0,Batteries & Power > Power Management > Power Inverters,0.7716082489436037,True,1.0,-0.256719846847814,0.0,PARITY,94.37573802089518,49.291666666666664,0.9988751406074241,123,,,
OfficeDepot,OfficeDepot::Electronics > Batteries & Power Protection > Rechargeable Batteries,Electronics > Batteries & Power Protection > Rechargeable Batteries,3,False,8.0,Batteries & Power > Battery Shop,0.324493527702551,False,1.0,-0.3677247801253172,0.0,PARITY,29.965909090909097,11.584501660960667,0.9988636363636364,1947,,,
OfficeDepot,OfficeDepot::Electronics > Batteries & Power Protection > Rechargeable Batteries > AA Rechargeable Batteries,Electronics > Batteries & Power Protection > Rechargeable Batteries > AA Rechargeable Batteries,4,True,5.0,Batteries & Power,0.2819525897502899,False,1.0,0.0,0.0,PARITY,30.000000000000004,0.0,1.0,1948,,,
OfficeDepot,OfficeDepot::Electronics > Batteries & Power Protection > Rechargeable Batteries > AAA Rechargeable Batteries,Electronics > Batteries & Power Protection > Rechargeable Batteries > AAA Rechargeable Batteries,4,True,7.0,Batteries & Power,0.27345770597457886,False,1.0,0.0,0.0,PARITY,30.000000000000004,0.0,1.0,1949,,,
OfficeDepot,OfficeDepot::Electronics > Batteries & Power Protection > UPS Battery Backup,Electronics > Batteries & Power Protection > UPS Battery Backup,3,False,165.0,Batteries & Power > Power Management > Battery Backup & UPS,0.6796328750623999,True,1.0,0.3767739923095146,0.0,PARITY,68.06840235196304,65.2037037037037,0.9986244841815681,120,,,
OfficeDepot,OfficeDepot::Electronics > Batteries & Power Protection > UPS Battery Backup > Rack-Mounted UPS,Electronics > Batteries & Power Protection > UPS Battery Backup > Rack-Mounted UPS,4,True,42.0,Facilities > Plumbing > Tubs and Showers > Wall Mounted Shower Heads,0.23464611007906291,False,1.0,0.0,0.0,PARITY,68.10966782651599,0.0,1.0,1950,,,
OfficeDepot,OfficeDepot::Electronics > Batteries & Power Protection > UPS Battery Backup > Standalone UPS,Electronics > Batteries & Power Protection > UPS Battery Backup > Standalone UPS,4,True,123.0,Batteries & Power > Power Management > UPS Accessories,0.2369510454632225,False,1.0,0.0,0.0,PARITY,68.10966782651599,0.0,1.0,1951,,,
OfficeDepot,OfficeDepot::Electronics > Batteries & Power Protection > UPS Battery Backup Accessories,Electronics > Batteries & Power Protection > UPS Battery Backup Accessories,3,False,69.0,Batteries & Power > Power Management > Battery Backup & UPS,0.5988833548287006,True,0.9855072463768116,-0.6610342482232294,0.21332878231931052,PARITY,77.16136478780534,65.2037037037037,1.0,120,,,
OfficeDepot,OfficeDepot::Electronics > Batteries & Power Protection > UPS Battery Backup Accessories > Power Distribution Units,Electronics > Batteries & Power Protection > UPS Battery Backup Accessories > Power Distribution Units,4,True,19.0,Batteries & Power > Power Management > Power Distribution Units,0.7727149750042361,True,1.0,-0.12609527653169783,0.0,PARITY,99.4,57.60416666666666,0.98,122,,,
OfficeDepot,OfficeDepot::Electronics > Batteries & Power Protection > UPS Battery Backup Accessories > UPS Backplate Kits,Electronics > Batteries & Power Protection > UPS Battery Backup Accessories > UPS Backplate Kits,4,True,1.0,Batteries & Power > Power Management > UPS Accessories,0.22175962196558455,False,0.0,0.6931471805599453,0.21332878231931052,ENTER,68.48268340717138,0.0,1.0,1952,0.4286845647443357,,
OfficeDepot,OfficeDepot::Electronics > Batteries & Power Protection > UPS Battery Backup Accessories > UPS Battery Cartridges,Electronics > Batteries & Power Protection > UPS Battery Backup Accessories > UPS Battery Cartridges,4,True,48.0,Batteries & Power > Power Management > Battery Backup & UPS,0.3276501578481257,False,1.0,0.0,0.0,PARITY,67.05411197859995,14.048404914253904,0.9523809523809523,1953,,,
OfficeDepot,OfficeDepot::Electronics > Batteries & Power Protection > UPS Battery Backup Accessories > UPS Remote Management Cards,Electronics > Batteries & Power Protection > UPS Battery Backup Accessories > UPS Remote Management Cards,4,True,1.0,Batteries & Power > Power Management,0.32846071825500717,False,1.0,0.0,0.0,PARITY,68.04150693658315,14.253840838108381,0.9852941176470589,1954,,,
OfficeDepot,"OfficeDepot::Electronics > Batteries & Power Protection > Watch, Calculator & Specialty Batteries","Electronics > Batteries & Power Protection > Watch, Calculator & Specialty Batteries",3,True,30.0,Batteries & Power > Battery Shop > Specialty Batteries,0.5310199534506121,True,1.0,1.7909729965174417,0.0,DEEPEN,78.05062874603809,49.291666666666664,0.9988399071925754,118,0.31399316351656326,REVIEW,0.3330439488044718
OfficeDepot,OfficeDepot::Electronics > Cameras & Camcorders,Electronics > Cameras & Camcorders,2,False,171.0,"Phones, Cameras & Electronics > Cameras, Camcorders & Accessories > Cameras & Camcorders",0.7213553802516561,True,0.9851485148514851,-0.24912194650798103,0.6399863469579316,PARITY,73.3116982498532,40.91432697674326,0.9769978187586754,1237,,,
OfficeDepot,OfficeDepot::Electronics > Cameras & Camcorders > Binoculars,Electronics > Cameras & Camcorders > Binoculars,3,True,2.0,"Gift Shop > Home, Personal & Travel > Binoculars, Cameras & Telescopes",0.40735693686640445,False,1.0,0.0,0.0,PARITY,66.28987708116432,14.340703083431539,0.985,1955,,,
OfficeDepot,OfficeDepot::Electronics > Cameras & Camcorders > Camcorder Accessories,Electronics > Cameras & Camcorders > Camcorder Accessories,3,False,2.0,"Phones, Cameras & Electronics > Cameras, Camcorders & Accessories > Camera & Camcorder Accessories",0.7873943239694398,True,1.0,-3.4867533188023856,0.0,PARITY,82.75663476037255,36.12962962962963,0.985,1237,,,
OfficeDepot,OfficeDepot::Electronics > Cameras & Camcorders > Camcorder Accessories > Camcorder Attachments,Electronics > Cameras & Camcorders > Camcorder Accessories > Camcorder Attachments,4,True,1.0,"Phones, Cameras & Electronics > Cameras, Camcorders & Accessories > Cameras & Camcorders",0.43864740111033745,False,1.0,0.0,0.0,PARITY,70.73361110695814,31.64669459537004,1.0,1956,,,
OfficeDepot,OfficeDepot::Electronics > Cameras & Camcorders > Camcorder Accessories > Camcorder Kits,Electronics > Cameras & Camcorders > Camcorder Accessories > Camcorder Kits,4,True,1.0,"Phones, Cameras & Electronics > Cameras, Camcorders & Accessories > Cameras & Camcorders",0.5119908313569631,True,1.0,-3.89221842691055,0.0,PARITY,95.67965841378695,36.12962962962963,1.0,1237,,,
OfficeDepot,OfficeDepot::Electronics > Cameras & Camcorders > Camcorders,Electronics > Cameras & Camcorders > Camcorders,3,False,5.0,"Phones, Cameras & Electronics > Cameras, Camcorders & Accessories > Cameras & Camcorders",0.6994687025280073,True,1.0,-2.3689512113506406,0.0,PARITY,81.62870511071705,36.12962962962963,0.984375,1237,,,
OfficeDepot,OfficeDepot::Electronics > Cameras & Camcorders > Camcorders > Action Cameras,Electronics > Cameras & Camcorders > Camcorders > Action Cameras,4,True,5.0,Wearable Technology > Action Cameras,0.7416492705504416,True,1.0,0.7111952504316483,0.0,DEEPEN,93.13259817360634,22.944531935092492,1.0,1746,0.3163266638435384,,
OfficeDepot,OfficeDepot::Electronics > Cameras & Camcorders > Camcorders > Flash Memory Camcorders,Electronics > Cameras & Camcorders > Camcorders > Flash Memory Camcorders,4,True,5.0,"Phones, Cameras & Electronics > Cameras, Camcorders & Accessories > Cameras & Camcorders",0.41926593697444736,False,1.0,0.0,0.0,PARITY,71.06231204782775,27.480027167018932,1.0,1957,,,
OfficeDepot,OfficeDepot::Electronics > Cameras & Camcorders > Camera Accessories,Electronics > Cameras & Camcorders > Camera Accessories,3,False,38.0,"Phones, Cameras & Electronics > Cameras, Camcorders & Accessories > Camera & Camcorder Accessories",0.5822518259530823,True,0.9387755102040817,0.056209741358620224,0.6399863469579316,PARITY,36.313782753707905,34.24074074074074,1.0,1237,,,
OfficeDepot,OfficeDepot::Electronics > Cameras & Camcorders > Camera Accessories > Camera Attachments,Electronics > Cameras & Camcorders > Camera Accessories > Camera Attachments,4,True,20.0,"Tools, Parts & Supplies > Power Tools > Pressure Washer Accessories / Attachments",0.32837284765116675,False,1.0,0.0,0.0,PARITY,33.210334477845834,4.920054921173913,0.896551724137931,1958,,,
OfficeDepot,OfficeDepot::Electronics > Cameras & Camcorders > Camera Accessories > Camera Cases & Bags,Electronics > Cameras & Camcorders > Camera Accessories > Camera Cases & Bags,4,True,7.0,"Phones, Cameras & Electronics > Cameras, Camcorders & Accessories > Camera & Camcorder Accessories",0.3013532126513762,False,1.0,0.0,0.0,PARITY,34.17092561085076,2.019499130806047,0.9285714285714286,1959,,,
OfficeDepot,"OfficeDepot::Electronics > Cameras & Camcorders > Camera Accessories > Camera Chargers, Docks & Adapters","Electronics > Cameras & Camcorders > Camera Accessories > Camera Chargers, Docks & Adapters",4,True,4.0,Computers & Accessories > Computer Accessories & Peripherals > Laptop Accessories > Laptop Chargers & Adapters,0.4050138466921432,False,1.0,0.0,0.0,PARITY,34.313782753707905,52.088804911217125,0.9333333333333333,1960,,,
OfficeDepot,OfficeDepot::Electronics > Cameras & Camcorders > Camera Accessories > Camera Film,Electronics > Cameras & Camcorders > Camera Accessories > Camera Film,4,True,8.0,"Phones, Cameras & Electronics > Cameras, Camcorders & Accessories > Camera & Camcorder Accessories",0.3203943421723374,False,1.0,0.0,0.0,PARITY,34.11866080248839,5.898988844804907,0.926829268292683,1961,,,
OfficeDepot,OfficeDepot::Electronics > Cameras & Camcorders > Camera Accessories > Camera Lenses & Flashes,Electronics > Cameras & Camcorders > Camera Accessories > Camera Lenses & Flashes,4,True,2.0,"Phones, Cameras & Electronics > Cameras, Camcorders & Accessories > Camera & Camcorder Accessories",0.2596214357156626,False,1.0,0.0,0.0,PARITY,34.39888913668663,0.0,0.9361702127659575,1962,,,
OfficeDepot,OfficeDepot::Electronics > Cameras & Camcorders > Camera Accessories > Protectants & Cleaners,Electronics > Cameras & Camcorders > Camera Accessories > Protectants & Cleaners,4,True,5.0,Healthcare Supplies > Wound Care > Advanced Wound Care > Skin Protectants & Barriers,0.2972391605175185,False,1.0,0.0,0.0,PARITY,34.26832820825336,1.3577836710585205,0.9318181818181818,1963,,,
OfficeDepot,OfficeDepot::Electronics > Cameras & Camcorders > Camera Accessories > Tripods,Electronics > Cameras & Camcorders > Camera Accessories > Tripods,4,True,3.0,"Phones, Cameras & Electronics > Cameras, Camcorders & Accessories > Camera & Camcorder Accessories",0.10933125092832104,False,0.0,1.3862943611198906,0.6399863469579316,ENTER,36.313782753707905,0.0,1.0,1964,0.5626757880951485,,
OfficeDepot,OfficeDepot::Electronics > Cameras & Camcorders > Camera Memory Cards,Electronics > Cameras & Camcorders > Camera Memory Cards,3,False,73.0,Hard Drives & Data Storage > Memory Cards,0.5632744466383306,True,1.0,0.29779677629488166,0.0,PARITY,99.29133858267717,47.55905511811023,0.9763779527559056,789,,,
OfficeDepot,OfficeDepot::Electronics > Cameras & Camcorders > Camera Memory Cards > Compact Flash Memory Cards,Electronics > Cameras & Camcorders > Camera Memory Cards > Compact Flash Memory Cards,4,True,2.0,Hard Drives & Data Storage > Memory Cards,0.4720621366132662,True,1.0,-2.706531433181717,0.0,PARITY,100.0,47.55905511811023,1.0,789,,,
OfficeDepot,OfficeDepot::Electronics > Cameras & Camcorders > Camera Memory Cards > Memory Card Readers & Adapters,Electronics > Cameras & Camcorders > Camera Memory Cards > Memory Card Readers & Adapters,4,True,18.0,Hard Drives & Data Storage > Memory Card Readers & Adapters,0.7547141740975715,True,1.0,0.545657181487313,0.0,PARITY,100.0,42.204724409448815,1.0,788,,,
OfficeDepot,OfficeDepot::Electronics > Cameras & Camcorders > Camera Memory Cards > Secure Digital Memory Cards,Electronics > Cameras & Camcorders > Camera Memory Cards > Secure Digital Memory Cards,4,True,55.0,Hard Drives & Data Storage > Memory Cards,0.47089993118963863,True,1.0,0.22020796888532246,0.0,PARITY,100.0,47.55905511811023,1.0,789,,,
OfficeDepot,OfficeDepot::Electronics > Cameras & Camcorders > Digital Cameras,Electronics > Cameras & Camcorders > Digital Cameras,3,False,15.0,"Phones, Cameras & Electronics > Cameras, Camcorders & Accessories > Cameras & Camcorders",0.4471599421574803,False,1.0,0.0,0.0,PARITY,33.59030362068857,33.47673835599344,0.983957219251337,1965,,,
OfficeDepot,OfficeDepot::Electronics > Cameras & Camcorders > Digital Cameras > DSLR Cameras,Electronics > Cameras & Camcorders > Digital Cameras > DSLR Cameras,4,True,9.0,"Phones, Cameras & Electronics > Cameras, Camcorders & Accessories > Cameras & Camcorders",0.3239115478032363,False,1.0,0.0,0.0,PARITY,34.07158704314847,6.980542467394371,1.0,1966,,,
OfficeDepot,OfficeDepot::Electronics > Cameras & Camcorders > Digital Cameras > Point & Shoot Cameras,Electronics > Cameras & Camcorders > Digital Cameras > Point & Shoot Cameras,4,True,6.0,"Phones, Cameras & Electronics > Cameras, Camcorders & Accessories > Cameras & Camcorders",0.2816908956998122,False,1.0,0.0,0.0,PARITY,34.07158704314847,0.0,1.0,1967,,,
OfficeDepot,OfficeDepot::Electronics > Cameras & Camcorders > Digital Picture Frames,Electronics > Cameras & Camcorders > Digital Picture Frames,3,True,4.0,"Phones, Cameras & Electronics > Cameras, Camcorders & Accessories > Digital Picture Frames",0.9191061560840681,True,1.0,-0.42829201148576934,0.0,PARITY,90.85481597343302,29.388888888888893,0.9848484848484849,1238,,,
OfficeDepot,OfficeDepot::Electronics > Cameras & Camcorders > Security Cameras & Surveillance,Electronics > Cameras & Camcorders > Security Cameras & Surveillance,3,False,37.0,Smart Home & Security > Security Cameras & Systems,0.38050272184326783,False,1.0,-0.6806821371925844,0.0,PARITY,81.02235345261668,24.053559452040133,0.9808917197452229,1968,,,
OfficeDepot,OfficeDepot::Electronics > Cameras & Camcorders > Security Cameras & Surveillance > Security Camera Accessories,Electronics > Cameras & Camcorders > Security Cameras & Surveillance > Security Camera Accessories,4,True,10.0,Smart Home & Security > Security Cameras & Systems,0.5057997549021687,True,1.0,-1.7139377473912445,0.0,PARITY,87.79591595933324,24.299212598425196,1.0,1609,,,
OfficeDepot,OfficeDepot::Electronics > Cameras & Camcorders > Security Cameras & Surveillance > Security Camera Bundles,Electronics > Cameras & Camcorders > Security Cameras & Surveillance > Security Camera Bundles,4,True,14.0,Smart Home & Security > Security Cameras & Systems,0.4540389536549806,False,1.0,0.0,0.0,PARITY,62.644311520725154,23.509613199330357,1.0,1969,,,
OfficeDepot,OfficeDepot::Electronics > Cameras & Camcorders > Security Cameras & Surveillance > Security Cameras,Electronics > Cameras & Camcorders > Security Cameras & Surveillance > Security Cameras,4,True,21.0,Smart Home & Security > Security Cameras & Systems,0.646264656826302,True,1.0,-1.020790566831299,0.0,PARITY,91.27726489658168,24.299212598425196,1.0,1609,,,
OfficeDepot,OfficeDepot::Electronics > Car Electronics & GPS,Electronics > Car Electronics & GPS,2,False,4.0,"Phones, Cameras & Electronics > GPS",0.4763317749035224,True,1.0,-0.7105557439882093,0.0,PARITY,87.48943885971866,28.708073177998294,0.9772944094638428,1244,,,
OfficeDepot,OfficeDepot::Electronics > Car Electronics & GPS > GPS Accessories,Electronics > Car Electronics & GPS > GPS Accessories,3,True,3.0,"Phones, Cameras & Electronics > GPS > GPS Accessories",0.8476137565942283,True,1.0,0.5148989491536266,0.0,PARITY,89.11069005863283,27.94750656167979,1.0,1245,,,
OfficeDepot,OfficeDepot::Electronics > Car Electronics & GPS > Vehicle GPS,Electronics > Car Electronics & GPS > Vehicle GPS,3,True,1.0,"Phones, Cameras & Electronics > GPS",0.48713313807886116,True,1.0,-1.6268464758623642,0.0,PARITY,85.35035612731502,27.94750656167979,1.0,1244,,,
OfficeDepot,OfficeDepot::Electronics > Drones & Accessories,Electronics > Drones & Accessories,2,False,1.0,"Phones, Cameras & Electronics > Drones & UAV",0.4887417696199992,True,1.0,-0.5603124093498707,0.0,PARITY,89.94398838049088,26.120734908136484,0.9773073989321129,1243,,,
OfficeDepot,OfficeDepot::Electronics > Drones & Accessories > Drones,Electronics > Drones & Accessories > Drones,3,True,1.0,"Phones, Cameras & Electronics > Drones & UAV",0.5184859863664738,True,1.0,-0.5603124093498707,0.0,PARITY,86.60680916075356,26.120734908136484,,1243,,,
OfficeDepot,OfficeDepot::Electronics > Networking & Cables,Electronics > Networking & Cables,2,False,1162.0,Networking & WiFi,0.45965477981610725,True,1.0,-0.512459252910002,0.0,PARITY,85.16779278456569,64.05098297003023,0.9686842105263158,1073,,,
OfficeDepot,OfficeDepot::Electronics > Networking & Cables > Cable Boxes,Electronics > Networking & Cables > Cable Boxes,3,True,6.0,Computers & Accessories > Computer Accessories & Peripherals > Cables & Cable Accessories > Cables,0.4289875053476694,False,1.0,0.0,0.0,PARITY,69.6050295813927,64.97429556375545,1.0,1970,,,
OfficeDepot,OfficeDepot::Electronics > Networking & Cables > Cables,Electronics > Networking & Cables > Cables,3,False,768.0,Computers & Accessories > Computer Accessories & Peripherals > Cables & Cable Accessories > Cables,0.7870979587489624,True,1.0,-0.8850513784576899,0.0,PARITY,88.56095958950431,79.38782608695652,1.0,262,,,
OfficeDepot,OfficeDepot::Electronics > Networking & Cables > Cables > Audio Cables,Electronics > Networking & Cables > Cables > Audio Cables,4,True,18.0,Audio,0.6661840677261353,True,1.0,-3.7096129576330688,0.0,PARITY,76.3750802904789,79.38782608695652,1.0,76,,,
OfficeDepot,OfficeDepot::Electronics > Networking & Cables > Cables > Cable Management,Electronics > Networking & Cables > Cables > Cable Management,4,True,77.0,Computers & Accessories > Computer Accessories & Peripherals > Cables & Cable Accessories > Cable Management,0.860866236016338,True,1.0,0.2358094170540248,0.0,PARITY,100.0,76.46608695652174,1.0,261,,,
OfficeDepot,OfficeDepot::Electronics > Networking & Cables > Cables > Computer Cables,Electronics > Networking & Cables > Cables > Computer Cables,4,True,328.0,Computers & Accessories > Computer Accessories & Peripherals > Cables & Cable Accessories > Cables,0.5680955863107238,True,1.0,-0.5226818156619828,0.0,PARITY,89.39675113061392,79.38782608695652,1.0,262,,,
OfficeDepot,OfficeDepot::Electronics > Networking & Cables > Cables > Ethernet Cables,Electronics > Networking & Cables > Cables > Ethernet Cables,4,True,20.0,Computers & Accessories > Computer Accessories & Peripherals > Cables & Cable Accessories > Cables,0.4817178336319889,True,1.0,-3.2742171287039317,0.0,PARITY,87.73960747901667,79.38782608695652,1.0,262,,,
OfficeDepot,OfficeDepot::Electronics > Networking & Cables > Cables > HDMI Cables,Electronics > Networking & Cables > Cables > HDMI Cables,4,True,54.0,Computers & Accessories > Computer Accessories & Peripherals > Cables & Cable Accessories > Cables,0.5154863129451581,True,1.0,-2.3114063811948835,0.0,PARITY,88.41203752992863,79.38782608695652,1.0,262,,,
OfficeDepot,OfficeDepot::Electronics > Networking & Cables > Cables > Networking Tools,Electronics > Networking & Cables > Cables > Networking Tools,4,True,2.0,Networking & WiFi,0.5231209993362427,True,1.0,-5.062512699700448,0.0,PARITY,100.0,37.69230769230769,1.0,1073,,,
OfficeDepot,OfficeDepot::Electronics > Networking & Cables > Cables > Peripheral Device Cables,Electronics > Networking & Cables > Cables > Peripheral Device Cables,4,True,34.0,Computers & Accessories > Computer Accessories & Peripherals > Cables & Cable Accessories > Cables,0.41708685688692837,False,1.0,0.0,0.0,PARITY,72.28174767943541,59.35265230615722,1.0,1971,,,
OfficeDepot,OfficeDepot::Electronics > Networking & Cables > Cables > Photo/Video Cables,Electronics > Networking & Cables > Cables > Photo/Video Cables,4,True,82.0,Computers & Accessories > Computer Accessories & Peripherals > Cables & Cable Accessories > Cables,0.46122754489755285,True,1.0,-1.8998989586307564,0.0,PARITY,87.31492094948312,79.38782608695652,1.0,262,,,
OfficeDepot,OfficeDepot::Electronics > Networking & Cables > Cables > Portable Device Cables,Electronics > Networking & Cables > Cables > Portable Device Cables,4,True,300.0,Computers & Accessories > Computer Accessories & Peripherals > Cables & Cable Accessories > Cables,0.46610137412609026,True,1.0,-0.6116293016784793,0.0,PARITY,87.41712162505287,79.38782608695652,1.0,262,,,
OfficeDepot,OfficeDepot::Electronics > Networking & Cables > Cables > Power Cables,Electronics > Networking & Cables > Cables > Power Cables,4,True,40.0,Computers & Accessories > Computer Accessories & Peripherals > Cables & Cable Accessories > Cables,0.57041667632777,True,1.0,-2.6051674997230467,0.0,PARITY,89.43854338287495,79.38782608695652,1.0,262,,,
OfficeDepot,OfficeDepot::Electronics > Networking & Cables > Cables > Serial Cables,Electronics > Networking & Cables > Cables > Serial Cables,4,True,7.0,Computers & Accessories > Computer Accessories & Peripherals > Cables & Cable Accessories > Cables,0.521020263614583,True,1.0,-4.239298024747519,0.0,PARITY,88.51911960482009,79.38782608695654,1.0,262,,,
OfficeDepot,OfficeDepot::Electronics > Networking & Cables > Cables > Storage Device Cables,Electronics > Networking & Cables > Cables > Storage Device Cables,4,True,1.0,Computers & Accessories > Computer Accessories & Peripherals > Cables & Cable Accessories > Cables,0.4699159862422227,True,1.0,-5.625592385867409,0.0,PARITY,87.4965907573034,79.38782608695652,1.0,262,,,
OfficeDepot,OfficeDepot::Electronics > Networking & Cables > Cables > USB Cables,Electronics > Networking & Cables > Cables > USB Cables,4,True,39.0,Computers & Accessories > Computer Accessories & Peripherals > Cables & Cable Accessories > Cables,0.565921592042034,True,1.0,-2.6298601123134184,0.0,PARITY,89.35748529837221,79.38782608695652,1.0,262,,,
OfficeDepot,OfficeDepot::Electronics > Networking & Cables > KVM Switches & Accessories,Electronics > Networking & Cables > KVM Switches & Accessories,3,False,5.0,Computers & Accessories > Servers & Accessories > KVM Cables & Switches,0.41351622024626344,False,1.0,0.0,0.0,PARITY,45.16022816866302,49.24606275536209,1.0,1972,,,
OfficeDepot,OfficeDepot::Electronics > Networking & Cables > KVM Switches & Accessories > KVM Modules,Electronics > Networking & Cables > KVM Switches & Accessories > KVM Modules,4,True,5.0,Computers & Accessories > Servers & Accessories > KVM Cables & Switches,0.24763845370676196,False,1.0,0.0,0.0,PARITY,21.65746881237574,0.0,,1973,,,
OfficeDepot,OfficeDepot::Electronics > Networking & Cables > Modems,Electronics > Networking & Cables > Modems,3,False,13.0,Networking & WiFi > Modems,0.8469188928906985,True,1.0,0.9960431216475538,0.0,DEEPEN,87.34371305799526,33.6745406824147,1.0,1078,0.3268097689797884,CURATE - DEEPEN,0.3507776085807512
OfficeDepot,OfficeDepot::Electronics > Networking & Cables > Modems > Analog Modems,Electronics > Networking & Cables > Modems > Analog Modems,4,True,1.0,Networking & WiFi > Modems,0.4619851682131463,True,1.0,-0.9498670274077593,0.0,PARITY,87.21525814003631,33.6745406824147,1.0,1078,,,
OfficeDepot,OfficeDepot::Electronics > Networking & Cables > Modems > Cable Modems,Electronics > Networking & Cables > Modems > Cable Modems,4,True,11.0,Networking & WiFi > Modems,0.5397002159813304,True,1.0,0.8418924418202958,0.0,DEEPEN,88.8237674640921,33.6745406824147,1.0,1078,0.29562876515831127,,
OfficeDepot,OfficeDepot::Electronics > Networking & Cables > Modems > Modem Accessories,Electronics > Networking & Cables > Modems > Modem Accessories,4,True,1.0,Networking & WiFi > Modems,0.43616954506599925,False,1.0,0.0,0.0,PARITY,71.19156950888893,28.999734235040297,1.0,1974,,,
OfficeDepot,OfficeDepot::Electronics > Networking & Cables > Network Switches & Hubs,Electronics > Networking & Cables > Network Switches & Hubs,3,False,68.0,Networking & WiFi > Network Adapters,0.36705611776928226,False,1.0,0.0,0.0,PARITY,36.924635260240265,18.10353557603802,1.0,1975,,,
OfficeDepot,OfficeDepot::Electronics > Networking & Cables > Network Switches & Hubs > Managed Switches,Electronics > Networking & Cables > Network Switches & Hubs > Managed Switches,4,True,60.0,Networking & WiFi > Ethernet Switches,0.30091680783443353,False,1.0,0.0,0.0,PARITY,36.924635260240265,2.3840552244027498,1.0,1976,,,
OfficeDepot,OfficeDepot::Electronics > Networking & Cables > Network Switches & Hubs > Unmanaged Switches,Electronics > Networking & Cables > Network Switches & Hubs > Unmanaged Switches,4,True,8.0,Networking & WiFi > Ethernet Switches,0.2796573211591711,False,1.0,0.0,0.0,PARITY,36.924635260240265,0.0,1.0,1977,,,
OfficeDepot,OfficeDepot::Electronics > Networking & Cables > Networking Transceivers & Converters,Electronics > Networking & Cables > Networking Transceivers & Converters,3,True,13.0,Networking & WiFi > Network Transceivers,0.48982482640706476,True,1.0,-1.896893478398987,0.0,PARITY,100.0,41.75853018372704,1.0,1081,,,
OfficeDepot,OfficeDepot::Electronics > Networking & Cables > Patch Panels,Electronics > Networking & Cables > Patch Panels,3,True,3.0,Gift Shop > Professional Gifts > Compasses > Solar Panels,0.2648997309612505,False,1.0,0.0,0.0,PARITY,69.6050295813927,0.0,1.0,1978,,,
OfficeDepot,OfficeDepot::Electronics > Networking & Cables > Print Servers,Electronics > Networking & Cables > Print Servers,3,True,6.0,Computers & Accessories > Servers & Accessories > Servers,0.4766686612029241,True,1.0,-0.8783681305129025,0.0,PARITY,92.61371847511111,64.01851851851852,1.0,298,,,
OfficeDepot,OfficeDepot::Electronics > Networking & Cables > Security Hardware,Electronics > Networking & Cables > Security Hardware,3,False,8.0,"Tools, Parts & Supplies > Hardware",0.473158940567115,True,1.0,-0.7363727881515296,0.0,PARITY,72.35267704677862,34.948333650360716,1.0,1690,,,
OfficeDepot,OfficeDepot::Electronics > Networking & Cables > Security Hardware > Firewall Devices,Electronics > Networking & Cables > Security Hardware > Firewall Devices,4,True,1.0,Networking & WiFi > Firewall Devices,0.7409065587707259,True,1.0,-2.21041631527876,0.0,PARITY,100.0,36.797900262467195,1.0,1075,,,
OfficeDepot,OfficeDepot::Electronics > Networking & Cables > Security Hardware > Security Tokens,Electronics > Networking & Cables > Security Hardware > Security Tokens,4,True,7.0,Smart Home & Security,0.32226377725601196,False,1.0,0.0,0.0,PARITY,68.4030594820327,3.6398545184755515,1.0,1979,,,
OfficeDepot,OfficeDepot::Electronics > Networking & Cables > Terminal Servers,Electronics > Networking & Cables > Terminal Servers,3,True,4.0,Computers & Accessories > Servers & Accessories > Servers,0.40405828293754326,False,1.0,0.0,0.0,PARITY,69.6050295813927,42.89914466580028,1.0,1980,,,
OfficeDepot,"OfficeDepot::Electronics > Networking & Cables > USB Hubs, Adapters & Switches","Electronics > Networking & Cables > USB Hubs, Adapters & Switches",3,True,77.0,Computers & Accessories > Computer Accessories & Peripherals > Cables & Cable Accessories > USB Hubs,0.5243403338503244,True,1.0,0.20909325225698794,0.0,PARITY,100.0,76.54956521739132,1.0,263,,,
OfficeDepot,OfficeDepot::Electronics > Networking & Cables > Wired Adapters & Routers,Electronics > Networking & Cables > Wired Adapters & Routers,3,False,94.0,Networking & WiFi > Routers,0.5011873024153437,True,1.0,1.1370302432453792,0.0,DEEPEN,74.57364903517211,38.63517060367454,1.0,1082,0.3043205338802453,CURATE - DEEPEN,0.3242872207807881
OfficeDepot,OfficeDepot::Electronics > Networking & Cables > Wired Adapters & Routers > Wired Adapters,Electronics > Networking & Cables > Wired Adapters & Routers > Wired Adapters,4,True,89.0,Networking & WiFi > Network Adapters,0.3155039846108704,False,1.0,0.0,0.0,PARITY,73.4764823711822,5.761051775055886,1.0,1981,,,
OfficeDepot,OfficeDepot::Electronics > Networking & Cables > Wired Adapters & Routers > Wired Routers,Electronics > Networking & Cables > Wired Adapters & Routers > Wired Routers,4,True,5.0,Networking & WiFi > Routers,0.48121609424472483,True,1.0,-1.6250871791271067,0.0,PARITY,94.10321565419268,38.63517060367454,1.0,1082,,,
OfficeDepot,OfficeDepot::Electronics > Networking & Cables > Wireless Networking,Electronics > Networking & Cables > Wireless Networking,3,False,97.0,Networking & WiFi,0.4998821067928029,True,1.0,-1.5761575096979854,0.0,PARITY,94.28412198161338,41.99475065616798,1.0,1073,,,
OfficeDepot,OfficeDepot::Electronics > Networking & Cables > Wireless Networking > Wifi Adapters,Electronics > Networking & Cables > Wireless Networking > Wifi Adapters,4,True,13.0,Networking & WiFi > Network Adapters,0.4350634176489628,False,1.0,0.0,0.0,PARITY,86.54002918250895,34.385674562104946,1.0,1982,,,
OfficeDepot,OfficeDepot::Electronics > Networking & Cables > Wireless Networking > Wifi Antennas,Electronics > Networking & Cables > Wireless Networking > Wifi Antennas,4,True,1.0,Networking & WiFi > Mesh WiFi Systems,0.31408775509394943,False,1.0,0.0,0.0,PARITY,86.54002918250895,4.757054974960783,1.0,1983,,,
OfficeDepot,OfficeDepot::Electronics > Networking & Cables > Wireless Networking > Wifi Extenders,Electronics > Networking & Cables > Wireless Networking > Wifi Extenders,4,True,14.0,Networking & WiFi > WiFi Extenders & Repeaters,0.6809999731707916,True,1.0,0.025359501578075427,0.0,PARITY,100.0,36.06299212598425,1.0,1083,,,
OfficeDepot,OfficeDepot::Electronics > Networking & Cables > Wireless Networking > Wifi Routers,Electronics > Networking & Cables > Wireless Networking > Wifi Routers,4,True,50.0,Networking & WiFi > Routers,0.6081672270056523,True,1.0,0.5149789843691641,0.0,PARITY,100.0,38.63517060367454,1.0,1082,,,
OfficeDepot,OfficeDepot::Electronics > Networking & Cables > Wireless Networking > Wireless Access Points,Electronics > Networking & Cables > Wireless Networking > Wireless Access Points,4,True,8.0,Networking & WiFi > Wireless Access Points,0.8563796155892442,True,1.0,-1.2554693300931108,0.0,PARITY,100.0,38.76640419947506,1.0,1084,,,
OfficeDepot,OfficeDepot::Electronics > Networking & Cables > Wireless Networking > Wireless Networking Accessories,Electronics > Networking & Cables > Wireless Networking > Wireless Networking Accessories,4,True,12.0,Networking & WiFi > Networking Accessories,0.6953243317021985,True,1.0,-2.020416250008959,0.0,PARITY,100.0,41.99475065616798,1.0,1073,,,
OfficeDepot,OfficeDepot::Electronics > Networking & Cables > Wireless Networking > Wireless Tools,Electronics > Networking & Cables > Wireless Networking > Wireless Tools,4,True,48.0,Networking & WiFi > Wireless Access Points,0.4329749134707794,False,1.0,0.0,0.0,PARITY,86.54002918250895,32.64781810793378,1.0,1984,,,
OfficeDepot,OfficeDepot::Electronics > Office Equipment,Electronics > Office Equipment,2,False,672.0,Office Supplies,0.3149393625654843,False,1.0,0.6956509465866105,0.0,DEEPEN,94.5542031526773,59.9058761384418,0.9745943637916311,1985,0.16364173573800844,REVIEW,0.17007483309574742
OfficeDepot,OfficeDepot::Electronics > Office Equipment > Binding Equipment,Electronics > Office Equipment > Binding Equipment,3,False,46.0,"Shredders, Projectors & Office Machines > Binding Equipment",0.7823448348491103,True,1.0,0.1630990910432315,0.0,PARITY,100.0,64.1256038647343,1.0,1589,,,
OfficeDepot,OfficeDepot::Electronics > Office Equipment > Binding Equipment > Binding Combs & Spines,Electronics > Office Equipment > Binding Equipment > Binding Combs & Spines,4,True,14.0,"Shredders, Projectors & Office Machines > Binding Equipment > Binding Combs & Spines",0.9436546482196472,True,1.0,-0.1325959959278138,0.0,PARITY,100.0,64.07407407407408,1.0,1590,,,
OfficeDepot,OfficeDepot::Electronics > Office Equipment > Binding Equipment > Binding Covers,Electronics > Office Equipment > Binding Equipment > Binding Covers,4,True,23.0,"Shredders, Projectors & Office Machines > Binding Equipment > Binding Covers & Accessories",0.8090494363486362,True,1.0,0.3213033157864542,0.0,PARITY,100.0,64.14814814814815,1.0,1589,,,
OfficeDepot,OfficeDepot::Electronics > Office Equipment > Binding Equipment > Binding Systems,Electronics > Office Equipment > Binding Equipment > Binding Systems,4,True,9.0,"Shredders, Projectors & Office Machines > Binding Equipment > Binding Machines",0.5146636072064744,True,1.0,-0.8671004876833828,0.0,PARITY,100.0,64.14814814814815,1.0,1589,,,
OfficeDepot,OfficeDepot::Electronics > Office Equipment > Calculators,Electronics > Office Equipment > Calculators,3,False,112.0,"Shredders, Projectors & Office Machines > Calculators",0.8108934276890327,True,1.0,0.5975034810405333,0.0,PARITY,100.0,66.12962962962963,1.0,1591,,,
OfficeDepot,OfficeDepot::Electronics > Office Equipment > Calculators > Basic Calculators,Electronics > Office Equipment > Calculators > Basic Calculators,4,True,34.0,"Shredders, Projectors & Office Machines > Calculators > Basic Calculators",0.9512071860079864,True,1.0,0.3974139818867055,0.0,PARITY,100.0,66.12962962962963,1.0,1592,,,
OfficeDepot,OfficeDepot::Electronics > Office Equipment > Calculators > Calculator Supplies,Electronics > Office Equipment > Calculators > Calculator Supplies,4,True,23.0,"Shredders, Projectors & Office Machines > Calculators > Calculator Accessories",0.6170311480152364,True,1.0,0.9738078901125702,0.0,DEEPEN,100.0,66.12962962962963,1.0,1593,0.17806539111725825,,
OfficeDepot,OfficeDepot::Electronics > Office Equipment > Calculators > Financial Calculators,Electronics > Office Equipment > Calculators > Financial Calculators,4,True,4.0,"Shredders, Projectors & Office Machines > Calculators > Financial Calculators",0.9512071860079864,True,1.0,0.4386940517208222,0.0,PARITY,100.0,66.12962962962963,1.0,1594,,,
OfficeDepot,OfficeDepot::Electronics > Office Equipment > Calculators > Graphing Calculators,Electronics > Office Equipment > Calculators > Graphing Calculators,4,True,13.0,"Shredders, Projectors & Office Machines > Calculators > Graphing Calculators",0.9512071860079864,True,1.0,0.43481138937988284,0.0,PARITY,100.0,66.12962962962963,1.0,1595,,,
OfficeDepot,OfficeDepot::Electronics > Office Equipment > Calculators > Printing Calculators,Electronics > Office Equipment > Calculators > Printing Calculators,4,True,21.0,"Shredders, Projectors & Office Machines > Calculators > Printing Calculators",0.9512071860079864,True,1.0,0.7440904370231474,0.0,DEEPEN,100.0,66.12962962962963,1.0,1597,0.14939503611495308,,
OfficeDepot,OfficeDepot::Electronics > Office Equipment > Calculators > Scientific Calculators,Electronics > Office Equipment > Calculators > Scientific Calculators,4,True,30.0,"Shredders, Projectors & Office Machines > Calculators > Scientific Calculators",0.9512071860079864,True,1.0,1.14169884379774,0.0,DEEPEN,100.0,66.12962962962963,1.0,1598,0.19549246964807124,,
OfficeDepot,OfficeDepot::Electronics > Office Equipment > Cash Registers & Supplies,Electronics > Office Equipment > Cash Registers & Supplies,3,False,21.0,Retail Store Supplies > Point of Sale (POS) Equipment > Cash Registers,0.649726242602481,True,1.0,1.6902199916755158,0.0,DEEPEN,86.3347710651519,38.067129629629626,1.0,1317,0.39477717806690915,,
OfficeDepot,OfficeDepot::Electronics > Office Equipment > Cash Registers & Supplies > Cash Register Supplies,Electronics > Office Equipment > Cash Registers & Supplies > Cash Register Supplies,4,True,16.0,Retail Store Supplies > Point of Sale (POS) Equipment > Cash Registers,0.6117326030925829,True,1.0,1.432390882373416,0.0,DEEPEN,80.47824437878842,38.067129629629626,,1317,0.3607673750096331,,
OfficeDepot,OfficeDepot::Electronics > Office Equipment > Fax Machines,Electronics > Office Equipment > Fax Machines,3,True,1.0,"Shredders, Projectors & Office Machines > Fax Machines",0.7918693283027606,True,1.0,-0.38741703823646134,0.0,PARITY,91.77748859026708,51.69553805774279,1.0,1600,,,
OfficeDepot,OfficeDepot::Electronics > Office Equipment > Paper-Folding Machines,Electronics > Office Equipment > Paper-Folding Machines,3,True,23.0,"Shipping, Packing & Mailing Supplies > Mailing Supplies > Paper Folding Machines & Joggers",0.5672725365990801,True,1.0,1.1772332432840371,0.0,DEEPEN,96.45622408671265,72.66203703703704,1.0,1542,0.15941985637328326,,
OfficeDepot,OfficeDepot::Electronics > Office Equipment > Point of Sale Systems,Electronics > Office Equipment > Point of Sale Systems,3,False,2.0,Retail Store Supplies > Point of Sale (POS) Equipment,0.4184038340031429,False,1.0,0.0,0.0,PARITY,45.753806546522924,36.26631204478865,1.0,1986,,,
OfficeDepot,OfficeDepot::Electronics > Office Equipment > Point of Sale Systems > Point of Sale Terminal Accessories,Electronics > Office Equipment > Point of Sale Systems > Point of Sale Terminal Accessories,4,True,2.0,Retail Store Supplies > Point of Sale (POS) Equipment,0.35291333502652694,False,1.0,0.0,0.0,PARITY,22.50543792360417,17.559241871177964,,1987,,,
OfficeDepot,OfficeDepot::Electronics > Office Equipment > Projector Accessories,Electronics > Office Equipment > Projector Accessories,3,False,46.0,"Shredders, Projectors & Office Machines > Projectors & Accessories",0.749605719065964,True,1.0,-1.1015486410672342,0.0,PARITY,98.66151361372607,72.88888888888889,1.0,1601,,,
OfficeDepot,OfficeDepot::Electronics > Office Equipment > Projector Accessories > Projector Lamps,Electronics > Office Equipment > Projector Accessories > Projector Lamps,4,True,5.0,"Shredders, Projectors & Office Machines > Projectors & Accessories > Projectors",0.6595084093054947,True,1.0,-2.0195534371858037,0.0,PARITY,97.75361054535409,72.88888888888889,1.0,1606,,,
OfficeDepot,OfficeDepot::Electronics > Office Equipment > Projector Accessories > Projector Mounts,Electronics > Office Equipment > Projector Accessories > Projector Mounts,4,True,7.0,"Shredders, Projectors & Office Machines > Projectors & Accessories > Projectors",0.657170246815195,True,1.0,-1.731871364734023,0.0,PARITY,97.71982304607887,72.88888888888889,1.0,1606,,,
OfficeDepot,OfficeDepot::Electronics > Office Equipment > Projector Accessories > Projector Remotes,Electronics > Office Equipment > Projector Accessories > Projector Remotes,4,True,13.0,"Shredders, Projectors & Office Machines > Projectors & Accessories > Projectors",0.6324028564959157,True,1.0,-1.1722555767986003,0.0,PARITY,97.35560093708283,72.88888888888889,1.0,1606,,,
OfficeDepot,OfficeDepot::Electronics > Office Equipment > Projector Accessories > Projector Screens,Electronics > Office Equipment > Projector Accessories > Projector Screens,4,True,21.0,"Shredders, Projectors & Office Machines > Projectors & Accessories > Projector Screens",0.9341013453444657,True,1.0,1.5033016445347889,0.0,DEEPEN,100.0,72.88888888888889,1.0,1605,0.1776284001844168,,
OfficeDepot,OfficeDepot::Electronics > Office Equipment > Projectors,Electronics > Office Equipment > Projectors,3,True,70.0,"Shredders, Projectors & Office Machines > Projectors & Accessories > Projectors",0.7252580649670557,True,1.0,0.4513669706274568,0.0,PARITY,95.4619998725424,70.40740740740742,1.0,1606,,,
OfficeDepot,OfficeDepot::Electronics > Office Equipment > Scanners & Accessories,Electronics > Office Equipment > Scanners & Accessories,3,False,107.0,Printers & Scanners > Scanners & Scanner Accessories,0.6679588595262026,True,1.0,0.44625887357790184,0.0,PARITY,100.0,79.66666666666666,1.0,1252,,,
OfficeDepot,OfficeDepot::Electronics > Office Equipment > Scanners & Accessories > Scanner Accessories,Electronics > Office Equipment > Scanners & Accessories > Scanner Accessories,4,True,10.0,Printers & Scanners > Scanners & Scanner Accessories,0.7890736577372073,True,1.0,-1.8379770807479474,0.0,PARITY,100.0,79.66666666666666,1.0,1252,,,
OfficeDepot,OfficeDepot::Electronics > Office Equipment > Scanners & Accessories > Scanners,Electronics > Office Equipment > Scanners & Accessories > Scanners,4,True,97.0,Printers & Scanners > Scanners & Scanner Accessories > Scanners,0.9091369580151315,True,1.0,0.679797167704467,0.0,PARITY,100.0,79.66666666666666,1.0,1254,,,
OfficeDepot,OfficeDepot::Electronics > Office Equipment > Shredders,Electronics > Office Equipment > Shredders,3,False,144.0,"Security, Banking & Cash > Shredders & Accessories > Shredders",0.7230873908047407,True,1.0,0.9067485149987249,0.0,DEEPEN,100.0,69.33333333333334,1.0,1534,0.15307883817427378,,
OfficeDepot,OfficeDepot::Electronics > Office Equipment > Shredders > Shredder Accessories,Electronics > Office Equipment > Shredders > Shredder Accessories,4,True,21.0,"Security, Banking & Cash > Shredders & Accessories > Shredder Accessories",0.9077802906231005,True,1.0,0.6192292803173354,0.0,PARITY,100.0,52.97222222222223,,1533,,,
OfficeDepot,OfficeDepot::Electronics > Office Equipment > Time Clocks,Electronics > Office Equipment > Time Clocks,3,False,93.0,Retail Store Supplies > Time Clock Systems,0.5075909445728057,True,1.0,1.0225453794904276,0.0,DEEPEN,84.95656771724587,37.55905511811024,1.0,1409,0.3104522285047147,,
OfficeDepot,OfficeDepot::Electronics > Office Equipment > Time Clocks > Time Card Racks,Electronics > Office Equipment > Time Clocks > Time Card Racks,4,True,4.0,Retail Store Supplies > Time Clock Cards & Racks,0.518454537978248,True,1.0,-1.5602476682433284,0.0,PARITY,95.33451404925232,37.55905511811024,1.0,1409,,,
OfficeDepot,OfficeDepot::Electronics > Office Equipment > Time Clocks > Time Cards & Badges,Electronics > Office Equipment > Time Clocks > Time Cards & Badges,4,True,46.0,Retail Store Supplies > Time Clock Cards & Racks,0.28952331533507697,False,1.0,0.0,0.0,PARITY,75.5584897412238,0.0,1.0,1988,,,
OfficeDepot,OfficeDepot::Electronics > Office Equipment > Time Clocks > Time Clock Supplies,Electronics > Office Equipment > Time Clocks > Time Clock Supplies,4,True,13.0,Retail Store Supplies > Time Clock Systems,0.4717504244948191,True,1.0,0.24027553193613116,0.0,PARITY,90.6817943426258,35.17060367454068,1.0,1409,,,
OfficeDepot,OfficeDepot::Electronics > Office Equipment > Time Clocks > Time Clock Systems,Electronics > Office Equipment > Time Clocks > Time Clock Systems,4,True,30.0,Retail Store Supplies > Time Clock Systems,0.749268415901396,True,1.0,1.035205406806019,0.0,DEEPEN,95.50229623188089,35.17060367454068,1.0,1409,0.3471416730746292,,
OfficeDepot,OfficeDepot::Electronics > Office Equipment > Typewriters & Accessories,Electronics > Office Equipment > Typewriters & Accessories,3,False,7.0,"Shredders, Projectors & Office Machines > Typewriters & Typewriter Supplies",0.5229117134040789,True,1.0,-0.028255561727724476,0.0,PARITY,60.69271075504061,55.26509186351707,1.0,1607,,,
OfficeDepot,OfficeDepot::Electronics > Office Equipment > Typewriters & Accessories > Correctable Typewriter Ribbons,Electronics > Office Equipment > Typewriters & Accessories > Correctable Typewriter Ribbons,4,True,4.0,"Shredders, Projectors & Office Machines > Typewriters & Typewriter Supplies",0.3548945646606335,False,1.0,0.0,0.0,PARITY,58.51060171682265,20.86624424558009,1.0,1989,,,
OfficeDepot,OfficeDepot::Electronics > Office Equipment > Typewriters & Accessories > Typewriter Ribbons,Electronics > Office Equipment > Typewriters & Accessories > Typewriter Ribbons,4,True,6.0,"Shredders, Projectors & Office Machines > Typewriters & Typewriter Supplies",0.4458409707866559,False,1.0,0.0,0.0,PARITY,58.51060171682265,50.77340495456778,1.0,1990,,,
OfficeDepot,OfficeDepot::Electronics > Office Equipment > Typewriters & Accessories > Typewriters,Electronics > Office Equipment > Typewriters & Accessories > Typewriters,4,True,1.0,"Shredders, Projectors & Office Machines > Typewriters & Typewriter Supplies",0.6273644471148245,True,1.0,-1.4145499228476148,0.0,PARITY,82.51380113722016,55.26509186351707,1.0,1607,,,
OfficeDepot,OfficeDepot::Electronics > Phones & Accessories,Electronics > Phones & Accessories,2,False,840.0,"Phones, Cameras & Electronics > Phones & Accessories",0.8084437014050252,True,0.9271653543307087,0.0029974404801702548,15.786329891628979,PARITY,71.34686141269444,39.63640973617265,0.9893591865689289,272,,,
OfficeDepot,OfficeDepot::Electronics > Phones & Accessories > Cell Phone Accessories,Electronics > Phones & Accessories > Cell Phone Accessories,3,False,557.0,"Phones, Cameras & Electronics > Cell Phone Accessories",0.8054265298492996,True,0.9965277777777778,-0.012751640768886574,0.42665756463862103,PARITY,87.66039647236565,53.638171628460576,0.8363636363636363,272,,,
OfficeDepot,OfficeDepot::Electronics > Phones & Accessories > Cell Phone Accessories > Bluetooth Headsets,Electronics > Phones & Accessories > Cell Phone Accessories > Bluetooth Headsets,4,True,118.0,Audio > Headsets & Microphones > Headsets,0.40102212661026776,False,1.0,0.0,0.0,PARITY,74.82775156212732,25.12765891752896,0.9956331877729258,1991,,,
OfficeDepot,OfficeDepot::Electronics > Phones & Accessories > Cell Phone Accessories > Cell Phone Cases,Electronics > Phones & Accessories > Cell Phone Accessories > Cell Phone Cases,4,True,139.0,"Phones, Cameras & Electronics > Cell Phone Cases",0.8837409191391438,True,1.0,-0.7525002420828182,0.0,PARITY,99.86270022883295,51.548169819848354,0.9954233409610984,1239,,,
OfficeDepot,OfficeDepot::Electronics > Phones & Accessories > Cell Phone Accessories > Cell Phone Chargers & Adapters,Electronics > Phones & Accessories > Cell Phone Accessories > Cell Phone Chargers & Adapters,4,True,206.0,"Phones, Cameras & Electronics > Cell Phones",0.5487158981310609,True,1.0,1.01204875555345,0.0,DEEPEN,97.98634519628061,77.07826086956521,0.9945945945945946,272,0.12216443091926289,,
OfficeDepot,OfficeDepot::Electronics > Phones & Accessories > Cell Phone Accessories > Cell Phone Corded Headsets,Electronics > Phones & Accessories > Cell Phone Accessories > Cell Phone Corded Headsets,4,True,6.0,"Phones, Cameras & Electronics > Cell Phones",0.5465293868869683,True,1.0,-0.01658642032906421,0.0,PARITY,85.4802391383838,36.89238845144357,0.9964912280701754,272,,,
OfficeDepot,OfficeDepot::Electronics > Phones & Accessories > Cell Phone Accessories > Cell Phone Grips,Electronics > Phones & Accessories > Cell Phone Accessories > Cell Phone Grips,4,True,7.0,"Phones, Cameras & Electronics > Cell Phones",0.6391506622438059,True,1.0,0.1169449722954583,0.0,PARITY,86.60542888282592,41.78726892844649,0.9964850615114236,272,,,
OfficeDepot,OfficeDepot::Electronics > Phones & Accessories > Cell Phone Accessories > Cell Phone Kits,Electronics > Phones & Accessories > Cell Phone Accessories > Cell Phone Kits,4,True,14.0,"Phones, Cameras & Electronics > Cell Phones",0.6807832719517746,True,1.0,0.7455536317178326,0.0,DEEPEN,87.07145905778965,55.26198016176201,0.99644128113879,272,0.18072055823846642,,
OfficeDepot,OfficeDepot::Electronics > Phones & Accessories > Cell Phone Accessories > Cell Phone Screen Protectors,Electronics > Phones & Accessories > Cell Phone Accessories > Cell Phone Screen Protectors,4,True,46.0,"Phones, Cameras & Electronics > Cell Phone Screen Protectors",0.7874672819410969,True,1.0,-0.37764704901846624,0.0,PARITY,99.88679245283019,40.41568358986174,0.9962264150943396,1241,,,
OfficeDepot,OfficeDepot::Electronics > Phones & Accessories > Cell Phone Accessories > Cell Phone Signal Boosters,Electronics > Phones & Accessories > Cell Phone Accessories > Cell Phone Signal Boosters,4,True,3.0,"Phones, Cameras & Electronics > Cell Phones",0.536682273822611,True,1.0,-0.5762022082644869,0.0,PARITY,85.35356343435552,36.89238845144357,0.9965095986038395,272,,,
OfficeDepot,OfficeDepot::Electronics > Phones & Accessories > Cell Phone Accessories > Cell Phone Stands,Electronics > Phones & Accessories > Cell Phone Accessories > Cell Phone Stands,4,True,32.0,"Phones, Cameras & Electronics > Cell Phones",0.6650810243321457,True,1.0,1.5340109920821028,0.0,DEEPEN,86.89427364549854,49.78204412912804,0.9963235294117647,272,0.31094408137682267,,
OfficeDepot,OfficeDepot::Electronics > Phones & Accessories > Cell Phone Accessories > Selfie Sticks,Electronics > Phones & Accessories > Cell Phone Accessories > Selfie Sticks,4,True,2.0,"Coffee, Water & Snacks > Snacks & Food > Jerky & Meat Sticks",0.1863393881750987,False,0.0,1.0986122886681098,0.42665756463862103,ENTER,74.95875592893954,0.0,1.0,1992,0.6030920354216733,,
OfficeDepot,OfficeDepot::Electronics > Phones & Accessories > Cell Phone Accessories > UV Phone Sanitizers,Electronics > Phones & Accessories > Cell Phone Accessories > UV Phone Sanitizers,4,True,3.0,"Phones, Cameras & Electronics > Phones & Accessories > Phone Accessories",0.3382052567946199,False,1.0,0.0,0.0,PARITY,74.85404388705473,12.282934514329815,0.9965095986038395,1993,,,
OfficeDepot,OfficeDepot::Electronics > Phones & Accessories > Cell Phones,Electronics > Phones & Accessories > Cell Phones,3,False,1.0,"Phones, Cameras & Electronics > Cell Phones",0.9472349259444082,True,0.0,-1.2693493888244323,0.21332878231931052,PARITY,53.91045278234411,52.785057483723264,0.9280788177339901,272,,,
OfficeDepot,OfficeDepot::Electronics > Phones & Accessories > Cell Phones > Smartphones,Electronics > Phones & Accessories > Cell Phones > Smartphones,4,True,1.0,"Phones, Cameras & Electronics > Cell Phones",0.21192191012239364,False,0.0,0.6931471805599453,0.21332878231931052,ENTER,37.240126071892,0.0,,1994,0.33495689273849755,,
OfficeDepot,OfficeDepot::Electronics > Phones & Accessories > Conferencing,Electronics > Phones & Accessories > Conferencing,3,False,89.0,Furniture > Home & Office Tables > Conference Room Tables,0.45935150591901924,False,1.0,-0.2275781483820758,0.0,PARITY,27.544247787610622,52.52299491951879,0.918141592920354,1995,,,
OfficeDepot,OfficeDepot::Electronics > Phones & Accessories > Conferencing > Teleconferencing,Electronics > Phones & Accessories > Conferencing > Teleconferencing,4,True,89.0,Furniture > Home & Office Tables > Conference Room Tables,0.3725197570850385,False,1.0,0.0,0.0,PARITY,30.000000000000004,25.361686837987342,1.0,1996,,,
OfficeDepot,OfficeDepot::Electronics > Phones & Accessories > Conferencing > Video Conferencing,Electronics > Phones & Accessories > Conferencing > Video Conferencing,4,True,23.0,Furniture > Home & Office Tables > Conference Room Tables,0.35362749016440376,False,1.0,0.0,0.0,PARITY,30.000000000000004,19.452112412957753,1.0,1997,,,
OfficeDepot,OfficeDepot::Electronics > Phones & Accessories > Multi-Line Phones,Electronics > Phones & Accessories > Multi-Line Phones,3,False,34.0,"Phones, Cameras & Electronics > Phones & Accessories > Landline Phones",0.446644529165484,False,0.5294117647058824,0.6109090823229733,3.4132605171089683,PARITY,28.228105906313647,29.37903678952013,0.9409368635437881,1998,,,
OfficeDepot,OfficeDepot::Electronics > Phones & Accessories > Multi-Line Phones > Multi-Line Corded Phones,Electronics > Phones & Accessories > Multi-Line Phones > Multi-Line Corded Phones,4,True,8.0,"Phones, Cameras & Electronics > Phones & Accessories > Landline Phones",0.2544345906314516,False,1.0,0.0,0.0,PARITY,11.53846153846154,0.0,0.38461538461538464,1999,,,
OfficeDepot,OfficeDepot::Electronics > Phones & Accessories > Multi-Line Phones > Multi-Line Cordless Phones,Electronics > Phones & Accessories > Multi-Line Phones > Multi-Line Cordless Phones,4,True,10.0,Batteries & Power > Battery Shop > Cordless Phone Batteries,0.42979480341228904,False,1.0,0.0,0.0,PARITY,10.0,39.93882693862603,0.3333333333333333,2000,,,
OfficeDepot,OfficeDepot::Electronics > Phones & Accessories > Multi-Line Phones > Multi-Line Handset Systems,Electronics > Phones & Accessories > Multi-Line Phones > Multi-Line Handset Systems,4,True,16.0,Furniture > Storage Furniture > Clothing Racks & Closet Organization > Closet Systems,0.2046202263490523,False,0.0,2.833213344056216,3.4132605171089683,ENTER,30.000000000000004,0.0,1.0,2001,0.7161410788381742,,
OfficeDepot,OfficeDepot::Electronics > Phones & Accessories > PDA Accessories,Electronics > Phones & Accessories > PDA Accessories,3,False,6.0,"Phones, Cameras & Electronics > Phones & Accessories > Phone Accessories",0.47320640246521894,True,1.0,-2.214800531523382,0.0,PARITY,45.1965578593081,36.16666666666667,0.9267326732673268,272,,,
OfficeDepot,OfficeDepot::Electronics > Phones & Accessories > PDA Accessories > PDA Chargers,Electronics > Phones & Accessories > PDA Accessories > PDA Chargers,4,True,6.0,Computers & Accessories > Computer Accessories & Peripherals > Laptop Accessories > Laptop Chargers & Adapters,0.34179030203562477,False,1.0,0.0,0.0,PARITY,24.849396658983277,23.092043554292722,,2002,,,
OfficeDepot,OfficeDepot::Electronics > Phones & Accessories > Phone Accessories,Electronics > Phones & Accessories > Phone Accessories,3,False,96.0,"Phones, Cameras & Electronics > Phones & Accessories > Phone Accessories",0.9472349259444082,True,0.8125,0.4140002979246873,3.8399180817475895,PARITY,28.316082171699172,38.23622047244095,0.9391304347826087,272,,,
OfficeDepot,OfficeDepot::Electronics > Phones & Accessories > Phone Accessories > Expansion Handsets,Electronics > Phones & Accessories > Phone Accessories > Expansion Handsets,4,True,18.0,"Phones, Cameras & Electronics > Phones & Accessories > Landline Phones",0.1966944260275403,False,0.0,2.9444389791664403,3.8399180817475895,ENTER,30.14216912822091,0.0,1.0,2003,0.7240364658908868,,
OfficeDepot,OfficeDepot::Electronics > Phones & Accessories > Phone Accessories > Line Conditioners,Electronics > Phones & Accessories > Phone Accessories > Line Conditioners,4,True,6.0,Facilities > Heating & Cooling > Air Conditioners,0.4213013217643323,False,1.0,0.0,0.0,PARITY,24.14216912822091,48.880838644775245,0.8,2004,,,
OfficeDepot,OfficeDepot::Electronics > Phones & Accessories > Phone Accessories > Phone Cord Detanglers,Electronics > Phones & Accessories > Phone Accessories > Phone Cord Detanglers,4,True,4.0,"Phones, Cameras & Electronics > Phones & Accessories > Phone Accessories",0.3487087177397563,False,1.0,0.0,0.0,PARITY,24.272603910829606,12.324110277499692,0.8043478260869565,2005,,,
OfficeDepot,OfficeDepot::Electronics > Phones & Accessories > Phone Accessories > Phone Cords,Electronics > Phones & Accessories > Phone Accessories > Phone Cords,4,True,18.0,"Phones, Cameras & Electronics > Phones & Accessories > Phone Accessories",0.43303537879859094,False,1.0,0.0,0.0,PARITY,23.219092205143987,30.471415104992477,0.7692307692307693,2006,,,
OfficeDepot,"OfficeDepot::Electronics > Phones & Accessories > Phone Accessories > Phone Couplers, Adapters & Routers","Electronics > Phones & Accessories > Phone Accessories > Phone Couplers, Adapters & Routers",4,True,10.0,"Phones, Cameras & Electronics > Phones & Accessories > Phone Accessories",0.32739049920201696,False,1.0,0.0,0.0,PARITY,23.86309936077905,7.736377224562306,0.7906976744186046,2007,,,
OfficeDepot,OfficeDepot::Electronics > Phones & Accessories > Phone Accessories > Phone Headsets & Chargers,Electronics > Phones & Accessories > Phone Accessories > Phone Headsets & Chargers,4,True,15.0,Audio > Headsets & Microphones > Headsets,0.39275717958501727,False,1.0,0.0,0.0,PARITY,23.475502461554242,23.23244978328663,0.7777777777777778,2008,,,
OfficeDepot,OfficeDepot::Electronics > Phones & Accessories > Phone Accessories > Phone Stands & Shoulder Rests,Electronics > Phones & Accessories > Phone Accessories > Phone Stands & Shoulder Rests,4,True,15.0,"Phones, Cameras & Electronics > Phones & Accessories > Phone Accessories",0.33551466550333553,False,1.0,0.0,0.0,PARITY,23.475502461554242,9.484717790737571,0.7777777777777778,2009,,,
OfficeDepot,OfficeDepot::Electronics > Phones & Accessories > Phone Accessories > Replacement Headset Parts,Electronics > Phones & Accessories > Phone Accessories > Replacement Headset Parts,4,True,10.0,Printers & Scanners > Scanners & Scanner Accessories > Scanner Accessories & Replacement Parts,0.37770433782197566,False,1.0,0.0,0.0,PARITY,23.86309936077905,37.76969229652645,0.7906976744186046,2010,,,
OfficeDepot,OfficeDepot::Electronics > Phones & Accessories > Single-Line Phones,Electronics > Phones & Accessories > Single-Line Phones,3,False,62.0,"Phones, Cameras & Electronics > Phones & Accessories > Landline Phones",0.4411310143742678,False,0.4714285714285714,0.616774201775371,7.8931649458144895,PARITY,28.82663847780127,28.381985143986295,0.9608879492600423,2011,,,
OfficeDepot,OfficeDepot::Electronics > Phones & Accessories > Single-Line Phones > Single-Line Corded Phones,Electronics > Phones & Accessories > Single-Line Phones > Single-Line Corded Phones,4,True,14.0,"Phones, Cameras & Electronics > Phones & Accessories > Landline Phones",0.2500136739764204,False,1.0,0.0,0.0,PARITY,10.17857142857143,0.0,0.3392857142857143,2012,,,
OfficeDepot,OfficeDepot::Electronics > Phones & Accessories > Single-Line Phones > Single-Line Cordless Phones,Electronics > Phones & Accessories > Single-Line Phones > Single-Line Cordless Phones,4,True,19.0,Batteries & Power > Battery Shop > Cordless Phone Batteries,0.4247079576939649,False,1.0,0.0,0.0,PARITY,8.23529411764706,38.47039642219227,0.27450980392156865,2013,,,
OfficeDepot,OfficeDepot::Electronics > Phones & Accessories > Single-Line Phones > Single-Line Handset Systems,Electronics > Phones & Accessories > Single-Line Phones > Single-Line Handset Systems,4,True,37.0,Furniture > Storage Furniture > Clothing Racks & Closet Organization > Closet Systems,0.2020104555815222,False,0.0,3.6375861597263857,7.8931649458144895,ENTER,30.000000000000004,0.0,1.0,2014,0.7422821576763485,,
OfficeDepot,OfficeDepot::Electronics > Phones & Accessories > Telecom Gateways & Routers,Electronics > Phones & Accessories > Telecom Gateways & Routers,3,True,5.0,Networking & WiFi > Routers,0.30764857868142187,False,1.0,0.0,0.0,PARITY,45.8985471084425,3.7259267644749627,0.9268051434223541,2015,,,
OfficeDepot,OfficeDepot::Electronics > Phones & Accessories > VoIP,Electronics > Phones & Accessories > VoIP,3,False,78.0,"Phones, Cameras & Electronics > Phones & Accessories > Phone Accessories",0.6581108884061522,True,1.0,-2.185617562944228,0.0,PARITY,79.75887387127736,36.89238845144357,0.9177777777777778,272,,,
OfficeDepot,OfficeDepot::Electronics > Phones & Accessories > VoIP > VoIP Accessories,Electronics > Phones & Accessories > VoIP > VoIP Accessories,4,True,14.0,"Phones, Cameras & Electronics > Phones & Accessories > Phone Accessories",0.8429955228877837,True,1.0,-1.4526604794764855,0.0,PARITY,83.90850432192262,38.23622047244095,1.0,272,,,
OfficeDepot,OfficeDepot::Electronics > Phones & Accessories > VoIP > VoIP Conferencing,Electronics > Phones & Accessories > VoIP > VoIP Conferencing,4,True,38.0,Furniture > Home & Office Tables > Conference Room Tables,0.3561134631114077,False,1.0,0.0,0.0,PARITY,63.51143386233164,20.229734400337353,1.0,2016,,,
OfficeDepot,OfficeDepot::Electronics > Phones & Accessories > VoIP > VoIP Headsets,Electronics > Phones & Accessories > VoIP > VoIP Headsets,4,True,15.0,Audio > Headsets & Microphones > Headsets,0.521959161684086,True,1.0,-2.874614797630381,0.0,PARITY,91.89375002433357,38.53703703703704,1.0,80,,,
OfficeDepot,OfficeDepot::Electronics > Phones & Accessories > VoIP > VoIP Phones,Electronics > Phones & Accessories > VoIP > VoIP Phones,4,True,40.0,"Phones, Cameras & Electronics > Cell Phones",0.5031991500654309,True,1.0,-2.3273908722340355,0.0,PARITY,100.0,38.23622047244095,1.0,272,,,
OfficeDepot,OfficeDepot::Electronics > Phones & Accessories > VoIP > VoIP Systems,Electronics > Phones & Accessories > VoIP > VoIP Systems,4,True,9.0,"Phones, Cameras & Electronics > Phones & Accessories > Phone Accessories",0.36087581789194717,False,1.0,0.0,0.0,PARITY,63.51143386233164,14.942500150358399,1.0,2017,,,
OfficeDepot,OfficeDepot::Electronics > Smart Home,Electronics > Smart Home,2,False,49.0,Smart Home & Security,0.6122742548012602,True,1.0,-1.521698998126094,0.0,PARITY,68.45794212528601,21.647828501250498,0.9770712909441233,1608,,,
OfficeDepot,OfficeDepot::Electronics > Smart Home > Energy Management,Electronics > Smart Home > Energy Management,3,False,10.0,Computers & Accessories > Computer Accessories & Peripherals > Cables & Cable Accessories > Cable Management,0.33348080188267376,False,1.0,1.1444356828885547,0.0,DEEPEN,91.69452392903533,42.77777777777777,1.0,2018,0.31744120568168127,REVIEW,0.33419548245244635
OfficeDepot,OfficeDepot::Electronics > Smart Home > Energy Management > Smart Thermostats,Electronics > Smart Home > Energy Management > Smart Thermostats,4,True,10.0,Smart Home & Security > Smart Thermostats,0.7671957671957672,True,1.0,1.1444356828885547,0.0,DEEPEN,88.13503418433618,42.77777777777777,,1618,0.3113307482866144,,
OfficeDepot,OfficeDepot::Electronics > Smart Home > Home Access,Electronics > Smart Home > Home Access,3,False,5.0,Smart Home & Security,0.3958438681476891,False,1.0,-0.4720340867961177,0.0,PARITY,98.42397083620075,20.881889763779526,1.0,2019,,,
OfficeDepot,OfficeDepot::Electronics > Smart Home > Home Access > Smart Doorbells,Electronics > Smart Home > Home Access > Smart Doorbells,4,True,5.0,Smart Home & Security > Smart Doorbells,0.8232173683151367,True,1.0,-0.4720340867961177,0.0,PARITY,97.74852976600108,20.881889763779526,,1612,,,
OfficeDepot,OfficeDepot::Electronics > Smart Home > Home Automation,Electronics > Smart Home > Home Automation,3,False,17.0,Furniture > Decor > Home & Office Decor > Home Accents,0.22268441630440475,False,1.0,0.0,0.0,PARITY,30.000000000000004,1.0402781011979882,1.0,2020,,,
OfficeDepot,OfficeDepot::Electronics > Smart Home > Home Automation > Smart Hubs,Electronics > Smart Home > Home Automation > Smart Hubs,4,True,1.0,Computers & Accessories > Computer Accessories & Peripherals > Cables & Cable Accessories > USB Hubs,0.3302666879155763,False,1.0,0.0,0.0,PARITY,30.000000000000004,17.6847277203658,1.0,2021,,,
OfficeDepot,OfficeDepot::Electronics > Smart Home > Home Automation > Voice Assistants,Electronics > Smart Home > Home Automation > Voice Assistants,4,True,5.0,Audio > Portable Audio > Voice Recorders,0.24608468795827368,False,1.0,0.0,0.0,PARITY,30.000000000000004,0.0,1.0,2022,,,
OfficeDepot,OfficeDepot::Electronics > Smart Home > Home Automation > Whole Home WiFi,Electronics > Smart Home > Home Automation > Whole Home WiFi,4,True,11.0,Networking & WiFi,0.255696564912796,False,1.0,0.0,0.0,PARITY,30.000000000000004,0.0,1.0,2023,,,
OfficeDepot,OfficeDepot::Electronics > Smart Home > Home Security,Electronics > Smart Home > Home Security,3,False,10.0,Smart Home & Security,0.7062938170934246,True,1.0,-2.5498608273222727,0.0,PARITY,80.37228324230831,32.7181553286087,1.0,1608,,,
OfficeDepot,OfficeDepot::Electronics > Smart Home > Home Security > Smart Motion Detectors,Electronics > Smart Home > Home Security > Smart Motion Detectors,4,True,2.0,Retail Store Supplies > Store Security & Operations > Motion Detectors,0.6737121875537947,True,1.0,0.6564311650216734,0.0,PARITY,84.24185761961868,31.11111111111111,1.0,1406,,,
OfficeDepot,OfficeDepot::Electronics > Smart Home > Home Security > Smart Security Cameras,Electronics > Smart Home > Home Security > Smart Security Cameras,4,True,5.0,Smart Home & Security > Security Cameras & Systems,0.654387123449139,True,1.0,-2.32007355096156,0.0,PARITY,94.17134771751736,24.299212598425196,1.0,1609,,,
OfficeDepot,OfficeDepot::Electronics > Smart Home > Home Security > Smart Smoke Detectors,Electronics > Smart Home > Home Security > Smart Smoke Detectors,4,True,1.0,Smart Home & Security > Smart Locks,0.38437029143805235,False,1.0,0.0,0.0,PARITY,69.41021593792749,10.578514265996494,1.0,2024,,,
OfficeDepot,OfficeDepot::Electronics > Smart Home > Home Security > Smart Surveillance Systems,Electronics > Smart Home > Home Security > Smart Surveillance Systems,4,True,6.0,Smart Home & Security > Smart Locks,0.35950018954340124,False,1.0,0.0,0.0,PARITY,69.41021593792748,7.6602111607903725,1.0,2025,,,
OfficeDepot,OfficeDepot::Electronics > Smart Home > Smart Lighting,Electronics > Smart Home > Smart Lighting,3,False,7.0,Smart Home & Security > Smart Locks,0.4230722293809608,False,1.0,-2.441498319001688,0.0,PARITY,84.3046808854726,44.500060756294346,1.0,2026,,,
OfficeDepot,OfficeDepot::Electronics > Smart Home > Smart Lighting > Smart Light Bulbs,Electronics > Smart Home > Smart Lighting > Smart Light Bulbs,4,True,5.0,"Facilities > Commercial Lighting, Ballasts & Bulbs > Light Bulbs",0.6967796517155068,True,1.0,-2.698465115192102,0.0,PARITY,83.10231370497242,64.26388888888889,1.0,447,,,
OfficeDepot,OfficeDepot::Electronics > Smart Home > Smart Lighting > Smart Outlets,Electronics > Smart Home > Smart Lighting > Smart Outlets,4,True,2.0,Smart Home & Security > Smart Plugs & Outlets,0.5505187644950087,True,1.0,-0.23124076154682904,0.0,PARITY,85.09729807887514,19.79527559055118,1.0,1615,,,
OfficeDepot,OfficeDepot::Electronics > Smart Home > Smart Lighting > Smart Plugs,Electronics > Smart Home > Smart Lighting > Smart Plugs,4,True,2.0,Smart Home & Security > Smart Plugs & Outlets,0.6191591328203784,True,1.0,-0.23124076154682904,0.0,PARITY,86.51798164332057,19.79527559055118,1.0,1615,,,
OfficeDepot,OfficeDepot::Electronics > TVs & Home Theater,Electronics > TVs & Home Theater,2,False,125.0,Audio > Portable Audio > Home Theater Audio > Home Theater Speakers,0.42157176435226684,False,0.7846153846153846,-1.416110601589427,5.973205904940695,PARITY,70.20388321928021,28.882648174396074,0.9822091886608015,2027,,,
OfficeDepot,OfficeDepot::Electronics > TVs & Home Theater > Audio Devices,Electronics > TVs & Home Theater > Audio Devices,3,False,8.0,Audio,0.48896851199481056,True,0.0,-4.45682735946329,1.7066302585544841,PARITY,33.39502595392696,31.794871794871792,0.8360655737704918,76,,,
OfficeDepot,OfficeDepot::Electronics > TVs & Home Theater > Audio Devices > Sound Bars,Electronics > TVs & Home Theater > Audio Devices > Sound Bars,4,True,8.0,Furniture > Decor > Home & Office Decor > Home & Office Bars,0.2268543897477948,False,0.0,2.1972245773362196,1.7066302585544841,ENTER,11.875798201160295,0.0,,2028,0.5951709630682112,,
OfficeDepot,OfficeDepot::Electronics > TVs & Home Theater > Home Video,Electronics > TVs & Home Theater > Home Video,3,True,2.0,Gaming > Video Games,0.32736017196492007,False,1.0,0.0,0.0,PARITY,44.61269957497892,4.527007175840215,0.78125,2029,,,
OfficeDepot,OfficeDepot::Electronics > TVs & Home Theater > Media Streaming Devices,Electronics > TVs & Home Theater > Media Streaming Devices,3,True,8.0,TV & Streaming Media,0.5069944858551025,True,1.0,-3.9956565067588854,0.0,PARITY,70.47689653429902,22.92307692307692,0.7704918032786885,1727,,,
OfficeDepot,OfficeDepot::Electronics > TVs & Home Theater > Satellite Radios & Accessories,Electronics > TVs & Home Theater > Satellite Radios & Accessories,3,False,5.0,Audio > Portable Audio > Two Way Radios,0.20579754303319842,False,1.0,0.0,0.0,PARITY,23.280000000000005,0.0,0.776,2030,,,
OfficeDepot,OfficeDepot::Electronics > TVs & Home Theater > Satellite Radios & Accessories > Satellite Radios,Electronics > TVs & Home Theater > Satellite Radios & Accessories > Satellite Radios,4,True,5.0,Audio > Portable Audio > Two Way Radios,0.23864787980880328,False,1.0,0.0,0.0,PARITY,0.0,0.0,,2031,,,
OfficeDepot,OfficeDepot::Electronics > TVs & Home Theater > TV & Home Theater Accessories,Electronics > TVs & Home Theater > TV & Home Theater Accessories,3,False,83.0,Audio > Portable Audio > Home Theater Audio > Home Theater Speakers,0.4534865591417037,False,0.7560975609756098,-0.11739581396713117,4.266575646386211,PARITY,66.72846212393576,35.96617852037375,0.8333333333333334,2032,,,
OfficeDepot,OfficeDepot::Electronics > TVs & Home Theater > TV & Home Theater Accessories > Switchboxes,Electronics > TVs & Home Theater > TV & Home Theater Accessories > Switchboxes,4,True,13.0,Computers & Accessories > Servers & Accessories > KVM Cables & Switches,0.16022989942739285,False,0.0,2.6390573296152584,2.7732741701510366,ENTER,38.539240638596546,0.0,0.8985507246376812,2033,0.7189372239904785,,
OfficeDepot,OfficeDepot::Electronics > TVs & Home Theater > TV & Home Theater Accessories > TV Antennas,Electronics > TVs & Home Theater > TV & Home Theater Accessories > TV Antennas,4,True,6.0,TV & Streaming Media > TV & Video > TV Accessories,0.3944761254814491,False,1.0,0.0,0.0,PARITY,33.68798205736085,16.131892286434766,0.7368421052631579,2034,,,
OfficeDepot,OfficeDepot::Electronics > TVs & Home Theater > TV & Home Theater Accessories > TV Presentation Kits,Electronics > TVs & Home Theater > TV & Home Theater Accessories > TV Presentation Kits,4,True,5.0,TV & Streaming Media > TV & Video > TV Accessories,0.37099387516564664,False,1.0,0.0,0.0,PARITY,33.79051110725832,12.455341473875526,0.7402597402597403,2035,,,
OfficeDepot,OfficeDepot::Electronics > TVs & Home Theater > TV & Home Theater Accessories > TV Universal Remotes,Electronics > TVs & Home Theater > TV & Home Theater Accessories > TV Universal Remotes,4,True,6.0,TV & Streaming Media > TV & Video > TV Accessories,0.3355932078047959,False,1.0,0.0,0.0,PARITY,33.68798205736085,6.912757155919912,0.7368421052631579,2036,,,
OfficeDepot,OfficeDepot::Electronics > TVs & Home Theater > TV & Home Theater Accessories > TV Wall & Ceiling Mounts,Electronics > TVs & Home Theater > TV & Home Theater Accessories > TV Wall & Ceiling Mounts,4,True,45.0,TV & Streaming Media > TV & Video > TV Wall Mounts,0.6035606405421464,True,1.0,-0.521164359173623,0.0,PARITY,80.29874589228346,27.34722222222222,0.4594594594594595,1743,,,
OfficeDepot,OfficeDepot::Electronics > TVs & Home Theater > TV & Home Theater Accessories > Turntables,Electronics > TVs & Home Theater > TV & Home Theater Accessories > Turntables,4,True,7.0,TV & Streaming Media > DJ Equipment & Musical Instruments > Turn Tables & DJ Equipment,0.1480241035935747,False,0.0,2.0794415416798357,1.4933014762351737,ENTER,36.38271889946611,0.0,0.8266666666666667,2037,0.6628825965324232,,
OfficeDepot,OfficeDepot::Electronics > TVs & Home Theater > TVs,Electronics > TVs & Home Theater > TVs,3,True,12.0,TV & Streaming Media > TV & Video > TVs,0.7288363030263014,True,1.0,-1.2943929988360692,0.0,PARITY,92.88135593220339,26.458333333333332,0.7627118644067796,1744,,,
OfficeDepot,OfficeDepot::Electronics > TVs & Home Theater > Video Equipment,Electronics > TVs & Home Theater > Video Equipment,3,False,9.0,TV & Streaming Media > TV & Video,0.29045329095123246,False,1.0,-0.08550617970770391,0.0,PARITY,64.85151897455953,16.765238858009205,0.7606837606837606,2038,,,
OfficeDepot,OfficeDepot::Electronics > TVs & Home Theater > Video Equipment > DVD & Blu-Ray Players,Electronics > TVs & Home Theater > Video Equipment > DVD & Blu-Ray Players,4,True,7.0,TV & Streaming Media > TV & Video > DVD & Blu-Ray Players,0.7992091856066219,True,1.0,0.49170073285630855,0.0,PARITY,91.79025614783976,20.930555555555554,1.0,1740,,,
OfficeDepot,OfficeDepot::Electronics > TVs & Home Theater > Video Equipment > Portable DVD Players,Electronics > TVs & Home Theater > Video Equipment > Portable DVD Players,4,True,4.0,TV & Streaming Media > TV & Video > DVD & Blu-Ray Players,0.398714571788862,False,1.0,0.0,0.0,PARITY,48.9785478279548,13.360152845087569,1.0,2039,,,
OfficeDepot,OfficeDepot::Electronics > TVs & Home Theater > Video Equipment > Video Recorders,Electronics > TVs & Home Theater > Video Equipment > Video Recorders,4,True,2.0,Audio > Portable Audio > Voice Recorders,0.3402880803019938,False,1.0,0.0,0.0,PARITY,48.9785478279548,8.996802442440256,1.0,2040,,,
OfficeDepot,OfficeDepot::Electronics > Wearable Technology,Electronics > Wearable Technology,2,False,130.0,Wearable Technology,0.8887225733617696,True,1.0,-0.5475368533443552,0.0,PARITY,86.09978761421436,20.499335801395986,0.9762948207171315,1745,,,
OfficeDepot,OfficeDepot::Electronics > Wearable Technology > Fitness Bands,Electronics > Wearable Technology > Fitness Bands,3,True,97.0,Fitness,0.677238941192627,True,1.0,2.023400947212656,0.0,DEEPEN,76.54807437894621,19.2755905511811,1.0,576,0.516315526095118,CURATE - DEEPEN,0.5435404017255637
OfficeDepot,OfficeDepot::Electronics > Wearable Technology > Heart Rate Monitors,Electronics > Wearable Technology > Heart Rate Monitors,3,True,95.0,Wearable Technology > Heart Rate Monitors,0.9711937629987324,True,1.0,4.122167067821399,0.0,DEEPEN,93.7162866386206,18.47244094488189,1.0,1748,0.6283943824066681,CURATE - DEEPEN,0.638997060156684
OfficeDepot,OfficeDepot::Electronics > Wearable Technology > Portable GPS,Electronics > Wearable Technology > Portable GPS,3,True,2.0,Wearable Technology > Sports & Handheld GPS,0.435235651712569,False,1.0,0.0,0.0,PARITY,77.50251000340869,17.3167183102998,1.0,2041,,,
OfficeDepot,OfficeDepot::Electronics > Wearable Technology > Two-Way Radios & Accessories,Electronics > Wearable Technology > Two-Way Radios & Accessories,3,True,16.0,Audio > Portable Audio > Two Way Radios,0.6430103105427551,True,1.0,-0.9276463847276091,0.0,PARITY,96.82791924525243,35.0462962962963,1.0,89,,,
OfficeDepot,OfficeDepot::Electronics > Wearable Technology > Watches,Electronics > Wearable Technology > Watches,3,True,15.0,Wearable Technology > Smart Watches,0.7572279468415276,True,1.0,-2.206262205452347,0.0,PARITY,100.0,26.15748031496063,1.0,1751,,,
OfficeDepot,OfficeDepot::Equipment,Equipment,1,False,4.0,TV & Streaming Media > DJ Equipment & Musical Instruments > Stage Equipment,0.5878230333328247,True,1.0,0.20861545075130006,0.0,PARITY,40.31471870423662,62.61417322834646,,1733,,,
OfficeDepot,OfficeDepot::Equipment > Laundry,Equipment > Laundry,2,False,3.0,Cleaning Supplies > Laundry Care,0.565918935959031,True,1.0,-3.344024620516989,0.0,PARITY,65.74289376741291,78.88695652173912,1.0,171,,,
OfficeDepot,"OfficeDepot::Equipment > Laundry > Laundry Carts, Trucks & Hampers","Equipment > Laundry > Laundry Carts, Trucks & Hampers",3,True,3.0,"Cleaning Supplies > Laundry Care > Laundry Room Organization > Laundry Baskets, Hampers & Sorters",0.40988889538759726,False,1.0,0.0,0.0,PARITY,51.06127681058987,59.990049890896465,,2042,,,
OfficeDepot,OfficeDepot::Equipment > Public Spaces,Equipment > Public Spaces,2,False,1.0,Cleaning Supplies > Floor & Carpet Cleaning Equipment,0.14901420608669724,False,1.0,0.0,0.0,PARITY,35.65253106962383,7.454181827312777,1.0,2043,,,
OfficeDepot,OfficeDepot::Equipment > Public Spaces > Parts & Accessories,Equipment > Public Spaces > Parts & Accessories,3,True,1.0,Furniture > Chairs & Seating > Chair Parts & Accessories,0.3150902159911885,False,1.0,0.0,0.0,PARITY,8.075044385176891,7.454181827312777,,2044,,,
OfficeDepot,OfficeDepot::Food Service & Supplies,Food Service & Supplies,1,False,5.0,Restaurant & Foodservice Supplies > Bar Supplies,0.2778462767601013,False,1.0,0.18232155679395468,0.0,PARITY,0.0,2.932321742753713,,2045,,,
OfficeDepot,"OfficeDepot::Food Service & Supplies > Cups, Lids & Stir Sticks","Food Service & Supplies > Cups, Lids & Stir Sticks",2,True,4.0,Party Supplies > Disposable Cup Lids & Sleeves,0.3085974279850248,False,1.0,0.0,0.0,PARITY,0.0,2.932321742753713,,2046,,,
OfficeDepot,OfficeDepot::Furniture,Furniture,1,False,5009.0,Furniture,0.9124974522242667,True,0.9802314368370298,-0.7957732761248675,26.239440225275192,PARITY,92.42318595017457,72.80082556247305,,580,,,
OfficeDepot,OfficeDepot::Furniture > Bathroom,Furniture > Bathroom,2,False,3.0,Facilities > Heating & Cooling > Bathroom Fans,0.48245033842232515,True,1.0,-2.7300821286847077,0.0,PARITY,98.88298615543042,60.89732244870373,0.9802219006271105,523,,,
OfficeDepot,OfficeDepot::Furniture > Bathroom > Bath & Shower Accessories,Furniture > Bathroom > Bath & Shower Accessories,3,True,1.0,Furniture > Decor > Bath & Shower Accessories,0.804746301671545,True,1.0,-0.4775966801533328,0.0,PARITY,100.0,23.233634012777852,1.0,622,,,
OfficeDepot,OfficeDepot::Furniture > Bathroom > Towels,Furniture > Bathroom > Towels,3,True,2.0,"Coffee, Water & Snacks > Paper Products > Paper Towels",0.5256423361859907,True,1.0,-2.8610387657492904,0.0,PARITY,99.21449370492564,79.72916666666667,1.0,211,,,
OfficeDepot,OfficeDepot::Furniture > Bedroom,Furniture > Bedroom,2,False,27.0,Furniture > Standing Desk Mats,0.2619519391032163,False,0.6521739130434783,-1.1022062870877325,1.7066302585544841,PARITY,83.38637106233467,10.515011557340612,0.9814486207452815,2047,,,
OfficeDepot,OfficeDepot::Furniture > Bedroom > Armoires & Wardrobes,Furniture > Bedroom > Armoires & Wardrobes,3,True,4.0,"Expanded Assortment > Clothing, Shoes & Accessories > Salon & Spa Apparel > Spa Robes & Wraps",0.0894360978078542,False,0.0,1.6094379124341003,0.8533151292772421,ENTER,60.4824901288698,0.0,0.7894736842105263,2048,0.6837296280629579,,
OfficeDepot,OfficeDepot::Furniture > Bedroom > Bedding,Furniture > Bedroom > Bedding,3,False,20.0,Furniture > Decor > Beds & Bedding > Bedding,0.7581430083258289,True,0.8125,-0.4512457521751787,0.6399863469579316,PARITY,66.24960781556975,13.743055555555555,0.2857142857142857,624,,,
OfficeDepot,OfficeDepot::Furniture > Bedroom > Bedding > Bed Sheets,Furniture > Bedroom > Bedding > Bed Sheets,4,True,1.0,Furniture > Decor > Beds & Bedding > Beds & Mattresses,0.3061301667214497,False,1.0,0.0,0.0,PARITY,62.40976136610121,3.870490077233988,0.8,2049,,,
OfficeDepot,OfficeDepot::Furniture > Bedroom > Bedding > Blankets,Furniture > Bedroom > Bedding > Blankets,4,True,1.0,Furniture > Decor > Beds & Bedding > Blankets & Throws,0.6226617716756243,True,1.0,-2.045014199992567,0.0,PARITY,90.96551692680977,13.231304347826086,0.8,626,,,
OfficeDepot,OfficeDepot::Furniture > Bedroom > Bedding > Comforters,Furniture > Bedroom > Bedding > Comforters,4,True,2.0,Furniture > Decor > Beds & Bedding > Mattress Pads & Toppers,0.16595562789301715,False,0.0,1.0986122886681098,0.42665756463862103,ENTER,66.26690422324407,0.0,0.9285714285714286,2050,0.577016480304587,,
OfficeDepot,OfficeDepot::Furniture > Bedroom > Bedding > Duvet Covers,Furniture > Bedroom > Bedding > Duvet Covers,4,True,1.0,Safety Supplies > Personal Protective Equipment (PPE) > Shoe Covers,0.22559155039393536,False,0.0,0.6931471805599453,0.21332878231931052,ENTER,64.40976136610121,0.0,0.8666666666666667,2051,0.4164657986211252,,
OfficeDepot,OfficeDepot::Furniture > Bedroom > Bedding > Mattress Pads & Protectors,Furniture > Bedroom > Bedding > Mattress Pads & Protectors,4,True,5.0,Furniture > Decor > Beds & Bedding > Mattress Pads & Toppers,0.5523324205910514,True,1.0,0.46190641901311613,0.0,PARITY,81.93479524994133,11.30086956521739,0.7272727272727273,628,,,
OfficeDepot,OfficeDepot::Furniture > Bedroom > Bedding > Pillows & Pillowcases,Furniture > Bedroom > Bedding > Pillows & Pillowcases,4,True,6.0,Furniture > Decor > Beds & Bedding > Pillows,0.6298117745638951,True,1.0,-0.755614743411974,0.0,PARITY,87.94387305937444,19.182894636804075,0.7,629,,,
OfficeDepot,OfficeDepot::Furniture > Bedroom > Dressers,Furniture > Bedroom > Dressers,3,True,1.0,Retail Store Supplies > Store Fixtures & Retail Displays > Dress Forms,0.14538521521267547,False,0.0,0.6931471805599453,0.21332878231931052,ENTER,57.25282505709947,0.0,0.6818181818181818,2052,0.39499498969411995,,
OfficeDepot,OfficeDepot::Furniture > Bedroom > Headboards,Furniture > Bedroom > Headboards,3,True,1.0,Furniture > Decor > Beds & Bedding > Headboards,0.7581430083258289,True,1.0,-0.9498670274077593,0.0,PARITY,83.41377420815243,11.80695652173913,0.6363636363636364,627,,,
OfficeDepot,OfficeDepot::Furniture > Bedroom > Mattresses,Furniture > Bedroom > Mattresses,3,True,1.0,Furniture > Decor > Beds & Bedding > Beds & Mattresses,0.5409624582274098,True,1.0,-3.1778505576569316,0.0,PARITY,88.61276417409023,41.33479922512351,0.6363636363636364,625,,,
OfficeDepot,OfficeDepot::Furniture > Bookcases,Furniture > Bookcases,2,False,173.0,Furniture > Bookcases & Bookshelves,0.6967057913343783,True,1.0,0.47904918310190947,0.0,PARITY,74.62663081268761,50.8031496062992,0.9796425024826216,588,,,
OfficeDepot,OfficeDepot::Furniture > Bookcases > Metal Bookcases,Furniture > Bookcases > Metal Bookcases,3,True,47.0,Furniture > Bookcases & Bookshelves,0.3790851069821252,False,1.0,0.0,0.0,PARITY,75.23735573820896,26.494217958726736,1.0,2053,,,
OfficeDepot,OfficeDepot::Furniture > Bookcases > Wood Bookcases,Furniture > Bookcases > Wood Bookcases,3,True,133.0,Furniture > Bookcases & Bookshelves,0.3848390200781444,False,1.0,0.0,0.0,PARITY,75.23735573820896,28.233590790151275,1.0,2054,,,
OfficeDepot,OfficeDepot::Furniture > Carts & Stands,Furniture > Carts & Stands,2,False,259.0,Furniture > Carts & Stands,0.8887676473867862,True,1.0,-0.34292417353812343,0.0,PARITY,75.3647675450941,65.02546296296295,0.9793242561775088,589,,,
OfficeDepot,OfficeDepot::Furniture > Carts & Stands > Carts,Furniture > Carts & Stands > Carts,3,False,193.0,Furniture > Carts & Stands > Carts & Stands,0.6640954220646365,True,1.0,0.15993386088338202,0.0,PARITY,71.88512783093447,65.02546296296295,1.0,590,,,
OfficeDepot,OfficeDepot::Furniture > Carts & Stands > Carts > AV Carts,Furniture > Carts & Stands > Carts > AV Carts,4,True,36.0,Furniture > Carts & Stands > Carts & Stands,0.38888074216060015,False,1.0,0.0,0.0,PARITY,60.7802683959397,37.70139554337131,1.0,2055,,,
OfficeDepot,OfficeDepot::Furniture > Carts & Stands > Carts > Charging Carts & Stations,Furniture > Carts & Stands > Carts > Charging Carts & Stations,4,True,15.0,Furniture > Carts & Stands > Carts & Stands,0.3001842517195503,False,1.0,0.0,0.0,PARITY,60.7802683959397,3.382868857577328,1.0,2056,,,
OfficeDepot,OfficeDepot::Furniture > Carts & Stands > Carts > File & Storage Carts,Furniture > Carts & Stands > Carts > File & Storage Carts,4,True,60.0,Office Supplies > Folders & Filing > File Storage,0.5843481455611628,True,1.0,0.05523632592716066,0.0,PARITY,97.24122354083919,89.60648148148148,1.0,1113,,,
OfficeDepot,OfficeDepot::Furniture > Carts & Stands > Carts > Laptop & Mobile Workstations,Furniture > Carts & Stands > Carts > Laptop & Mobile Workstations,4,True,26.0,Furniture > Cubicle & Panel Systems > Cubicle & Panel Workstations,0.26036478479184694,False,1.0,0.0,0.0,PARITY,60.7802683959397,0.0,1.0,2057,,,
OfficeDepot,OfficeDepot::Furniture > Carts & Stands > Carts > Transporting Carts,Furniture > Carts & Stands > Carts > Transporting Carts,4,True,8.0,Furniture > Carts & Stands > Carts & Stands,0.3009134826173175,False,1.0,0.0,0.0,PARITY,60.7802683959397,3.665023539241548,1.0,2058,,,
OfficeDepot,OfficeDepot::Furniture > Carts & Stands > Carts > Utility Carts,Furniture > Carts & Stands > Carts > Utility Carts,4,True,52.0,Furniture > Carts & Stands > Carts & Stands,0.3283514803331313,False,1.0,0.0,0.0,PARITY,60.7802683959397,14.281358550159986,1.0,2059,,,
OfficeDepot,OfficeDepot::Furniture > Carts & Stands > Podiums & Lecterns,Furniture > Carts & Stands > Podiums & Lecterns,3,False,19.0,Furniture > Lecterns & PA Systems > Lecterns,0.5128610626741602,True,1.0,0.35180875428755964,0.0,PARITY,65.24441347536204,47.291666666666664,1.0,708,,,
OfficeDepot,OfficeDepot::Furniture > Carts & Stands > Podiums & Lecterns > Standard Podiums & Lecterns,Furniture > Carts & Stands > Podiums & Lecterns > Standard Podiums & Lecterns,4,True,16.0,Furniture > Lecterns & PA Systems > Lecterns,0.4576386801434813,False,1.0,0.0,0.0,PARITY,65.24441347536204,46.7678921359262,1.0,2060,,,
OfficeDepot,OfficeDepot::Furniture > Carts & Stands > Podiums & Lecterns > Tabletop Podiums & Lecterns,Furniture > Carts & Stands > Podiums & Lecterns > Tabletop Podiums & Lecterns,4,True,3.0,Furniture > Lecterns & PA Systems > Lecterns,0.45558400160120793,False,1.0,0.0,0.0,PARITY,65.24441347536204,46.189706562107325,1.0,2061,,,
OfficeDepot,OfficeDepot::Furniture > Carts & Stands > Stands,Furniture > Carts & Stands > Stands,3,False,47.0,Furniture > Carts & Stands > Carts & Stands,0.7072551453464968,True,1.0,-1.8641904165265797,0.0,PARITY,93.73512005247224,65.02546296296295,1.0,590,,,
OfficeDepot,OfficeDepot::Furniture > Carts & Stands > Stands > AV Stands & Mounts,Furniture > Carts & Stands > Stands > AV Stands & Mounts,4,True,22.0,Computers & Accessories > Computer Monitors & Stands > Monitor Stands & Mounts,0.5475787001210727,True,1.0,-2.083727149149129,0.0,PARITY,99.77557036813447,76.07407407407408,1.0,281,,,
OfficeDepot,OfficeDepot::Furniture > Carts & Stands > Stands > Printer Stands,Furniture > Carts & Stands > Stands > Printer Stands,4,True,17.0,Furniture > Carts & Stands > Carts & Stands,0.4255257102697675,False,1.0,0.0,0.0,PARITY,79.28466440540937,51.88009990586654,1.0,2062,,,
OfficeDepot,OfficeDepot::Furniture > Carts & Stands > Stands > TV Stands,Furniture > Carts & Stands > Stands > TV Stands,4,True,18.0,Furniture > Carts & Stands > TV Stands,0.8605321158957921,True,1.0,0.04087548332773494,0.0,PARITY,100.0,56.43749999999999,1.0,591,,,
OfficeDepot,OfficeDepot::Furniture > Chair Mats & Floor Mats,Furniture > Chair Mats & Floor Mats,2,False,428.0,Furniture > Chair Mats,0.8213167943926756,True,1.0,0.48432595717168603,0.0,PARITY,99.36313427683811,74.97637795275591,0.9787711425612703,592,,,
OfficeDepot,OfficeDepot::Furniture > Chair Mats & Floor Mats > Chair Mats,Furniture > Chair Mats & Floor Mats > Chair Mats,3,True,344.0,Furniture > Chair Mats,0.8315154613145626,True,1.0,1.3817940749024418,0.0,DEEPEN,100.0,74.97637795275591,1.0,592,0.15564485248472568,1P-CORE GAP,0.16713145462080395
OfficeDepot,OfficeDepot::Furniture > Chair Mats & Floor Mats > Floor Mats,Furniture > Chair Mats & Floor Mats > Floor Mats,3,True,84.0,Facilities > Floor Mats & Flooring > Commercial Floor Mats,0.6259747316066855,True,1.0,-0.7429070185988982,0.0,PARITY,100.0,66.30555555555556,1.0,462,,,
OfficeDepot,OfficeDepot::Furniture > Chairs & Seating,Furniture > Chairs & Seating,2,False,1655.0,Furniture > Chairs & Seating,0.9121891190485412,True,1.0,0.48837807927642274,0.0,PARITY,98.99673735725938,89.97591355909474,0.966557911908646,593,,,
OfficeDepot,OfficeDepot::Furniture > Chairs & Seating > Accent Chairs & Ottomans,Furniture > Chairs & Seating > Accent Chairs & Ottomans,3,True,64.0,Furniture > Chairs & Seating > Stools & Ottomans,0.5809489205800622,True,1.0,-1.3652297746610778,0.0,PARITY,100.0,87.1833622473951,1.0,604,,,
OfficeDepot,OfficeDepot::Furniture > Chairs & Seating > Big & Tall Chairs,Furniture > Chairs & Seating > Big & Tall Chairs,3,True,151.0,Furniture > Chairs & Seating > Big and Tall Chairs,0.9751624395061378,True,1.0,1.8898720316045172,0.0,DEEPEN,100.0,96.2962962962963,1.0,595,0.025864453665283497,1P-CORE GAP,0.02738791423001945
OfficeDepot,OfficeDepot::Furniture > Chairs & Seating > Chair Accessories,Furniture > Chairs & Seating > Chair Accessories,3,True,125.0,Furniture > Chairs & Seating > Chair Parts & Accessories,0.6785436287843316,True,1.0,0.9710948787993936,0.0,DEEPEN,100.0,96.2962962962963,1.0,597,0.019348394037190686,1P-CORE GAP,0.020682261208576965
OfficeDepot,OfficeDepot::Furniture > Chairs & Seating > Classroom Seating,Furniture > Chairs & Seating > Classroom Seating,3,True,18.0,Furniture > Chairs & Seating > Kids Seating,0.537355914105431,True,1.0,-0.790206326005686,0.0,PARITY,100.0,52.25,1.0,599,,,
OfficeDepot,OfficeDepot::Furniture > Chairs & Seating > Drafting Chairs,Furniture > Chairs & Seating > Drafting Chairs,3,True,69.0,Furniture > Chairs & Seating > Stools & Ottomans > Drafting Chairs & Office Stools,0.5084470545896981,True,1.0,-1.6211461067300208,0.0,PARITY,100.0,96.2962962962963,1.0,598,,,
OfficeDepot,OfficeDepot::Furniture > Chairs & Seating > Ergonomic Office Chairs,Furniture > Chairs & Seating > Ergonomic Office Chairs,3,True,663.0,Furniture > Chairs & Seating > Office Chairs,0.7367959293192612,True,1.0,0.8589558145273983,0.0,DEEPEN,100.0,96.2962962962963,1.0,598,0.017873059781773445,1P-CORE GAP,0.018966861598440517
OfficeDepot,OfficeDepot::Furniture > Chairs & Seating > Folding Chairs,Furniture > Chairs & Seating > Folding Chairs,3,True,41.0,Furniture > Chairs & Seating > Stacking & Folding Chairs,0.7889330913234596,True,1.0,-1.1384953989042699,0.0,PARITY,100.0,96.2962962962963,1.0,598,,,
OfficeDepot,OfficeDepot::Furniture > Chairs & Seating > Gaming Chairs,Furniture > Chairs & Seating > Gaming Chairs,3,True,80.0,Furniture > Chairs & Seating > Gaming Chairs,0.9751624395061378,True,1.0,1.1679923818443143,0.0,DEEPEN,100.0,96.2962962962963,1.0,598,0.021807284462886087,1P-CORE GAP,0.02302144249512667
OfficeDepot,OfficeDepot::Furniture > Chairs & Seating > Massage Chairs,Furniture > Chairs & Seating > Massage Chairs,3,True,2.0,Furniture > Chairs & Seating > Office Chairs,0.49564185890785156,True,1.0,-4.623217727073879,0.0,PARITY,100.0,96.2962962962963,1.0,598,,,
OfficeDepot,OfficeDepot::Furniture > Chairs & Seating > Office Chairs,Furniture > Chairs & Seating > Office Chairs,3,True,610.0,Furniture > Chairs & Seating > Office Chairs,0.9751624395061378,True,1.0,0.7757706242225604,0.0,DEEPEN,100.0,96.2962962962963,1.0,598,0.01670508682956813,1P-CORE GAP,0.017875243664717322
OfficeDepot,OfficeDepot::Furniture > Chairs & Seating > Reception Seating,Furniture > Chairs & Seating > Reception Seating,3,True,103.0,Furniture > Chairs & Seating > Kids Seating,0.5239646450006097,True,1.0,0.9097455939692463,0.0,DEEPEN,100.0,52.25,1.0,599,0.239146265560166,REVIEW,0.2545828947368421
OfficeDepot,OfficeDepot::Furniture > Chairs & Seating > Recliners,Furniture > Chairs & Seating > Recliners,3,True,7.0,"Furniture > Chairs & Seating > Recliners, Gliders & Rockers",0.6377790330032779,True,1.0,0.49170073285630855,0.0,PARITY,100.0,13.953703703703704,1.0,600,,,
OfficeDepot,OfficeDepot::Furniture > Chairs & Seating > Sofas & Lounge Chairs,Furniture > Chairs & Seating > Sofas & Lounge Chairs,3,True,56.0,Furniture > Chairs & Seating > Sofas & Benches,0.46362777845152653,True,1.0,0.5642907980584191,0.0,PARITY,100.0,88.65212277578637,1.0,601,,,
OfficeDepot,OfficeDepot::Furniture > Chairs & Seating > Stackable Chairs,Furniture > Chairs & Seating > Stackable Chairs,3,True,84.0,Furniture > Chairs & Seating > Stacking & Folding Chairs,0.48576998862853943,True,1.0,-1.6340507373994901,0.0,PARITY,100.0,96.2962962962963,1.0,598,,,
OfficeDepot,OfficeDepot::Furniture > Chairs & Seating > Stools,Furniture > Chairs & Seating > Stools,3,True,127.0,Furniture > Chairs & Seating > Stools & Ottomans,0.638730621157117,True,1.0,-0.6875867806370977,0.0,PARITY,100.0,24.156515295016263,1.0,604,,,
OfficeDepot,OfficeDepot::Furniture > Chairs & Seating > Task Chairs,Furniture > Chairs & Seating > Task Chairs,3,True,344.0,Furniture > Chairs & Seating > Office Chairs,0.5083345828632785,True,1.0,0.12171440128937139,0.0,PARITY,100.0,96.2962962962963,1.0,598,,,
OfficeDepot,OfficeDepot::Furniture > Cubicle Systems,Furniture > Cubicle Systems,2,False,46.0,Furniture > Cubicle & Panel Systems,0.6788155033965225,True,1.0,-1.0634752515491854,0.0,PARITY,99.40252590673576,61.05062399355877,0.9800841968911918,608,,,
OfficeDepot,OfficeDepot::Furniture > Cubicle Systems > Panel & Cubicle System Accessories,Furniture > Cubicle Systems > Panel & Cubicle System Accessories,3,True,13.0,Furniture > Cubicle & Panel Systems > Cubicle & Panel Workstations,0.5001077479921501,True,1.0,-2.2745655236439855,0.0,PARITY,100.0,60.60185185185184,1.0,608,,,
OfficeDepot,OfficeDepot::Furniture > Cubicle Systems > Panel & Cubicle Systems,Furniture > Cubicle Systems > Panel & Cubicle Systems,3,True,7.0,Furniture > Cubicle & Panel Systems,0.559986096854458,True,1.0,-2.834181311579408,0.0,PARITY,100.0,60.60185185185184,1.0,608,,,
OfficeDepot,OfficeDepot::Furniture > Cubicle Systems > Portable Partitions,Furniture > Cubicle Systems > Portable Partitions,3,True,26.0,Furniture > Cubicle & Panel Systems > Office Partitions & Dividers,0.4744731100913889,True,1.0,-0.47147048423371496,0.0,PARITY,100.0,61.39583333333333,1.0,610,,,
OfficeDepot,OfficeDepot::Furniture > Desks,Furniture > Desks,2,False,911.0,Furniture > Desks,0.8766977903334606,True,1.0,0.2894737207116522,0.0,PARITY,91.52841881630576,78.34423756211277,0.9753210272873194,679,,,
OfficeDepot,OfficeDepot::Furniture > Desks > Active Workstations,Furniture > Desks > Active Workstations,3,True,1.0,Furniture > Cubicle & Panel Systems > Cubicle & Panel Workstations,0.3553173554506335,False,1.0,0.0,0.0,PARITY,76.02349946441272,23.033683719543387,1.0,2063,,,
OfficeDepot,OfficeDepot::Furniture > Desks > Commercial Grade Desks,Furniture > Desks > Commercial Grade Desks,3,True,100.0,Furniture > Desks > Office Desks,0.4192127839054981,False,1.0,0.0,0.0,PARITY,76.02349946441272,66.20763325816749,1.0,2064,,,
OfficeDepot,OfficeDepot::Furniture > Desks > Computer Desks,Furniture > Desks > Computer Desks,3,True,417.0,Furniture > Desks > Office Desks,0.5039044914825223,True,1.0,-0.0008398852650586264,0.0,PARITY,98.52726896816053,87.08333333333333,1.0,684,,,
OfficeDepot,OfficeDepot::Furniture > Desks > Corner & L-Shaped Desks,Furniture > Desks > Corner & L-Shaped Desks,3,True,97.0,Furniture > Desks > Office Desks,0.4030137528590394,False,1.0,0.0,0.0,PARITY,76.02349946441272,57.81375186311317,1.0,2065,,,
OfficeDepot,OfficeDepot::Furniture > Desks > Desk Components,Furniture > Desks > Desk Components,3,True,71.0,Furniture > Desks > Desk Components & Hutches,0.7909483907802365,True,1.0,0.009120052323567052,0.0,PARITY,100.0,56.973913043478255,1.0,681,,,
OfficeDepot,OfficeDepot::Furniture > Desks > Executive Desks,Furniture > Desks > Executive Desks,3,True,125.0,Furniture > Desks > Office Desks,0.4408871401957704,False,1.0,0.0,0.0,PARITY,76.02349946441272,77.43867389837091,1.0,2066,,,
OfficeDepot,OfficeDepot::Furniture > Desks > Hutches,Furniture > Desks > Hutches,3,True,35.0,Furniture > Desks > Desk Components & Hutches > Hutches,0.7747793915455575,True,1.0,0.4740225343454747,0.0,PARITY,100.0,54.573913043478264,1.0,682,,,
OfficeDepot,OfficeDepot::Furniture > Desks > Portable Desks,Furniture > Desks > Portable Desks,3,True,26.0,Furniture > Desks > Office Desks,0.4787236790896063,True,1.0,-2.740484451785486,0.0,PARITY,97.84908615573121,87.08333333333333,1.0,684,,,
OfficeDepot,OfficeDepot::Furniture > Desks > Standing Desk Converters,Furniture > Desks > Standing Desk Converters,3,True,59.0,Furniture > Standing Desk Mats,0.4686497233242067,True,1.0,1.532778030764184,0.0,DEEPEN,93.80135058525875,64.25196850393701,1.0,713,0.22816199862386544,1P-CORE GAP,0.23963743681911834
OfficeDepot,OfficeDepot::Furniture > Desks > Standing Desks,Furniture > Desks > Standing Desks,3,True,190.0,Furniture > Standing Desk Mats,0.5929687913473434,True,1.0,2.6907068965887135,0.0,DEEPEN,96.5291925472403,87.08333333333333,1.0,713,0.09614641757540285,1P-CORE GAP,0.10015286912959956
OfficeDepot,OfficeDepot::Furniture > Desks > Student Desks,Furniture > Desks > Student Desks,3,True,77.0,Furniture > School Furniture > Student Desks & Study Carrels,0.5429592134273672,True,1.0,1.4999583121281002,0.0,DEEPEN,99.28424566969159,87.08333333333333,1.0,712,0.08413654561194331,1P-CORE GAP,0.08816782063560205
OfficeDepot,OfficeDepot::Furniture > Desks > Writing Desks,Furniture > Desks > Writing Desks,3,True,40.0,Furniture > Desks > Office Desks,0.48746942604275306,True,1.0,-2.322749251085507,0.0,PARITY,98.08771573215154,87.08333333333333,1.0,684,,,
OfficeDepot,OfficeDepot::Furniture > File Cabinets,Furniture > File Cabinets,2,True,558.0,Furniture > File Cabinets,0.9762376533889306,True,1.0,0.9195028313484279,0.0,DEEPEN,99.34851694915255,81.11811023622047,0.9782838983050848,686,0.09607746223238507,1P-CORE GAP,0.1026863298288929
OfficeDepot,OfficeDepot::Furniture > Furniture Accessories,Furniture > Furniture Accessories,2,False,71.0,Furniture,0.5911951327034679,True,1.0,-4.973966155787092,0.0,PARITY,80.11514498759936,68.30971128608924,0.9800194931773879,580,,,
OfficeDepot,OfficeDepot::Furniture > Furniture Accessories > Cord & Wire Management,Furniture > Furniture Accessories > Cord & Wire Management,3,True,58.0,Computers & Accessories > Computer Accessories & Peripherals > Cables & Cable Accessories > Cable Management,0.35978260852265553,False,1.0,0.0,0.0,PARITY,78.71042650537113,31.095069163488496,1.0,2067,,,
OfficeDepot,OfficeDepot::Furniture > Furniture Accessories > Furniture Movers,Furniture > Furniture Accessories > Furniture Movers,3,True,3.0,Furniture,0.6103135347366333,True,1.0,-7.864337913683256,0.0,PARITY,95.19208342736083,68.30971128608924,1.0,580,,,
OfficeDepot,OfficeDepot::Furniture > Furniture Accessories > Furniture Repair,Furniture > Furniture Accessories > Furniture Repair,3,True,5.0,Furniture,0.6153662800788879,True,1.0,-7.458872805575092,0.0,PARITY,95.27599701934432,68.30971128608924,1.0,580,,,
OfficeDepot,OfficeDepot::Furniture > Furniture Collections,Furniture > Furniture Collections,2,False,0.0,Furniture,0.5100493468548617,True,1.0,-9.250632274803147,0.0,PARITY,91.67056965901905,68.30971128608924,0.9802314368370298,580,,,
OfficeDepot,OfficeDepot::Furniture > Furniture Collections > All Collections,Furniture > Furniture Collections > All Collections,3,True,0.0,Healthcare Supplies > Patient Care > Exam Room Supplies & Equipment > Specimen Collection,0.41335335188779,False,1.0,0.0,0.0,PARITY,77.89607586830904,24.50005831889245,,2068,,,
OfficeDepot,OfficeDepot::Furniture > Furniture Collections > Home Office & Small Office Furniture,Furniture > Furniture Collections > Home Office & Small Office Furniture,3,True,0.0,Furniture > Home & Office Tables,0.5125945811628034,True,1.0,-6.45835357491684,0.0,PARITY,100.0,57.98425196850393,,687,,,
OfficeDepot,OfficeDepot::Furniture > Lamps & Lighting,Furniture > Lamps & Lighting,2,False,153.0,Furniture > Lamps & Lighting,0.9552452199641265,True,0.9803921568627451,-0.6794009308423687,0.6399863469579316,PARITY,96.8714209981385,55.52755905511811,0.9802273850716757,698,,,
OfficeDepot,OfficeDepot::Furniture > Lamps & Lighting > Lamps,Furniture > Lamps & Lighting > Lamps,3,False,139.0,Furniture > Lamps & Lighting > Table Lamps,0.7481742132548033,True,1.0,-0.7747111106466944,0.0,PARITY,92.74741251384069,55.52755905511811,0.7857142857142857,698,,,
OfficeDepot,OfficeDepot::Furniture > Lamps & Lighting > Lamps > Desk & Table Lamps,Furniture > Lamps & Lighting > Lamps > Desk & Table Lamps,4,True,96.0,Furniture > Lamps & Lighting > Table Lamps,0.7810893234972588,True,1.0,0.4859102100328929,0.0,PARITY,100.0,53.94444444444445,1.0,698,,,
OfficeDepot,OfficeDepot::Furniture > Lamps & Lighting > Lamps > Floor Lamps,Furniture > Lamps & Lighting > Lamps > Floor Lamps,4,True,29.0,Furniture > Lamps & Lighting > Floor Lamps,0.921043413615667,True,1.0,-0.22852740630630697,0.0,PARITY,100.0,53.94444444444445,1.0,698,,,
OfficeDepot,OfficeDepot::Furniture > Lamps & Lighting > Lamps > Lamp Sets,Furniture > Lamps & Lighting > Lamps > Lamp Sets,4,True,1.0,Furniture > Lamps & Lighting > Table Lamps,0.5411612993415057,True,1.0,-4.533569387196284,0.0,PARITY,100.0,55.52755905511811,1.0,698,,,
OfficeDepot,OfficeDepot::Furniture > Lamps & Lighting > Lamps > Light Therapy Lamps,Furniture > Lamps & Lighting > Lamps > Light Therapy Lamps,4,True,3.0,Furniture > Lamps & Lighting > Table Lamps,0.4799716819120449,True,1.0,-3.723310337213732,0.0,PARITY,100.0,56.36375259540076,1.0,698,,,
OfficeDepot,OfficeDepot::Furniture > Lamps & Lighting > Lamps > Ring Lights,Furniture > Lamps & Lighting > Lamps > Ring Lights,4,True,9.0,"Facilities > Commercial Lighting, Ballasts & Bulbs > Light Bulbs",0.4155687567953697,False,1.0,0.0,0.0,PARITY,87.27352977725374,47.46505085915922,1.0,2069,,,
OfficeDepot,OfficeDepot::Furniture > Lamps & Lighting > Lamps > Wall Lamps,Furniture > Lamps & Lighting > Lamps > Wall Lamps,4,True,1.0,Furniture > Lamps & Lighting > Wall Lamps,0.921043413615667,True,1.0,-0.4775966801533328,0.0,PARITY,100.0,53.94444444444445,1.0,698,,,
OfficeDepot,OfficeDepot::Furniture > Lamps & Lighting > Light Bulbs,Furniture > Lamps & Lighting > Light Bulbs,3,False,14.0,"Facilities > Commercial Lighting, Ballasts & Bulbs > Light Bulbs",0.9865529423938588,True,0.7857142857142857,-1.7883933766855002,0.6399863469579316,PARITY,80.47299623149392,64.26388888888889,1.0,447,,,
OfficeDepot,OfficeDepot::Furniture > Lamps & Lighting > Light Bulbs > Compact Fluorescent Light Bulbs,Furniture > Lamps & Lighting > Light Bulbs > Compact Fluorescent Light Bulbs,4,True,3.0,"Facilities > Commercial Lighting, Ballasts & Bulbs > Light Bulbs",0.5154431113053342,True,1.0,-3.1039302233002664,0.0,PARITY,74.1894599701157,64.26388888888889,0.7272727272727273,447,,,
OfficeDepot,OfficeDepot::Furniture > Lamps & Lighting > Light Bulbs > Fluorescent Tubes,Furniture > Lamps & Lighting > Light Bulbs > Fluorescent Tubes,4,True,3.0,"Shipping, Packing & Mailing Supplies > Mailing Supplies > Mailing Tubes",0.2307164381053341,False,0.0,1.3862943611198906,0.6399863469579316,ENTER,65.83217310870448,0.0,1.0,2070,0.6512309591601383,,
OfficeDepot,OfficeDepot::Furniture > Lamps & Lighting > Light Bulbs > Halogen Light Bulbs,Furniture > Lamps & Lighting > Light Bulbs > Halogen Light Bulbs,4,True,1.0,"Facilities > Commercial Lighting, Ballasts & Bulbs > Light Bulbs",0.6131325696074232,True,1.0,-3.7970774038602118,0.0,PARITY,77.28946137947395,64.26388888888889,0.7692307692307693,447,,,
OfficeDepot,OfficeDepot::Furniture > Lamps & Lighting > Light Bulbs > LED Light Bulbs,Furniture > Lamps & Lighting > Light Bulbs > LED Light Bulbs,4,True,5.0,"Facilities > Commercial Lighting, Ballasts & Bulbs > Light Bulbs",0.6811450030000843,True,1.0,-2.698465115192102,0.0,PARITY,75.36071564788627,64.26388888888889,0.6666666666666666,447,,,
OfficeDepot,OfficeDepot::Furniture > Lamps & Lighting > Light Bulbs > Under Cabinet Lighting,Furniture > Lamps & Lighting > Light Bulbs > Under Cabinet Lighting,4,True,2.0,Furniture > Lamps & Lighting > Under Cabinet Lighting,0.8266679976546035,True,1.0,0.6564311650216734,0.0,PARITY,77.99773845850885,15.016391867729887,0.75,706,,,
OfficeDepot,OfficeDepot::Furniture > Office Decor,Furniture > Office Decor,2,False,264.0,Furniture > Decor,0.662028073641425,True,1.0,-3.179055016369283,0.0,PARITY,88.54369207414035,46.22757390877641,0.9793797150041911,616,,,
OfficeDepot,OfficeDepot::Furniture > Office Decor > Area Rugs,Furniture > Office Decor > Area Rugs,3,True,10.0,Decor > Rugs,0.5433580022500165,True,1.0,-3.016208557636662,0.0,PARITY,100.0,9.023622047244096,1.0,302,,,
OfficeDepot,OfficeDepot::Furniture > Office Decor > Artificial Plants,Furniture > Office Decor > Artificial Plants,3,True,15.0,Furniture > Decor > Artificial Plants & Flowers,0.7502004639068175,True,1.0,-2.4615672878075174,0.0,PARITY,100.0,14.300869565217392,1.0,617,,,
OfficeDepot,OfficeDepot::Furniture > Office Decor > Clocks,Furniture > Office Decor > Clocks,3,False,39.0,Furniture > Decor > Clocks & Timers,0.6061189224366986,True,1.0,-0.48046698954899236,0.0,PARITY,77.30452346575673,13.576388888888888,1.0,631,,,
OfficeDepot,OfficeDepot::Furniture > Office Decor > Clocks > Alarm Clocks,Furniture > Office Decor > Clocks > Alarm Clocks,4,True,6.0,Furniture > Decor > Clocks & Timers,0.2673561968133348,False,1.0,0.0,0.0,PARITY,77.30452346575673,0.0,1.0,2071,,,
OfficeDepot,OfficeDepot::Furniture > Office Decor > Clocks > Desk Clocks,Furniture > Office Decor > Clocks > Desk Clocks,4,True,8.0,Furniture > Decor > Clocks & Timers,0.30388971431026124,False,1.0,0.0,0.0,PARITY,77.30452346575673,1.411162726105325,1.0,2072,,,
OfficeDepot,OfficeDepot::Furniture > Office Decor > Clocks > Wall Clocks,Furniture > Office Decor > Clocks > Wall Clocks,4,True,31.0,Furniture > Decor > Clocks & Timers,0.2999533171324288,False,1.0,0.0,0.0,PARITY,77.30452346575673,0.7572637633232783,1.0,2073,,,
OfficeDepot,OfficeDepot::Furniture > Office Decor > Decorative Decor,Furniture > Office Decor > Decorative Decor,3,True,3.0,Decor,0.6278144121170044,True,1.0,-4.116615048908747,0.0,PARITY,100.0,14.937007874015748,1.0,300,,,
OfficeDepot,OfficeDepot::Furniture > Office Decor > Fireplaces,Furniture > Office Decor > Fireplaces,3,True,2.0,Furniture > Decor > Home & Office Decor > Indoor Fireplaces,0.6494036328933784,True,1.0,0.11717346538453688,0.0,PARITY,100.0,10.82608695652174,1.0,642,,,
OfficeDepot,OfficeDepot::Furniture > Office Decor > Frames,Furniture > Office Decor > Frames,3,False,87.0,Furniture > Decor > Picture Frames & Photo Albums,0.4771736824840662,True,1.0,-0.37955963909258283,0.0,PARITY,82.70595788639906,32.58879884346789,1.0,645,,,
OfficeDepot,OfficeDepot::Furniture > Office Decor > Frames > Document Frames,Furniture > Office Decor > Frames > Document Frames,4,True,87.0,"Shredders, Projectors & Office Machines > Projectors & Accessories > Document Cameras",0.3357154031795298,False,1.0,0.0,0.0,PARITY,80.98015953100858,15.196856915298788,1.0,2074,,,
OfficeDepot,OfficeDepot::Furniture > Office Decor > Frames > Picture Frames,Furniture > Office Decor > Frames > Picture Frames,4,True,15.0,"Phones, Cameras & Electronics > Cameras, Camcorders & Accessories > Digital Picture Frames",0.5887139304946134,True,1.0,0.7348587983199115,0.0,DEEPEN,92.71558834766377,29.388888888888893,1.0,1238,0.29484788784482185,,
OfficeDepot,OfficeDepot::Furniture > Office Decor > Globes,Furniture > Office Decor > Globes,3,True,7.0,School Supplies > Teacher Supplies > Teacher Resources > Maps & Globes,0.48805964298635013,True,1.0,-0.21284681900757052,0.0,PARITY,100.0,58.70260869565217,1.0,1526,,,
OfficeDepot,OfficeDepot::Furniture > Office Decor > Holiday & Seasonal Decor,Furniture > Office Decor > Holiday & Seasonal Decor,3,True,63.0,Furniture > Decor > Seasonal Decor,0.7289672884247488,True,1.0,-0.9490412148202747,0.0,PARITY,100.0,14.166666666666666,1.0,646,,,
OfficeDepot,OfficeDepot::Furniture > Office Decor > Mirrors & Wall Art,Furniture > Office Decor > Mirrors & Wall Art,3,False,10.0,Furniture > Decor > Mirrors,0.6356304593073825,True,1.0,-6.128935232604212,0.0,PARITY,100.0,30.741953554449065,1.0,644,,,
OfficeDepot,OfficeDepot::Furniture > Office Decor > Mirrors & Wall Art > Framed Art,Furniture > Office Decor > Mirrors & Wall Art > Framed Art,4,True,1.0,Furniture > Decor > Wall Art > Framed Posters,0.5617914347867818,True,1.0,-7.830815242941929,0.0,PARITY,100.0,14.994782608695653,1.0,662,,,
OfficeDepot,OfficeDepot::Furniture > Office Decor > Mirrors & Wall Art > Mirrors,Furniture > Office Decor > Mirrors & Wall Art > Mirrors,4,True,5.0,Furniture > Decor > Mirrors,0.7337779280858572,True,1.0,-0.9464019113244575,0.0,PARITY,100.0,47.140607634472765,1.0,644,,,
OfficeDepot,OfficeDepot::Furniture > Office Decor > Mirrors & Wall Art > Motivational Posters,Furniture > Office Decor > Mirrors & Wall Art > Motivational Posters,4,True,4.0,Furniture > Decor > Wall Art > Motivational Art,0.6036645492364191,True,1.0,1.3641033878114117,0.0,DEEPEN,100.0,9.532173913043477,1.0,666,0.5536931264658128,,
OfficeDepot,OfficeDepot::Furniture > Outdoor Furniture,Furniture > Outdoor Furniture,2,False,37.0,Gift Shop > Professional Gifts > Compasses > Outdoor Furniture Covers,0.6106909323694479,True,1.0,-5.646891940058376,0.0,PARITY,70.06209204673233,68.30971128608924,0.9801131770412288,580,,,
OfficeDepot,OfficeDepot::Furniture > Outdoor Furniture > Outdoor Decor,Furniture > Outdoor Furniture > Outdoor Decor,3,False,31.0,Gift Shop > Professional Gifts > Compasses > Outdoor Decor,0.890951090862303,True,1.0,2.4842970795161534,0.0,DEEPEN,64.9797348133333,24.92869565217391,1.0,769,0.4740405494082299,CURATE - DEEPEN,0.49522741261170133
OfficeDepot,OfficeDepot::Furniture > Outdoor Furniture > Outdoor Decor > Outdoor Accessories,Furniture > Outdoor Furniture > Outdoor Decor > Outdoor Accessories,4,True,31.0,Gift Shop > Professional Gifts > Compasses > Outdoor Decor,0.4223675106067583,False,1.0,0.0,0.0,PARITY,49.97104973333328,22.357988621127788,,2075,,,
OfficeDepot,OfficeDepot::Furniture > Outdoor Furniture > Outdoor Seating,Furniture > Outdoor Furniture > Outdoor Seating,3,False,5.0,Gift Shop > Professional Gifts > Compasses > Outdoor Decor,0.4779102315036517,True,1.0,-0.7910408642924684,0.0,PARITY,100.0,52.618136056330876,1.0,769,,,
OfficeDepot,OfficeDepot::Furniture > Outdoor Furniture > Outdoor Seating > Outdoor Chairs & Benches,Furniture > Outdoor Furniture > Outdoor Seating > Outdoor Chairs & Benches,4,True,5.0,Healthcare Supplies > Durable Medical Equipment > Shower & Bath Aids > Shower Chairs / Benches,0.4622662002734471,True,1.0,-0.4427034532482832,0.0,PARITY,100.0,16.702608695652177,,829,,,
OfficeDepot,OfficeDepot::Furniture > Outdoor Furniture > Outdoor Tables,Furniture > Outdoor Furniture > Outdoor Tables,3,True,1.0,Gift Shop > Professional Gifts > Compasses > Outdoor Decor,0.505468673176658,True,1.0,-1.8245492920510458,0.0,PARITY,100.0,24.92869565217391,1.0,769,,,
OfficeDepot,OfficeDepot::Furniture > Storage Cabinets & Shelving Units,Furniture > Storage Cabinets & Shelving Units,2,False,171.0,Furniture > Storage Furniture > Storage Cabinets,0.6249663393363042,True,1.0,-0.6681056699024186,0.0,PARITY,95.92798707967593,81.11811023622047,0.9798162126681982,725,,,
OfficeDepot,OfficeDepot::Furniture > Storage Cabinets & Shelving Units > Closet Organizers,Furniture > Storage Cabinets & Shelving Units > Closet Organizers,3,True,2.0,Furniture > Storage Furniture > Clothing Racks & Closet Organization > Closet Storage & Organizers,0.5194707430102451,True,1.0,-2.493541349955623,0.0,PARITY,100.0,65.32521739130434,1.0,715,,,
OfficeDepot,OfficeDepot::Furniture > Storage Cabinets & Shelving Units > Safes,Furniture > Storage Cabinets & Shelving Units > Safes,3,True,28.0,Furniture > Safes & Secure Storage,0.4509026353288645,False,1.0,0.0,0.0,PARITY,84.15314605545134,43.482416751567996,1.0,2076,,,
OfficeDepot,OfficeDepot::Furniture > Storage Cabinets & Shelving Units > Shelving Units,Furniture > Storage Cabinets & Shelving Units > Shelving Units,3,False,44.0,Furniture > Storage Furniture > Shelving,0.5984411394639605,True,1.0,-0.22951884979980974,0.0,PARITY,100.0,62.53009259259258,1.0,724,,,
OfficeDepot,OfficeDepot::Furniture > Storage Cabinets & Shelving Units > Shelving Units > Shelving Accessories,Furniture > Storage Cabinets & Shelving Units > Shelving Units > Shelving Accessories,4,True,1.0,Furniture > Storage Furniture > Shelving,0.5694348097064752,True,1.0,-3.343034159010184,0.0,PARITY,100.0,62.53009259259258,,724,,,
OfficeDepot,OfficeDepot::Furniture > Storage Cabinets & Shelving Units > Storage Cabinets & Lockers,Furniture > Storage Cabinets & Shelving Units > Storage Cabinets & Lockers,3,False,97.0,Furniture > Storage Furniture > Storage Cabinets,0.6547739575633911,True,1.0,-0.9145370796441838,0.0,PARITY,100.0,66.20833333333333,1.0,725,,,
OfficeDepot,OfficeDepot::Furniture > Storage Cabinets & Shelving Units > Storage Cabinets & Lockers > Lockers,Furniture > Storage Cabinets & Shelving Units > Storage Cabinets & Lockers > Lockers,4,True,7.0,Furniture > Storage Furniture > Lockers,0.8204768276705513,True,1.0,-2.2739472080413896,0.0,PARITY,100.0,63.84259259259258,1.0,722,,,
OfficeDepot,OfficeDepot::Furniture > Storage Cabinets & Shelving Units > Storage Cabinets & Lockers > Storage Cabinets,Furniture > Storage Cabinets & Shelving Units > Storage Cabinets & Lockers > Storage Cabinets,4,True,90.0,Furniture > Storage Furniture > Storage Cabinets,0.8204768276705513,True,1.0,-0.6120876959813222,0.0,PARITY,100.0,66.20833333333333,1.0,725,,,
OfficeDepot,OfficeDepot::Furniture > Tables,Furniture > Tables,2,False,268.0,Furniture > Home & Office Tables,0.6063230067758869,True,0.6111111111111112,-0.8636421953150011,23.89282361976278,PARITY,78.8877148275404,57.98425196850393,0.9981462756993597,687,,,
OfficeDepot,OfficeDepot::Furniture > Tables > Breakroom & Hospitality Tables,Furniture > Tables > Breakroom & Hospitality Tables,3,False,157.0,Furniture > Home & Office Tables > Breakroom & Dining Tables,0.43156364378339857,False,0.0,5.062595033026967,23.89282361976278,DEEPEN,50.73749552926154,47.663871336078934,1.0,2077,0.44471204931297603,REVIEW,0.4427095837654943
OfficeDepot,OfficeDepot::Furniture > Tables > Breakroom & Hospitality Tables > Cafe Height Tables,Furniture > Tables > Breakroom & Hospitality Tables > Cafe Height Tables,4,True,37.0,Furniture > Home & Office Tables > Folding Tables,0.18848532745837565,False,0.0,3.6375861597263857,7.8931649458144895,ENTER,20.737495529261533,0.0,0.0,2078,0.7144946442641331,,
OfficeDepot,OfficeDepot::Furniture > Tables > Breakroom & Hospitality Tables > Standard & Utility Tables,Furniture > Tables > Breakroom & Hospitality Tables > Standard & Utility Tables,4,True,75.0,Facilities > Hand & Power Tools > Hand Tools > Box Cutters & Utility Knives,0.19827595545085774,False,0.0,4.330733340286331,15.99965867394829,ENTER,20.737495529261533,0.0,0.0,2079,0.7489344782890294,,
OfficeDepot,OfficeDepot::Furniture > Tables > Conference Tables,Furniture > Tables > Conference Tables,3,True,53.0,Furniture > Home & Office Tables > Conference Room Tables,0.6482760419718534,True,1.0,0.22812431778044928,0.0,PARITY,85.70212765957447,52.56944444444444,0.5234042553191489,691,,,
OfficeDepot,OfficeDepot::Furniture > Tables > Drafting Tables,Furniture > Tables > Drafting Tables,3,True,5.0,Furniture > Home & Office Tables > Specialty & Drafting Tables,0.6946573537290773,True,1.0,-1.2403752910953751,0.0,PARITY,88.12720848056537,49.111111111111114,0.6042402826855123,693,,,
OfficeDepot,OfficeDepot::Furniture > Tables > Folding Tables,Furniture > Tables > Folding Tables,3,False,52.0,Furniture > Home & Office Tables > Folding Tables,0.8836898232060496,True,1.0,0.4171763072943455,0.0,PARITY,85.76271186440678,51.16666666666666,0.5254237288135594,692,,,
OfficeDepot,OfficeDepot::Furniture > Tables > Folding Tables > Plastic Folding Tables,Furniture > Tables > Folding Tables > Plastic Folding Tables,4,True,45.0,Furniture > Home & Office Tables > Folding Tables,0.6046056238101394,True,1.0,0.2755257902313186,0.0,PARITY,100.0,51.16666666666666,1.0,692,,,
OfficeDepot,OfficeDepot::Furniture > Tables > Folding Tables > Wood & Laminate Folding Tables,Furniture > Tables > Folding Tables > Wood & Laminate Folding Tables,4,True,7.0,Furniture > Home & Office Tables > Folding Tables,0.512180490309359,True,1.0,-1.4736740645779407,0.0,PARITY,100.0,51.166666666666664,1.0,692,,,
OfficeDepot,OfficeDepot::Furniture > Tables > Reception & Lobby Tables,Furniture > Tables > Reception & Lobby Tables,3,True,36.0,Furniture > Home & Office Tables > Folding Tables,0.30671161444279077,False,1.0,0.0,0.0,PARITY,71.4744041392188,4.649183062186543,0.5555555555555556,2080,,,
OfficeDepot,OfficeDepot::Furniture > Tables > Training Room Tables,Furniture > Tables > Training Room Tables,3,True,30.0,Furniture > Home & Office Tables > Training Room Tables,0.8836898232060496,True,1.0,-0.6823892853194522,0.0,PARITY,86.97674418604652,54.05555555555556,0.5658914728682171,697,,,
OfficeDepot,OfficeDepot::In Room Solutions,In Room Solutions,1,False,56.0,Gift Shop > Game Room & Toys > Game Room,0.2560564448735896,False,1.0,-2.0650357501360324,0.0,PARITY,61.3843581663568,33.43772613517477,,2081,,,
OfficeDepot,OfficeDepot::In Room Solutions > Appliances,In Room Solutions > Appliances,2,False,4.0,Appliances & Kitchenware,0.47294444055775553,True,1.0,-4.683927264592743,0.0,PARITY,70.56141346739663,23.23076923076923,1.0,0,,,
OfficeDepot,OfficeDepot::In Room Solutions > Appliances > Small Appliances,In Room Solutions > Appliances > Small Appliances,3,False,4.0,Appliances & Kitchenware > Small Appliances,0.7847869987092005,True,1.0,-3.085929626837575,0.0,PARITY,57.94487638199518,25.46456692913386,,36,,,
OfficeDepot,OfficeDepot::In Room Solutions > Appliances > Small Appliances > Microwave,In Room Solutions > Appliances > Small Appliances > Microwave,4,True,1.0,Appliances & Kitchenware > Small Appliances > Microwaves,0.8903016191389826,True,1.0,-2.7145332059802882,0.0,PARITY,92.98061128155518,25.319444444444443,1.0,46,,,
OfficeDepot,OfficeDepot::In Room Solutions > Appliances > Small Appliances > Mini fridge,In Room Solutions > Appliances > Small Appliances > Mini fridge,4,True,3.0,Appliances & Kitchenware > Small Appliances > Deep Fryers,0.24231407140928607,False,1.0,0.0,0.0,PARITY,63.088347529343764,0.0,1.0,2082,,,
OfficeDepot,OfficeDepot::In Room Solutions > Bathroom Accessories,In Room Solutions > Bathroom Accessories,2,True,1.0,Facilities > Heating & Cooling > Bathroom Fans,0.3505575303875265,False,1.0,0.0,0.0,PARITY,38.74527064639887,18.09120175463049,1.0,2083,,,
OfficeDepot,OfficeDepot::In Room Solutions > Food Service Solutions,In Room Solutions > Food Service Solutions,2,False,2.0,Restaurant & Foodservice Supplies > Smallwares > Food Safety,0.15585264514202032,False,1.0,0.0,0.0,PARITY,30.000000000000004,0.0,1.0,2084,,,
OfficeDepot,"OfficeDepot::In Room Solutions > Food Service Solutions > Plastic Utensils, Wrapped Cups, etc.","In Room Solutions > Food Service Solutions > Plastic Utensils, Wrapped Cups, etc.",3,True,2.0,Appliances & Kitchenware > Kitchenware > Kitchen Tools > Cooking Utensils,0.24320995131970713,False,1.0,0.0,0.0,PARITY,0.0,0.0,,2085,,,
OfficeDepot,OfficeDepot::In Room Solutions > Kitchen Accessories,In Room Solutions > Kitchen Accessories,2,True,10.0,Appliances & Kitchenware > Kitchenware > Kitchen Accessories,0.7286904243746202,True,1.0,-3.1061465164400026,0.0,PARITY,82.62468783255609,28.791666666666664,1.0,8,,,
OfficeDepot,OfficeDepot::In Room Solutions > Personal Care Amenities,In Room Solutions > Personal Care Amenities,2,False,34.0,Healthcare Supplies > Personal Care,0.5901900839041774,True,1.0,-3.627133777320854,0.0,PARITY,80.29448865230329,48.89763779527559,1.0,914,,,
OfficeDepot,OfficeDepot::In Room Solutions > Personal Care Amenities > Amenities Kit,In Room Solutions > Personal Care Amenities > Amenities Kit,3,True,2.0,Healthcare Supplies > Patient Care > Practice Front Desk Supplies > Personal Care Kits,0.6667457310966171,True,1.0,0.22721687670184576,0.0,PARITY,79.57438985270537,48.89763779527559,1.0,914,,,
OfficeDepot,OfficeDepot::In Room Solutions > Personal Care Amenities > Bar Soap & Wipes,In Room Solutions > Personal Care Amenities > Bar Soap & Wipes,3,True,5.0,Healthcare Supplies > Personal Care > Baby Care > Baby Wipes,0.30691873991141705,False,1.0,0.0,0.0,PARITY,63.0958792977315,3.5332819468320396,1.0,2086,,,
OfficeDepot,OfficeDepot::In Room Solutions > Personal Care Amenities > Body Wash,In Room Solutions > Personal Care Amenities > Body Wash,3,True,6.0,Healthcare Supplies > Personal Care > Skin Care > Bath Soap & Body Wash,0.5441219653972454,True,1.0,-0.05491043800859541,0.0,PARITY,84.21650622452928,40.97391304347826,1.0,943,,,
OfficeDepot,OfficeDepot::In Room Solutions > Personal Care Amenities > Conditioner,In Room Solutions > Personal Care Amenities > Conditioner,3,True,5.0,Facilities > Heating & Cooling > Air Conditioners,0.5093717314289379,True,1.0,-2.464026206083983,0.0,PARITY,93.55553414168865,63.25925925925925,1.0,522,,,
OfficeDepot,OfficeDepot::In Room Solutions > Personal Care Amenities > Deodorants,In Room Solutions > Personal Care Amenities > Deodorants,3,True,1.0,Healthcare Supplies > Personal Care > Skin Care > Deodorant,0.728120184001742,True,1.0,-0.8360854093535247,0.0,PARITY,82.59853013637986,38.7304347826087,1.0,946,,,
OfficeDepot,OfficeDepot::In Room Solutions > Personal Care Amenities > Liquid Hand Soap,In Room Solutions > Personal Care Amenities > Liquid Hand Soap,3,True,1.0,Cleaning Supplies > Hand Soaps & Sanitizers > Hand Soap,0.5115900340839336,True,1.0,-3.684969380706093,0.0,PARITY,94.99738834590364,82.20833333333333,1.0,166,,,
OfficeDepot,OfficeDepot::In Room Solutions > Personal Care Amenities > Shampoo,In Room Solutions > Personal Care Amenities > Shampoo,3,True,8.0,Retail Store Supplies > Spa & Salon > Hair > Shampoo & Conditioner,0.46631909956385875,True,1.0,0.08952747392865934,0.0,PARITY,77.86810994156512,41.356521739130436,1.0,522,,,
OfficeDepot,OfficeDepot::In Room Solutions > Room Accessories,In Room Solutions > Room Accessories,2,False,4.0,Retail Store Supplies > Backroom Retail Supplies > Dressing Room Supplies & Try-On Accessories,0.2990567743260006,False,1.0,0.0,0.0,PARITY,30.000000000000004,44.43221646173984,1.0,2087,,,
OfficeDepot,OfficeDepot::In Room Solutions > Room Accessories > Ice Buckets,In Room Solutions > Room Accessories > Ice Buckets,3,False,1.0,Facilities > Paint Supplies > Paint Accessories > Paint Buckets,0.44907133048158604,False,1.0,0.0,0.0,PARITY,30.000000000000004,44.349363692265456,1.0,2088,,,
OfficeDepot,OfficeDepot::In Room Solutions > Room Accessories > Ice Buckets > Ice Buckets & Liners,In Room Solutions > Room Accessories > Ice Buckets > Ice Buckets & Liners,4,True,1.0,Facilities > Paint Supplies > Paint Accessories > Paint Buckets,0.3336789285374192,False,1.0,0.0,0.0,PARITY,0.0,11.883618464384112,,2089,,,
OfficeDepot,OfficeDepot::In Room Solutions > Room Accessories > Laundry Bags,In Room Solutions > Room Accessories > Laundry Bags,3,True,3.0,Cleaning Supplies > Laundry Care > Laundry Room Organization > Laundry Accessories,0.4092120568073008,False,1.0,0.0,0.0,PARITY,30.000000000000004,55.28174912752508,1.0,2090,,,
OfficeDepot,OfficeDepot::Office Supplies,Office Supplies,1,False,17067.0,Office Supplies,0.8756332096461306,True,0.9745727136431784,-0.3953489685353926,90.45140370338765,PARITY,86.77876106010412,98.97435897435898,,1085,,,
OfficeDepot,OfficeDepot::Office Supplies > Bags & Luggage,Office Supplies > Bags & Luggage,2,False,677.0,"Bags, Backpacks & Luggage",0.5705831498422301,True,1.0,-0.3416748819654192,0.0,PARITY,99.16991726851928,56.27087622244493,0.9734235928293845,91,,,
OfficeDepot,OfficeDepot::Office Supplies > Bags & Luggage > Backpacks,Office Supplies > Bags & Luggage > Backpacks,3,True,327.0,"Bags, Backpacks & Luggage > Backpacks & Laptop Bags > Backpacks",0.7648700769205447,True,1.0,0.6952314451227251,0.0,DEEPEN,100.0,56.63888888888889,1.0,93,0.18334013370216687,REVIEW,0.1891913742690058
OfficeDepot,OfficeDepot::Office Supplies > Bags & Luggage > Briefcases & Padfolios,Office Supplies > Bags & Luggage > Briefcases & Padfolios,3,False,84.0,"Bags, Backpacks & Luggage > Briefcases & Padfolios",0.8223335006112797,True,1.0,-0.6397221888522306,0.0,PARITY,99.71854806789085,56.67763741553306,1.0,96,,,
OfficeDepot,OfficeDepot::Office Supplies > Bags & Luggage > Briefcases & Padfolios > Briefcases,Office Supplies > Bags & Luggage > Briefcases & Padfolios > Briefcases,4,True,48.0,"Bags, Backpacks & Luggage > Briefcases & Padfolios > Briefcases",0.9529439690144831,True,1.0,-0.16862271243579263,0.0,PARITY,100.0,53.81944444444444,1.0,97,,,
OfficeDepot,OfficeDepot::Office Supplies > Bags & Luggage > Briefcases & Padfolios > Catalog Cases,Office Supplies > Bags & Luggage > Briefcases & Padfolios > Catalog Cases,4,True,2.0,"Bags, Backpacks & Luggage > Briefcases & Padfolios > Briefcases",0.31271793589739305,False,1.0,0.0,0.0,PARITY,88.17901885141522,6.813698690650847,1.0,2091,,,
OfficeDepot,OfficeDepot::Office Supplies > Bags & Luggage > Briefcases & Padfolios > Credit & Business Card Holders,Office Supplies > Bags & Luggage > Briefcases & Padfolios > Credit & Business Card Holders,4,True,13.0,Office Supplies > Desk Organizers & Accessories > Business Card Holders & Files,0.496695428406779,True,1.0,-0.5188767499874496,0.0,PARITY,100.0,82.66203703703704,1.0,1099,,,
OfficeDepot,OfficeDepot::Office Supplies > Bags & Luggage > Briefcases & Padfolios > Padfolios,Office Supplies > Bags & Luggage > Briefcases & Padfolios > Padfolios,4,True,21.0,"Bags, Backpacks & Luggage > Briefcases & Padfolios > Padfolios",0.9529439690144831,True,1.0,-0.42144902491305514,0.0,PARITY,100.0,51.87401574803149,1.0,98,,,
OfficeDepot,OfficeDepot::Office Supplies > Bags & Luggage > Laptop Bags & Cases,Office Supplies > Bags & Luggage > Laptop Bags & Cases,3,False,133.0,"Bags, Backpacks & Luggage > Backpacks & Laptop Bags > Laptop Bags",0.5964797177232005,True,1.0,-0.7953666196722882,0.0,PARITY,100.0,55.2755905511811,1.0,92,,,
OfficeDepot,OfficeDepot::Office Supplies > Bags & Luggage > Laptop Bags & Cases > Laptop Bags,Office Supplies > Bags & Luggage > Laptop Bags & Cases > Laptop Bags,4,True,92.0,"Bags, Backpacks & Luggage > Backpacks & Laptop Bags > Laptop Bags",0.8801821420522505,True,1.0,1.3061427203251315,0.0,DEEPEN,100.0,55.2755905511811,1.0,92,0.2715012905544484,,
OfficeDepot,OfficeDepot::Office Supplies > Bags & Luggage > Laptop Bags & Cases > Laptop Sleeves,Office Supplies > Bags & Luggage > Laptop Bags & Cases > Laptop Sleeves,4,True,41.0,"Bags, Backpacks & Luggage > Backpacks & Laptop Bags > Laptop Sleeves & Cases",0.7477418986037205,True,1.0,-0.6980711586476676,0.0,PARITY,100.0,54.99999999999999,1.0,94,,,
OfficeDepot,OfficeDepot::Office Supplies > Bags & Luggage > Luggage & Travel Accessories,Office Supplies > Bags & Luggage > Luggage & Travel Accessories,3,False,83.0,"Bags, Backpacks & Luggage > Luggage & Travel Accessories",0.8459850690219317,True,1.0,-1.5245528762828382,0.0,PARITY,100.0,57.138271140889216,1.0,100,,,
OfficeDepot,OfficeDepot::Office Supplies > Bags & Luggage > Luggage & Travel Accessories > Luggage & Duffel Bags,Office Supplies > Bags & Luggage > Luggage & Travel Accessories > Luggage & Duffel Bags,4,True,26.0,"Bags, Backpacks & Luggage > Luggage & Travel Accessories > Luggage & Duffel Bags",0.9592009976945496,True,1.0,-2.3365456612961735,0.0,PARITY,100.0,57.72222222222222,1.0,101,,,
OfficeDepot,"OfficeDepot::Office Supplies > Bags & Luggage > Luggage & Travel Accessories > Luggage Tags, Locks & Scales","Office Supplies > Bags & Luggage > Luggage & Travel Accessories > Luggage Tags, Locks & Scales",4,True,10.0,"Bags, Backpacks & Luggage > Luggage & Travel Accessories > Travel Accessories > Luggage Tags, Locks & Covers",0.6934718464249773,True,1.0,-0.7834053136484447,0.0,PARITY,100.0,56.95631363735336,1.0,105,,,
OfficeDepot,OfficeDepot::Office Supplies > Bags & Luggage > Luggage & Travel Accessories > Travel Accessories,Office Supplies > Bags & Luggage > Luggage & Travel Accessories > Travel Accessories,4,True,56.0,"Bags, Backpacks & Luggage > Luggage & Travel Accessories > Travel Accessories",0.9592009976945496,True,1.0,-0.6343715116196487,0.0,PARITY,100.0,56.913385826771645,1.0,104,,,
OfficeDepot,OfficeDepot::Office Supplies > Bags & Luggage > Luggage & Travel Accessories > Travel Toiletries,Office Supplies > Bags & Luggage > Luggage & Travel Accessories > Travel Toiletries,4,True,1.0,"Bags, Backpacks & Luggage > Luggage & Travel Accessories > Travel Accessories",0.5446122057110815,True,1.0,-3.9842755988942535,0.0,PARITY,100.0,56.368695652173905,1.0,104,,,
OfficeDepot,OfficeDepot::Office Supplies > Bags & Luggage > Lunch Bags,Office Supplies > Bags & Luggage > Lunch Bags,3,True,69.0,"Bags, Backpacks & Luggage > Totes & Handbags > Lunch Bags & Boxes",0.6040225651205603,True,1.0,-0.48182373958752045,0.0,PARITY,100.0,55.86111111111111,1.0,109,,,
OfficeDepot,OfficeDepot::Office Supplies > Bags & Luggage > Messenger Bags,Office Supplies > Bags & Luggage > Messenger Bags,3,True,5.0,"Bags, Backpacks & Luggage > Backpacks & Laptop Bags > Messenger Bags",0.7648700769205447,True,1.0,-1.488417936216635,0.0,PARITY,100.0,50.02777777777777,1.0,95,,,
OfficeDepot,OfficeDepot::Office Supplies > Bags & Luggage > Totes & Handbags,Office Supplies > Bags & Luggage > Totes & Handbags,3,True,10.0,"Bags, Backpacks & Luggage > Totes & Handbags",0.8766377444581065,True,1.0,-2.68620202411501,0.0,PARITY,100.0,53.06944444444445,1.0,108,,,
OfficeDepot,OfficeDepot::Office Supplies > Basic Supplies,Office Supplies > Basic Supplies,2,False,1008.0,Office Supplies,0.6595370597032115,True,0.9952198852772467,-2.4685677165054187,1.0666439115965527,PARITY,87.02477284456509,98.97435897435898,0.9731908631390364,1085,,,
OfficeDepot,OfficeDepot::Office Supplies > Basic Supplies > Book Covers,Office Supplies > Basic Supplies > Book Covers,3,True,6.0,Safety Supplies > Personal Protective Equipment (PPE) > Shoe Covers,0.29481837365527497,False,1.0,0.0,0.0,PARITY,70.40331594778712,0.9423337371436346,0.9951923076923077,2092,,,
OfficeDepot,OfficeDepot::Office Supplies > Basic Supplies > Catalogs,Office Supplies > Basic Supplies > Catalogs,3,False,1.0,Office Supplies > Custom Marketing Materials,0.19504817548068323,False,1.0,0.0,0.0,PARITY,44.31294617345194,0.0,0.9952153110047847,2093,,,
OfficeDepot,OfficeDepot::Office Supplies > Basic Supplies > Catalogs > Office Depot Catalogs,Office Supplies > Basic Supplies > Catalogs > Office Depot Catalogs,4,True,1.0,Office Supplies,0.254704087972641,False,1.0,0.0,0.0,PARITY,20.652124061869138,0.0,,2094,,,
OfficeDepot,OfficeDepot::Office Supplies > Basic Supplies > Envelope Sealers,Office Supplies > Basic Supplies > Envelope Sealers,3,True,22.0,Paper > Envelopes > Envelopes,0.4494826533869024,False,1.0,0.0,0.0,PARITY,70.4010623420179,91.94961584286581,0.9951171875,2095,,,
OfficeDepot,OfficeDepot::Office Supplies > Basic Supplies > Letter Openers,Office Supplies > Basic Supplies > Letter Openers,3,True,9.0,"Shipping, Packing & Mailing Supplies > Mailing Supplies > Letter Openers",0.7884105320539092,True,1.0,0.8354978366185497,0.0,DEEPEN,91.2815756652286,68.81944444444444,0.9951783992285439,1538,0.1402433842308557,,
OfficeDepot,"OfficeDepot::Office Supplies > Basic Supplies > Magnets, Tacks & Push Pins","Office Supplies > Basic Supplies > Magnets, Tacks & Push Pins",3,False,80.0,"Office Supplies > Clips, Fasteners & Rubber Bands > Thumb Tacks & Push Pins",0.5270099744583733,True,1.0,0.8255349936563068,0.0,DEEPEN,99.7740704743101,81.01908310749774,0.9948132780082988,1094,0.0895778405531479,1P-CORE GAP,0.09547523091413566
OfficeDepot,"OfficeDepot::Office Supplies > Basic Supplies > Magnets, Tacks & Push Pins > Magnets","Office Supplies > Basic Supplies > Magnets, Tacks & Push Pins > Magnets",4,True,52.0,"Office Supplies > Clips, Fasteners & Rubber Bands > Magnets",0.792660376487657,True,1.0,0.812357833949414,0.0,DEEPEN,100.0,82.66203703703704,1.0,1092,0.08079059090210541,,
OfficeDepot,"OfficeDepot::Office Supplies > Basic Supplies > Magnets, Tacks & Push Pins > Tacks & Push Pins","Office Supplies > Basic Supplies > Magnets, Tacks & Push Pins > Tacks & Push Pins",4,True,30.0,"Office Supplies > Clips, Fasteners & Rubber Bands > Thumb Tacks & Push Pins",0.6485446474962847,True,1.0,0.8724206730272299,0.0,DEEPEN,99.80777049976707,78.17129629629629,1.0,1094,0.10630036887319975,,
OfficeDepot,"OfficeDepot::Office Supplies > Basic Supplies > Paper Clips, Binder Clips & Fasteners","Office Supplies > Basic Supplies > Paper Clips, Binder Clips & Fasteners",3,False,110.0,"Office Supplies > Clips, Fasteners & Rubber Bands > Binder & Paper Clips",0.5685187342294479,True,1.0,-0.5822291228408139,0.0,PARITY,98.8346567235036,89.23240147198479,0.9946004319654428,1091,,,
OfficeDepot,"OfficeDepot::Office Supplies > Basic Supplies > Paper Clips, Binder Clips & Fasteners > Binder Clips","Office Supplies > Basic Supplies > Paper Clips, Binder Clips & Fasteners > Binder Clips",4,True,44.0,"Office Supplies > Clips, Fasteners & Rubber Bands > Binder & Paper Clips",0.6420036086595331,True,1.0,-0.13695371407804657,0.0,PARITY,98.44375385432137,88.58796296296296,1.0,1091,,,
OfficeDepot,"OfficeDepot::Office Supplies > Basic Supplies > Paper Clips, Binder Clips & Fasteners > Fasteners & Posts","Office Supplies > Basic Supplies > Paper Clips, Binder Clips & Fasteners > Fasteners & Posts",4,True,25.0,"Office Supplies > Clips, Fasteners & Rubber Bands > Paper Fasteners",0.5099339570898942,True,1.0,-1.0988624137319447,0.0,PARITY,100.0,80.37037037037037,1.0,519,,,
OfficeDepot,"OfficeDepot::Office Supplies > Basic Supplies > Paper Clips, Binder Clips & Fasteners > Paper & Binder Clip Dispensers","Office Supplies > Basic Supplies > Paper Clips, Binder Clips & Fasteners > Paper & Binder Clip Dispensers",4,True,6.0,"Office Supplies > Clips, Fasteners & Rubber Bands > Binder & Paper Clips",0.5260706587078162,True,1.0,-1.997706054793053,0.0,PARITY,96.50700019040363,88.58796296296298,1.0,1091,,,
OfficeDepot,"OfficeDepot::Office Supplies > Basic Supplies > Paper Clips, Binder Clips & Fasteners > Paper Clips","Office Supplies > Basic Supplies > Paper Clips, Binder Clips & Fasteners > Paper Clips",4,True,45.0,"Office Supplies > Clips, Fasteners & Rubber Bands > Binder & Paper Clips",0.7003121930090291,True,1.0,-0.11497480735927113,0.0,PARITY,99.31177957805053,94.87179487179486,1.0,1091,,,
OfficeDepot,"OfficeDepot::Office Supplies > Basic Supplies > Paper Punches, Cutters & Folding Machines","Office Supplies > Basic Supplies > Paper Punches, Cutters & Folding Machines",3,False,106.0,"Office Supplies > Scissors, Hole Punches & Paper Cutters",0.4525641886121412,False,1.0,-3.5326960890075254,0.0,PARITY,72.91096595094186,79.36572060123747,0.9947257383966245,2096,,,
OfficeDepot,"OfficeDepot::Office Supplies > Basic Supplies > Paper Punches, Cutters & Folding Machines > Electric/Battery Operated Paper Punches","Office Supplies > Basic Supplies > Paper Punches, Cutters & Folding Machines > Electric/Battery Operated Paper Punches",4,True,5.0,"Office Supplies > Scissors, Hole Punches & Paper Cutters > Hole Punches",0.3133918519199653,False,1.0,0.0,0.0,PARITY,54.49622400527977,10.71812032427529,1.0,2097,,,
OfficeDepot,"OfficeDepot::Office Supplies > Basic Supplies > Paper Punches, Cutters & Folding Machines > Heavy-Duty Paper Punches","Office Supplies > Basic Supplies > Paper Punches, Cutters & Folding Machines > Heavy-Duty Paper Punches",4,True,15.0,"Office Supplies > Scissors, Hole Punches & Paper Cutters > Hole Punches",0.351194224579921,False,1.0,0.0,0.0,PARITY,54.496224005279764,29.176360727990108,1.0,2098,,,
OfficeDepot,"OfficeDepot::Office Supplies > Basic Supplies > Paper Punches, Cutters & Folding Machines > Paper Punches","Office Supplies > Basic Supplies > Paper Punches, Cutters & Folding Machines > Paper Punches",4,True,40.0,"Office Supplies > Scissors, Hole Punches & Paper Cutters > Hole Punches",0.48317732169039684,True,1.0,-4.475983890603794,0.0,PARITY,100.0,94.87179487179486,1.0,170,,,
OfficeDepot,"OfficeDepot::Office Supplies > Basic Supplies > Paper Punches, Cutters & Folding Machines > Paper Trimmers","Office Supplies > Basic Supplies > Paper Punches, Cutters & Folding Machines > Paper Trimmers",4,True,38.0,Paper,0.43102845549583435,False,1.0,0.0,0.0,PARITY,54.49622400527977,78.79916697451806,1.0,2099,,,
OfficeDepot,OfficeDepot::Office Supplies > Basic Supplies > Rubber Bands,Office Supplies > Basic Supplies > Rubber Bands,3,True,62.0,"Office Supplies > Clips, Fasteners & Rubber Bands > Rubber Bands",0.779101944220903,True,1.0,0.5433530815603045,0.0,PARITY,99.84756097560975,86.3517060367454,0.9949186991869918,1093,,,
OfficeDepot,"OfficeDepot::Office Supplies > Basic Supplies > Rulers, Yardsticks & Tape Measures","Office Supplies > Basic Supplies > Rulers, Yardsticks & Tape Measures",3,False,56.0,Facilities > Hand & Power Tools > Measuring & Layout Tools > Tape Measures,0.4419402283073444,False,0.9107142857142857,1.3795563084189637,1.0666439115965527,DEEPEN,77.58790770809689,53.8990480195334,1.0,2100,0.3169604140951493,REVIEW,0.3368405057703249
OfficeDepot,"OfficeDepot::Office Supplies > Basic Supplies > Rulers, Yardsticks & Tape Measures > Rulers","Office Supplies > Basic Supplies > Rulers, Yardsticks & Tape Measures > Rulers",4,True,42.0,"Tools, Parts & Supplies > Measuring & Leveling Tools > Ruler",0.6763834257010145,True,1.0,2.6806358968971558,0.0,DEEPEN,64.79128278755103,52.256498136858575,0.6428571428571429,1702,0.3091324339250657,,
OfficeDepot,"OfficeDepot::Office Supplies > Basic Supplies > Rulers, Yardsticks & Tape Measures > Tape Measures","Office Supplies > Basic Supplies > Rulers, Yardsticks & Tape Measures > Tape Measures",4,True,9.0,Facilities > Hand & Power Tools > Measuring & Layout Tools > Tape Measures,0.7466819958782694,True,1.0,-0.21511137961694526,0.0,PARITY,93.29637557448758,60.18782608695652,0.8936170212765957,495,,,
OfficeDepot,"OfficeDepot::Office Supplies > Basic Supplies > Rulers, Yardsticks & Tape Measures > Yardsticks","Office Supplies > Basic Supplies > Rulers, Yardsticks & Tape Measures > Yardsticks",4,True,5.0,"Office Supplies > Tape, Fasteners & Adhesives > Hot Glue Sticks & Guns",0.1705859178206495,False,0.0,1.791759469228055,1.0666439115965527,ENTER,61.05963403011501,0.0,1.0,2101,0.7051706033351584,,
OfficeDepot,OfficeDepot::Office Supplies > Basic Supplies > Scissors,Office Supplies > Basic Supplies > Scissors,3,True,76.0,"Office Supplies > Scissors, Hole Punches & Paper Cutters > Scissors",0.7895431822543045,True,1.0,0.699438707779426,0.0,DEEPEN,99.84536082474227,86.1574074074074,0.9948453608247423,1143,0.05892475520018886,1P-CORE GAP,0.061498890948734966
OfficeDepot,OfficeDepot::Office Supplies > Basic Supplies > Stamps & Stamp Pads,Office Supplies > Basic Supplies > Stamps & Stamp Pads,3,False,343.0,Office Supplies > Stamps & Stamp Pads,0.9048708861759442,True,1.0,1.8044603178032688,0.0,DEEPEN,80.13698084003408,80.36745406824147,0.9928977272727273,1145,0.12377386413370993,1P-CORE GAP,0.1309987610871072
OfficeDepot,OfficeDepot::Office Supplies > Basic Supplies > Stamps & Stamp Pads > Stamp Pads & Refills,Office Supplies > Basic Supplies > Stamps & Stamp Pads > Stamp Pads & Refills,4,True,84.0,Office Supplies > Stamps & Stamp Pads,0.4941141721822319,True,1.0,0.4064699169201873,0.0,PARITY,94.254870866413,80.36745406824147,1.0,1145,,,
OfficeDepot,OfficeDepot::Office Supplies > Basic Supplies > Stamps & Stamp Pads > Stamps & Print Kits,Office Supplies > Basic Supplies > Stamps & Stamp Pads > Stamps & Print Kits,4,True,258.0,Office Supplies > Stamps & Stamp Pads,0.34952062681349244,False,1.0,0.0,0.0,PARITY,75.8228977236232,27.77418128148017,1.0,2102,,,
OfficeDepot,OfficeDepot::Office Supplies > Basic Supplies > Staplers & Staples,Office Supplies > Basic Supplies > Staplers & Staples,3,False,139.0,Office Supplies > Staplers & Staples,0.8717904710061951,True,1.0,0.6283909130959824,0.0,PARITY,93.82435404084342,88.79629629629629,0.994279176201373,1146,,,
OfficeDepot,OfficeDepot::Office Supplies > Basic Supplies > Staplers & Staples > Electric Staplers,Office Supplies > Basic Supplies > Staplers & Staples > Electric Staplers,4,True,14.0,Office Supplies > Staplers & Staples > Staplers,0.6809499537431006,True,1.0,-1.2568891710625474,0.0,PARITY,94.21784225833275,88.79629629629629,1.0,1148,,,
OfficeDepot,OfficeDepot::Office Supplies > Basic Supplies > Staplers & Staples > Heavy-Duty Staplers,Office Supplies > Basic Supplies > Staplers & Staples > Heavy-Duty Staplers,4,True,25.0,Office Supplies > Staplers & Staples > Staplers,0.6087011627977751,True,1.0,-0.7068428341432753,0.0,PARITY,93.08401281003177,88.79629629629629,1.0,1148,,,
OfficeDepot,OfficeDepot::Office Supplies > Basic Supplies > Staplers & Staples > Reduced Effort & Basic Staplers,Office Supplies > Basic Supplies > Staplers & Staples > Reduced Effort & Basic Staplers,4,True,86.0,Office Supplies > Staplers & Staples > Staplers,0.5342596659827747,True,1.0,0.5009687464898263,0.0,PARITY,91.79443067878486,88.79629629629629,1.0,1148,,,
OfficeDepot,OfficeDepot::Office Supplies > Basic Supplies > Staplers & Staples > Specialty Staplers,Office Supplies > Basic Supplies > Staplers & Staples > Specialty Staplers,4,True,8.0,Office Supplies > Staplers & Staples > Staplers,0.6782797082319094,True,1.0,-1.7677147948285379,0.0,PARITY,94.17780586818745,88.79629629629629,1.0,1148,,,
OfficeDepot,OfficeDepot::Office Supplies > Basic Supplies > Staplers & Staples > Staple Removers,Office Supplies > Basic Supplies > Staplers & Staples > Staple Removers,4,True,8.0,Office Supplies > Staplers & Staples > Staple Removers,0.9634955969364818,True,1.0,0.7964021156534193,0.0,DEEPEN,96.67684357969179,81.64351851851852,1.0,1147,0.08203089444169442,,
OfficeDepot,OfficeDepot::Office Supplies > Basic Supplies > Staplers & Staples > Staples,Office Supplies > Basic Supplies > Staplers & Staples > Staples,4,True,31.0,Office Supplies > Staplers & Staples > Staples,0.9634955969364818,True,1.0,0.4746485465323289,0.0,PARITY,100.0,88.79629629629629,1.0,1149,,,
OfficeDepot,OfficeDepot::Office Supplies > Binders & Accessories,Office Supplies > Binders & Accessories,2,False,1243.0,Office Supplies > Binder Accessories,0.928432217252261,True,1.0,0.7551177002403149,0.0,DEEPEN,80.12307950368847,91.18110236220473,0.9722875816993464,1086,0.03407863065929584,1P-CORE GAP,0.036190043081290806
OfficeDepot,OfficeDepot::Office Supplies > Binders & Accessories > Binder Accessories,Office Supplies > Binders & Accessories > Binder Accessories,3,False,72.0,Office Supplies > Binder Accessories,0.7900075808554032,True,1.0,-0.8762480304631968,0.0,PARITY,98.89305437567677,91.18110236220473,1.0,1086,,,
OfficeDepot,OfficeDepot::Office Supplies > Binders & Accessories > Binder Accessories > Pencil Pouches,Office Supplies > Binders & Accessories > Binder Accessories > Pencil Pouches,4,True,33.0,Office Supplies > Writing Supplies & Instruments > Pencil Accessories > Pencil Cases & Pouches,0.5661750376283167,True,1.0,0.10043087221685498,0.0,PARITY,100.0,92.76521739130435,1.0,1184,,,
OfficeDepot,OfficeDepot::Office Supplies > Binders & Accessories > Binder Accessories > Ring Binder Accessories,Office Supplies > Binders & Accessories > Binder Accessories > Ring Binder Accessories,4,True,72.0,Office Supplies > Binder Accessories,0.5902866326244329,True,1.0,-0.6903031803159507,0.0,PARITY,98.38570429786196,87.29658792650919,1.0,1086,,,
OfficeDepot,OfficeDepot::Office Supplies > Binders & Accessories > Binders,Office Supplies > Binders & Accessories > Binders,3,True,401.0,Office Supplies > Binders,0.7900075808554032,True,1.0,0.49808506198344915,0.0,PARITY,99.34050599853065,91.18110236220474,1.0,1087,,,
OfficeDepot,OfficeDepot::Office Supplies > Binders & Accessories > Binding,Office Supplies > Binders & Accessories > Binding,3,True,47.0,"Shredders, Projectors & Office Machines > Binding Equipment > Binding Machines",0.47941704598660756,True,1.0,0.18415250024106422,0.0,PARITY,96.54087520102556,62.61417322834646,1.0,1589,,,
OfficeDepot,OfficeDepot::Office Supplies > Binders & Accessories > Clipboards,Office Supplies > Binders & Accessories > Clipboards,3,True,106.0,Office Supplies > Office Basics > Clipboards,0.7779795758434627,True,1.0,1.1039146734457734,0.0,DEEPEN,100.0,85.41666666666666,1.0,1135,0.08247752420470271,,
OfficeDepot,OfficeDepot::Office Supplies > Binders & Accessories > Dividers & Tabs,Office Supplies > Binders & Accessories > Dividers & Tabs,3,False,246.0,Furniture > Decor > Home & Office Decor > Accent Room Dividers,0.3366449679750673,False,1.0,0.0,0.0,PARITY,40.0997815556351,30.664604462983004,1.0,2103,,,
OfficeDepot,OfficeDepot::Office Supplies > Binders & Accessories > Dividers & Tabs > Dividers,Office Supplies > Binders & Accessories > Dividers & Tabs > Dividers,4,True,214.0,Furniture > Decor > Home & Office Decor > Accent Room Dividers,0.44857974597353373,False,1.0,0.0,0.0,PARITY,40.0997815556351,34.064492615958905,1.0,2104,,,
OfficeDepot,OfficeDepot::Office Supplies > Binders & Accessories > Dividers & Tabs > Tabs,Office Supplies > Binders & Accessories > Dividers & Tabs > Tabs,4,True,32.0,Office Supplies > Office Basics > Post-it® / Sticky Flags & Tabs,0.30681031233063594,False,1.0,0.0,0.0,PARITY,40.0997815556351,7.927852439956676,1.0,2105,,,
OfficeDepot,OfficeDepot::Office Supplies > Binders & Accessories > Report Covers & Portfolios,Office Supplies > Binders & Accessories > Report Covers & Portfolios,3,False,274.0,Office Supplies > Folders & Filing > Pocket & Presentation Folders > Report Covers,0.5283901874003603,True,1.0,1.95083578560889,0.0,DEEPEN,74.09403627198829,93.66956521739131,1.0,1119,0.03981344089032777,,
OfficeDepot,OfficeDepot::Office Supplies > Binders & Accessories > Report Covers & Portfolios > Professional Portfolios,Office Supplies > Binders & Accessories > Report Covers & Portfolios > Professional Portfolios,4,True,12.0,Gift Shop > Professional Gifts,0.3535012164148231,False,1.0,0.0,0.0,PARITY,67.2243436966324,10.682823458380385,1.0,2106,,,
OfficeDepot,OfficeDepot::Office Supplies > Binders & Accessories > Report Covers & Portfolios > Report Covers,Office Supplies > Binders & Accessories > Report Covers & Portfolios > Report Covers,4,True,64.0,Office Supplies > Folders & Filing > Pocket & Presentation Folders > Report Covers,0.7544957597366923,True,1.0,0.5084519578379552,0.0,PARITY,95.29631801871497,93.66956521739131,1.0,1119,,,
OfficeDepot,OfficeDepot::Office Supplies > Binders & Accessories > Report Covers & Portfolios > Report Covers With Fasteners,Office Supplies > Binders & Accessories > Report Covers & Portfolios > Report Covers With Fasteners,4,True,27.0,Office Supplies > Folders & Filing > Pocket & Presentation Folders > Report Covers,0.5812290168260347,True,1.0,-0.33373080188247783,0.0,PARITY,91.7704024138221,93.66956521739131,1.0,1119,,,
OfficeDepot,OfficeDepot::Office Supplies > Binders & Accessories > Report Covers & Portfolios > Twin Pocket Portfolios,Office Supplies > Binders & Accessories > Report Covers & Portfolios > Twin Pocket Portfolios,4,True,199.0,Office Supplies > Folders & Filing > Pocket & Presentation Folders > Pocket Folders,0.27738837961900337,False,1.0,0.0,0.0,PARITY,67.2243436966324,0.0,1.0,2107,,,
OfficeDepot,OfficeDepot::Office Supplies > Binders & Accessories > Report Covers & Portfolios > Twin Pocket With Fastener Portfolios,Office Supplies > Binders & Accessories > Report Covers & Portfolios > Twin Pocket With Fastener Portfolios,4,True,56.0,Facilities > Hardware > Fasteners,0.2829678756354849,False,1.0,0.0,0.0,PARITY,67.2243436966324,0.0,1.0,2108,,,
OfficeDepot,OfficeDepot::Office Supplies > Binders & Accessories > Sheet Protectors,Office Supplies > Binders & Accessories > Sheet Protectors,3,True,74.0,Office Supplies > Sheet Protectors,0.7900075808554032,True,1.0,0.30114904013500166,0.0,PARITY,100.0,80.26246719160105,1.0,1144,,,
OfficeDepot,OfficeDepot::Office Supplies > Binders & Accessories > Specialty Binders,Office Supplies > Binders & Accessories > Specialty Binders,3,False,38.0,Office Supplies > Binders,0.46522944977913544,True,1.0,-1.8348053805059257,0.0,PARITY,56.984883555539795,91.18110236220473,1.0,1087,,,
OfficeDepot,OfficeDepot::Office Supplies > Binders & Accessories > Specialty Binders > Data Binders,Office Supplies > Binders & Accessories > Specialty Binders > Data Binders,4,True,5.0,Office Supplies > Binders,0.4742394754901044,True,1.0,-3.706607557407517,0.0,PARITY,81.16731585066312,91.18110236220473,1.0,1087,,,
OfficeDepot,OfficeDepot::Office Supplies > Binders & Accessories > Specialty Binders > Easel Binders,Office Supplies > Binders & Accessories > Specialty Binders > Easel Binders,4,True,2.0,Office Supplies > Binders,0.4481620602281546,False,1.0,0.0,0.0,PARITY,53.3208786623393,85.02964907685197,1.0,2109,,,
OfficeDepot,OfficeDepot::Office Supplies > Binders & Accessories > Specialty Binders > Hanging Binders,Office Supplies > Binders & Accessories > Specialty Binders > Hanging Binders,4,True,2.0,Office Supplies > Binders,0.4349908386994201,False,1.0,0.0,0.0,PARITY,53.3208786623393,77.88354003275225,1.0,2110,,,
OfficeDepot,OfficeDepot::Office Supplies > Binders & Accessories > Specialty Binders > Ledger & Post Binders,Office Supplies > Binders & Accessories > Specialty Binders > Ledger & Post Binders,4,True,21.0,Office Supplies > Binders,0.3588077367388292,False,1.0,0.0,0.0,PARITY,53.3208786623393,36.55003480391271,1.0,2111,,,
OfficeDepot,OfficeDepot::Office Supplies > Binders & Accessories > Specialty Binders > Zippered Binders,Office Supplies > Binders & Accessories > Specialty Binders > Zippered Binders,4,True,8.0,Office Supplies > Binders,0.39161466540753254,False,1.0,0.0,0.0,PARITY,53.3208786623393,54.34959038477471,1.0,2112,,,
OfficeDepot,OfficeDepot::Office Supplies > Business Forms & Bookkeeping,Office Supplies > Business Forms & Bookkeeping,2,False,637.0,Office Supplies > Forms & Recordkeeping,0.48968949475899703,True,0.7664907651715039,1.3076158964884588,37.75919447051796,DEEPEN,58.9290551717096,88.24146981627297,0.9844820003769554,1120,0.0800681289534392,1P-CORE GAP,0.08180815517149849
OfficeDepot,OfficeDepot::Office Supplies > Business Forms & Bookkeeping > Business Forms,Office Supplies > Business Forms & Bookkeeping > Business Forms,3,False,129.0,Office Supplies > Forms & Recordkeeping > Business Forms,0.8478024644830757,True,0.5348837209302325,1.119696036436407,12.799726939158631,DEEPEN,51.47052346956457,86.68981481481481,0.8139904610492846,1120,0.08072444422293754,,
OfficeDepot,OfficeDepot::Office Supplies > Business Forms & Bookkeeping > Business Forms > Gift Certificates,Office Supplies > Business Forms & Bookkeeping > Business Forms > Gift Certificates,4,True,5.0,Retail Store Supplies > Store Security & Operations > Gift Certificates,0.7222354786291025,True,1.0,0.810320645944482,0.0,DEEPEN,68.45385803606516,50.068910158575974,0.5161290322580645,1190,0.1841693525553649,,
OfficeDepot,OfficeDepot::Office Supplies > Business Forms & Bookkeeping > Business Forms > Guest Checks,Office Supplies > Business Forms & Bookkeeping > Business Forms > Guest Checks,4,True,6.0,Office Supplies > Forms & Recordkeeping > Digital Legal Forms,0.06140833007159079,False,0.0,1.9459101490553132,1.279972693915863,ENTER,42.83494980858197,0.0,0.5609756097560976,2113,0.6699986253593558,,
OfficeDepot,OfficeDepot::Office Supplies > Business Forms & Bookkeeping > Business Forms > Invoices & Statements,Office Supplies > Business Forms & Bookkeeping > Business Forms > Invoices & Statements,4,True,54.0,Healthcare Supplies > Personal Care > Skin Care > Supplements,0.08200280404492645,False,0.0,4.007333185232471,11.519754245242769,ENTER,53.60568151589904,0.0,0.92,2114,0.8282444304398133,,
OfficeDepot,OfficeDepot::Office Supplies > Business Forms & Bookkeeping > Business Forms > Order & Service Forms,Office Supplies > Business Forms & Bookkeeping > Business Forms > Order & Service Forms,4,True,43.0,Office Supplies > Forms & Recordkeeping > Tax Forms,0.25438166707475374,False,1.0,0.0,0.0,PARITY,35.075448957759505,0.0,0.3023255813953488,2115,,,
OfficeDepot,OfficeDepot::Office Supplies > Business Forms & Bookkeeping > Business Forms > Receipts,Office Supplies > Business Forms & Bookkeeping > Business Forms > Receipts,4,True,18.0,Retail Store Supplies > Point of Sale (POS) Equipment > POS Receipt Printers,0.363407813461626,False,1.0,0.0,0.0,PARITY,39.789465299682824,18.804136129643624,0.4594594594594595,2116,,,
OfficeDepot,OfficeDepot::Office Supplies > Business Forms & Bookkeeping > Business Forms > Shipping & Receiving Forms,Office Supplies > Business Forms & Bookkeeping > Business Forms > Shipping & Receiving Forms,4,True,3.0,"Shipping, Packing & Mailing Supplies > Shipping Supplies > Corrugated Boxes & Pads > Shipping Boxes",0.24964203696719675,False,1.0,0.0,0.0,PARITY,41.71996723018476,0.0,0.5238095238095238,2117,,,
OfficeDepot,OfficeDepot::Office Supplies > Business Forms & Bookkeeping > Employee Management,Office Supplies > Business Forms & Bookkeeping > Employee Management,3,False,88.0,Computers & Accessories > Computer Accessories & Peripherals > Cables & Cable Accessories > Cable Management,0.30813492894682015,False,0.5132743362831859,0.41109892582641994,11.73308302756208,PARITY,24.325581395348838,7.595579713481174,0.8108527131782945,2118,,,
OfficeDepot,OfficeDepot::Office Supplies > Business Forms & Bookkeeping > Employee Management > Attendance Forms,Office Supplies > Business Forms & Bookkeeping > Employee Management > Attendance Forms,4,True,16.0,Office Supplies > Forms & Recordkeeping > Tax Forms,0.21850728246985246,False,0.0,2.833213344056216,3.4132605171089683,ENTER,17.938144329896907,0.0,0.5979381443298969,2119,0.679955511827865,,
OfficeDepot,OfficeDepot::Office Supplies > Business Forms & Bookkeeping > Employee Management > Employee Folders,Office Supplies > Business Forms & Bookkeeping > Employee Management > Employee Folders,4,True,21.0,Office Supplies > Folders & Filing > File Folders,0.266279495278386,False,1.0,0.0,0.0,PARITY,12.06521739130435,0.0,0.40217391304347827,2120,,,
OfficeDepot,OfficeDepot::Office Supplies > Business Forms & Bookkeeping > Employee Management > Employee Management & Compliance Software,Office Supplies > Business Forms & Bookkeeping > Employee Management > Employee Management & Compliance Software,4,True,33.0,Computer Software,0.23259970545768738,False,1.0,0.0,0.0,PARITY,9.375000000000002,0.0,0.3125,2121,,,
OfficeDepot,OfficeDepot::Office Supplies > Business Forms & Bookkeeping > Employee Management > Hiring Forms,Office Supplies > Business Forms & Bookkeeping > Employee Management > Hiring Forms,4,True,4.0,Office Supplies > Forms & Recordkeeping > Tax Forms,0.2539053101964346,False,1.0,0.0,0.0,PARITY,14.86238532110092,0.0,0.4954128440366973,2122,,,
OfficeDepot,OfficeDepot::Office Supplies > Business Forms & Bookkeeping > Employee Management > Performance & Discipline Forms,Office Supplies > Business Forms & Bookkeeping > Employee Management > Performance & Discipline Forms,4,True,39.0,Expanded Assortment > Books & Magazines > Language Arts & Discipline Books,0.22272679461913855,False,0.0,3.6888794541139363,8.319822510453111,ENTER,23.513513513513516,0.0,0.7837837837837838,2123,0.7302915778849388,,
OfficeDepot,OfficeDepot::Office Supplies > Business Forms & Bookkeeping > Financial Bookkeeping,Office Supplies > Business Forms & Bookkeeping > Financial Bookkeeping,3,False,81.0,"Shredders, Projectors & Office Machines > Calculators > Financial Calculators",0.3050002333177331,False,0.8411214953271028,-0.1041402592525964,3.6265892994282787,PARITY,22.626728110599082,12.815156628944267,0.7542242703533026,2124,,,
OfficeDepot,OfficeDepot::Office Supplies > Business Forms & Bookkeeping > Financial Bookkeeping > Accounting Books,Office Supplies > Business Forms & Bookkeeping > Financial Bookkeeping > Accounting Books,4,True,62.0,Computer Software > Accounting Software,0.39699194875974503,False,1.0,0.0,0.0,PARITY,18.666666666666668,21.830305129075448,0.6222222222222222,2125,,,
OfficeDepot,OfficeDepot::Office Supplies > Business Forms & Bookkeeping > Financial Bookkeeping > Checks,Office Supplies > Business Forms & Bookkeeping > Financial Bookkeeping > Checks,4,True,11.0,Office Supplies > Forms & Recordkeeping > Accounting & Record Journals,0.04709636194568103,False,0.0,2.4849066497880004,2.346616605512416,ENTER,28.125000000000004,0.0,0.9375,2126,0.6756613070539419,,
OfficeDepot,OfficeDepot::Office Supplies > Business Forms & Bookkeeping > Financial Bookkeeping > Columnar Pads,Office Supplies > Business Forms & Bookkeeping > Financial Bookkeeping > Columnar Pads,4,True,28.0,Office Supplies > Notebooks & Notepads > Notepads,0.2925743430945389,False,1.0,0.0,0.0,PARITY,23.544303797468356,0.6336729033699632,0.7848101265822784,2127,,,
OfficeDepot,OfficeDepot::Office Supplies > Business Forms & Bookkeeping > Financial Bookkeeping > Mileage Logs,Office Supplies > Business Forms & Bookkeeping > Financial Bookkeeping > Mileage Logs,4,True,6.0,"Expanded Assortment > Clothing, Shoes & Accessories > Men's Shoes > Men's Clogs",0.10467936774717591,False,0.0,1.9459101490553132,1.279972693915863,ENTER,26.732673267326735,0.0,0.8910891089108911,2128,0.6216917957355901,,
OfficeDepot,OfficeDepot::Office Supplies > Business Forms & Bookkeeping > Legal Forms,Office Supplies > Business Forms & Bookkeeping > Legal Forms,3,False,32.0,Office Supplies > Forms & Recordkeeping > Digital Legal Forms,0.6643565254871695,True,0.0,2.515068738182907,9.599795204368974,DEEPEN,49.85170280741677,65.43981481481481,0.814866760168303,1122,0.26578758666314656,,
OfficeDepot,OfficeDepot::Office Supplies > Business Forms & Bookkeeping > Legal Forms > Personal Law & Power of Attorney Forms,Office Supplies > Business Forms & Bookkeeping > Legal Forms > Personal Law & Power of Attorney Forms,4,True,29.0,Healthcare Supplies > Personal Care,0.22115897056500927,False,0.0,3.4011973816621555,6.186534687260005,ENTER,25.405700002367677,0.0,0.0,2129,0.7197855647373934,,
OfficeDepot,OfficeDepot::Office Supplies > Business Forms & Bookkeeping > Legal Forms > Real Estate & Leasing Forms,Office Supplies > Business Forms & Bookkeeping > Legal Forms > Real Estate & Leasing Forms,4,True,16.0,Office Supplies > Forms & Recordkeeping > Tax Forms,0.2173633624968075,False,0.0,2.833213344056216,3.4132605171089683,ENTER,25.405700002367677,0.0,0.0,2130,0.7023581788452773,,
OfficeDepot,OfficeDepot::Office Supplies > Business Forms & Bookkeeping > Medical Forms,Office Supplies > Business Forms & Bookkeeping > Medical Forms,3,False,48.0,Office Supplies > Forms & Recordkeeping > Medical Forms,0.8478024644830757,True,1.0,0.9882568022719211,0.0,DEEPEN,51.66065377747582,80.625,0.7419825072886297,1124,0.07440534836915366,,
OfficeDepot,OfficeDepot::Office Supplies > Business Forms & Bookkeeping > Medical Forms > ADA Dental Forms,Office Supplies > Business Forms & Bookkeeping > Medical Forms > ADA Dental Forms,4,True,2.0,Office Supplies > Forms & Recordkeeping > Tax Forms,0.27263090762151343,False,1.0,0.0,0.0,PARITY,59.40117855881694,0.0,1.0,2131,,,
OfficeDepot,OfficeDepot::Office Supplies > Business Forms & Bookkeeping > Medical Forms > Claim Forms,Office Supplies > Business Forms & Bookkeeping > Medical Forms > Claim Forms,4,True,24.0,Office Supplies > Forms & Recordkeeping > Tax Forms,0.296312131014,False,1.0,0.0,0.0,PARITY,59.40117855881694,2.5159273370492388,1.0,2132,,,
OfficeDepot,OfficeDepot::Office Supplies > Business Forms & Bookkeeping > Medical Forms > HIPAA Compliance Forms,Office Supplies > Business Forms & Bookkeeping > Medical Forms > HIPAA Compliance Forms,4,True,24.0,Office Supplies > Forms & Recordkeeping > Tax Forms,0.2316040620471345,False,1.0,0.0,0.0,PARITY,59.40117855881694,0.0,1.0,2133,,,
OfficeDepot,OfficeDepot::Office Supplies > Business Forms & Bookkeeping > Medical Forms > UB-04 Forms,Office Supplies > Business Forms & Bookkeeping > Medical Forms > UB-04 Forms,4,True,22.0,Office Supplies > Forms & Recordkeeping > Tax Forms,0.3053111764200691,False,1.0,0.0,0.0,PARITY,59.40117855881694,7.164104902650617,1.0,2134,,,
OfficeDepot,OfficeDepot::Office Supplies > Business Forms & Bookkeeping > Tax Forms,Office Supplies > Business Forms & Bookkeeping > Tax Forms,3,False,298.0,Office Supplies > Forms & Recordkeeping > Tax Forms,0.8478024644830757,True,1.0,1.9859201449782815,0.0,DEEPEN,71.79490135133695,87.01820129513784,0.6201716738197425,1125,0.08096533123415295,,
OfficeDepot,OfficeDepot::Office Supplies > Business Forms & Bookkeeping > Tax Forms > 1099 Tax Forms,Office Supplies > Business Forms & Bookkeeping > Tax Forms > 1099 Tax Forms,4,True,131.0,Office Supplies > Forms & Recordkeeping > Tax Forms,0.5840968165734187,True,1.0,1.1682784941739652,0.0,DEEPEN,83.4201393579398,86.80555555555556,1.0,1125,0.07134458432342146,,
OfficeDepot,OfficeDepot::Office Supplies > Business Forms & Bookkeeping > Tax Forms > ACA Tax Forms,Office Supplies > Business Forms & Bookkeeping > Tax Forms > ACA Tax Forms,4,True,5.0,Office Supplies > Forms & Recordkeeping > Tax Forms,0.6162602066649061,True,1.0,-1.9227639591843504,0.0,PARITY,83.9818526418767,86.80555555555556,1.0,1125,,,
OfficeDepot,OfficeDepot::Office Supplies > Business Forms & Bookkeeping > Tax Forms > Additional Tax Forms,Office Supplies > Business Forms & Bookkeeping > Tax Forms > Additional Tax Forms,4,True,20.0,Office Supplies > Forms & Recordkeeping > Tax Forms,0.5484294822893175,True,1.0,-0.6700009906889823,0.0,PARITY,82.76772948386571,86.80555555555556,1.0,1125,,,
OfficeDepot,OfficeDepot::Office Supplies > Business Forms & Bookkeeping > Tax Forms > Tax Form Envelopes,Office Supplies > Business Forms & Bookkeeping > Tax Forms > Tax Form Envelopes,4,True,64.0,Office Supplies > Forms & Recordkeeping > Tax Forms,0.5060300162515673,True,1.0,0.45986384148323145,0.0,PARITY,81.94850526308463,87.77575174239975,1.0,1125,,,
OfficeDepot,OfficeDepot::Office Supplies > Business Forms & Bookkeeping > Tax Forms > W-2 Tax Forms,Office Supplies > Business Forms & Bookkeeping > Tax Forms > W-2 Tax Forms,4,True,72.0,Office Supplies > Forms & Recordkeeping > Tax Forms,0.6135892373830283,True,1.0,0.5759360127359856,0.0,PARITY,83.93612342104468,86.80555555555556,1.0,1125,,,
OfficeDepot,OfficeDepot::Office Supplies > Calendars & Planners,Office Supplies > Calendars & Planners,2,False,1219.0,Office Supplies > Calendars & Planners,0.9192670603404778,True,1.0,0.23246817832072075,0.0,PARITY,99.16917047681255,96.74540682414698,0.972305682560418,1088,,,
OfficeDepot,OfficeDepot::Office Supplies > Calendars & Planners > Calendar Refills & Bases,Office Supplies > Calendars & Planners > Calendar Refills & Bases,3,True,27.0,Office Supplies > Calendars & Planners > Calendars,0.5952890111953634,True,1.0,-2.5087632426336213,0.0,PARITY,100.0,96.62037037037037,1.0,1089,,,
OfficeDepot,OfficeDepot::Office Supplies > Calendars & Planners > Calendars,Office Supplies > Calendars & Planners > Calendars,3,True,534.0,Office Supplies > Calendars & Planners > Calendars,0.9754134183505365,True,1.0,0.4412989940871812,0.0,PARITY,100.0,96.74540682414698,1.0,1089,,,
OfficeDepot,OfficeDepot::Office Supplies > Calendars & Planners > Organizer Accessories,Office Supplies > Calendars & Planners > Organizer Accessories,3,True,66.0,Office Supplies > Calendars & Planners > Organizer Refills & Accessories,0.6599657983674084,True,1.0,-1.6109075273249056,0.0,PARITY,100.0,96.48148148148148,1.0,1090,,,
OfficeDepot,OfficeDepot::Office Supplies > Calendars & Planners > Organizer Refills,Office Supplies > Calendars & Planners > Organizer Refills,3,True,86.0,Office Supplies > Calendars & Planners > Organizer Refills & Accessories,0.8604209019691366,True,1.0,1.8831077851340603,0.0,DEEPEN,100.0,96.48148148148148,1.0,1090,0.024512832334409113,1P-CORE GAP,0.025870370370370387
OfficeDepot,OfficeDepot::Office Supplies > Calendars & Planners > Organizers,Office Supplies > Calendars & Planners > Organizers,3,True,20.0,Office Supplies > Calendars & Planners > Planners & Personal Organizers,0.6171419259714842,True,1.0,-2.938565661279123,0.0,PARITY,100.0,96.48148148148148,1.0,1090,,,
OfficeDepot,OfficeDepot::Office Supplies > Calendars & Planners > Planners,Office Supplies > Calendars & Planners > Planners,3,True,632.0,Office Supplies > Calendars & Planners > Planners & Personal Organizers,0.6226544828309094,True,1.0,0.7828797564713668,0.0,DEEPEN,100.0,96.74540682414698,1.0,1090,0.014787466919332167,1P-CORE GAP,0.01598176543721507
OfficeDepot,OfficeDepot::Office Supplies > Desk Accessories,Office Supplies > Desk Accessories,2,False,698.0,Office Supplies > Desk Organizers & Accessories,0.6442796297580156,True,1.0,0.7711983163137903,0.0,DEEPEN,98.19567658651205,93.07086614173228,0.9733350103767059,1090,0.03064789664828389,1P-CORE GAP,0.032483610184747
OfficeDepot,OfficeDepot::Office Supplies > Desk Accessories > Bookends,Office Supplies > Desk Accessories > Bookends,3,True,14.0,Office Supplies > Desk Organizers & Accessories > Bookends,0.892610865407357,True,1.0,0.5671235757716935,0.0,PARITY,100.0,74.62962962962963,1.0,1098,,,
OfficeDepot,OfficeDepot::Office Supplies > Desk Accessories > Business Card Holders,Office Supplies > Desk Accessories > Business Card Holders,3,True,33.0,Office Supplies > Desk Organizers & Accessories > Business Card Holders & Files,0.7780944198387273,True,1.0,0.36842644501345356,0.0,PARITY,100.0,82.66203703703704,1.0,1099,,,
OfficeDepot,OfficeDepot::Office Supplies > Desk Accessories > Desk Organizer Collections,Office Supplies > Desk Accessories > Desk Organizer Collections,3,True,30.0,Office Supplies > Desk Organizers & Accessories > Desk Organizers,0.6666849941032537,True,1.0,-1.131325968392801,0.0,PARITY,100.0,93.07086614173228,1.0,1090,,,
OfficeDepot,OfficeDepot::Office Supplies > Desk Accessories > Desk Organizers,Office Supplies > Desk Accessories > Desk Organizers,3,True,195.0,Office Supplies > Desk Organizers & Accessories > Desk Organizers,0.892610865407357,True,1.0,0.7128014863525696,0.0,DEEPEN,100.0,93.07086614173228,1.0,1090,0.029987911262129602,,
OfficeDepot,OfficeDepot::Office Supplies > Desk Accessories > Desk Pads,Office Supplies > Desk Accessories > Desk Pads,3,True,67.0,Office Supplies > Desk Organizers & Accessories > Desk Pads,0.892610865407357,True,1.0,1.0498221244986783,0.0,DEEPEN,100.0,83.35033793817527,1.0,1101,0.09195311288086606,,
OfficeDepot,OfficeDepot::Office Supplies > Desk Accessories > Desk Trays,Office Supplies > Desk Accessories > Desk Trays,3,True,89.0,Office Supplies > Desk Organizers & Accessories > Letter & Desktop Trays,0.4482494043469692,False,1.0,0.0,0.0,PARITY,91.26533412374394,82.4631082275569,1.0,2135,,,
OfficeDepot,OfficeDepot::Office Supplies > Desk Accessories > Document & Bookholders,Office Supplies > Desk Accessories > Document & Bookholders,3,True,13.0,Office Supplies > Desk Organizers & Accessories > Book & Document Holders,0.5199852334618832,True,1.0,0.43481138937988284,0.0,PARITY,100.0,75.20833333333333,1.0,1097,,,
OfficeDepot,OfficeDepot::Office Supplies > Desk Accessories > Drawer Organizers,Office Supplies > Desk Accessories > Drawer Organizers,3,True,37.0,Office Supplies > Desk Organizers & Accessories > Drawer Organizers,0.892610865407357,True,1.0,0.9175752535665116,0.0,DEEPEN,100.0,92.08333333333334,1.0,1102,0.03991182572614105,,
OfficeDepot,OfficeDepot::Office Supplies > Desk Accessories > File Organizers,Office Supplies > Desk Accessories > File Organizers,3,True,201.0,Office Supplies > Desk Organizers & Accessories > File Organizers,0.892610865407357,True,1.0,1.460718174575275,0.0,DEEPEN,100.0,92.08333333333336,1.0,1103,0.05121196403872734,,
OfficeDepot,OfficeDepot::Office Supplies > Desk Accessories > Magazine Holders,Office Supplies > Desk Accessories > Magazine Holders,3,True,27.0,Office Supplies > Desk Organizers & Accessories > Magazine Holders,0.892610865407357,True,1.0,0.8145080375642126,0.0,DEEPEN,100.0,77.75462962962962,1.0,1106,0.10439632319041035,,
OfficeDepot,OfficeDepot::Office Supplies > Desk Accessories > Wall Files,Office Supplies > Desk Accessories > Wall Files,3,True,68.0,Office Supplies > Desk Organizers & Accessories > Wall Files,0.892610865407357,True,1.0,0.902947837292353,0.0,DEEPEN,100.0,83.68055555555556,1.0,1107,0.08119092899953895,,
OfficeDepot,OfficeDepot::Office Supplies > Drafting,Office Supplies > Drafting,2,False,164.0,Arts & Crafts > Drafting Supplies,0.5102247018153522,True,0.783625730994152,-1.0937322062759636,7.8931649458144895,PARITY,82.38900985650747,47.046002134536394,0.9765511391177897,64,,,
OfficeDepot,OfficeDepot::Office Supplies > Drafting > Classroom Compasses,Office Supplies > Drafting > Classroom Compasses,3,True,7.0,Gift Shop > Professional Gifts > Compasses,0.47380873229965653,True,1.0,-3.816545738494813,0.0,PARITY,84.47421618078195,29.01388888888889,0.774390243902439,768,,,
OfficeDepot,OfficeDepot::Office Supplies > Drafting > Drafting Pencils,Office Supplies > Drafting > Drafting Pencils,3,True,7.0,Office Supplies > Writing Supplies & Instruments > Pencils,0.4991530841279527,True,1.0,-2.5797085703691853,0.0,PARITY,93.23170731707317,92.73148148148148,0.774390243902439,1186,,,
OfficeDepot,OfficeDepot::Office Supplies > Drafting > Drafting Tools & Kits,Office Supplies > Drafting > Drafting Tools & Kits,3,True,120.0,Arts & Crafts > Drafting Supplies,0.3422768254956556,False,1.0,0.0,0.0,PARITY,60.21055386123022,6.845259964200697,0.27450980392156865,2136,,,
OfficeDepot,OfficeDepot::Office Supplies > Drafting > Knives & Blades,Office Supplies > Drafting > Knives & Blades,3,True,37.0,"Tools, Parts & Supplies > Hand Tools > Putty Knives & Scrapers",0.2265531590653306,False,0.0,3.6375861597263857,7.8931649458144895,ENTER,81.97525974358317,0.0,1.0,2137,0.8982079369070981,VERIFY,0.8975047265991705
OfficeDepot,OfficeDepot::Office Supplies > Filing & Folders,Office Supplies > Filing & Folders,2,False,1020.0,Office Supplies > Folders & Filing,0.8379175313344345,True,1.0,0.01991949707638163,0.0,PARITY,99.1790370465987,97.27034120734908,0.9726345682199561,1108,,,
OfficeDepot,OfficeDepot::Office Supplies > Filing & Folders > Classification Folders,Office Supplies > Filing & Folders > Classification Folders,3,True,143.0,Office Supplies > Folders & Filing > Classification Folders,0.9497565286572699,True,1.0,0.1150808970405306,0.0,PARITY,100.0,96.06481481481481,1.0,1110,,,
OfficeDepot,OfficeDepot::Office Supplies > Filing & Folders > Expanding File Folders,Office Supplies > Filing & Folders > Expanding File Folders,3,True,359.0,Office Supplies > Folders & Filing > File Folders,0.7222102199354551,True,1.0,0.3574689098399091,0.0,PARITY,100.0,96.06481481481481,1.0,1111,,,
OfficeDepot,OfficeDepot::Office Supplies > Filing & Folders > File Folders,Office Supplies > Filing & Folders > File Folders,3,True,519.0,Office Supplies > Folders & Filing > File Folders,0.9497565286572699,True,1.0,0.7251936899652263,0.0,DEEPEN,100.0,96.06481481481481,1.0,1111,0.017161326264023363,1P-CORE GAP,0.01816398635477583
OfficeDepot,OfficeDepot::Office Supplies > Filing & Folders > Filing Accessories,Office Supplies > Filing & Folders > Filing Accessories,3,True,48.0,Office Supplies > Folders & Filing > Filing Accessories,0.9497565286572699,True,1.0,0.430361823158679,0.0,PARITY,100.0,84.58333333333333,1.0,1114,,,
OfficeDepot,OfficeDepot::Office Supplies > Filing & Folders > Hanging File Folders,Office Supplies > Filing & Folders > Hanging File Folders,3,True,112.0,Office Supplies > Folders & Filing > Hanging File Folders,0.9497565286572699,True,1.0,0.31835121101236385,0.0,PARITY,100.0,96.06481481481481,1.0,1115,,,
OfficeDepot,OfficeDepot::Office Supplies > Labels & Label Makers,Office Supplies > Labels & Label Makers,2,False,2415.0,Office Supplies > Labels,0.7486712076953544,True,1.0,-0.3357999521705297,0.0,PARITY,91.96353102106534,99.26509186351706,0.970508450998122,457,,,
OfficeDepot,OfficeDepot::Office Supplies > Labels & Label Makers > CD Labels,Office Supplies > Labels & Label Makers > CD Labels,3,True,6.0,Office Supplies > Labels,0.557941254830307,True,1.0,-6.123937452903654,0.0,PARITY,99.89664952126152,99.26509186351706,1.0,457,,,
OfficeDepot,OfficeDepot::Office Supplies > Labels & Label Makers > Color-Coding & Round Labels,Office Supplies > Labels & Label Makers > Color-Coding & Round Labels,3,True,395.0,Office Supplies > Label Makers & Tapes > Label Maker Tapes & Printer Labels,0.34450936537041066,False,1.0,0.0,0.0,PARITY,79.01803967472661,30.372806209036902,1.0,2138,,,
OfficeDepot,OfficeDepot::Office Supplies > Labels & Label Makers > Filing Labels,Office Supplies > Labels & Label Makers > Filing Labels,3,True,32.0,Office Supplies > Labels,0.49363035502769026,True,1.0,-4.5733400404924875,0.0,PARITY,98.4059845163309,99.26509186351706,1.0,457,,,
OfficeDepot,OfficeDepot::Office Supplies > Labels & Label Makers > Full-Sheet Labels,Office Supplies > Labels & Label Makers > Full-Sheet Labels,3,True,59.0,Office Supplies > Labels,0.40556975035321474,False,1.0,0.0,0.0,PARITY,79.01803967472661,67.410816814095,1.0,2139,,,
OfficeDepot,OfficeDepot::Office Supplies > Labels & Label Makers > Label Holders,Office Supplies > Labels & Label Makers > Label Holders,3,True,11.0,Office Supplies > Label Makers & Tapes > Label Makers,0.46776055232027675,True,1.0,-1.2563569669149905,0.0,PARITY,96.91734888813338,87.33796296296296,1.0,1126,,,
OfficeDepot,OfficeDepot::Office Supplies > Labels & Label Makers > Label Maker Tapes,Office Supplies > Labels & Label Makers > Label Maker Tapes,3,True,149.0,Office Supplies > Label Makers & Tapes > Label Maker Tapes & Printer Labels,0.7673536986784943,True,1.0,-0.20708026542189284,0.0,PARITY,100.0,93.24074074074073,1.0,1126,,,
OfficeDepot,OfficeDepot::Office Supplies > Labels & Label Makers > Label Makers,Office Supplies > Labels & Label Makers > Label Makers,3,True,45.0,Office Supplies > Label Makers & Tapes > Label Makers,0.9107946179415166,True,1.0,0.08737777978610417,0.0,PARITY,100.0,93.24074074074073,1.0,1126,,,
OfficeDepot,OfficeDepot::Office Supplies > Labels & Label Makers > Name Badges & Holders,Office Supplies > Labels & Label Makers > Name Badges & Holders,3,True,163.0,Retail Store Supplies > Store Security & Operations > Name Tags & Badges,0.4125481334830988,False,1.0,0.0,0.0,PARITY,79.01803967472661,33.295423084821415,1.0,2140,,,
OfficeDepot,OfficeDepot::Office Supplies > Labels & Label Makers > Standard Labels,Office Supplies > Labels & Label Makers > Standard Labels,3,True,1438.0,Office Supplies > Labels,0.4625742063623984,True,1.0,-0.7981438950715996,0.0,PARITY,97.63334419740728,99.26509186351706,1.0,457,,,
OfficeDepot,OfficeDepot::Office Supplies > Labor Law & Workplace Posters,Office Supplies > Labor Law & Workplace Posters,2,False,131.0,Facilities > Facilities Signs > Labor Law Posters,0.49688253482187206,True,0.1773049645390071,-0.9702132350060939,24.74613874904002,PARITY,66.71481063558562,67.66666666666666,0.9813717188823031,456,,,
OfficeDepot,OfficeDepot::Office Supplies > Labor Law & Workplace Posters > Federal & State Poster Kits,Office Supplies > Labor Law & Workplace Posters > Federal & State Poster Kits,3,True,97.0,Healthcare Supplies > Personal Care > Baby Care > Baby Kits,0.16764449253507813,False,0.0,4.584967478670572,20.692891884973122,ENTER,54.31911361457108,0.0,0.5681818181818182,2141,0.8542436478976552,VERIFY,0.8408520776858186
OfficeDepot,OfficeDepot::Office Supplies > Labor Law & Workplace Posters > Federal Posters,Office Supplies > Labor Law & Workplace Posters > Federal Posters,3,True,9.0,Furniture > Decor > Wall Art > Framed Posters,0.22786447419299632,False,0.0,2.302585092994046,1.9199590408737948,ENTER,42.955477250934706,0.0,0.1893939393939394,2142,0.699198381960273,,
OfficeDepot,OfficeDepot::Office Supplies > Labor Law & Workplace Posters > General Communications Posters,Office Supplies > Labor Law & Workplace Posters > General Communications Posters,3,True,4.0,Retail Store Supplies > Point of Sale (POS) Equipment > Restaurant Pagers & Communication,0.26107004906641473,False,1.0,0.0,0.0,PARITY,41.87219921510193,0.0,0.15328467153284672,2143,,,
OfficeDepot,OfficeDepot::Office Supplies > Labor Law & Workplace Posters > Spanish Posters,Office Supplies > Labor Law & Workplace Posters > Spanish Posters,3,True,10.0,Furniture > Decor > Wall Art > Framed Posters,0.223276151212933,False,0.0,2.3978952727983707,2.1332878231931054,ENTER,42.99884990881118,0.0,0.19083969465648856,2144,0.7097019439173049,VERIFY,0.7221544444632757
OfficeDepot,OfficeDepot::Office Supplies > Labor Law & Workplace Posters > State Posters,Office Supplies > Labor Law & Workplace Posters > State Posters,3,True,21.0,Furniture > Decor > Wall Art > Framed Posters,0.2629766124983879,False,1.0,0.0,0.0,PARITY,38.27365906911653,0.0,0.03333333333333333,2145,,,
OfficeDepot,OfficeDepot::Office Supplies > Laminating,Office Supplies > Laminating,2,False,116.0,Office Supplies > Laminators & Supplies > Laminating Machines,0.5471573793446329,True,1.0,2.4983803787735837,0.0,DEEPEN,90.55147283887749,82.71053723543272,0.9743945890452322,1129,0.12301252949807233,1P-CORE GAP,0.12804607018631092
OfficeDepot,OfficeDepot::Office Supplies > Laminating > Laminating Machines,Office Supplies > Laminating > Laminating Machines,3,True,26.0,Office Supplies > Laminators & Supplies > Laminating Machines,0.8483231126118279,True,1.0,1.0320433099801565,0.0,DEEPEN,95.3991558520776,75.60185185185185,1.0,1129,0.13016421116089305,,
OfficeDepot,OfficeDepot::Office Supplies > Laminating > Laminating Supplies,Office Supplies > Laminating > Laminating Supplies,3,True,90.0,Office Supplies > Laminators & Supplies > Laminating Machines,0.49964322095740465,True,1.0,2.247065950492677,0.0,DEEPEN,90.14110696975959,75.60185185185185,1.0,1129,0.1688352057759428,,
OfficeDepot,"OfficeDepot::Office Supplies > Mailing, Packing & Shipping","Office Supplies > Mailing, Packing & Shipping",2,False,2178.0,"Shipping, Packing & Mailing Supplies",0.5814349440096719,True,0.9946987951807229,-2.0297296726910012,2.346616605512416,PARITY,93.98635532456588,96.92307692307692,0.9717123287671233,1536,,,
OfficeDepot,"OfficeDepot::Office Supplies > Mailing, Packing & Shipping > Envelopes","Office Supplies > Mailing, Packing & Shipping > Envelopes",3,False,818.0,Paper > Envelopes > Envelopes,0.8830457177173011,True,1.0,-0.49157240327756124,0.0,PARITY,90.83928623340068,98.11023622047243,0.9922698524244554,1195,,,
OfficeDepot,"OfficeDepot::Office Supplies > Mailing, Packing & Shipping > Envelopes > Booklet Envelopes","Office Supplies > Mailing, Packing & Shipping > Envelopes > Booklet Envelopes",4,True,82.0,Paper > Envelopes > Envelopes,0.6448364124439787,True,1.0,-2.7808158793340327,0.0,PARITY,90.76293886394448,98.11023622047243,1.0,1195,,,
OfficeDepot,"OfficeDepot::Office Supplies > Mailing, Packing & Shipping > Envelopes > Business Envelopes","Office Supplies > Mailing, Packing & Shipping > Envelopes > Business Envelopes",4,True,227.0,Paper > Envelopes > Envelopes,0.6742164359234404,True,1.0,-1.77031085817619,0.0,PARITY,91.2183274921215,98.11023622047244,1.0,1195,,,
OfficeDepot,"OfficeDepot::Office Supplies > Mailing, Packing & Shipping > Envelopes > Coin Envelopes","Office Supplies > Mailing, Packing & Shipping > Envelopes > Coin Envelopes",4,True,33.0,Paper > Envelopes > Envelopes,0.6731215411736627,True,1.0,-3.6732959625144694,0.0,PARITY,91.2016550395461,98.11023622047243,1.0,1195,,,
OfficeDepot,"OfficeDepot::Office Supplies > Mailing, Packing & Shipping > Envelopes > Interoffice Envelopes","Office Supplies > Mailing, Packing & Shipping > Envelopes > Interoffice Envelopes",4,True,14.0,Paper > Envelopes > Envelopes,0.6166751336511888,True,1.0,-4.491606286028421,0.0,PARITY,90.31024591301808,97.77777777777777,1.0,1195,,,
OfficeDepot,"OfficeDepot::Office Supplies > Mailing, Packing & Shipping > Envelopes > Invitation Envelopes","Office Supplies > Mailing, Packing & Shipping > Envelopes > Invitation Envelopes",4,True,157.0,Paper > Envelopes > Envelopes,0.6467668791640149,True,1.0,-2.137061454103664,0.0,PARITY,90.79338021877747,98.11023622047243,1.0,1195,,,
OfficeDepot,"OfficeDepot::Office Supplies > Mailing, Packing & Shipping > Envelopes > Tax Envelopes","Office Supplies > Mailing, Packing & Shipping > Envelopes > Tax Envelopes",4,True,73.0,Paper > Envelopes > Envelopes,0.7099495907652722,True,1.0,-2.895591393926461,0.0,PARITY,91.7502886956704,98.11023622047243,1.0,1195,,,
OfficeDepot,"OfficeDepot::Office Supplies > Mailing, Packing & Shipping > Envelopes > Window Envelopes","Office Supplies > Mailing, Packing & Shipping > Envelopes > Window Envelopes",4,True,66.0,Paper > Envelopes > Envelopes,0.6570325019841878,True,1.0,-2.9949638677396653,0.0,PARITY,90.95401749970597,98.11023622047243,1.0,1195,,,
OfficeDepot,"OfficeDepot::Office Supplies > Mailing, Packing & Shipping > Industrial Shipping Supplies","Office Supplies > Mailing, Packing & Shipping > Industrial Shipping Supplies",3,False,113.0,"Shipping, Packing & Mailing Supplies > Shipping Supplies",0.5874043231482718,True,1.0,-3.7031428857144855,0.0,PARITY,83.53999666147952,99.47506561679789,0.9943934760448522,1545,,,
OfficeDepot,"OfficeDepot::Office Supplies > Mailing, Packing & Shipping > Industrial Shipping Supplies > Hand Trucks & Dollies","Office Supplies > Mailing, Packing & Shipping > Industrial Shipping Supplies > Hand Trucks & Dollies",4,True,19.0,Facilities > Material Handling > Hand Trucks & Dollies,0.7337024383243239,True,1.0,-0.3744190215456178,0.0,PARITY,90.40093001365709,58.77083333333333,1.0,533,,,
OfficeDepot,"OfficeDepot::Office Supplies > Mailing, Packing & Shipping > Industrial Shipping Supplies > Inspection & Shipping Tags","Office Supplies > Mailing, Packing & Shipping > Industrial Shipping Supplies > Inspection & Shipping Tags",4,True,22.0,"Shipping, Packing & Mailing Supplies > Shipping Supplies > Package Identification & Indicators > Shipping Tags & Seals",0.42144885179846286,False,1.0,0.0,0.0,PARITY,74.68077234016508,74.85605425891391,1.0,2146,,,
OfficeDepot,"OfficeDepot::Office Supplies > Mailing, Packing & Shipping > Industrial Shipping Supplies > Pallet Covers","Office Supplies > Mailing, Packing & Shipping > Industrial Shipping Supplies > Pallet Covers",4,True,6.0,"Shipping, Packing & Mailing Supplies > Shipping Supplies > Poly Bags & Tubing > Pallet Covers & Sheeting",0.5665818044200496,True,1.0,-1.2120239305473948,0.0,PARITY,100.0,91.2,1.0,1571,,,
OfficeDepot,"OfficeDepot::Office Supplies > Mailing, Packing & Shipping > Industrial Shipping Supplies > Sealers","Office Supplies > Mailing, Packing & Shipping > Industrial Shipping Supplies > Sealers",4,True,1.0,"Facilities > Adhesives, Sealants and Patching > Concrete & Asphalt Maintenance > Cleaners and Sealers",0.4750131511718209,True,1.0,-0.6367058696549935,0.0,PARITY,87.15786658492074,66.57445713186969,1.0,430,,,
OfficeDepot,"OfficeDepot::Office Supplies > Mailing, Packing & Shipping > Industrial Shipping Supplies > Shrink-Wrap","Office Supplies > Mailing, Packing & Shipping > Industrial Shipping Supplies > Shrink-Wrap",4,True,33.0,"Shipping, Packing & Mailing Supplies > Shipping Supplies > Stretch & Shrink Film",0.435385054016546,False,1.0,0.0,0.0,PARITY,74.68077234016508,71.9110576553131,1.0,2147,,,
OfficeDepot,"OfficeDepot::Office Supplies > Mailing, Packing & Shipping > Industrial Shipping Supplies > Strapping Materials & Twine","Office Supplies > Mailing, Packing & Shipping > Industrial Shipping Supplies > Strapping Materials & Twine",4,True,10.0,"Shipping, Packing & Mailing Supplies > Shipping Supplies > Strapping & Strapping Equipment",0.45567400677588,False,1.0,0.0,0.0,PARITY,74.68077234016508,84.82935751809441,1.0,2148,,,
OfficeDepot,"OfficeDepot::Office Supplies > Mailing, Packing & Shipping > Industrial Shipping Supplies > Utility Knives, Cutters & Blades","Office Supplies > Mailing, Packing & Shipping > Industrial Shipping Supplies > Utility Knives, Cutters & Blades",4,True,22.0,Facilities > Hand & Power Tools > Hand Tools > Box Cutters & Utility Knives,0.48421362126329726,True,1.0,-0.06863932720184751,0.0,PARITY,100.0,64.15652173913044,1.0,479,,,
OfficeDepot,"OfficeDepot::Office Supplies > Mailing, Packing & Shipping > Labels & Tags","Office Supplies > Mailing, Packing & Shipping > Labels & Tags",3,False,270.0,Facilities > Facilities Signs > Safety Labels & Tags,0.5603821842085145,True,1.0,-2.5602944939343732,0.0,PARITY,93.94340632588876,99.26509186351706,0.9938063063063063,457,,,
OfficeDepot,"OfficeDepot::Office Supplies > Mailing, Packing & Shipping > Labels & Tags > Address Labels","Office Supplies > Mailing, Packing & Shipping > Labels & Tags > Address Labels",4,True,131.0,Office Supplies > Labels,0.44591845275807457,False,1.0,0.0,0.0,PARITY,93.63998523142455,91.24305702639849,1.0,2149,,,
OfficeDepot,"OfficeDepot::Office Supplies > Mailing, Packing & Shipping > Labels & Tags > Packing List Envelopes","Office Supplies > Mailing, Packing & Shipping > Labels & Tags > Packing List Envelopes",4,True,23.0,"Shipping, Packing & Mailing Supplies > Shipping Supplies > Package Identification & Indicators > Packing List Envelopes",0.753561140132896,True,1.0,-0.30070663942818543,0.0,PARITY,100.0,92.8695652173913,1.0,1564,,,
OfficeDepot,"OfficeDepot::Office Supplies > Mailing, Packing & Shipping > Labels & Tags > Shipping Labels","Office Supplies > Mailing, Packing & Shipping > Labels & Tags > Shipping Labels",4,True,145.0,Office Supplies > Labels,0.4570776343529232,False,1.0,0.0,0.0,PARITY,93.63998523142455,97.83430483587244,1.0,2150,,,
OfficeDepot,"OfficeDepot::Office Supplies > Mailing, Packing & Shipping > Mailers","Office Supplies > Mailing, Packing & Shipping > Mailers",3,False,342.0,"Shipping, Packing & Mailing Supplies > Mailing Supplies > Mailers",0.8004830241742532,True,1.0,0.222414953832069,0.0,PARITY,99.81001727115716,93.85451945706964,0.9936672423719056,1540,,,
OfficeDepot,"OfficeDepot::Office Supplies > Mailing, Packing & Shipping > Mailers > Bubble Mailers","Office Supplies > Mailing, Packing & Shipping > Mailers > Bubble Mailers",4,True,138.0,"Shipping, Packing & Mailing Supplies > Mailing Supplies > Mailers",0.5134947298975129,True,1.0,0.22397737840923693,0.0,PARITY,100.0,93.03240740740742,1.0,1540,,,
OfficeDepot,"OfficeDepot::Office Supplies > Mailing, Packing & Shipping > Mailers > Corrugated Mailers","Office Supplies > Mailing, Packing & Shipping > Mailers > Corrugated Mailers",4,True,45.0,"Shipping, Packing & Mailing Supplies > Shipping Supplies > Corrugated Boxes & Pads > Corrugated Mailers",0.7517739163658883,True,1.0,-0.9401812226801392,0.0,PARITY,100.0,97.42608695652174,1.0,1547,,,
OfficeDepot,"OfficeDepot::Office Supplies > Mailing, Packing & Shipping > Mailers > Flat Mailers","Office Supplies > Mailing, Packing & Shipping > Mailers > Flat Mailers",4,True,76.0,"Shipping, Packing & Mailing Supplies > Mailing Supplies > Mailers",0.5414401121519771,True,1.0,-0.36669113286777044,0.0,PARITY,100.0,93.03240740740742,1.0,1540,,,
OfficeDepot,"OfficeDepot::Office Supplies > Mailing, Packing & Shipping > Mailers > Mailing Tubes","Office Supplies > Mailing, Packing & Shipping > Mailers > Mailing Tubes",4,True,52.0,"Shipping, Packing & Mailing Supplies > Mailing Supplies > Mailing Tubes",0.8010058657481467,True,1.0,0.1051048854000376,0.0,PARITY,100.0,94.57391304347826,1.0,1541,,,
OfficeDepot,"OfficeDepot::Office Supplies > Mailing, Packing & Shipping > Mailers > Padded Mailers","Office Supplies > Mailing, Packing & Shipping > Mailers > Padded Mailers",4,True,27.0,"Shipping, Packing & Mailing Supplies > Mailing Supplies > Mailers",0.5056063531847138,True,1.0,-1.3782920445462508,0.0,PARITY,100.0,93.03240740740742,1.0,1540,,,
OfficeDepot,"OfficeDepot::Office Supplies > Mailing, Packing & Shipping > Mailroom Equipment","Office Supplies > Mailing, Packing & Shipping > Mailroom Equipment",3,False,85.0,"Shipping, Packing & Mailing Supplies > Mailing Supplies",0.2828277825798465,False,0.896551724137931,0.9670468090339579,0.6399863469579316,DEEPEN,93.97217515338613,69.7669220945083,0.9960899315738025,2151,0.18979333087965214,1P-CORE GAP,0.20170895343829834
OfficeDepot,"OfficeDepot::Office Supplies > Mailing, Packing & Shipping > Mailroom Equipment > Electronic Letter Openers","Office Supplies > Mailing, Packing & Shipping > Mailroom Equipment > Electronic Letter Openers",4,True,3.0,"Shipping, Packing & Mailing Supplies > Mailing Supplies > Letter Openers",0.6109634081250056,True,1.0,-0.08079289525560562,0.0,PARITY,84.78611699601082,68.81944444444444,0.8846153846153846,1538,,,
OfficeDepot,"OfficeDepot::Office Supplies > Mailing, Packing & Shipping > Mailroom Equipment > Mail Sorters","Office Supplies > Mailing, Packing & Shipping > Mailroom Equipment > Mail Sorters",4,True,13.0,"Shipping, Packing & Mailing Supplies > Mailing Supplies > Literature & Mail Sorters",0.5877591496149609,True,1.0,-0.4325061691146601,0.0,PARITY,93.21660116071946,82.06018518518519,0.8125,1539,,,
OfficeDepot,"OfficeDepot::Office Supplies > Mailing, Packing & Shipping > Mailroom Equipment > Mailroom Carts","Office Supplies > Mailing, Packing & Shipping > Mailroom Equipment > Mailroom Carts",4,True,3.0,"Shipping, Packing & Mailing Supplies > Shipping Supplies > Strapping & Strapping Equipment > Strapping Carts",0.23134975519396758,False,0.0,1.3862943611198906,0.6399863469579316,ENTER,71.71731072990583,0.0,1.0,2152,0.6688863720237423,,
OfficeDepot,"OfficeDepot::Office Supplies > Mailing, Packing & Shipping > Mailroom Equipment > Postal Scales","Office Supplies > Mailing, Packing & Shipping > Mailroom Equipment > Postal Scales",4,True,10.0,"Shipping, Packing & Mailing Supplies > Mailing Supplies > Postal Scales & Meters",0.64968109525498,True,1.0,0.22480790676082307,0.0,PARITY,91.63907042746393,75.0,0.8421052631578947,1544,,,
OfficeDepot,"OfficeDepot::Office Supplies > Mailing, Packing & Shipping > Packing Materials","Office Supplies > Mailing, Packing & Shipping > Packing Materials",3,False,174.0,Retail Store Supplies > Retail Signage > Sign Materials,0.35559711915865694,False,1.0,-4.094353389128555,0.0,PARITY,94.9263689155273,74.3554578557703,0.9941207910208445,2153,,,
OfficeDepot,"OfficeDepot::Office Supplies > Mailing, Packing & Shipping > Packing Materials > Bubble Rolls & Wrap","Office Supplies > Mailing, Packing & Shipping > Packing Materials > Bubble Rolls & Wrap",4,True,53.0,"Shipping, Packing & Mailing Supplies > Shipping Supplies > Cushioning & Void Fill > Bubble Rolls",0.6262180326725234,True,1.0,1.250822666011762,0.0,DEEPEN,100.0,88.20869565217392,1.0,1553,0.0704053400685549,,
OfficeDepot,"OfficeDepot::Office Supplies > Mailing, Packing & Shipping > Packing Materials > Cold Packs for Shipping","Office Supplies > Mailing, Packing & Shipping > Packing Materials > Cold Packs for Shipping",4,True,3.0,"Shipping, Packing & Mailing Supplies > Shipping Supplies > Desiccants & Cold Packs > Shipping Cold Packs",0.6571296663516508,True,1.0,-0.933699295302419,0.0,PARITY,94.95531651243935,84.20869565217392,1.0,1560,,,
OfficeDepot,"OfficeDepot::Office Supplies > Mailing, Packing & Shipping > Packing Materials > Corrugated Sheets & Rolls","Office Supplies > Mailing, Packing & Shipping > Packing Materials > Corrugated Sheets & Rolls",4,True,26.0,"Shipping, Packing & Mailing Supplies > Shipping Supplies > Corrugated Boxes & Pads",0.3651469704736539,False,1.0,0.0,0.0,PARITY,77.62951721817353,42.61857396887318,1.0,2154,,,
OfficeDepot,"OfficeDepot::Office Supplies > Mailing, Packing & Shipping > Packing Materials > Furniture Covers","Office Supplies > Mailing, Packing & Shipping > Packing Materials > Furniture Covers",4,True,55.0,Furniture,0.6644859313964844,True,1.0,-5.225280584067997,0.0,PARITY,94.3790702238106,60.0,1.0,580,,,
OfficeDepot,"OfficeDepot::Office Supplies > Mailing, Packing & Shipping > Packing Materials > Packing Foam","Office Supplies > Mailing, Packing & Shipping > Packing Materials > Packing Foam",4,True,4.0,"Office Supplies > Tape, Fasteners & Adhesives > Tape > Packing Tape",0.39311574246945086,False,1.0,0.0,0.0,PARITY,77.62951721817353,58.542362197655684,1.0,2155,,,
OfficeDepot,"OfficeDepot::Office Supplies > Mailing, Packing & Shipping > Packing Materials > Packing Papers","Office Supplies > Mailing, Packing & Shipping > Packing Materials > Packing Papers",4,True,56.0,"Shipping, Packing & Mailing Supplies > Shipping Supplies > Cushioning & Void Fill > Packing Paper Rolls",0.5666505130758787,True,1.0,0.48200518523049896,0.0,PARITY,100.0,92.0,1.0,1557,,,
OfficeDepot,"OfficeDepot::Office Supplies > Mailing, Packing & Shipping > Packing Materials > Packing Peanuts","Office Supplies > Mailing, Packing & Shipping > Packing Materials > Packing Peanuts",4,True,7.0,"Shipping, Packing & Mailing Supplies > Shipping Supplies > Packing Peanuts",0.7696730721650361,True,1.0,1.331713792815754,0.0,DEEPEN,99.4799556182701,63.7962962962963,1.0,1566,0.22041296716457517,,
OfficeDepot,"OfficeDepot::Office Supplies > Mailing, Packing & Shipping > Packing Tape","Office Supplies > Mailing, Packing & Shipping > Packing Tape",3,True,173.0,"Office Supplies > Tape, Fasteners & Adhesives > Tape > Packing Tape",0.7825658374595293,True,1.0,0.8237112950226342,0.0,DEEPEN,99.82649842271294,96.76521739130435,0.9942166140904312,1172,0.015217512433620487,1P-CORE GAP,0.016140050675309863
OfficeDepot,"OfficeDepot::Office Supplies > Mailing, Packing & Shipping > Poly Bags","Office Supplies > Mailing, Packing & Shipping > Poly Bags",3,True,41.0,"Shipping, Packing & Mailing Supplies > Shipping Supplies > Poly Bags & Tubing > Poly Bags",0.7399636129521794,True,1.0,-2.1560207402326506,0.0,PARITY,99.8377581120944,98.95652173913044,0.9945919370698132,1572,,,
OfficeDepot,"OfficeDepot::Office Supplies > Mailing, Packing & Shipping > Postage Stamps","Office Supplies > Mailing, Packing & Shipping > Postage Stamps",3,True,3.0,"Shipping, Packing & Mailing Supplies > Mailing Supplies > Postage Stamps",0.8004830241742532,True,1.0,-0.6145262259440181,0.0,PARITY,99.84073359073359,72.66203703703704,0.9946911196911197,1543,,,
OfficeDepot,"OfficeDepot::Office Supplies > Mailing, Packing & Shipping > Shipping & Moving Boxes","Office Supplies > Mailing, Packing & Shipping > Shipping & Moving Boxes",3,False,215.0,"Shipping, Packing & Mailing Supplies > Shipping Supplies > Corrugated Boxes & Pads > Shipping Boxes",0.4421915841836301,False,0.9641255605381166,-0.6846878333922692,1.7066302585544841,PARITY,99.37275815871405,91.50842955453017,0.9983801295896328,2156,,,
OfficeDepot,"OfficeDepot::Office Supplies > Mailing, Packing & Shipping > Shipping & Moving Boxes > Moving Boxes","Office Supplies > Mailing, Packing & Shipping > Shipping & Moving Boxes > Moving Boxes",4,True,49.0,"Shipping, Packing & Mailing Supplies > Shipping Supplies > Moving Supplies",0.48618864853275795,True,1.0,1.0238216227735313,0.0,DEEPEN,98.62068965517241,80.50925925925925,0.9540229885057471,1561,0.1052198812419517,,
OfficeDepot,"OfficeDepot::Office Supplies > Mailing, Packing & Shipping > Shipping & Moving Boxes > Multi-Depth Boxes","Office Supplies > Mailing, Packing & Shipping > Shipping & Moving Boxes > Multi-Depth Boxes",4,True,8.0,"Shipping, Packing & Mailing Supplies > Shipping Supplies > Corrugated Boxes & Pads",0.2280269142753323,False,0.0,2.1972245773362196,1.7066302585544841,ENTER,83.87025030482411,0.0,1.0,2157,0.8111543193792026,,
OfficeDepot,"OfficeDepot::Office Supplies > Mailing, Packing & Shipping > Shipping & Moving Boxes > Shipping Boxes","Office Supplies > Mailing, Packing & Shipping > Shipping & Moving Boxes > Shipping Boxes",4,True,166.0,"Shipping, Packing & Mailing Supplies > Shipping Supplies > Corrugated Boxes & Pads > Shipping Boxes",0.7836508825812037,True,1.0,-0.9015721648021016,0.0,PARITY,95.78947368421053,99.16521739130435,0.8596491228070176,1550,,,
OfficeDepot,OfficeDepot::Office Supplies > Presentation Boards,Office Supplies > Presentation Boards,2,False,839.0,Furniture > Boards & Easels,0.4821655091708342,True,0.9942857142857143,0.6178867285817891,1.0666439115965527,PARITY,98.80459443790018,85.65354330708662,0.9734810126582278,581,,,
OfficeDepot,OfficeDepot::Office Supplies > Presentation Boards > Board Accessories,Office Supplies > Presentation Boards > Board Accessories,3,True,149.0,Furniture > Boards & Easels > Board Accessories,0.8457473902446483,True,1.0,1.045695921931498,0.0,DEEPEN,99.79338842975207,79.91666666666667,0.9931129476584022,582,0.11045884986225896,1P-CORE GAP,0.11794437617804841
OfficeDepot,OfficeDepot::Office Supplies > Presentation Boards > Bulletin Boards,Office Supplies > Presentation Boards > Bulletin Boards,3,True,140.0,Furniture > Boards & Easels > Bulletin Boards,0.8457473902446483,True,1.0,0.5671601760901206,0.0,PARITY,99.79591836734694,82.27083333333334,0.9931972789115646,583,,,
OfficeDepot,OfficeDepot::Office Supplies > Presentation Boards > Chalkboards,Office Supplies > Presentation Boards > Chalkboards,3,True,18.0,Furniture > Boards & Easels > Chalkboards,0.8457473902446483,True,1.0,0.010841613678691076,0.0,PARITY,99.82497082847142,72.91666666666666,0.9941656942823804,585,,,
OfficeDepot,OfficeDepot::Office Supplies > Presentation Boards > Dry Erase Surfaces,Office Supplies > Presentation Boards > Dry Erase Surfaces,3,True,13.0,Furniture > Boards & Easels > Dry Erase Whiteboards,0.4664169382452565,True,1.0,-2.6991840674283787,0.0,PARITY,99.82598607888632,85.83333333333334,0.994199535962877,586,,,
OfficeDepot,OfficeDepot::Office Supplies > Presentation Boards > Easels & Pads,Office Supplies > Presentation Boards > Easels & Pads,3,False,82.0,Paper > Easel Pads,0.7542929609587814,True,1.0,1.058295858303544,0.0,DEEPEN,99.81084489281211,85.65354330708662,0.9936948297604036,1193,0.07938962487090229,1P-CORE GAP,0.08486471398880273
OfficeDepot,OfficeDepot::Office Supplies > Presentation Boards > Easels & Pads > Easel Pads,Office Supplies > Presentation Boards > Easels & Pads > Easel Pads,4,True,54.0,Paper > Easel Pads,0.8673094913264722,True,1.0,1.1037696893937659,0.0,DEEPEN,100.0,73.59580052493439,1.0,1193,0.14889339040088867,,
OfficeDepot,OfficeDepot::Office Supplies > Presentation Boards > Easels & Pads > Easels,Office Supplies > Presentation Boards > Easels & Pads > Easels,4,True,28.0,Furniture > Boards & Easels > Easels,0.8673094913264722,True,1.0,0.9192387230594767,0.0,DEEPEN,100.0,85.65354330708662,1.0,587,0.07304191851537226,,
OfficeDepot,OfficeDepot::Office Supplies > Presentation Boards > Enclosed Boards,Office Supplies > Presentation Boards > Enclosed Boards,3,True,15.0,Furniture > Boards & Easels > Board Accessories,0.31007463619534714,False,1.0,0.0,0.0,PARITY,84.61443143379111,8.860720106480564,0.9941860465116279,2158,,,
OfficeDepot,OfficeDepot::Office Supplies > Presentation Boards > Interactive Whiteboards & Accessories,Office Supplies > Presentation Boards > Interactive Whiteboards & Accessories,3,True,3.0,Furniture > Boards & Easels > Dry Erase Whiteboards,0.3996885804874156,False,1.0,0.0,0.0,PARITY,84.61683168981843,55.28561098732716,0.9942660550458715,2159,,,
OfficeDepot,OfficeDepot::Office Supplies > Presentation Boards > Message Bars,Office Supplies > Presentation Boards > Message Bars,3,True,5.0,Furniture > Decor > Home & Office Decor > Home & Office Bars,0.20851666941586539,False,0.0,1.791759469228055,1.0666439115965527,ENTER,84.78885003844228,0.0,1.0,2160,0.7763582513601401,,
OfficeDepot,OfficeDepot::Office Supplies > Presentation Boards > Planning & In-Out Boards,Office Supplies > Presentation Boards > Planning & In-Out Boards,3,True,3.0,Furniture > Boards & Easels > Calendar & In-Out Boards,0.48302417595893404,True,1.0,-1.5323988194715195,0.0,PARITY,99.82798165137615,72.72916666666667,0.9942660550458715,584,,,
OfficeDepot,OfficeDepot::Office Supplies > Presentation Boards > Project & Display Boards,Office Supplies > Presentation Boards > Project & Display Boards,3,True,94.0,School Supplies > Elementary School Supplies > Display Boards,0.5590463051085894,True,1.0,0.6048871183760385,0.0,PARITY,99.80793854033291,62.06018518518518,0.9935979513444302,1469,,,
OfficeDepot,OfficeDepot::Office Supplies > Presentation Boards > Whiteboards & Dry-Erase Boards,Office Supplies > Presentation Boards > Whiteboards & Dry-Erase Boards,3,True,353.0,Furniture > Boards & Easels > Dry Erase Whiteboards,0.7028471702592314,True,1.0,0.5310555160901371,0.0,PARITY,99.71264367816093,85.83333333333334,0.9904214559386973,586,,,
OfficeDepot,OfficeDepot::Office Supplies > Retail Store Supplies,Office Supplies > Retail Store Supplies,2,False,878.0,Retail Store Supplies,0.8408374122686865,True,0.9794628751974723,-1.3191089073673163,2.7732741701510366,PARITY,87.55469335488203,45.38461538461539,0.9743797531479865,1304,,,
OfficeDepot,OfficeDepot::Office Supplies > Retail Store Supplies > Brochure Holders,Office Supplies > Retail Store Supplies > Brochure Holders,3,True,35.0,Office Supplies > Desk Organizers & Accessories > Magazine Holders,0.25295034025321267,False,1.0,0.0,0.0,PARITY,73.89851867235902,0.0,0.9782608695652174,2161,,,
OfficeDepot,OfficeDepot::Office Supplies > Retail Store Supplies > Cash Boxes & Coin Handling,Office Supplies > Retail Store Supplies > Cash Boxes & Coin Handling,3,False,188.0,Retail Store Supplies > Cash Handling,0.6131451957290797,True,1.0,0.8601473007715947,0.0,DEEPEN,80.90923507977008,41.338582677165356,0.9697674418604652,1309,0.25046082869014263,REVIEW,0.2692814201269141
OfficeDepot,OfficeDepot::Office Supplies > Retail Store Supplies > Cash Boxes & Coin Handling > Banking & Money Handling Supplies,Office Supplies > Retail Store Supplies > Cash Boxes & Coin Handling > Banking & Money Handling Supplies,4,True,176.0,Retail Store Supplies > Cash Handling > Cash Handling,0.40881430477655945,False,1.0,0.0,0.0,PARITY,79.02665341058577,29.948963911847727,1.0,2162,,,
OfficeDepot,OfficeDepot::Office Supplies > Retail Store Supplies > Cash Boxes & Coin Handling > Cash Boxes,Office Supplies > Retail Store Supplies > Cash Boxes & Coin Handling > Cash Boxes,4,True,27.0,"Retail Store Supplies > Cash Handling > Cash Boxes, Drawers & Trays",0.5907008159661564,True,1.0,0.3000697498517737,0.0,PARITY,100.0,40.925925925925924,1.0,1310,,,
OfficeDepot,"OfficeDepot::Office Supplies > Retail Store Supplies > Cash Registers, Rolls & POS Devices","Office Supplies > Retail Store Supplies > Cash Registers, Rolls & POS Devices",3,False,116.0,Retail Store Supplies > Point of Sale (POS) Equipment > Cash Registers,0.4648656470973473,True,1.0,0.48686374819283706,0.0,PARITY,91.15651532103526,49.39886966706407,0.9777397260273972,1317,,,
OfficeDepot,"OfficeDepot::Office Supplies > Retail Store Supplies > Cash Registers, Rolls & POS Devices > Barcode Scanners","Office Supplies > Retail Store Supplies > Cash Registers, Rolls & POS Devices > Barcode Scanners",4,True,12.0,Retail Store Supplies > Point of Sale (POS) Equipment > Barcode Scanners & Readers,0.6745058315352912,True,1.0,-1.5144878929049894,0.0,PARITY,100.0,59.23774363386732,1.0,1315,,,
OfficeDepot,"OfficeDepot::Office Supplies > Retail Store Supplies > Cash Registers, Rolls & POS Devices > Cash Register Ink & Ribbons","Office Supplies > Retail Store Supplies > Cash Registers, Rolls & POS Devices > Cash Register Ink & Ribbons",4,True,18.0,Retail Store Supplies > Point of Sale (POS) Equipment > Cash Register Ribbons,0.6360616445753433,True,1.0,0.5712363189584413,0.0,PARITY,100.0,38.067129629629626,1.0,1316,,,
OfficeDepot,"OfficeDepot::Office Supplies > Retail Store Supplies > Cash Registers, Rolls & POS Devices > Electronic Cash Registers","Office Supplies > Retail Store Supplies > Cash Registers, Rolls & POS Devices > Electronic Cash Registers",4,True,5.0,Retail Store Supplies > Point of Sale (POS) Equipment > Cash Registers,0.6063738908298555,True,1.0,0.39093700754525473,0.0,PARITY,88.59258942203516,37.57243011647552,1.0,1317,,,
OfficeDepot,"OfficeDepot::Office Supplies > Retail Store Supplies > Cash Registers, Rolls & POS Devices > Point of Sale Systems","Office Supplies > Retail Store Supplies > Cash Registers, Rolls & POS Devices > Point of Sale Systems",4,True,14.0,Retail Store Supplies > Point of Sale (POS) Equipment,0.42977114597325605,False,1.0,0.0,0.0,PARITY,75.45920759716272,39.51333422408461,1.0,2163,,,
OfficeDepot,OfficeDepot::Office Supplies > Retail Store Supplies > Catalog Racks,Office Supplies > Retail Store Supplies > Catalog Racks,3,True,10.0,Retail Store Supplies > Time Clock Cards & Racks,0.4109539960679706,False,1.0,0.0,0.0,PARITY,73.92468937512962,26.70962589494785,0.9791332263242376,2164,,,
OfficeDepot,OfficeDepot::Office Supplies > Retail Store Supplies > Counterfeit Detectors,Office Supplies > Retail Store Supplies > Counterfeit Detectors,3,True,17.0,Retail Store Supplies > Cash Handling > Counterfeit Money Detectors,0.5002417830261158,True,1.0,0.6559088354198264,0.0,PARITY,98.20995638859645,37.69675925925926,0.9788961038961039,1313,,,
OfficeDepot,OfficeDepot::Office Supplies > Retail Store Supplies > Magazine Racks,Office Supplies > Retail Store Supplies > Magazine Racks,3,True,20.0,Expanded Assortment > Books & Magazines > Magazines,0.4777171436397203,True,1.0,-4.258049586328035,0.0,PARITY,68.11303850874333,65.80336082226759,0.9787928221859706,328,,,
OfficeDepot,OfficeDepot::Office Supplies > Retail Store Supplies > Pricemarkers & Supplies,Office Supplies > Retail Store Supplies > Pricemarkers & Supplies,3,True,19.0,Retail Store Supplies > Backroom Retail Supplies,0.35356230145410517,False,1.0,0.0,0.0,PARITY,73.91551343230803,16.52218779226158,0.9788273615635179,2165,,,
OfficeDepot,"OfficeDepot::Office Supplies > Retail Store Supplies > Retail Bags, Gift Boxes & Accessories","Office Supplies > Retail Store Supplies > Retail Bags, Gift Boxes & Accessories",3,False,56.0,Party Supplies > Wrapping Supplies > Gift Boxes & Bags,0.497815215838234,True,1.0,-0.09573798729747995,0.0,PARITY,94.98391498500935,41.23304690905256,0.9774696707105719,1234,,,
OfficeDepot,"OfficeDepot::Office Supplies > Retail Store Supplies > Retail Bags, Gift Boxes & Accessories > Retail Accessories","Office Supplies > Retail Store Supplies > Retail Bags, Gift Boxes & Accessories > Retail Accessories",4,True,7.0,Retail Store Supplies > Retail Packaging > Retail Boxes & Bags,0.37858192084741715,False,1.0,0.0,0.0,PARITY,79.74584936389694,21.724746323519874,1.0,2166,,,
OfficeDepot,"OfficeDepot::Office Supplies > Retail Store Supplies > Retail Bags, Gift Boxes & Accessories > Retail Bags","Office Supplies > Retail Store Supplies > Retail Bags, Gift Boxes & Accessories > Retail Bags",4,True,44.0,Retail Store Supplies > Retail Packaging > Retail Boxes & Bags,0.550066868052007,True,1.0,0.45581746747911334,0.0,PARITY,100.0,41.89814814814815,1.0,1334,,,
OfficeDepot,"OfficeDepot::Office Supplies > Retail Store Supplies > Retail Bags, Gift Boxes & Accessories > Retail Gift Boxes & Wrap","Office Supplies > Retail Store Supplies > Retail Bags, Gift Boxes & Accessories > Retail Gift Boxes & Wrap",4,True,5.0,Retail Store Supplies > Retail Packaging > Retail Boxes & Bags,0.43431268945987006,False,1.0,0.0,0.0,PARITY,79.74584936389694,35.61878831003813,1.0,2167,,,
OfficeDepot,OfficeDepot::Office Supplies > Retail Store Supplies > Retail Sign Holders,Office Supplies > Retail Store Supplies > Retail Sign Holders,3,True,85.0,Retail Store Supplies > Retail Signage,0.5154902824901552,True,1.0,-1.0918014751158047,0.0,PARITY,97.86268679960325,45.800524934383205,0.9762773722627737,1336,,,
OfficeDepot,OfficeDepot::Office Supplies > Retail Store Supplies > Retail Signs,Office Supplies > Retail Store Supplies > Retail Signs,3,True,51.0,Retail Store Supplies > Retail Signage,0.5740791363943343,True,1.0,-1.5949050527878845,0.0,PARITY,99.3298969072165,47.84776902887139,0.9776632302405498,1336,,,
OfficeDepot,OfficeDepot::Office Supplies > Retail Store Supplies > Security,Office Supplies > Retail Store Supplies > Security,3,False,53.0,Retail Store Supplies > Store Security & Operations,0.5260993420741307,True,1.0,-1.4851909410548556,0.0,PARITY,86.28514085407562,85.28695652173911,0.978441127694859,1174,,,
OfficeDepot,OfficeDepot::Office Supplies > Retail Store Supplies > Security > Call Bells & Counters,Office Supplies > Retail Store Supplies > Security > Call Bells & Counters,4,True,5.0,"Security, Banking & Cash > Call Bells",0.6948232537056098,True,1.0,0.810320645944482,0.0,DEEPEN,99.038161694358,38.5511811023622,1.0,1531,0.2830332366526555,,
OfficeDepot,OfficeDepot::Office Supplies > Retail Store Supplies > Security > Depository & Drop Slot Safes,Office Supplies > Retail Store Supplies > Security > Depository & Drop Slot Safes,4,True,17.0,Furniture > Safes & Secure Storage,0.2715682753409396,False,1.0,0.0,0.0,PARITY,84.51065608900421,0.0,1.0,2168,,,
OfficeDepot,OfficeDepot::Office Supplies > Retail Store Supplies > Security > Stanchions,Office Supplies > Retail Store Supplies > Security > Stanchions,4,True,8.0,Safety Supplies > Stanchions & Barricades,0.45771769059138667,False,1.0,0.0,0.0,PARITY,84.51065608900421,60.60497150269596,1.0,2169,,,
OfficeDepot,OfficeDepot::Office Supplies > Retail Store Supplies > Suggestion Boxes,Office Supplies > Retail Store Supplies > Suggestion Boxes,3,True,8.0,Retail Store Supplies > Retail Signage > Suggestion & Ballot Boxes,0.519429970664738,True,1.0,0.024137211298671968,0.0,PARITY,99.376,37.5,0.9792,1341,,,
OfficeDepot,OfficeDepot::Office Supplies > Retail Store Supplies > Tags & Tickets,Office Supplies > Retail Store Supplies > Tags & Tickets,3,False,50.0,"Security, Banking & Cash > Tickets & Tags",0.5868274084594202,True,0.74,-0.20252107583921442,2.7732741701510366,PARITY,94.60552795836978,41.574803149606296,1.0,1535,,,
OfficeDepot,OfficeDepot::Office Supplies > Retail Store Supplies > Tags & Tickets > Event Wristbands,Office Supplies > Retail Store Supplies > Tags & Tickets > Event Wristbands,4,True,13.0,Retail Store Supplies > Pricing & Tagging > Inventory Tags,0.09952669291007561,False,0.0,2.6390573296152584,2.7732741701510366,ENTER,80.05392367004842,0.0,1.0,2170,0.8434812730848341,,
OfficeDepot,OfficeDepot::Office Supplies > Retail Store Supplies > Tags & Tickets > Tags,Office Supplies > Retail Store Supplies > Tags & Tickets > Tags,4,True,31.0,Retail Store Supplies > Pricing & Tagging > Pricing Tags & Retail Tags,0.4885618028728115,True,1.0,-0.540532414109562,0.0,PARITY,79.47368421052632,44.58333333333333,0.3157894736842105,1327,,,
OfficeDepot,OfficeDepot::Office Supplies > Retail Store Supplies > Tags & Tickets > Tickets,Office Supplies > Retail Store Supplies > Tags & Tickets > Tickets,4,True,6.0,"Security, Banking & Cash > Tickets & Tags",0.5797220832367118,True,1.0,-0.19501647627520335,0.0,PARITY,89.3989286710069,41.574803149606296,0.7045454545454546,1535,,,
OfficeDepot,OfficeDepot::Office Supplies > Sticky Notes & Flags,Office Supplies > Sticky Notes & Flags,2,False,340.0,Office Supplies > Office Basics > Post-it® & Sticky Notes,0.4939076159431926,True,1.0,0.8880821059756006,0.0,DEEPEN,99.18471806105924,92.03703703703704,0.9740434649525559,1137,0.039289639617337245,1P-CORE GAP,0.041925121244410925
OfficeDepot,OfficeDepot::Office Supplies > Sticky Notes & Flags > Note Dispensers,Office Supplies > Sticky Notes & Flags > Note Dispensers,3,True,13.0,Office Supplies > Office Basics > Post-it® and Sticky Notes Dispensers,0.5443790155611766,True,1.0,0.8464851825692132,0.0,DEEPEN,99.06795142771949,71.57407407407408,1.0,1139,0.13590910391443076,,
OfficeDepot,OfficeDepot::Office Supplies > Sticky Notes & Flags > Sticky Flags,Office Supplies > Sticky Notes & Flags > Sticky Flags,3,True,73.0,Office Supplies > Office Basics > Post-it® / Sticky Flags & Tabs,0.5955043887203127,True,1.0,0.5963399496661221,0.0,PARITY,100.0,86.68981481481481,1.0,1138,,,
OfficeDepot,OfficeDepot::Office Supplies > Sticky Notes & Flags > Sticky Notes,Office Supplies > Sticky Notes & Flags > Sticky Notes,3,True,249.0,Office Supplies > Office Basics > Post-it® & Sticky Notes,0.6473339481827238,True,1.0,0.9619516509007227,0.0,DEEPEN,100.0,92.03703703703704,1.0,1137,0.04133471645919777,,
OfficeDepot,OfficeDepot::Office Supplies > Sticky Notes & Flags > Sticky Tabs,Office Supplies > Sticky Notes & Flags > Sticky Tabs,3,True,5.0,Office Supplies > Office Basics > Post-it® / Sticky Flags & Tabs,0.5044743019305004,True,1.0,-1.915965674309993,0.0,PARITY,99.93548593674348,86.68981481481481,1.0,1138,,,
OfficeDepot,OfficeDepot::Office Supplies > Storage,Office Supplies > Storage,2,False,479.0,Office Supplies,0.6483970298808686,True,1.0,-2.964827174200889,0.0,PARITY,95.04376015824351,98.97435897435898,0.9737737366239871,1085,,,
OfficeDepot,OfficeDepot::Office Supplies > Storage > File Boxes,Office Supplies > Storage > File Boxes,3,True,107.0,Office Supplies > Folders & Filing > File Storage,0.39047742200866903,False,1.0,0.0,0.0,PARITY,80.20484499287987,52.804657243310324,1.0,2171,,,
OfficeDepot,OfficeDepot::Office Supplies > Storage > Plastic Storage Containers,Office Supplies > Storage > Plastic Storage Containers,3,True,228.0,Office Supplies > Storage & Organization > Storage Bins,0.6619027330631713,True,1.0,0.2160064440360916,0.0,PARITY,100.0,95.04629629629629,1.0,1152,,,
OfficeDepot,OfficeDepot::Office Supplies > Storage > Storage Bins & Baskets,Office Supplies > Storage > Storage Bins & Baskets,3,True,80.0,Office Supplies > Storage & Organization > Storage Bins,0.6649296272238506,True,1.0,-0.8232664048457092,0.0,PARITY,100.0,95.04629629629629,1.0,1152,,,
OfficeDepot,OfficeDepot::Office Supplies > Storage > Storage Drawers & Carts,Office Supplies > Storage > Storage Drawers & Carts,3,True,93.0,Office Supplies > Storage & Organization > Storage Drawers,0.7176477216408778,True,1.0,1.295002244345143,0.0,DEEPEN,100.0,83.26388888888889,1.0,1154,0.10104166666666672,1P-CORE GAP,0.10755153508771935
OfficeDepot,OfficeDepot::Office Supplies > Tape & Adhesives,Office Supplies > Tape & Adhesives,2,False,581.0,"Office Supplies > Tape, Fasteners & Adhesives",0.6581385802134238,True,1.0,0.1193904369672314,0.0,PARITY,93.13220326911137,96.11548556430446,0.9734252585396428,1156,,,
OfficeDepot,OfficeDepot::Office Supplies > Tape & Adhesives > Duct Tape,Office Supplies > Tape & Adhesives > Duct Tape,3,True,39.0,"Office Supplies > Tape, Fasteners & Adhesives > Tape > Duct Tape",0.8205350585110399,True,1.0,0.328334704620882,0.0,PARITY,100.0,96.57407407407408,1.0,1166,,,
OfficeDepot,OfficeDepot::Office Supplies > Tape & Adhesives > Glue,Office Supplies > Tape & Adhesives > Glue,3,True,94.0,"Office Supplies > Tape, Fasteners & Adhesives > Glue & Glue Sticks",0.7380693985841138,True,1.0,0.5942258371831404,0.0,PARITY,100.0,88.70370370370371,1.0,1158,,,
OfficeDepot,OfficeDepot::Office Supplies > Tape & Adhesives > Industrial Tape,Office Supplies > Tape & Adhesives > Industrial Tape,3,True,140.0,"Tools, Parts & Supplies > Measuring & Leveling Tools > Industrial Tape",0.740461967405402,True,1.0,4.506578766731732,0.0,DEEPEN,89.238931421947,96.57407407407408,1.0,1699,0.02623033139107305,1P-CORE GAP,0.026680063663201047
OfficeDepot,OfficeDepot::Office Supplies > Tape & Adhesives > Masking Tape,Office Supplies > Tape & Adhesives > Masking Tape,3,True,66.0,"Office Supplies > Tape, Fasteners & Adhesives > Tape > Masking Tape",0.8205350585110399,True,1.0,0.45685420537179056,0.0,PARITY,100.0,96.57407407407408,1.0,1170,,,
OfficeDepot,OfficeDepot::Office Supplies > Tape & Adhesives > Mounting Supplies,Office Supplies > Tape & Adhesives > Mounting Supplies,3,False,219.0,"Office Supplies > Tape, Fasteners & Adhesives > Mounting",0.6492006700850899,True,1.0,0.7239950616437492,0.0,DEEPEN,98.94803941949158,92.92119968382245,1.0,1160,0.03052972977785829,1P-CORE GAP,0.032152798668872655
OfficeDepot,OfficeDepot::Office Supplies > Tape & Adhesives > Mounting Supplies > Hooks & Hanging Strips,Office Supplies > Tape & Adhesives > Mounting Supplies > Hooks & Hanging Strips,4,True,185.0,"Office Supplies > Tape, Fasteners & Adhesives > Mounting > Hooks & Hanging Strips",0.9037690200476363,True,1.0,1.3781971508872717,0.0,DEEPEN,100.0,94.36521739130434,1.0,1162,0.034860833483673116,,
OfficeDepot,OfficeDepot::Office Supplies > Tape & Adhesives > Mounting Supplies > Permanent Mounting,Office Supplies > Tape & Adhesives > Mounting Supplies > Permanent Mounting,4,True,27.0,"Office Supplies > Tape, Fasteners & Adhesives > Mounting",0.4777529979587863,True,1.0,-1.0389091353166777,0.0,PARITY,93.17599729031011,91.2962962962963,1.0,1160,,,
OfficeDepot,OfficeDepot::Office Supplies > Tape & Adhesives > Mounting Supplies > Putty,Office Supplies > Tape & Adhesives > Mounting Supplies > Putty,4,True,2.0,"Office Supplies > Tape, Fasteners & Adhesives > Mounting > Putty",0.9037690200476363,True,1.0,-0.6465497325815237,0.0,PARITY,100.0,79.82608695652173,1.0,1163,,,
OfficeDepot,OfficeDepot::Office Supplies > Tape & Adhesives > Mounting Supplies > Spray Adhesives,Office Supplies > Tape & Adhesives > Mounting Supplies > Spray Adhesives,4,True,4.0,"Facilities > Adhesives, Sealants and Patching > Adhesives",0.4795695875591837,True,1.0,-1.741407109857106,0.0,PARITY,93.60588318910203,58.657407407407405,1.0,426,,,
OfficeDepot,OfficeDepot::Office Supplies > Tape & Adhesives > Mounting Supplies > Suction Cup Hooks,Office Supplies > Tape & Adhesives > Mounting Supplies > Suction Cup Hooks,4,True,1.0,"Office Supplies > Tape, Fasteners & Adhesives > Mounting > Hooks & Hanging Strips",0.3500264899571679,False,1.0,0.0,0.0,PARITY,79.4451732738772,32.89570982313653,1.0,2172,,,
OfficeDepot,OfficeDepot::Office Supplies > Tape & Adhesives > Office Tape,Office Supplies > Tape & Adhesives > Office Tape,3,False,106.0,"Office Supplies > Tape, Fasteners & Adhesives > Tape",0.5363976556920302,True,1.0,-1.1477316542738079,0.0,PARITY,81.32006905930972,96.57407407407408,1.0,1164,,,
OfficeDepot,OfficeDepot::Office Supplies > Tape & Adhesives > Office Tape > Double Sided Office Tape,Office Supplies > Tape & Adhesives > Office Tape > Double Sided Office Tape,4,True,23.0,Party Supplies > Wrapping Supplies > Double Sided Tape,0.7104417279623341,True,1.0,0.754330901732732,0.0,DEEPEN,100.0,30.61111111111111,1.0,1233,0.3083630705394191,,
OfficeDepot,OfficeDepot::Office Supplies > Tape & Adhesives > Office Tape > Invisible Office Tape,Office Supplies > Tape & Adhesives > Office Tape > Invisible Office Tape,4,True,55.0,"Office Supplies > Tape, Fasteners & Adhesives > Tape",0.3097326704225457,False,1.0,0.0,0.0,PARITY,77.6790655708701,10.51109297994695,1.0,2173,,,
OfficeDepot,OfficeDepot::Office Supplies > Tape & Adhesives > Office Tape > Removable Office Tape,Office Supplies > Tape & Adhesives > Office Tape > Removable Office Tape,4,True,19.0,"Office Supplies > Tape, Fasteners & Adhesives > Tape",0.31539221659346156,False,1.0,0.0,0.0,PARITY,77.6790655708701,13.763320394851693,1.0,2174,,,
OfficeDepot,OfficeDepot::Office Supplies > Tape & Adhesives > Office Tape > Transparent Office Tape,Office Supplies > Tape & Adhesives > Office Tape > Transparent Office Tape,4,True,44.0,"Office Supplies > Tape, Fasteners & Adhesives > Tape",0.3075006041999461,False,1.0,0.0,0.0,PARITY,77.6790655708701,9.228448269258688,1.0,2175,,,
OfficeDepot,OfficeDepot::Office Supplies > Tape & Adhesives > Tape Dispensers,Office Supplies > Tape & Adhesives > Tape Dispensers,3,False,21.0,"Office Supplies > Tape, Fasteners & Adhesives > Tape Dispensers",0.8977688471015045,True,1.0,0.9179550873207685,0.0,DEEPEN,100.0,96.57407407407408,1.0,1176,0.01735707699400643,1P-CORE GAP,0.018554093567251437
OfficeDepot,OfficeDepot::Office Supplies > Tape & Adhesives > Tape Dispensers > Office Tape Dispensers,Office Supplies > Tape & Adhesives > Tape Dispensers > Office Tape Dispensers,4,True,21.0,"Office Supplies > Tape, Fasteners & Adhesives > Tape Dispensers",0.7366797079497802,True,1.0,0.9179550873207685,0.0,DEEPEN,100.0,91.875,,1176,0.04116441908713695,,
OfficeDepot,OfficeDepot::Office Supplies > Writing Supplies,Office Supplies > Writing Supplies,2,False,1971.0,Office Supplies > Writing Supplies & Instruments,0.7597021476685323,True,0.9619771863117871,0.9156972306944606,12.799726939158631,DEEPEN,77.78147565661004,97.06036745406824,0.9758892495197722,1177,0.018245970717776602,1P-CORE GAP,0.01843233790014917
OfficeDepot,OfficeDepot::Office Supplies > Writing Supplies > Correction Fluid & Tape,Office Supplies > Writing Supplies > Correction Fluid & Tape,3,False,40.0,Office Supplies > Writing Supplies & Instruments > Correction & White Out,0.4589398791667966,False,1.0,0.0,0.0,PARITY,33.82593402228166,80.5408540420611,0.9609882964889467,2176,,,
OfficeDepot,OfficeDepot::Office Supplies > Writing Supplies > Correction Fluid & Tape > Correction Fluid,Office Supplies > Writing Supplies > Correction Fluid & Tape > Correction Fluid,4,True,8.0,Office Supplies > Writing Supplies & Instruments > Correction & White Out,0.3097970403758384,False,1.0,0.0,0.0,PARITY,34.996285127613255,8.82630803845596,1.0,2177,,,
OfficeDepot,OfficeDepot::Office Supplies > Writing Supplies > Correction Fluid & Tape > Correction Pens,Office Supplies > Writing Supplies > Correction Fluid & Tape > Correction Pens,4,True,5.0,Office Supplies > Writing Supplies & Instruments > Pens,0.37782226747975295,False,1.0,0.0,0.0,PARITY,34.996285127613255,49.75738935843076,1.0,2178,,,
OfficeDepot,OfficeDepot::Office Supplies > Writing Supplies > Correction Fluid & Tape > Correction Tape,Office Supplies > Writing Supplies > Correction Fluid & Tape > Correction Tape,4,True,27.0,"Office Supplies > Tape, Fasteners & Adhesives > Tape",0.36348591323989016,False,1.0,0.0,0.0,PARITY,34.996285127613255,41.40010150663403,1.0,2179,,,
OfficeDepot,OfficeDepot::Office Supplies > Writing Supplies > Erasers,Office Supplies > Writing Supplies > Erasers,3,True,77.0,Office Supplies > Writing Supplies & Instruments > Erasers,0.9275333956868882,True,1.0,1.39395338531367,0.0,DEEPEN,98.80079946702199,81.3425925925926,0.9600266489007329,1179,0.11785363865818868,,
OfficeDepot,OfficeDepot::Office Supplies > Writing Supplies > Fine Writing Pens Gallery,Office Supplies > Writing Supplies > Fine Writing Pens Gallery,3,False,88.0,Office Supplies > Writing Supplies & Instruments > Pens,0.45449807717601515,False,0.3181818181818182,1.1213405397456655,12.799726939158631,DEEPEN,34.996285127613255,93.92433825107547,1.0,2180,0.033946137529821736,,
OfficeDepot,OfficeDepot::Office Supplies > Writing Supplies > Fine Writing Pens Gallery > Fine Writing Pen Refills,Office Supplies > Writing Supplies > Fine Writing Pens Gallery > Fine Writing Pen Refills,4,True,60.0,Office Supplies > Writing Supplies & Instruments > Pens,0.22500400599747522,False,0.0,4.110873864173311,12.799726939158631,ENTER,34.996285127613255,0.0,1.0,2181,0.7778104321463253,,
OfficeDepot,OfficeDepot::Office Supplies > Writing Supplies > Fine Writing Pens Gallery > Parker Fine Writing Pens,Office Supplies > Writing Supplies > Fine Writing Pens Gallery > Parker Fine Writing Pens,4,True,12.0,Office Supplies > Writing Supplies & Instruments > Pens,0.3161152189663015,False,1.0,0.0,0.0,PARITY,11.312074601297464,14.212775368623532,0.21052631578947367,2182,,,
OfficeDepot,OfficeDepot::Office Supplies > Writing Supplies > Fine Writing Pens Gallery > Scriveiner Fine Writing Pens,Office Supplies > Writing Supplies > Fine Writing Pens Gallery > Scriveiner Fine Writing Pens,4,True,16.0,Office Supplies > Writing Supplies & Instruments > Pens,0.2938713190078272,False,1.0,0.0,0.0,PARITY,9.996285127613252,1.3998008916558726,0.16666666666666666,2183,,,
OfficeDepot,OfficeDepot::Office Supplies > Writing Supplies > Markers,Office Supplies > Writing Supplies > Markers,3,False,390.0,Office Supplies > Writing Supplies & Instruments > Markers,0.9275333956868882,True,1.0,0.8067688412234286,0.0,DEEPEN,94.55860207786468,93.75,0.9491955969517358,1181,0.02779197855350004,,
OfficeDepot,OfficeDepot::Office Supplies > Writing Supplies > Markers > Dry-Erase Markers,Office Supplies > Writing Supplies > Markers > Dry-Erase Markers,4,True,83.0,Office Supplies > Writing Supplies & Instruments > Markers,0.4295894355572347,False,1.0,0.0,0.0,PARITY,84.2913683355263,77.06467650052551,1.0,2184,,,
OfficeDepot,OfficeDepot::Office Supplies > Writing Supplies > Markers > Highlighters,Office Supplies > Writing Supplies > Markers > Highlighters,4,True,100.0,Office Supplies > Writing Supplies & Instruments > Highlighters,0.7563135305611803,True,1.0,0.8350413147504612,0.0,DEEPEN,100.0,87.82407407407408,1.0,1180,0.05774723374827108,,
OfficeDepot,OfficeDepot::Office Supplies > Writing Supplies > Markers > Overhead & Flip-Chart Markers,Office Supplies > Writing Supplies > Markers > Overhead & Flip-Chart Markers,4,True,4.0,Office Supplies > Writing Supplies & Instruments > Markers,0.32348893166978576,False,1.0,0.0,0.0,PARITY,84.2913683355263,17.87752093190039,1.0,2185,,,
OfficeDepot,OfficeDepot::Office Supplies > Writing Supplies > Markers > Permanent Markers & Marker Pens,Office Supplies > Writing Supplies > Markers > Permanent Markers & Marker Pens,4,True,198.0,Office Supplies > Writing Supplies & Instruments > Markers,0.48097838897051687,True,1.0,0.41290786121051326,0.0,PARITY,100.0,93.75,1.0,1181,,,
OfficeDepot,OfficeDepot::Office Supplies > Writing Supplies > Markers > Wet-Erase Markers,Office Supplies > Writing Supplies > Markers > Wet-Erase Markers,4,True,12.0,Office Supplies > Writing Supplies & Instruments > Markers,0.4121322994711795,False,1.0,0.0,0.0,PARITY,84.2913683355263,67.32637940059783,1.0,2186,,,
OfficeDepot,OfficeDepot::Office Supplies > Writing Supplies > Pencil Sharpeners,Office Supplies > Writing Supplies > Pencil Sharpeners,3,True,31.0,Office Supplies > Writing Supplies & Instruments > Pencil Accessories > Pencil Sharpeners,0.7378665160861075,True,1.0,0.4607780236326464,0.0,PARITY,98.83645765998708,92.73148148148148,0.9612152553329024,1185,,,
OfficeDepot,OfficeDepot::Office Supplies > Writing Supplies > Pencils,Office Supplies > Writing Supplies > Pencils,3,False,344.0,Office Supplies > Writing Supplies & Instruments > Pencils,0.9275333956868882,True,1.0,0.8840141594773092,0.0,DEEPEN,91.02042055610835,92.73148148148148,0.9513776337115073,1186,0.0337210291949908,,
OfficeDepot,OfficeDepot::Office Supplies > Writing Supplies > Pencils > Mechanical Pencil Lead,Office Supplies > Writing Supplies > Pencils > Mechanical Pencil Lead,4,True,31.0,Office Supplies > Writing Supplies & Instruments > Pencil Accessories > Pencil Accessories,0.37579772974589826,False,1.0,0.0,0.0,PARITY,83.52106682419438,41.517523880743965,1.0,2187,,,
OfficeDepot,OfficeDepot::Office Supplies > Writing Supplies > Pencils > Mechanical Pencils,Office Supplies > Writing Supplies > Pencils > Mechanical Pencils,4,True,126.0,Office Supplies > Writing Supplies & Instruments > Pencils,0.42698502812024114,False,1.0,0.0,0.0,PARITY,83.52106682419438,74.7903707315399,1.0,2188,,,
OfficeDepot,OfficeDepot::Office Supplies > Writing Supplies > Pencils > Pencil Cases,Office Supplies > Writing Supplies > Pencils > Pencil Cases,4,True,124.0,Office Supplies > Writing Supplies & Instruments > Pencil Accessories > Pencil Cases & Pouches,0.6931973805580474,True,1.0,1.402384084902995,0.0,DEEPEN,100.0,92.76521739130435,1.0,1184,0.046080461843766934,,
OfficeDepot,OfficeDepot::Office Supplies > Writing Supplies > Pencils > Pencil Grips,Office Supplies > Writing Supplies > Pencils > Pencil Grips,4,True,5.0,Office Supplies > Writing Supplies & Instruments > Pencil Accessories > Pencil Accessories,0.4614722966278955,True,1.0,-0.31593763417950527,0.0,PARITY,100.0,82.71304347826087,1.0,1183,,,
OfficeDepot,OfficeDepot::Office Supplies > Writing Supplies > Pencils > Wood Pencils,Office Supplies > Writing Supplies > Pencils > Wood Pencils,4,True,58.0,Office Supplies > Writing Supplies & Instruments > Pencils,0.4987991734809153,True,1.0,-0.5816126681433014,0.0,PARITY,100.0,92.73148148148148,1.0,1186,,,
OfficeDepot,OfficeDepot::Office Supplies > Writing Supplies > Pens,Office Supplies > Writing Supplies > Pens,3,False,1082.0,Office Supplies > Writing Supplies & Instruments > Pens,0.9275333956868882,True,1.0,0.9491770243037578,0.0,DEEPEN,62.4561179976625,96.80555555555556,0.9385875127942682,1187,0.012877955199303421,,
OfficeDepot,OfficeDepot::Office Supplies > Writing Supplies > Pens > Ballpoint Pens,Office Supplies > Writing Supplies > Pens > Ballpoint Pens,4,True,329.0,Office Supplies > Writing Supplies & Instruments > Pens,0.348490409393613,False,1.0,0.0,0.0,PARITY,64.29849261383445,32.86159546790983,1.0,2189,,,
OfficeDepot,OfficeDepot::Office Supplies > Writing Supplies > Pens > Calligraphy Pens,Office Supplies > Writing Supplies > Pens > Calligraphy Pens,4,True,2.0,Office Supplies > Writing Supplies & Instruments > Pens,0.33463007302178244,False,1.0,0.0,0.0,PARITY,64.29849261383445,24.877737578511546,1.0,2190,,,
OfficeDepot,OfficeDepot::Office Supplies > Writing Supplies > Pens > Check Fraud Prevention & Counterfeit Detector Pens,Office Supplies > Writing Supplies > Pens > Check Fraud Prevention & Counterfeit Detector Pens,4,True,7.0,Retail Store Supplies > Cash Handling > Counterfeit Money Detectors,0.2969753507883742,False,1.0,0.0,0.0,PARITY,64.29849261383445,1.2413481940265396,1.0,2191,,,
OfficeDepot,OfficeDepot::Office Supplies > Writing Supplies > Pens > Counter Pens,Office Supplies > Writing Supplies > Pens > Counter Pens,4,True,4.0,Office Supplies > Writing Supplies & Instruments > Pens,0.40225920597379133,False,1.0,0.0,0.0,PARITY,64.29849261383445,63.833602154022664,1.0,2192,,,
OfficeDepot,OfficeDepot::Office Supplies > Writing Supplies > Pens > Felt Tip Pens,Office Supplies > Writing Supplies > Pens > Felt Tip Pens,4,True,44.0,Office Supplies > Writing Supplies & Instruments > Pens,0.330305947629686,False,1.0,0.0,0.0,PARITY,64.29849261383445,22.38694646779935,1.0,2193,,,
OfficeDepot,OfficeDepot::Office Supplies > Writing Supplies > Pens > Multifunction Pens,Office Supplies > Writing Supplies > Pens > Multifunction Pens,4,True,10.0,Office Supplies > Writing Supplies & Instruments > Pens,0.32731998908754345,False,1.0,0.0,0.0,PARITY,64.29849261383445,20.666968826235617,1.0,2194,,,
OfficeDepot,OfficeDepot::Office Supplies > Writing Supplies > Pens > Pen Refills,Office Supplies > Writing Supplies > Pens > Pen Refills,4,True,78.0,Office Supplies > Calendars & Planners > Organizer Refills & Accessories,0.29526678915941307,False,1.0,0.0,0.0,PARITY,64.29849261383445,1.7836589079529563,1.0,2195,,,
OfficeDepot,OfficeDepot::Office Supplies > Writing Supplies > Pens > Rollerball Pens,Office Supplies > Writing Supplies > Pens > Rollerball Pens,4,True,127.0,Office Supplies > Writing Supplies & Instruments > Pens,0.3450905178808784,False,1.0,0.0,0.0,PARITY,64.29849261383445,30.903183352298296,1.0,2196,,,
OfficeDepot,OfficeDepot::Paper,Paper,1,False,2630.0,Gift Shop > Stationery,1.0,True,1.0,-0.30917537802096895,0.0,PARITY,74.55494889289706,94.87179487179486,,170,,,
OfficeDepot,OfficeDepot::Paper > Cash Register & Thermal Rolls,Paper > Cash Register & Thermal Rolls,2,False,65.0,Paper > Thermal Fax Paper Rolls,0.5754256669480783,True,1.0,-3.994174353101915,0.0,PARITY,66.95146473753908,61.574803149606296,1.0,1205,,,
OfficeDepot,OfficeDepot::Paper > Cash Register & Thermal Rolls > Calculator Paper Rolls,Paper > Cash Register & Thermal Rolls > Calculator Paper Rolls,3,True,19.0,"Shredders, Projectors & Office Machines > Calculators",0.41854233064769225,False,1.0,0.0,0.0,PARITY,66.33831882867524,49.2600625628146,1.0,2197,,,
OfficeDepot,OfficeDepot::Paper > Cash Register & Thermal Rolls > Cash Register & Thermal Paper Rolls,Paper > Cash Register & Thermal Rolls > Cash Register & Thermal Paper Rolls,3,True,63.0,Paper > Thermal Fax Paper Rolls,0.43012513394419905,False,1.0,0.0,0.0,PARITY,66.33831882867524,50.812191413317485,1.0,2198,,,
OfficeDepot,OfficeDepot::Paper > Cash Register & Thermal Rolls > Fax Paper,Paper > Cash Register & Thermal Rolls > Fax Paper,3,True,2.0,Paper,0.5362598896026611,True,1.0,-7.08521680646023,0.0,PARITY,92.09044700095667,94.87179487179486,1.0,170,,,
OfficeDepot,OfficeDepot::Paper > Certificates & Covers,Paper > Certificates & Covers,2,False,76.0,Paper > Certificates & Holders,0.6545922368281551,True,1.0,0.1744589781907555,0.0,PARITY,83.52469586595903,81.52230971128608,1.0,1190,,,
OfficeDepot,OfficeDepot::Paper > Certificates & Covers > Award & Certificate Seals,Paper > Certificates & Covers > Award & Certificate Seals,3,True,14.0,Retail Store Supplies > Store Security & Operations > Gift Certificates,0.30594359193203474,False,1.0,0.0,0.0,PARITY,77.23412519659794,4.890957988379557,1.0,2199,,,
OfficeDepot,OfficeDepot::Paper > Certificates & Covers > Certificate & Document Covers,Paper > Certificates & Covers > Certificate & Document Covers,3,True,41.0,Retail Store Supplies > Store Security & Operations > Gift Certificates,0.30858918666513674,False,1.0,0.0,0.0,PARITY,77.23412519659794,8.150997634350645,1.0,2200,,,
OfficeDepot,OfficeDepot::Paper > Certificates & Covers > Certificates,Paper > Certificates & Covers > Certificates,3,True,21.0,Retail Store Supplies > Store Security & Operations > Gift Certificates,0.5426230352232903,True,1.0,-1.0783039903046125,0.0,PARITY,100.0,81.52230971128608,1.0,1190,,,
OfficeDepot,OfficeDepot::Paper > Copy & Printer Paper,Paper > Copy & Printer Paper,2,False,434.0,Office Supplies > Copy & Printer Paper,0.9797573723480003,True,1.0,0.5467109094784375,0.0,PARITY,63.28421915910678,91.39107611548556,1.0,1095,,,
OfficeDepot,OfficeDepot::Paper > Copy & Printer Paper > Cardstock,Paper > Copy & Printer Paper > Cardstock,3,True,109.0,Paper > Card Stock,0.3330973386764527,False,1.0,0.0,0.0,PARITY,61.051980909126385,21.89812219518016,1.0,2201,,,
OfficeDepot,OfficeDepot::Paper > Copy & Printer Paper > Colored Paper,Paper > Copy & Printer Paper > Colored Paper,3,True,105.0,Paper,0.43423524498939514,False,1.0,0.0,0.0,PARITY,61.051980909126385,80.60944931685316,1.0,2202,,,
OfficeDepot,OfficeDepot::Paper > Copy & Printer Paper > Continuous Feed Computer Paper,Paper > Copy & Printer Paper > Continuous Feed Computer Paper,3,True,13.0,Gift Shop > Stationery,0.3062699995527076,False,1.0,0.0,0.0,PARITY,61.051980909126385,2.2691183632355325,1.0,2203,,,
OfficeDepot,OfficeDepot::Paper > Copy & Printer Paper > Copy & Multipurpose Paper,Paper > Copy & Printer Paper > Copy & Multipurpose Paper,3,True,221.0,Office Supplies > Copy & Printer Paper,0.36978757381439215,False,1.0,0.0,0.0,PARITY,61.051980909126385,42.60508422965149,1.0,2204,,,
OfficeDepot,OfficeDepot::Paper > Copy & Printer Paper > Inkjet Printer Paper,Paper > Copy & Printer Paper > Inkjet Printer Paper,3,True,23.0,Office Supplies > Copy & Printer Paper,0.4702137580939702,True,1.0,-2.350581291262301,0.0,PARITY,83.87552111839638,91.39107611548556,1.0,1095,,,
OfficeDepot,OfficeDepot::Paper > Copy & Printer Paper > Laser Printer Paper,Paper > Copy & Printer Paper > Laser Printer Paper,3,True,27.0,Office Supplies > Copy & Printer Paper,0.4981200993061066,True,1.0,-2.196430611435043,0.0,PARITY,84.68363659159222,91.39107611548557,1.0,1095,,,
OfficeDepot,OfficeDepot::Paper > Copy & Printer Paper > Perforated & Hole Punched Paper,Paper > Copy & Printer Paper > Perforated & Hole Punched Paper,3,True,23.0,Gift Shop > Stationery,0.30033708093600403,False,1.0,0.0,0.0,PARITY,61.051980909126385,1.3612568684815027,1.0,2205,,,
OfficeDepot,OfficeDepot::Paper > Filler & Graph Paper,Paper > Filler & Graph Paper,2,False,45.0,Paper > Loose Leaf & Graph Paper,0.5868116229289241,True,1.0,-4.355187698639245,0.0,PARITY,96.03387248340306,91.30118119576508,1.0,170,,,
OfficeDepot,OfficeDepot::Paper > Filler & Graph Paper > Data Pads,Paper > Filler & Graph Paper > Data Pads,3,True,9.0,Office Supplies > Notebooks & Notepads > Notepads,0.41923475714142766,False,1.0,0.0,0.0,PARITY,81.01231445607037,71.46443855115521,1.0,2206,,,
OfficeDepot,OfficeDepot::Paper > Filler & Graph Paper > Filler Paper,Paper > Filler & Graph Paper > Filler Paper,3,True,36.0,Paper,0.47711119055747986,True,1.0,-4.572911182484116,0.0,PARITY,98.24687906711522,94.87179487179486,1.0,170,,,
OfficeDepot,OfficeDepot::Paper > Filler & Graph Paper > Graph Paper,Paper > Filler & Graph Paper > Graph Paper,3,True,14.0,Paper > Loose Leaf & Graph Paper,0.5389093110170314,True,1.0,-5.47577889402613,0.0,PARITY,100.0,94.87179487179486,1.0,170,,,
OfficeDepot,OfficeDepot::Paper > Index Cards,Paper > Index Cards,2,True,59.0,Paper > Index Cards,0.9797573723480003,True,1.0,0.6866641756818668,0.0,PARITY,100.0,77.00787401574803,1.0,1198,,,
OfficeDepot,OfficeDepot::Paper > Invitations & Cards,Paper > Invitations & Cards,2,False,551.0,Paper > Stationery & Invitations,0.6405250192335835,True,1.0,-1.8702810488512451,0.0,PARITY,97.69355067005625,95.01312335958005,1.0,763,,,
OfficeDepot,OfficeDepot::Paper > Invitations & Cards > DIY Business Cards,Paper > Invitations & Cards > DIY Business Cards,3,True,32.0,Office Supplies > Forms & Recordkeeping > Business Forms,0.3372002117737047,False,1.0,0.0,0.0,PARITY,76.85163581583743,23.60388238700694,1.0,2207,,,
OfficeDepot,OfficeDepot::Paper > Invitations & Cards > Design Paper,Paper > Invitations & Cards > Design Paper,3,True,40.0,Gift Shop > Stationery,0.5227477086982489,True,1.0,-4.470257028424032,0.0,PARITY,100.0,94.87179487179486,1.0,170,,,
OfficeDepot,OfficeDepot::Paper > Invitations & Cards > Greeting & Note Cards,Paper > Invitations & Cards > Greeting & Note Cards,3,True,451.0,Gift Shop > Greeting Cards,0.6496710100884882,True,1.0,2.706001793291998,0.0,DEEPEN,100.0,26.850393700787397,1.0,751,0.5533266899728821,CURATE - DEEPEN,0.5778818897637796
OfficeDepot,OfficeDepot::Paper > Invitations & Cards > Invitations,Paper > Invitations & Cards > Invitations,3,True,6.0,Gift Shop > Invitations,0.8945967559844188,True,1.0,-1.0311115835858538,0.0,PARITY,100.0,95.01312335958005,1.0,763,,,
OfficeDepot,OfficeDepot::Paper > Invitations & Cards > Place Cards & Tent Cards,Paper > Invitations & Cards > Place Cards & Tent Cards,3,True,16.0,Gift Shop > Note Cards & Postcards,0.3754050268134833,False,1.0,0.0,0.0,PARITY,76.85163581583743,13.414720226958963,1.0,2208,,,
OfficeDepot,OfficeDepot::Paper > Invitations & Cards > Post Cards,Paper > Invitations & Cards > Post Cards,3,True,7.0,Gift Shop > Note Cards & Postcards,0.43769654253848284,False,1.0,0.0,0.0,PARITY,76.85163581583743,23.366902072771488,1.0,2209,,,
OfficeDepot,OfficeDepot::Paper > Notebooks & Pads,Paper > Notebooks & Pads,2,False,889.0,Office Supplies > Notebooks & Notepads,0.870789027039919,True,1.0,0.6837206621504786,0.0,PARITY,80.39162408440731,95.90551181102363,1.0,1131,,,
OfficeDepot,OfficeDepot::Paper > Notebooks & Pads > Composition Books,Paper > Notebooks & Pads > Composition Books,3,True,255.0,Paper > Notebooks,0.31601896748496594,False,1.0,0.0,0.0,PARITY,63.885726367548614,13.281045682523319,1.0,2210,,,
OfficeDepot,OfficeDepot::Paper > Notebooks & Pads > Discbound Note Taking Systems,Paper > Notebooks & Pads > Discbound Note Taking Systems,3,True,110.0,Paper > Notebooks,0.2996655071901062,False,1.0,0.0,0.0,PARITY,63.885726367548614,4.444154031144474,1.0,2211,,,
OfficeDepot,OfficeDepot::Paper > Notebooks & Pads > Guest Register Books,Paper > Notebooks & Pads > Guest Register Books,3,True,2.0,Paper > Notebooks,0.30986149369091437,False,1.0,0.0,0.0,PARITY,63.885726367548614,9.953741993692303,1.0,2212,,,
OfficeDepot,OfficeDepot::Paper > Notebooks & Pads > Journals & Diaries,Paper > Notebooks & Pads > Journals & Diaries,3,True,117.0,Office Supplies > Notebooks & Notepads > Journals & Diaries,0.9641936471900409,True,1.0,0.5031385577731768,0.0,PARITY,100.0,90.94907407407408,1.0,1132,,,
OfficeDepot,OfficeDepot::Paper > Notebooks & Pads > Memo & Scratch Pads,Paper > Notebooks & Pads > Memo & Scratch Pads,3,True,38.0,Office Supplies > Notebooks & Notepads > Notepads,0.48148162103674885,True,1.0,-1.33424372791875,0.0,PARITY,88.6024505520349,93.9814814814815,1.0,1133,,,
OfficeDepot,OfficeDepot::Paper > Notebooks & Pads > Newsprint,Paper > Notebooks & Pads > Newsprint,3,True,6.0,Paper > Notebooks,0.2499079329043265,False,1.0,0.0,0.0,PARITY,63.885726367548614,0.0,1.0,2213,,,
OfficeDepot,OfficeDepot::Paper > Notebooks & Pads > Spiral & Wireless Notebooks,Paper > Notebooks & Pads > Spiral & Wireless Notebooks,3,True,226.0,Paper > Notebooks,0.6151630673506069,True,1.0,-0.020840733025604408,0.0,PARITY,93.94776532642761,90.81364829396325,1.0,1199,,,
OfficeDepot,OfficeDepot::Paper > Notebooks & Pads > Steno Books,Paper > Notebooks & Pads > Steno Books,3,True,18.0,Paper > Notebooks,0.33221275651579035,False,1.0,0.0,0.0,PARITY,63.885726367548614,22.031656043295893,1.0,2214,,,
OfficeDepot,OfficeDepot::Paper > Notebooks & Pads > Telephone & Address Books,Paper > Notebooks & Pads > Telephone & Address Books,3,True,8.0,Paper > Notebooks,0.30472099753912646,False,1.0,0.0,0.0,PARITY,63.885726367548614,7.175980791559559,1.0,2215,,,
OfficeDepot,OfficeDepot::Paper > Notebooks & Pads > Telephone Message Pads & Voicemail Log Books,Paper > Notebooks & Pads > Telephone Message Pads & Voicemail Log Books,3,True,21.0,Office Supplies > Notebooks & Notepads > Notepads,0.39780709865387637,False,1.0,0.0,0.0,PARITY,63.885726367548614,59.48170923408013,1.0,2216,,,
OfficeDepot,OfficeDepot::Paper > Notebooks & Pads > Writing Pads,Paper > Notebooks & Pads > Writing Pads,3,True,116.0,Office Supplies > Notebooks & Notepads > Notepads,0.5796082368335193,True,1.0,-0.23563143925064,0.0,PARITY,91.27608729552685,93.9814814814815,1.0,1133,,,
OfficeDepot,OfficeDepot::Paper > Photo & Presentation Paper,Paper > Photo & Presentation Paper,2,False,201.0,Paper > Specialty Paper Products > Presentation & Photo Paper,0.6002626375599504,True,1.0,-2.875561397727135,0.0,PARITY,93.15724971239024,85.67129629629629,1.0,1203,,,
OfficeDepot,OfficeDepot::Paper > Photo & Presentation Paper > Brochure & Presentation Paper,Paper > Photo & Presentation Paper > Brochure & Presentation Paper,3,True,21.0,Paper > Specialty Paper Products > Presentation & Photo Paper,0.4135353365858126,False,1.0,0.0,0.0,PARITY,81.06580515955687,62.239900032412045,1.0,2217,,,
OfficeDepot,OfficeDepot::Paper > Photo & Presentation Paper > Commercial Printing Paper,Paper > Photo & Presentation Paper > Commercial Printing Paper,3,True,43.0,Gift Shop > Stationery,0.36138831244574654,False,1.0,0.0,0.0,PARITY,81.06580515955687,29.981403070274453,1.0,2218,,,
OfficeDepot,OfficeDepot::Paper > Photo & Presentation Paper > Photo Printer Paper,Paper > Photo & Presentation Paper > Photo Printer Paper,3,True,40.0,Office Supplies > Copy & Printer Paper,0.5095597371537849,True,1.0,-1.8150630549059388,0.0,PARITY,95.22561652070898,91.39107611548556,1.0,1095,,,
OfficeDepot,OfficeDepot::Paper > Photo & Presentation Paper > Stationery & Resume Paper,Paper > Photo & Presentation Paper > Stationery & Resume Paper,3,True,32.0,Paper,0.6077358722686768,True,1.0,-4.68732153366186,0.0,PARITY,100.0,94.87179487179486,1.0,170,,,
OfficeDepot,OfficeDepot::Paper > Photo & Presentation Paper > Wide Format Paper,Paper > Photo & Presentation Paper > Wide Format Paper,3,True,69.0,Paper > Wide Format Paper,0.8228173973383727,True,1.0,0.34893987958901596,0.0,PARITY,100.0,79.63254593175853,1.0,1206,,,
OfficeDepot,OfficeDepot::Pet Supplies,Pet Supplies,1,False,230.0,Expanded Assortment > Pet Supplies & Accessories,0.6355762581586947,True,0.991304347826087,1.303628455389763,0.42665756463862103,DEEPEN,1.283096370174098,24.836498853312104,,416,0.32085670203754135,,
OfficeDepot,OfficeDepot::Pet Supplies > Accessories,Pet Supplies > Accessories,2,False,8.0,Expanded Assortment > Pet Supplies & Accessories,0.6944946341031321,True,1.0,1.449496828472138,0.0,DEEPEN,29.729729729729733,11.790693365197871,0.990990990990991,416,0.38319658081331504,,
OfficeDepot,"OfficeDepot::Pet Supplies > Accessories > Collars, Leashes & Harnesses","Pet Supplies > Accessories > Collars, Leashes & Harnesses",3,True,2.0,Safety Supplies > Safety Harnesses,0.3578006454876491,False,1.0,0.0,0.0,PARITY,30.000000000000004,17.35304619985964,1.0,2219,,,
OfficeDepot,OfficeDepot::Pet Supplies > Accessories > Totes & Storage,Pet Supplies > Accessories > Totes & Storage,3,True,6.0,Safety Supplies > Safety Storage,0.32210646782602587,False,1.0,0.0,0.0,PARITY,30.000000000000004,9.936575753643947,1.0,2220,,,
OfficeDepot,OfficeDepot::Pet Supplies > Cleaning & Waste Disposal,Pet Supplies > Cleaning & Waste Disposal,2,False,132.0,Cleaning Supplies,0.2981923540341265,False,1.0,0.0,0.0,PARITY,29.38775510204082,31.97265070719341,0.9795918367346939,2221,,,
OfficeDepot,OfficeDepot::Pet Supplies > Cleaning & Waste Disposal > Cleaning Products,Pet Supplies > Cleaning & Waste Disposal > Cleaning Products,3,True,55.0,"Coffee, Water & Snacks > Paper Products",0.42020174213365974,False,1.0,0.0,0.0,PARITY,30.000000000000004,58.602469189064024,1.0,2222,,,
OfficeDepot,OfficeDepot::Pet Supplies > Cleaning & Waste Disposal > Floor & Upholstery Care,Pet Supplies > Cleaning & Waste Disposal > Floor & Upholstery Care,3,True,73.0,Cleaning Supplies > Cleaning Chemicals & Wipes > Hard Floor Care,0.3199508769519798,False,1.0,0.0,0.0,PARITY,30.000000000000004,13.118909819425111,1.0,2223,,,
OfficeDepot,OfficeDepot::Pet Supplies > Cleaning & Waste Disposal > Litter Care,Pet Supplies > Cleaning & Waste Disposal > Litter Care,3,True,3.0,Expanded Assortment > Pet Supplies & Accessories > Dog & Cat Supplies > Cat Litter,0.4411257356576552,False,1.0,0.0,0.0,PARITY,30.000000000000004,5.427651173971034,1.0,2224,,,
OfficeDepot,OfficeDepot::Pet Supplies > Cleaning & Waste Disposal > Waste Stations & Waste Clean Up,Pet Supplies > Cleaning & Waste Disposal > Waste Stations & Waste Clean Up,3,True,1.0,Cleaning Supplies > Waste & Recycling,0.3380651626558531,False,1.0,0.0,0.0,PARITY,30.000000000000004,23.290717611061638,1.0,2225,,,
OfficeDepot,OfficeDepot::Pet Supplies > Feeding & Hydration,Pet Supplies > Feeding & Hydration,2,False,8.0,Healthcare Supplies > Personal Care > Baby Care > Youth Feeding Supplies,0.22925313683900148,False,0.75,0.25131442828090633,0.42665756463862103,PARITY,30.000000000000004,0.0,1.0,2226,,,
OfficeDepot,"OfficeDepot::Pet Supplies > Feeding & Hydration > Bowls, Feeders & Stands","Pet Supplies > Feeding & Hydration > Bowls, Feeders & Stands",3,True,2.0,Party Supplies > Disposable Bowls,0.2262071531506255,False,0.0,1.0986122886681098,0.42665756463862103,ENTER,30.000000000000004,0.0,1.0,2227,0.46821576763485473,,
OfficeDepot,OfficeDepot::Pet Supplies > Feeding & Hydration > Storage & Scoops,Pet Supplies > Feeding & Hydration > Storage & Scoops,3,True,6.0,Office Supplies > Folders & Filing > File Storage,0.26091130669178286,False,1.0,0.0,0.0,PARITY,0.0,0.0,0.0,2228,,,
OfficeDepot,OfficeDepot::Pet Supplies > Furniture & Containment,Pet Supplies > Furniture & Containment,2,False,2.0,Furniture,0.4416647533003358,False,1.0,0.0,0.0,PARITY,29.73684210526316,53.63249759710771,0.9912280701754386,2229,,,
OfficeDepot,OfficeDepot::Pet Supplies > Furniture & Containment > Containment & Exercise,Pet Supplies > Furniture & Containment > Containment & Exercise,3,True,2.0,Laboratory & Scientific Supplies > Lab Safety > Lab Spill Control & Containment,0.2754881889563787,False,1.0,0.0,0.0,PARITY,0.0,0.0,,2230,,,
OfficeDepot,"OfficeDepot::Pet Supplies > Health, Wellness & Care","Pet Supplies > Health, Wellness & Care",2,False,19.0,Expanded Assortment > Books & Magazines > Health & Fitness Books,0.30411394321802476,False,1.0,-1.125167136081576,0.0,PARITY,40.58819326295443,48.12038085997178,0.990521327014218,2231,,,
OfficeDepot,"OfficeDepot::Pet Supplies > Health, Wellness & Care > Safety & Care","Pet Supplies > Health, Wellness & Care > Safety & Care",3,True,19.0,Workwear > Occupational Workwear > Safety,0.49668970358111936,True,1.0,-1.125167136081576,0.0,PARITY,15.532219217896978,48.12038085997178,,1762,,,
OfficeDepot,OfficeDepot::Pet Supplies > Treats & Food,Pet Supplies > Treats & Food,2,False,61.0,"Expanded Assortment > Pet Supplies & Accessories > Bird Supplies > Bird Food, Treats and Healthcare",0.4103259538551645,False,1.0,4.127134385045092,0.0,DEEPEN,29.64497041420119,6.093913043478261,0.9881656804733728,2232,0.5456423454199391,OFF-BRAND,0.5594708831868712
OfficeDepot,OfficeDepot::Pet Supplies > Treats & Food > Treats,Pet Supplies > Treats & Food > Treats,3,True,61.0,Expanded Assortment > Pet Supplies & Accessories > Dog & Cat Supplies > Cat Treats,0.5641179323481745,True,1.0,4.127134385045092,0.0,DEEPEN,0.0,6.093913043478261,,421,0.4621270503337543,,
OfficeDepot,OfficeDepot::School Supplies,School Supplies,1,False,1599.0,School Supplies,0.8597246978990648,True,0.996875,-1.6676199553035778,0.6399863469579316,PARITY,69.91752689573246,70.0,,1463,,,
OfficeDepot,OfficeDepot::School Supplies > Backpacks & Lunch Bags,School Supplies > Backpacks & Lunch Bags,2,False,113.0,School Supplies > School Bags & Lunch Boxes,0.5172367838999232,True,1.0,4.736198448394496,0.0,DEEPEN,52.639232866378435,47.13499521803459,0.9968354430379747,1491,0.34934372089003607,REVIEW,0.3603288818531372
OfficeDepot,OfficeDepot::School Supplies > Backpacks & Lunch Bags > Water Bottles & Cups,School Supplies > Backpacks & Lunch Bags > Water Bottles & Cups,3,True,12.0,Laboratory & Scientific Supplies > Labware & Consumables > Lab Bottles,0.3831794204662957,False,1.0,0.0,0.0,PARITY,32.477385107484565,24.79523693695749,,2233,,,
OfficeDepot,OfficeDepot::School Supplies > Basic School Supplies,School Supplies > Basic School Supplies,2,False,353.0,School Supplies,0.6541526897941985,True,0.9662921348314607,-3.155541630830432,0.6399863469579316,PARITY,81.14377891570513,69.19160104986877,1.0,1463,,,
OfficeDepot,OfficeDepot::School Supplies > Basic School Supplies > Classroom Essentials,School Supplies > Basic School Supplies > Classroom Essentials,3,True,61.0,School Supplies > Classroom Essentials,0.9033402778779862,True,1.0,-4.897335897633869,0.0,PARITY,82.31204540932855,69.8530183727034,0.8928571428571429,1464,,,
OfficeDepot,"OfficeDepot::School Supplies > Basic School Supplies > Rulers, Compasses & Protractors","School Supplies > Basic School Supplies > Rulers, Compasses & Protractors",3,True,25.0,"Tools, Parts & Supplies > Measuring & Leveling Tools > Compasses, Protractors and Markers",0.5189530178728391,True,1.0,1.857274076338682,0.0,DEEPEN,71.60376242625554,20.513888888888886,0.953125,1695,0.4834124967152075,CURATE - DEEPEN,0.513372112169819
OfficeDepot,OfficeDepot::School Supplies > Basic School Supplies > Textbook Covers,School Supplies > Basic School Supplies > Textbook Covers,3,True,3.0,Safety Supplies > Personal Protective Equipment (PPE) > Shoe Covers,0.21904979700200244,False,0.0,1.3862943611198906,0.6399863469579316,ENTER,59.81327143363267,0.0,1.0,2234,0.6331742541349228,,
OfficeDepot,OfficeDepot::School Supplies > Folders & Binders,School Supplies > Folders & Binders,2,False,133.0,Office Supplies > Binders,0.5414122304578362,True,1.0,-1.0118193079229325,0.0,PARITY,99.90185387131953,97.49565217391304,0.9967284623773174,1087,,,
OfficeDepot,OfficeDepot::School Supplies > Folders & Binders > Pocket Folders,School Supplies > Folders & Binders > Pocket Folders,3,True,43.0,Office Supplies > Folders & Filing > Pocket & Presentation Folders > Pocket Folders,0.8075442983277291,True,1.0,-1.0464238958572696,0.0,PARITY,100.0,97.49565217391304,,1117,,,
OfficeDepot,OfficeDepot::School Supplies > Instructional Resources,School Supplies > Instructional Resources,2,True,535.0,School Supplies > Teacher Supplies > Teacher Resources,0.3613118642958638,False,1.0,0.0,0.0,PARITY,69.82009797953977,28.307658599292417,0.9929411764705882,2235,,,
OfficeDepot,OfficeDepot::School Supplies > Notebooks & Paper,School Supplies > Notebooks & Paper,2,False,215.0,Paper > Notebooks,0.7008354615360972,True,1.0,-1.3994749552007484,0.0,PARITY,72.41060143199084,91.19910934635786,0.9967707212055974,1199,,,
OfficeDepot,OfficeDepot::School Supplies > Notebooks & Paper > Handwriting Paper,School Supplies > Notebooks & Paper > Handwriting Paper,3,True,2.0,Paper,0.3970424234867096,False,1.0,0.0,0.0,PARITY,69.17913504409242,59.61352546119304,1.0,2236,,,
OfficeDepot,OfficeDepot::School Supplies > Notebooks & Paper > Legal Pads,School Supplies > Notebooks & Paper > Legal Pads,3,True,24.0,Office Supplies > Notebooks & Notepads > Notepads,0.4571650982021966,False,1.0,0.0,0.0,PARITY,69.17913504409242,92.67576269558218,1.0,2237,,,
OfficeDepot,OfficeDepot::School Supplies > Notebooks & Paper > School Planners & Calendars,School Supplies > Notebooks & Paper > School Planners & Calendars,3,True,5.0,Office Supplies > Calendars & Planners,0.5528463353095288,True,1.0,-4.676999140388341,0.0,PARITY,89.81487250482144,96.74540682414698,1.0,1088,,,
OfficeDepot,OfficeDepot::School Supplies > School Electronics,School Supplies > School Electronics,2,True,0.0,School Supplies > School Tech,0.46854342925923503,True,1.0,-4.943800371307916,0.0,PARITY,77.57133797382852,60.74015748031496,0.996875,1492,,,
OfficeDepot,OfficeDepot::School Supplies > School Furniture,School Supplies > School Furniture,2,True,220.0,Furniture > School Furniture,0.729099649829962,True,1.0,0.03485721979274192,0.0,PARITY,94.95324422389399,66.82407407407408,0.995945945945946,580,,,
OfficeDepot,OfficeDepot::School Supplies > Storage,School Supplies > Storage,2,False,21.0,School Supplies,0.6178416147520216,True,1.0,-5.9392039277362105,0.0,PARITY,99.9041533546326,69.19160104986877,0.9968051118210862,1463,,,
OfficeDepot,OfficeDepot::School Supplies > Storage > Food Containers,School Supplies > Storage > Food Containers,3,True,2.0,Restaurant & Foodservice Supplies > Restaurant Storage & Transport > Food Storage & Containers,0.5156442538076488,True,1.0,-2.7952964195297874,0.0,PARITY,100.0,79.94790905516209,1.0,1271,,,
OfficeDepot,OfficeDepot::School Supplies > Storage > Locker Accessories,School Supplies > Storage > Locker Accessories,3,True,19.0,School Supplies > Teacher Supplies > Locker Accessories,0.8267919456056874,True,1.0,0.7319387175298182,0.0,DEEPEN,100.0,63.84259259259259,1.0,1513,0.1582824266174889,1P-CORE GAP,0.16841739766081876
OfficeDepot,OfficeDepot::School Supplies > Teacher Supplies,School Supplies > Teacher Supplies,2,False,9.0,School Supplies > Teacher Supplies,0.8810398881874107,True,1.0,-6.096023400056693,0.0,PARITY,99.90536277602524,69.55905511811024,0.9968454258675079,1502,,,
OfficeDepot,OfficeDepot::School Supplies > Teacher Supplies > Classroom Rugs,School Supplies > Teacher Supplies > Classroom Rugs,3,True,9.0,School Supplies > Teacher Supplies > Classroom Decorations,0.5538050370635811,True,1.0,-4.029593552385744,0.0,PARITY,100.0,67.89351851851852,,1506,,,
OfficeDepot,OfficeDepot::Towels & Bath Mats,Towels & Bath Mats,1,False,4.0,Furniture > Decor > Bath Mats & Towels,0.869098961353302,True,1.0,1.002858748182614,0.0,DEEPEN,36.85147280715272,57.98868905824107,,211,0.14545957050330308,,
OfficeDepot,OfficeDepot::Towels & Bath Mats > Bath Towels,Towels & Bath Mats > Bath Towels,2,True,1.0,Furniture > Decor > Bath Mats & Towels,0.49076084211810345,True,1.0,0.086568016308459,0.0,PARITY,69.3568103135223,39.831097728592404,1.0,211,,,
OfficeDepot,OfficeDepot::Towels & Bath Mats > Gym Towel,Towels & Bath Mats > Gym Towel,2,True,2.0,"Coffee, Water & Snacks > Paper Products > Paper Towels",0.2734167896165156,False,1.0,0.0,0.0,PARITY,51.275771182168434,0.0,1.0,2238,,,
OfficeDepot,OfficeDepot::Towels & Bath Mats > Pool Towels,Towels & Bath Mats > Pool Towels,2,True,1.0,"Coffee, Water & Snacks > Paper Products > Paper Towels",0.3565320607760964,False,1.0,0.0,0.0,PARITY,51.275771182168434,30.879906342763135,1.0,2239,,,
