uid,retailer,name,path,level,items,is_leaf,in_scope,coreness
Staples::Appliances & Kitchenware,Staples,Appliances & Kitchenware,Appliances & Kitchenware,1,1942.0,False,True,0.2323076923076923
Staples::Appliances & Kitchenware > Kitchenware,Staples,Kitchenware,Appliances & Kitchenware > Kitchenware,2,880.0,False,True,0.27385826771653543
Staples::Appliances & Kitchenware > Kitchenware > Dining & Tableware,Staples,Dining & Tableware,Appliances & Kitchenware > Kitchenware > Dining & Tableware,3,257.0,False,True,0.2731944444444444
"Staples::Appliances & Kitchenware > Kitchenware > Dining & Tableware > Carafes, Pitchers & Tumblers",Staples,"Carafes, Pitchers & Tumblers","Appliances & Kitchenware > Kitchenware > Dining & Tableware > Carafes, Pitchers & Tumblers",4,23.0,True,True,0.24584347826086955
Staples::Appliances & Kitchenware > Kitchenware > Dining & Tableware > Drinkware & Glassware,Staples,Drinkware & Glassware,Appliances & Kitchenware > Kitchenware > Dining & Tableware > Drinkware & Glassware,4,15.0,True,True,0.2361391304347826
Staples::Appliances & Kitchenware > Kitchenware > Dining & Tableware > Flatware & Cutlery,Staples,Flatware & Cutlery,Appliances & Kitchenware > Kitchenware > Dining & Tableware > Flatware & Cutlery,4,37.0,True,True,0.25523478260869564
Staples::Appliances & Kitchenware > Kitchenware > Dining & Tableware > Salt and Pepper Shakers & Mills,Staples,Salt and Pepper Shakers & Mills,Appliances & Kitchenware > Kitchenware > Dining & Tableware > Salt and Pepper Shakers & Mills,4,8.0,True,True,0.22142608695652174
Staples::Appliances & Kitchenware > Kitchenware > Dining & Tableware > Tableware,Staples,Tableware,Appliances & Kitchenware > Kitchenware > Dining & Tableware > Tableware,4,36.0,True,True,0.25439999999999996
Staples::Appliances & Kitchenware > Kitchenware > Kitchen Accessories,Staples,Kitchen Accessories,Appliances & Kitchenware > Kitchenware > Kitchen Accessories,3,880.0,False,True,0.28791666666666665
Staples::Appliances & Kitchenware > Kitchenware > Kitchen Accessories > Aprons,Staples,Aprons,Appliances & Kitchenware > Kitchenware > Kitchen Accessories > Aprons,4,5.0,True,True,0.21276521739130433
Staples::Appliances & Kitchenware > Kitchenware > Kitchen Accessories > Cookbooks & Recipe Holders,Staples,Cookbooks & Recipe Holders,Appliances & Kitchenware > Kitchenware > Kitchen Accessories > Cookbooks & Recipe Holders,4,632.0,True,True,0.29478260869565215
Staples::Appliances & Kitchenware > Kitchenware > Kitchen Accessories > Kitchen Storage & Organization,Staples,Kitchen Storage & Organization,Appliances & Kitchenware > Kitchenware > Kitchen Accessories > Kitchen Storage & Organization,4,236.0,True,True,0.28768695652173915
Staples::Appliances & Kitchenware > Kitchenware > Kitchen Accessories > Oven Mitts & Potholders,Staples,Oven Mitts & Potholders,Appliances & Kitchenware > Kitchenware > Kitchen Accessories > Oven Mitts & Potholders,4,7.0,True,True,0.21954782608695653
Staples::Appliances & Kitchenware > Kitchenware > Kitchen Tools,Staples,Kitchen Tools,Appliances & Kitchenware > Kitchenware > Kitchen Tools,3,375.0,False,True,0.27805555555555556
Staples::Appliances & Kitchenware > Kitchenware > Kitchen Tools > Bakeware,Staples,Bakeware,Appliances & Kitchenware > Kitchenware > Kitchen Tools > Bakeware,4,14.0,True,True,0.2344695652173913
"Staples::Appliances & Kitchenware > Kitchenware > Kitchen Tools > Cake, Cookie & Pastry Decorations",Staples,"Cake, Cookie & Pastry Decorations","Appliances & Kitchenware > Kitchenware > Kitchen Tools > Cake, Cookie & Pastry Decorations",4,3.0,True,True,0.20264347826086956
Staples::Appliances & Kitchenware > Kitchenware > Kitchen Tools > Cooking Utensils,Staples,Cooking Utensils,Appliances & Kitchenware > Kitchenware > Kitchen Tools > Cooking Utensils,4,73.0,True,True,0.27224347826086953
Staples::Appliances & Kitchenware > Kitchenware > Kitchen Tools > Cutting Boards,Staples,Cutting Boards,Appliances & Kitchenware > Kitchenware > Kitchen Tools > Cutting Boards,4,39.0,True,True,0.256695652173913
"Staples::Appliances & Kitchenware > Kitchenware > Kitchen Tools > Food Mills, Shavers & Spice Grinders",Staples,"Food Mills, Shavers & Spice Grinders","Appliances & Kitchenware > Kitchenware > Kitchen Tools > Food Mills, Shavers & Spice Grinders",4,3.0,True,True,0.20264347826086956
Staples::Appliances & Kitchenware > Kitchenware > Kitchen Tools > Grilling Products,Staples,Grilling Products,Appliances & Kitchenware > Kitchenware > Kitchen Tools > Grilling Products,4,9.0,True,True,0.22351304347826087
Staples::Appliances & Kitchenware > Kitchenware > Kitchen Tools > Kitchen Pizza Tools,Staples,Kitchen Pizza Tools,Appliances & Kitchenware > Kitchenware > Kitchen Tools > Kitchen Pizza Tools,4,5.0,True,True,0.21276521739130433
Staples::Appliances & Kitchenware > Kitchenware > Kitchen Tools > Kitchen Tools & Gadgets,Staples,Kitchen Tools & Gadgets,Appliances & Kitchenware > Kitchenware > Kitchen Tools > Kitchen Tools & Gadgets,4,102.0,True,True,0.2778782608695652
Staples::Appliances & Kitchenware > Kitchenware > Kitchen Tools > Meat Preparation Equipment,Staples,Meat Preparation Equipment,Appliances & Kitchenware > Kitchenware > Kitchen Tools > Meat Preparation Equipment,4,2.0,True,True,0.19784347826086954
Staples::Appliances & Kitchenware > Kitchenware > Kitchen Tools > Mixing Bowls,Staples,Mixing Bowls,Appliances & Kitchenware > Kitchenware > Kitchen Tools > Mixing Bowls,4,16.0,True,True,0.23780869565217388
Staples::Appliances & Kitchenware > Kitchenware > Kitchen Tools > Pots & Pans,Staples,Pots & Pans,Appliances & Kitchenware > Kitchenware > Kitchen Tools > Pots & Pans,4,86.0,True,True,0.27516521739130434
Staples::Appliances & Kitchenware > Kitchenware > Kitchen Tools > Salad Spinners,Staples,Salad Spinners,Appliances & Kitchenware > Kitchenware > Kitchen Tools > Salad Spinners,4,3.0,True,True,0.20264347826086956
"Staples::Appliances & Kitchenware > Kitchenware > Kitchen Tools > Sifters, Strainers & Colanders",Staples,"Sifters, Strainers & Colanders","Appliances & Kitchenware > Kitchenware > Kitchen Tools > Sifters, Strainers & Colanders",4,15.0,True,True,0.2361391304347826
Staples::Appliances & Kitchenware > Kitchenware > Kitchen Tools > Skillets & Braising Pans,Staples,Skillets & Braising Pans,Appliances & Kitchenware > Kitchenware > Kitchen Tools > Skillets & Braising Pans,4,5.0,True,True,0.21276521739130433
Staples::Appliances & Kitchenware > Major Appliances,Staples,Major Appliances,Appliances & Kitchenware > Major Appliances,2,810.0,False,True,0.2713385826771654
Staples::Appliances & Kitchenware > Major Appliances > Dishwashers,Staples,Dishwashers,Appliances & Kitchenware > Major Appliances > Dishwashers,3,1.0,True,True,0.18333333333333332
Staples::Appliances & Kitchenware > Major Appliances > Food Warmers,Staples,Food Warmers,Appliances & Kitchenware > Major Appliances > Food Warmers,3,7.0,True,True,0.19840277777777776
Staples::Appliances & Kitchenware > Major Appliances > Freezers,Staples,Freezers,Appliances & Kitchenware > Major Appliances > Freezers,3,5.0,True,True,0.19381944444444443
Staples::Appliances & Kitchenware > Major Appliances > Ice Makers & Dispensers,Staples,Ice Makers & Dispensers,Appliances & Kitchenware > Major Appliances > Ice Makers & Dispensers,3,647.0,True,True,0.2847222222222222
Staples::Appliances & Kitchenware > Major Appliances > Range Hoods,Staples,Range Hoods,Appliances & Kitchenware > Major Appliances > Range Hoods,3,2.0,True,True,0.18666666666666668
Staples::Appliances & Kitchenware > Major Appliances > Refrigerators,Staples,Refrigerators,Appliances & Kitchenware > Major Appliances > Refrigerators,3,148.0,True,True,0.2620138888888889
Staples::Appliances & Kitchenware > Major Appliances > Washers & Dryers,Staples,Washers & Dryers,Appliances & Kitchenware > Major Appliances > Washers & Dryers,3,810.0,True,True,0.28680555555555554
Staples::Appliances & Kitchenware > Small Appliances,Staples,Small Appliances,Appliances & Kitchenware > Small Appliances,2,390.0,False,True,0.2546456692913386
Staples::Appliances & Kitchenware > Small Appliances > Bread Machines,Staples,Bread Machines,Appliances & Kitchenware > Small Appliances > Bread Machines,3,2.0,True,True,0.18666666666666668
Staples::Appliances & Kitchenware > Small Appliances > Cotton Candy Machines,Staples,Cotton Candy Machines,Appliances & Kitchenware > Small Appliances > Cotton Candy Machines,3,390.0,True,True,0.27888888888888885
Staples::Appliances & Kitchenware > Small Appliances > Deep Fryers,Staples,Deep Fryers,Appliances & Kitchenware > Small Appliances > Deep Fryers,3,34.0,True,True,0.22805555555555554
Staples::Appliances & Kitchenware > Small Appliances > Egg Cookers & Servers,Staples,Egg Cookers & Servers,Appliances & Kitchenware > Small Appliances > Egg Cookers & Servers,3,3.0,True,True,0.18909722222222222
Staples::Appliances & Kitchenware > Small Appliances > Fondue Sets,Staples,Fondue Sets,Appliances & Kitchenware > Small Appliances > Fondue Sets,3,1.0,True,True,0.18333333333333332
Staples::Appliances & Kitchenware > Small Appliances > Food Dehydrators,Staples,Food Dehydrators,Appliances & Kitchenware > Small Appliances > Food Dehydrators,3,1.0,True,True,0.18333333333333332
"Staples::Appliances & Kitchenware > Small Appliances > Griddles, Grills & Waffle Makers",Staples,"Griddles, Grills & Waffle Makers","Appliances & Kitchenware > Small Appliances > Griddles, Grills & Waffle Makers",3,41.0,True,True,0.23326388888888885
Staples::Appliances & Kitchenware > Small Appliances > Ice Cream & Yogurt Makers,Staples,Ice Cream & Yogurt Makers,Appliances & Kitchenware > Small Appliances > Ice Cream & Yogurt Makers,3,11.0,True,True,0.20513888888888887
Staples::Appliances & Kitchenware > Small Appliances > Ice Makers & Snow Cone Machines,Staples,Ice Makers & Snow Cone Machines,Appliances & Kitchenware > Small Appliances > Ice Makers & Snow Cone Machines,3,24.0,True,True,0.22041666666666668
Staples::Appliances & Kitchenware > Small Appliances > Microwaves,Staples,Microwaves,Appliances & Kitchenware > Small Appliances > Microwaves,3,105.0,True,True,0.25319444444444444
Staples::Appliances & Kitchenware > Small Appliances > Pasta Makers,Staples,Pasta Makers,Appliances & Kitchenware > Small Appliances > Pasta Makers,3,1.0,True,True,0.18333333333333332
Staples::Appliances & Kitchenware > Small Appliances > Popcorn Machines,Staples,Popcorn Machines,Appliances & Kitchenware > Small Appliances > Popcorn Machines,3,4.0,True,True,0.1913888888888889
Staples::Appliances & Kitchenware > Small Appliances > Rice Cookers & Steamers,Staples,Rice Cookers & Steamers,Appliances & Kitchenware > Small Appliances > Rice Cookers & Steamers,3,20.0,True,True,0.21562499999999998
Staples::Appliances & Kitchenware > Small Appliances > Slow Cookers & Roasters,Staples,Slow Cookers & Roasters,Appliances & Kitchenware > Small Appliances > Slow Cookers & Roasters,3,27.0,True,True,0.22388888888888886
Staples::Arts & Crafts,Staples,Arts & Crafts,Arts & Crafts,1,10679.0,False,True,0.2784615384615385
Staples::Arts & Crafts > Art & Drawing Pens,Staples,Art & Drawing Pens,Arts & Crafts > Art & Drawing Pens,2,206.0,True,True,0.2420472440944882
Staples::Arts & Crafts > Art Brushes,Staples,Art Brushes,Arts & Crafts > Art Brushes,2,1380.0,True,True,0.28425196850393697
Staples::Arts & Crafts > Art Paper & Rolls,Staples,Art Paper & Rolls,Arts & Crafts > Art Paper & Rolls,2,640.0,True,True,0.26535433070866143
Staples::Arts & Crafts > Canvas & Art Boards,Staples,Canvas & Art Boards,Arts & Crafts > Canvas & Art Boards,2,103.0,True,True,0.22976377952755905
Staples::Arts & Crafts > Chalk,Staples,Chalk,Arts & Crafts > Chalk,2,32.0,True,True,0.20929133858267715
Staples::Arts & Crafts > Charcoal,Staples,Charcoal,Arts & Crafts > Charcoal,2,11.0,True,True,0.19937007874015747
Staples::Arts & Crafts > Coloring Books,Staples,Coloring Books,Arts & Crafts > Coloring Books,2,166.0,True,True,0.2384251968503937
Staples::Arts & Crafts > Crafting,Staples,Crafting,Arts & Crafts > Crafting,2,1205.0,False,True,0.2795275590551181
Staples::Arts & Crafts > Crafting > Art Portfolios & Craft Storage,Staples,Art Portfolios & Craft Storage,Arts & Crafts > Crafting > Art Portfolios & Craft Storage,3,66.0,True,True,0.24402777777777776
Staples::Arts & Crafts > Crafting > Craft Kits,Staples,Craft Kits,Arts & Crafts > Crafting > Craft Kits,3,542.0,True,True,0.2823611111111111
Staples::Arts & Crafts > Crafting > Craft Supplies,Staples,Craft Supplies,Arts & Crafts > Crafting > Craft Supplies,3,597.0,True,True,0.2836111111111111
Staples::Arts & Crafts > Crayons,Staples,Crayons,Arts & Crafts > Crayons,2,119.0,True,True,0.23338582677165354
Staples::Arts & Crafts > Drafting Supplies,Staples,Drafting Supplies,Arts & Crafts > Drafting Supplies,2,88.0,True,True,0.22629921259842517
Staples::Arts & Crafts > Drawing & Colored Pencils,Staples,Drawing & Colored Pencils,Arts & Crafts > Drawing & Colored Pencils,2,240.0,True,True,0.2458267716535433
Staples::Arts & Crafts > Drawing Tools & Supplies,Staples,Drawing Tools & Supplies,Arts & Crafts > Drawing Tools & Supplies,2,53.0,True,True,0.21874015748031495
Staples::Arts & Crafts > Paint,Staples,Paint,Arts & Crafts > Paint,2,1884.0,True,True,0.2886614173228346
Staples::Arts & Crafts > Painting Accessories,Staples,Painting Accessories,Arts & Crafts > Painting Accessories,2,126.0,True,True,0.2338582677165354
Staples::Arts & Crafts > Pastels,Staples,Pastels,Arts & Crafts > Pastels,2,95.0,True,True,0.2275590551181102
Staples::Arts & Crafts > Scrapbooking,Staples,Scrapbooking,Arts & Crafts > Scrapbooking,2,515.0,False,True,0.261259842519685
Staples::Arts & Crafts > Scrapbooking > Die Cutting,Staples,Die Cutting,Arts & Crafts > Scrapbooking > Die Cutting,3,202.0,True,True,0.2683333333333333
Staples::Arts & Crafts > Scrapbooking > Scrapbooking Albums & Kits,Staples,Scrapbooking Albums & Kits,Arts & Crafts > Scrapbooking > Scrapbooking Albums & Kits,3,14.0,True,True,0.20930555555555555
Staples::Arts & Crafts > Scrapbooking > Stamps & Stencils,Staples,Stamps & Stencils,Arts & Crafts > Scrapbooking > Stamps & Stencils,3,133.0,True,True,0.25826388888888885
Staples::Arts & Crafts > Scrapbooking > Stickers & Embellishments,Staples,Stickers & Embellishments,Arts & Crafts > Scrapbooking > Stickers & Embellishments,3,166.0,True,True,0.2644444444444444
Staples::Arts & Crafts > Sketch Pads & Books,Staples,Sketch Pads & Books,Arts & Crafts > Sketch Pads & Books,2,584.0,True,True,0.264251968503937
Staples::Audio,Staples,Audio,Audio,1,2787.0,False,True,0.31794871794871793
Staples::Audio > Headphones,Staples,Headphones,Audio > Headphones,2,782.0,False,True,0.36010498687664044
Staples::Audio > Headphones > Headphones,Staples,Headphones,Audio > Headphones > Headphones,3,782.0,True,True,0.38203703703703706
Staples::Audio > Headsets & Microphones,Staples,Headsets & Microphones,Audio > Headsets & Microphones,2,1095.0,False,True,0.3710236220472441
Staples::Audio > Headsets & Microphones > Headsets,Staples,Headsets,Audio > Headsets & Microphones > Headsets,3,1016.0,True,True,0.38537037037037036
Staples::Audio > Portable Audio,Staples,Portable Audio,Audio > Portable Audio,2,910.0,False,True,0.3659842519685039
Staples::Audio > Portable Audio > Home Theater Audio,Staples,Home Theater Audio,Audio > Portable Audio > Home Theater Audio,3,235.0,False,True,0.3627777777777778
Staples::Audio > Portable Audio > Home Theater Audio > Home Theater Speaker Systems,Staples,Home Theater Speaker Systems,Audio > Portable Audio > Home Theater Audio > Home Theater Speaker Systems,4,64.0,True,True,0.35881739130434787
Staples::Audio > Portable Audio > Home Theater Audio > Home Theater Speakers,Staples,Home Theater Speakers,Audio > Portable Audio > Home Theater Audio > Home Theater Speakers,4,123.0,True,True,0.3730086956521739
Staples::Audio > Portable Audio > Home Theater Audio > Receivers & Amplifiers,Staples,Receivers & Amplifiers,Audio > Portable Audio > Home Theater Audio > Receivers & Amplifiers,4,36.0,True,True,0.3392
Staples::Audio > Portable Audio > Home Theater Audio > Retro Audio,Staples,Retro Audio,Audio > Portable Audio > Home Theater Audio > Retro Audio,4,235.0,True,True,0.38330434782608697
Staples::Audio > Portable Audio > Home Theater Audio > Speaker Stands,Staples,Speaker Stands,Audio > Portable Audio > Home Theater Audio > Speaker Stands,4,12.0,True,True,0.3069217391304348
Staples::Audio > Portable Audio > Listening Centers,Staples,Listening Centers,Audio > Portable Audio > Listening Centers,3,910.0,True,True,0.3844444444444445
Staples::Audio > Portable Audio > Portable Speakers & Radios,Staples,Portable Speakers & Radios,Audio > Portable Audio > Portable Speakers & Radios,3,484.0,True,True,0.37518518518518523
Staples::Audio > Portable Audio > Two Way Radios,Staples,Two Way Radios,Audio > Portable Audio > Two Way Radios,3,151.0,True,True,0.350462962962963
Staples::Audio > Portable Audio > Voice Recorders,Staples,Voice Recorders,Audio > Portable Audio > Voice Recorders,3,40.0,True,True,0.30953703703703705
"Staples::Bags, Backpacks & Luggage",Staples,"Bags, Backpacks & Luggage","Bags, Backpacks & Luggage",1,3347.0,False,True,0.4892307692307692
"Staples::Bags, Backpacks & Luggage > Backpacks & Laptop Bags",Staples,Backpacks & Laptop Bags,"Bags, Backpacks & Luggage > Backpacks & Laptop Bags",2,1064.0,False,True,0.552755905511811
"Staples::Bags, Backpacks & Luggage > Backpacks & Laptop Bags > Backpacks",Staples,Backpacks,"Bags, Backpacks & Luggage > Backpacks & Laptop Bags > Backpacks",3,585.0,True,True,0.5663888888888889
"Staples::Bags, Backpacks & Luggage > Backpacks & Laptop Bags > Laptop Bags",Staples,Laptop Bags,"Bags, Backpacks & Luggage > Backpacks & Laptop Bags > Laptop Bags",3,87.0,True,True,0.4984722222222222
"Staples::Bags, Backpacks & Luggage > Backpacks & Laptop Bags > Laptop Sleeves & Cases",Staples,Laptop Sleeves & Cases,"Bags, Backpacks & Luggage > Backpacks & Laptop Bags > Laptop Sleeves & Cases",3,300.0,True,True,0.5499999999999999
"Staples::Bags, Backpacks & Luggage > Backpacks & Laptop Bags > Messenger Bags",Staples,Messenger Bags,"Bags, Backpacks & Luggage > Backpacks & Laptop Bags > Messenger Bags",3,92.0,True,True,0.5002777777777777
"Staples::Bags, Backpacks & Luggage > Briefcases & Padfolios",Staples,Briefcases & Padfolios,"Bags, Backpacks & Luggage > Briefcases & Padfolios",2,495.0,False,True,0.5187401574803149
"Staples::Bags, Backpacks & Luggage > Briefcases & Padfolios > Briefcases",Staples,Briefcases,"Bags, Backpacks & Luggage > Briefcases & Padfolios > Briefcases",3,205.0,True,True,0.5381944444444444
"Staples::Bags, Backpacks & Luggage > Briefcases & Padfolios > Padfolios",Staples,Padfolios,"Bags, Backpacks & Luggage > Briefcases & Padfolios > Padfolios",3,117.0,True,True,0.5095833333333333
"Staples::Bags, Backpacks & Luggage > Briefcases & Padfolios > Totes & Handbags",Staples,Totes & Handbags,"Bags, Backpacks & Luggage > Briefcases & Padfolios > Totes & Handbags",3,173.0,True,True,0.5306944444444445
"Staples::Bags, Backpacks & Luggage > Luggage & Travel Accessories",Staples,Luggage & Travel Accessories,"Bags, Backpacks & Luggage > Luggage & Travel Accessories",2,1384.0,False,True,0.5691338582677165
"Staples::Bags, Backpacks & Luggage > Luggage & Travel Accessories > Luggage & Duffel Bags",Staples,Luggage & Duffel Bags,"Bags, Backpacks & Luggage > Luggage & Travel Accessories > Luggage & Duffel Bags",3,1001.0,False,True,0.5772222222222222
"Staples::Bags, Backpacks & Luggage > Luggage & Travel Accessories > Luggage & Duffel Bags > Sport & Duffel Bags",Staples,Sport & Duffel Bags,"Bags, Backpacks & Luggage > Luggage & Travel Accessories > Luggage & Duffel Bags > Sport & Duffel Bags",4,120.0,True,True,0.5588869565217391
"Staples::Bags, Backpacks & Luggage > Luggage & Travel Accessories > Luggage & Duffel Bags > Suitcases & Luggage Sets",Staples,Suitcases & Luggage Sets,"Bags, Backpacks & Luggage > Luggage & Travel Accessories > Luggage & Duffel Bags > Suitcases & Luggage Sets",4,881.0,True,True,0.5916521739130435
"Staples::Bags, Backpacks & Luggage > Luggage & Travel Accessories > Travel Accessories",Staples,Travel Accessories,"Bags, Backpacks & Luggage > Luggage & Travel Accessories > Travel Accessories",3,383.0,False,True,0.5569444444444444
"Staples::Bags, Backpacks & Luggage > Luggage & Travel Accessories > Travel Accessories > Luggage Tags, Locks & Covers",Staples,"Luggage Tags, Locks & Covers","Bags, Backpacks & Luggage > Luggage & Travel Accessories > Travel Accessories > Luggage Tags, Locks & Covers",4,83.0,True,True,0.5486608695652173
"Staples::Bags, Backpacks & Luggage > Luggage & Travel Accessories > Travel Accessories > Personal Travel Accessories",Staples,Personal Travel Accessories,"Bags, Backpacks & Luggage > Luggage & Travel Accessories > Travel Accessories > Personal Travel Accessories",4,152.0,True,True,0.5645217391304348
"Staples::Bags, Backpacks & Luggage > Luggage & Travel Accessories > Travel Accessories > Toiletry Bags, Packing Cubes & Travel Pouches",Staples,"Toiletry Bags, Packing Cubes & Travel Pouches","Bags, Backpacks & Luggage > Luggage & Travel Accessories > Travel Accessories > Toiletry Bags, Packing Cubes & Travel Pouches",4,148.0,True,True,0.5636869565217391
"Staples::Bags, Backpacks & Luggage > Totes & Handbags",Staples,Totes & Handbags,"Bags, Backpacks & Luggage > Totes & Handbags",2,577.0,False,True,0.5262992125984252
"Staples::Bags, Backpacks & Luggage > Totes & Handbags > Lunch Bags & Boxes",Staples,Lunch Bags & Boxes,"Bags, Backpacks & Luggage > Totes & Handbags > Lunch Bags & Boxes",3,404.0,True,True,0.5586111111111111
Staples::Batteries & Power,Staples,Batteries & Power,Batteries & Power,1,1441.0,False,True,0.5061538461538461
Staples::Batteries & Power > Battery Shop,Staples,Battery Shop,Batteries & Power > Battery Shop,2,354.0,False,True,0.5890288713910761
Staples::Batteries & Power > Battery Shop > Camera & Camcorder Batteries & Chargers,Staples,Camera & Camcorder Batteries & Chargers,Batteries & Power > Battery Shop > Camera & Camcorder Batteries & Chargers,3,6.0,True,True,0.4580787037037036
Staples::Batteries & Power > Battery Shop > Cell Phone Batteries,Staples,Cell Phone Batteries,Batteries & Power > Battery Shop > Cell Phone Batteries,3,354.0,True,True,0.6471759259259259
Staples::Batteries & Power > Battery Shop > Computer & Laptop Batteries,Staples,Computer & Laptop Batteries,Batteries & Power > Battery Shop > Computer & Laptop Batteries,3,236.0,True,True,0.6353472222222222
Staples::Batteries & Power > Battery Shop > Cordless Phone Batteries,Staples,Cordless Phone Batteries,Batteries & Power > Battery Shop > Cordless Phone Batteries,3,13.0,True,True,0.48513888888888884
Staples::Batteries & Power > Battery Shop > General Purpose Batteries,Staples,General Purpose Batteries,Batteries & Power > Battery Shop > General Purpose Batteries,3,81.0,True,True,0.5786342592592593
Staples::Batteries & Power > Battery Shop > Hearing Aid Batteries,Staples,Hearing Aid Batteries,Batteries & Power > Battery Shop > Hearing Aid Batteries,3,3.0,True,True,0.44122685185185184
Staples::Batteries & Power > Battery Shop > Specialty Batteries,Staples,Specialty Batteries,Batteries & Power > Battery Shop > Specialty Batteries,3,15.0,True,True,0.4929166666666666
Staples::Batteries & Power > Power Management,Staples,Power Management,Batteries & Power > Power Management,2,1087.0,False,True,0.6470866141732283
Staples::Batteries & Power > Power Management > Battery Backup & UPS,Staples,Battery Backup & UPS,Batteries & Power > Power Management > Battery Backup & UPS,3,406.0,True,True,0.652037037037037
Staples::Batteries & Power > Power Management > Extension Cords,Staples,Extension Cords,Batteries & Power > Power Management > Extension Cords,3,119.0,True,True,0.595648148148148
Staples::Batteries & Power > Power Management > Power Distribution Units,Staples,Power Distribution Units,Batteries & Power > Power Management > Power Distribution Units,3,78.0,True,True,0.5760416666666666
Staples::Batteries & Power > Power Management > Power Inverters,Staples,Power Inverters,Batteries & Power > Power Management > Power Inverters,3,15.0,True,True,0.4929166666666666
Staples::Batteries & Power > Power Management > Surge Protectors & Power Strips,Staples,Surge Protectors & Power Strips,Batteries & Power > Power Management > Surge Protectors & Power Strips,3,443.0,True,True,0.6543055555555555
Staples::Batteries & Power > Power Management > UPS Accessories,Staples,UPS Accessories,Batteries & Power > Power Management > UPS Accessories,3,26.0,True,True,0.5199768518518518
Staples::Cleaning Supplies,Staples,Cleaning Supplies,Cleaning Supplies,1,5865.0,False,True,0.8076923076923076
Staples::Cleaning Supplies > Chemical Sterilization Equipment,Staples,Chemical Sterilization Equipment,Cleaning Supplies > Chemical Sterilization Equipment,2,5865.0,True,True,0.887244094488189
Staples::Cleaning Supplies > Cleaning Chemicals & Wipes,Staples,Cleaning Chemicals & Wipes,Cleaning Supplies > Cleaning Chemicals & Wipes,2,1490.0,False,True,0.8584251968503938
Staples::Cleaning Supplies > Cleaning Chemicals & Wipes > Air Fresheners & Deodorizers,Staples,Air Fresheners & Deodorizers,Cleaning Supplies > Cleaning Chemicals & Wipes > Air Fresheners & Deodorizers,3,368.0,True,True,0.8329166666666666
Staples::Cleaning Supplies > Cleaning Chemicals & Wipes > Carpet Care,Staples,Carpet Care,Cleaning Supplies > Cleaning Chemicals & Wipes > Carpet Care,3,30.0,True,True,0.6785416666666667
Staples::Cleaning Supplies > Cleaning Chemicals & Wipes > Cleaning Chemicals,Staples,Cleaning Chemicals,Cleaning Supplies > Cleaning Chemicals & Wipes > Cleaning Chemicals,3,671.0,True,True,0.8564583333333333
Staples::Cleaning Supplies > Cleaning Chemicals & Wipes > Dilution Control Systems & Chemicals,Staples,Dilution Control Systems & Chemicals,Cleaning Supplies > Cleaning Chemicals & Wipes > Dilution Control Systems & Chemicals,3,109.0,False,True,0.7604166666666667
Staples::Cleaning Supplies > Cleaning Chemicals & Wipes > Dilution Control Systems & Chemicals > Dilution Control Chemicals,Staples,Dilution Control Chemicals,Cleaning Supplies > Cleaning Chemicals & Wipes > Dilution Control Systems & Chemicals > Dilution Control Chemicals,4,104.0,True,True,0.8342608695652174
Staples::Cleaning Supplies > Cleaning Chemicals & Wipes > Dilution Control Systems & Chemicals > Dilution Control System & Accessories,Staples,Dilution Control System & Accessories,Cleaning Supplies > Cleaning Chemicals & Wipes > Dilution Control Systems & Chemicals > Dilution Control System & Accessories,4,5.0,True,True,0.638295652173913
Staples::Cleaning Supplies > Cleaning Chemicals & Wipes > Disinfectant Wipes,Staples,Disinfectant Wipes,Cleaning Supplies > Cleaning Chemicals & Wipes > Disinfectant Wipes,3,142.0,True,True,0.7791666666666667
Staples::Cleaning Supplies > Cleaning Chemicals & Wipes > Hard Floor Care,Staples,Hard Floor Care,Cleaning Supplies > Cleaning Chemicals & Wipes > Hard Floor Care,3,132.0,True,True,0.7733333333333333
Staples::Cleaning Supplies > Cleaning Chemicals & Wipes > Urinal Screens,Staples,Urinal Screens,Cleaning Supplies > Cleaning Chemicals & Wipes > Urinal Screens,3,38.0,True,True,0.6908333333333334
Staples::Cleaning Supplies > Cleaning Tools,Staples,Cleaning Tools,Cleaning Supplies > Cleaning Tools,2,968.0,False,True,0.8272440944881889
Staples::Cleaning Supplies > Cleaning Tools > Cleaning Brushes & Toilet Plungers,Staples,Cleaning Brushes & Toilet Plungers,Cleaning Supplies > Cleaning Tools > Cleaning Brushes & Toilet Plungers,3,65.0,True,True,0.7308333333333333
"Staples::Cleaning Supplies > Cleaning Tools > Cleaning Carts, Caddies & Accessories",Staples,"Cleaning Carts, Caddies & Accessories","Cleaning Supplies > Cleaning Tools > Cleaning Carts, Caddies & Accessories",3,37.0,False,True,0.68875
"Staples::Cleaning Supplies > Cleaning Tools > Cleaning Carts, Caddies & Accessories > Cleaning Caddies",Staples,Cleaning Caddies,"Cleaning Supplies > Cleaning Tools > Cleaning Carts, Caddies & Accessories > Cleaning Caddies",4,9.0,True,True,0.6705391304347826
"Staples::Cleaning Supplies > Cleaning Tools > Cleaning Carts, Caddies & Accessories > Cleaning Cart Accessories",Staples,Cleaning Cart Accessories,"Cleaning Supplies > Cleaning Tools > Cleaning Carts, Caddies & Accessories > Cleaning Cart Accessories",4,14.0,True,True,0.7034086956521739
"Staples::Cleaning Supplies > Cleaning Tools > Cleaning Carts, Caddies & Accessories > Cleaning Carts",Staples,Cleaning Carts,"Cleaning Supplies > Cleaning Tools > Cleaning Carts, Caddies & Accessories > Cleaning Carts",4,14.0,True,True,0.7034086956521739
Staples::Cleaning Supplies > Cleaning Tools > Cleaning Cloths & Rags,Staples,Cleaning Cloths & Rags,Cleaning Supplies > Cleaning Tools > Cleaning Cloths & Rags,3,186.0,True,True,0.7991666666666667
Staples::Cleaning Supplies > Cleaning Tools > Dusters,Staples,Dusters,Cleaning Supplies > Cleaning Tools > Dusters,3,49.0,True,True,0.7104166666666667
"Staples::Cleaning Supplies > Cleaning Tools > Mops, Brooms & Dustpans",Staples,"Mops, Brooms & Dustpans","Cleaning Supplies > Cleaning Tools > Mops, Brooms & Dustpans",3,490.0,False,True,0.8445833333333334
"Staples::Cleaning Supplies > Cleaning Tools > Mops, Brooms & Dustpans > Mop Buckets & Wringers",Staples,Mop Buckets & Wringers,"Cleaning Supplies > Cleaning Tools > Mops, Brooms & Dustpans > Mop Buckets & Wringers",4,46.0,True,True,0.7829217391304348
"Staples::Cleaning Supplies > Cleaning Tools > Mops, Brooms & Dustpans > Mop Heads & Refill Pads",Staples,Mop Heads & Refill Pads,"Cleaning Supplies > Cleaning Tools > Mops, Brooms & Dustpans > Mop Heads & Refill Pads",4,214.0,True,True,0.8593043478260869
"Staples::Cleaning Supplies > Cleaning Tools > Mops, Brooms & Dustpans > Mops",Staples,Mops,"Cleaning Supplies > Cleaning Tools > Mops, Brooms & Dustpans > Mops",4,119.0,True,True,0.837391304347826
Staples::Cleaning Supplies > Cleaning Tools > Sponges & Scrubbers,Staples,Sponges & Scrubbers,Cleaning Supplies > Cleaning Tools > Sponges & Scrubbers,3,78.0,True,True,0.740625
Staples::Cleaning Supplies > Cleaning Tools > Spray Bottles & Sprayers,Staples,Spray Bottles & Sprayers,Cleaning Supplies > Cleaning Tools > Spray Bottles & Sprayers,3,23.0,True,True,0.6539583333333334
Staples::Cleaning Supplies > Cleaning Tools > Squeegees,Staples,Squeegees,Cleaning Supplies > Cleaning Tools > Squeegees,3,40.0,True,True,0.6964583333333333
Staples::Cleaning Supplies > Dish Soap,Staples,Dish Soap,Cleaning Supplies > Dish Soap,2,91.0,True,True,0.6812598425196851
Staples::Cleaning Supplies > Dishwasher Detergent,Staples,Dishwasher Detergent,Cleaning Supplies > Dishwasher Detergent,2,40.0,True,True,0.6392125984251968
Staples::Cleaning Supplies > Floor & Carpet Cleaning Equipment,Staples,Floor & Carpet Cleaning Equipment,Cleaning Supplies > Floor & Carpet Cleaning Equipment,2,529.0,False,True,0.7866141732283465
Staples::Cleaning Supplies > Floor & Carpet Cleaning Equipment > Auto Scrubbers,Staples,Auto Scrubbers,Cleaning Supplies > Floor & Carpet Cleaning Equipment > Auto Scrubbers,3,24.0,True,True,0.6612500000000001
Staples::Cleaning Supplies > Floor & Carpet Cleaning Equipment > Carpet Extractors & Cleaners,Staples,Carpet Extractors & Cleaners,Cleaning Supplies > Floor & Carpet Cleaning Equipment > Carpet Extractors & Cleaners,3,16.0,True,True,0.6391666666666667
Staples::Cleaning Supplies > Floor & Carpet Cleaning Equipment > Floor Finish Applicators,Staples,Floor Finish Applicators,Cleaning Supplies > Floor & Carpet Cleaning Equipment > Floor Finish Applicators,3,1.0,True,True,0.5499999999999999
Staples::Cleaning Supplies > Floor & Carpet Cleaning Equipment > Floor Machines & Burnishers,Staples,Floor Machines & Burnishers,Cleaning Supplies > Floor & Carpet Cleaning Equipment > Floor Machines & Burnishers,3,17.0,True,True,0.6414583333333334
Staples::Cleaning Supplies > Floor & Carpet Cleaning Equipment > Floor Pads,Staples,Floor Pads,Cleaning Supplies > Floor & Carpet Cleaning Equipment > Floor Pads,3,119.0,True,True,0.7658333333333333
Staples::Cleaning Supplies > Floor & Carpet Cleaning Equipment > Vacuum Parts & Accessories,Staples,Vacuum Parts & Accessories,Cleaning Supplies > Floor & Carpet Cleaning Equipment > Vacuum Parts & Accessories,3,135.0,True,True,0.7760416666666666
Staples::Cleaning Supplies > Floor & Carpet Cleaning Equipment > Vacuums,Staples,Vacuums,Cleaning Supplies > Floor & Carpet Cleaning Equipment > Vacuums,3,204.0,True,True,0.8064583333333334
Staples::Cleaning Supplies > Floor & Carpet Cleaning Equipment > Wet/Dry Vacuums,Staples,Wet/Dry Vacuums,Cleaning Supplies > Floor & Carpet Cleaning Equipment > Wet/Dry Vacuums,3,13.0,True,True,0.62375
Staples::Cleaning Supplies > Hand Soaps & Sanitizers,Staples,Hand Soaps & Sanitizers,Cleaning Supplies > Hand Soaps & Sanitizers,2,501.0,False,True,0.7809448818897639
Staples::Cleaning Supplies > Hand Soaps & Sanitizers > Hand Sanitizer,Staples,Hand Sanitizer,Cleaning Supplies > Hand Soaps & Sanitizers > Hand Sanitizer,3,114.0,True,True,0.7633333333333333
Staples::Cleaning Supplies > Hand Soaps & Sanitizers > Hand Soap,Staples,Hand Soap,Cleaning Supplies > Hand Soaps & Sanitizers > Hand Soap,3,283.0,True,True,0.8220833333333333
Staples::Cleaning Supplies > Hand Soaps & Sanitizers > Hand Soap & Sanitizer Dispensers,Staples,Hand Soap & Sanitizer Dispensers,Cleaning Supplies > Hand Soaps & Sanitizers > Hand Soap & Sanitizer Dispensers,3,104.0,True,True,0.75875
Staples::Cleaning Supplies > Janitorial Paper & Dispensers,Staples,Janitorial Paper & Dispensers,Cleaning Supplies > Janitorial Paper & Dispensers,2,497.0,False,True,0.7790551181102362
Staples::Cleaning Supplies > Janitorial Paper & Dispensers > Dispensers & Restroom Equipment,Staples,Dispensers & Restroom Equipment,Cleaning Supplies > Janitorial Paper & Dispensers > Dispensers & Restroom Equipment,3,106.0,False,True,0.76
Staples::Cleaning Supplies > Janitorial Paper & Dispensers > Dispensers & Restroom Equipment > Toilet Paper Dispensers,Staples,Toilet Paper Dispensers,Cleaning Supplies > Janitorial Paper & Dispensers > Dispensers & Restroom Equipment > Toilet Paper Dispensers,4,41.0,True,True,0.7738434782608696
Staples::Cleaning Supplies > Laundry Care,Staples,Laundry Care,Cleaning Supplies > Laundry Care,2,404.0,False,True,0.767244094488189
Staples::Cleaning Supplies > Laundry Care > Dryer Sheets,Staples,Dryer Sheets,Cleaning Supplies > Laundry Care > Dryer Sheets,3,6.0,True,True,0.5889583333333334
Staples::Cleaning Supplies > Laundry Care > Fabric Softener,Staples,Fabric Softener,Cleaning Supplies > Laundry Care > Fabric Softener,3,8.0,True,True,0.5991666666666667
Staples::Cleaning Supplies > Laundry Care > Laundry Detergent,Staples,Laundry Detergent,Cleaning Supplies > Laundry Care > Laundry Detergent,3,94.0,True,True,0.7512500000000001
Staples::Cleaning Supplies > Laundry Care > Laundry Room Organization,Staples,Laundry Room Organization,Cleaning Supplies > Laundry Care > Laundry Room Organization,3,255.0,False,True,0.8191666666666667
Staples::Cleaning Supplies > Laundry Care > Laundry Room Organization > Clothes Drying,Staples,Clothes Drying,Cleaning Supplies > Laundry Care > Laundry Room Organization > Clothes Drying,4,38.0,True,True,0.7675826086956521
Staples::Cleaning Supplies > Laundry Care > Laundry Room Organization > Laundry Accessories,Staples,Laundry Accessories,Cleaning Supplies > Laundry Care > Laundry Room Organization > Laundry Accessories,4,49.0,True,True,0.7888695652173913
"Staples::Cleaning Supplies > Laundry Care > Laundry Room Organization > Laundry Baskets, Hampers & Sorters",Staples,"Laundry Baskets, Hampers & Sorters","Cleaning Supplies > Laundry Care > Laundry Room Organization > Laundry Baskets, Hampers & Sorters",4,168.0,True,True,0.8511652173913044
Staples::Cleaning Supplies > Laundry Care > Laundry Sanitizers & Bleach,Staples,Laundry Sanitizers & Bleach,Cleaning Supplies > Laundry Care > Laundry Sanitizers & Bleach,3,11.0,True,True,0.6154166666666666
Staples::Cleaning Supplies > Laundry Care > Laundry Stain Removers,Staples,Laundry Stain Removers,Cleaning Supplies > Laundry Care > Laundry Stain Removers,3,23.0,True,True,0.6539583333333334
Staples::Cleaning Supplies > Laundry Care > Scent Boosters,Staples,Scent Boosters,Cleaning Supplies > Laundry Care > Scent Boosters,3,7.0,True,True,0.5952083333333333
Staples::Cleaning Supplies > Natural Cleaning Supplies,Staples,Natural Cleaning Supplies,Cleaning Supplies > Natural Cleaning Supplies,2,5865.0,False,True,0.887244094488189
Staples::Cleaning Supplies > Natural Cleaning Supplies > Natural Cleaning Supplies,Staples,Natural Cleaning Supplies,Cleaning Supplies > Natural Cleaning Supplies > Natural Cleaning Supplies,3,0.0,True,True,0.5420833333333333
Staples::Cleaning Supplies > Pest Control,Staples,Pest Control,Cleaning Supplies > Pest Control,2,128.0,True,True,0.7025196850393701
Staples::Cleaning Supplies > Sink Strainers,Staples,Sink Strainers,Cleaning Supplies > Sink Strainers,2,1.0,True,True,0.5470866141732283
Staples::Cleaning Supplies > Waste & Recycling,Staples,Waste & Recycling,Cleaning Supplies > Waste & Recycling,2,1216.0,False,True,0.8395275590551181
Staples::Cleaning Supplies > Waste & Recycling > Trash Bags,Staples,Trash Bags,Cleaning Supplies > Waste & Recycling > Trash Bags,3,362.0,True,True,0.8325
Staples::Cleaning Supplies > Waste & Recycling > Trash Cans & Recycling Bins,Staples,Trash Cans & Recycling Bins,Cleaning Supplies > Waste & Recycling > Trash Cans & Recycling Bins,3,798.0,True,True,0.86
Staples::Cleaning Supplies > Waste & Recycling > Waste Receptacle Lids & Accessories,Staples,Waste Receptacle Lids & Accessories,Cleaning Supplies > Waste & Recycling > Waste Receptacle Lids & Accessories,3,56.0,True,True,0.7189583333333334
"Staples::Coffee, Water & Snacks",Staples,"Coffee, Water & Snacks","Coffee, Water & Snacks",1,5467.0,False,True,0.7984615384615384
"Staples::Coffee, Water & Snacks > Breakroom Appliances",Staples,Breakroom Appliances,"Coffee, Water & Snacks > Breakroom Appliances",2,388.0,False,True,0.7629921259842519
"Staples::Coffee, Water & Snacks > Breakroom Appliances > Blenders & Food Processors",Staples,Blenders & Food Processors,"Coffee, Water & Snacks > Breakroom Appliances > Blenders & Food Processors",3,65.0,True,True,0.7308333333333333
"Staples::Coffee, Water & Snacks > Breakroom Appliances > Drink Makers",Staples,Drink Makers,"Coffee, Water & Snacks > Breakroom Appliances > Drink Makers",3,6.0,True,True,0.5889583333333334
"Staples::Coffee, Water & Snacks > Breakroom Appliances > Juicers",Staples,Juicers,"Coffee, Water & Snacks > Breakroom Appliances > Juicers",3,4.0,True,True,0.5741666666666667
"Staples::Coffee, Water & Snacks > Breakroom Appliances > Napkin Dispensers",Staples,Napkin Dispensers,"Coffee, Water & Snacks > Breakroom Appliances > Napkin Dispensers",3,5.0,True,True,0.5814583333333333
"Staples::Coffee, Water & Snacks > Breakroom Appliances > Paper Towel Dispensers",Staples,Paper Towel Dispensers,"Coffee, Water & Snacks > Breakroom Appliances > Paper Towel Dispensers",3,46.0,True,True,0.7075
"Staples::Coffee, Water & Snacks > Breakroom Appliances > Toaster Ovens",Staples,Toaster Ovens,"Coffee, Water & Snacks > Breakroom Appliances > Toaster Ovens",3,41.0,True,True,0.6997916666666666
"Staples::Coffee, Water & Snacks > Breakroom Appliances > Water Filters & Dispensers",Staples,Water Filters & Dispensers,"Coffee, Water & Snacks > Breakroom Appliances > Water Filters & Dispensers",3,82.0,True,True,0.7452083333333334
"Staples::Coffee, Water & Snacks > Candy, Gum & Mints",Staples,"Candy, Gum & Mints","Coffee, Water & Snacks > Candy, Gum & Mints",2,404.0,False,True,0.767244094488189
"Staples::Coffee, Water & Snacks > Candy, Gum & Mints > Chocolate",Staples,Chocolate,"Coffee, Water & Snacks > Candy, Gum & Mints > Chocolate",3,154.0,True,True,0.7904166666666667
"Staples::Coffee, Water & Snacks > Candy, Gum & Mints > Gum & Mints",Staples,Gum & Mints,"Coffee, Water & Snacks > Candy, Gum & Mints > Gum & Mints",3,57.0,True,True,0.7202083333333333
"Staples::Coffee, Water & Snacks > Candy, Gum & Mints > Gummy & Chewy Candy",Staples,Gummy & Chewy Candy,"Coffee, Water & Snacks > Candy, Gum & Mints > Gummy & Chewy Candy",3,124.0,True,True,0.7687499999999999
"Staples::Coffee, Water & Snacks > Candy, Gum & Mints > Hard Candy & Lollipops",Staples,Hard Candy & Lollipops,"Coffee, Water & Snacks > Candy, Gum & Mints > Hard Candy & Lollipops",3,51.0,True,True,0.7122916666666667
"Staples::Coffee, Water & Snacks > Coffee",Staples,Coffee,"Coffee, Water & Snacks > Coffee",2,277.0,True,True,0.7431496062992127
"Staples::Coffee, Water & Snacks > Coffee, Coffee Makers & Supplies",Staples,"Coffee, Coffee Makers & Supplies","Coffee, Water & Snacks > Coffee, Coffee Makers & Supplies",2,1500.0,False,True,0.8593700787401575
"Staples::Coffee, Water & Snacks > Coffee, Coffee Makers & Supplies > Carafes, Kettles & Decanters",Staples,"Carafes, Kettles & Decanters","Coffee, Water & Snacks > Coffee, Coffee Makers & Supplies > Carafes, Kettles & Decanters",3,55.0,True,True,0.7170833333333334
"Staples::Coffee, Water & Snacks > Coffee, Coffee Makers & Supplies > Cocoa",Staples,Cocoa,"Coffee, Water & Snacks > Coffee, Coffee Makers & Supplies > Cocoa",3,14.0,True,True,0.6279166666666667
"Staples::Coffee, Water & Snacks > Coffee, Coffee Makers & Supplies > Coffee Filters",Staples,Coffee Filters,"Coffee, Water & Snacks > Coffee, Coffee Makers & Supplies > Coffee Filters",3,12.0,True,True,0.619375
"Staples::Coffee, Water & Snacks > Coffee, Coffee Makers & Supplies > Coffee Grinders",Staples,Coffee Grinders,"Coffee, Water & Snacks > Coffee, Coffee Makers & Supplies > Coffee Grinders",3,14.0,True,True,0.6279166666666667
"Staples::Coffee, Water & Snacks > Coffee, Coffee Makers & Supplies > Coffee Makers & Espresso Machines",Staples,Coffee Makers & Espresso Machines,"Coffee, Water & Snacks > Coffee, Coffee Makers & Supplies > Coffee Makers & Espresso Machines",3,139.0,True,True,0.7777083333333333
"Staples::Coffee, Water & Snacks > Coffee, Coffee Makers & Supplies > Coffee Organizers & Dispensers",Staples,Coffee Organizers & Dispensers,"Coffee, Water & Snacks > Coffee, Coffee Makers & Supplies > Coffee Organizers & Dispensers",3,50.0,True,True,0.7108333333333333
"Staples::Coffee, Water & Snacks > Coffee, Coffee Makers & Supplies > Tea",Staples,Tea,"Coffee, Water & Snacks > Coffee, Coffee Makers & Supplies > Tea",3,139.0,True,True,0.7777083333333333
"Staples::Coffee, Water & Snacks > Paper Products",Staples,Paper Products,"Coffee, Water & Snacks > Paper Products",2,391.0,False,True,0.7648818897637796
"Staples::Coffee, Water & Snacks > Paper Products > Facial Tissue",Staples,Facial Tissue,"Coffee, Water & Snacks > Paper Products > Facial Tissue",3,68.0,True,True,0.7347916666666667
"Staples::Coffee, Water & Snacks > Paper Products > Paper Towels",Staples,Paper Towels,"Coffee, Water & Snacks > Paper Products > Paper Towels",3,182.0,True,True,0.7972916666666667
"Staples::Coffee, Water & Snacks > Paper Products > Toilet Paper & Bath Tissue",Staples,Toilet Paper & Bath Tissue,"Coffee, Water & Snacks > Paper Products > Toilet Paper & Bath Tissue",3,130.0,True,True,0.7710416666666666
"Staples::Coffee, Water & Snacks > Paper Products > Toilet Seat Covers",Staples,Toilet Seat Covers,"Coffee, Water & Snacks > Paper Products > Toilet Seat Covers",3,11.0,True,True,0.6154166666666666
"Staples::Coffee, Water & Snacks > Plates, Cups & Cutlery",Staples,"Plates, Cups & Cutlery","Coffee, Water & Snacks > Plates, Cups & Cutlery",2,943.0,True,True,0.8253543307086615
"Staples::Coffee, Water & Snacks > Single Serve Coffee, Tea & Cocoa",Staples,"Single Serve Coffee, Tea & Cocoa","Coffee, Water & Snacks > Single Serve Coffee, Tea & Cocoa",2,583.0,True,True,0.7913385826771653
"Staples::Coffee, Water & Snacks > Snacks & Food",Staples,Snacks & Food,"Coffee, Water & Snacks > Snacks & Food",2,1139.0,False,True,0.8366929133858269
"Staples::Coffee, Water & Snacks > Snacks & Food > Chips",Staples,Chips,"Coffee, Water & Snacks > Snacks & Food > Chips",3,117.0,True,True,0.764375
"Staples::Coffee, Water & Snacks > Snacks & Food > Cookies",Staples,Cookies,"Coffee, Water & Snacks > Snacks & Food > Cookies",3,95.0,True,True,0.7520833333333333
"Staples::Coffee, Water & Snacks > Snacks & Food > Crackers",Staples,Crackers,"Coffee, Water & Snacks > Snacks & Food > Crackers",3,41.0,True,True,0.6997916666666666
"Staples::Coffee, Water & Snacks > Snacks & Food > Fresh, Frozen & Dry Groceries",Staples,"Fresh, Frozen & Dry Groceries","Coffee, Water & Snacks > Snacks & Food > Fresh, Frozen & Dry Groceries",3,322.0,False,True,0.8279166666666666
"Staples::Coffee, Water & Snacks > Snacks & Food > Fresh, Frozen & Dry Groceries > Condiments",Staples,Condiments,"Coffee, Water & Snacks > Snacks & Food > Fresh, Frozen & Dry Groceries > Condiments",4,54.0,True,True,0.7970086956521739
"Staples::Coffee, Water & Snacks > Snacks & Food > Fresh, Frozen & Dry Groceries > Dry Goods",Staples,Dry Goods,"Coffee, Water & Snacks > Snacks & Food > Fresh, Frozen & Dry Groceries > Dry Goods",4,98.0,True,True,0.8317565217391305
"Staples::Coffee, Water & Snacks > Snacks & Food > Fresh, Frozen & Dry Groceries > Fresh Groceries",Staples,Fresh Groceries,"Coffee, Water & Snacks > Snacks & Food > Fresh, Frozen & Dry Groceries > Fresh Groceries",4,46.0,True,True,0.7829217391304348
"Staples::Coffee, Water & Snacks > Snacks & Food > Fresh, Frozen & Dry Groceries > Frozen Foods",Staples,Frozen Foods,"Coffee, Water & Snacks > Snacks & Food > Fresh, Frozen & Dry Groceries > Frozen Foods",4,54.0,True,True,0.7970086956521739
"Staples::Coffee, Water & Snacks > Snacks & Food > Fresh, Frozen & Dry Groceries > Sugar & Sweeteners",Staples,Sugar & Sweeteners,"Coffee, Water & Snacks > Snacks & Food > Fresh, Frozen & Dry Groceries > Sugar & Sweeteners",4,70.0,True,True,0.8151652173913043
"Staples::Coffee, Water & Snacks > Snacks & Food > Fruit Snacks",Staples,Fruit Snacks,"Coffee, Water & Snacks > Snacks & Food > Fruit Snacks",3,33.0,True,True,0.6829166666666667
"Staples::Coffee, Water & Snacks > Snacks & Food > Jerky & Meat Sticks",Staples,Jerky & Meat Sticks,"Coffee, Water & Snacks > Snacks & Food > Jerky & Meat Sticks",3,64.0,True,True,0.7291666666666666
"Staples::Coffee, Water & Snacks > Snacks & Food > Nuts & Seeds",Staples,Nuts & Seeds,"Coffee, Water & Snacks > Snacks & Food > Nuts & Seeds",3,65.0,True,True,0.7308333333333333
"Staples::Coffee, Water & Snacks > Snacks & Food > Popcorn",Staples,Popcorn,"Coffee, Water & Snacks > Snacks & Food > Popcorn",3,18.0,True,True,0.6441666666666668
"Staples::Coffee, Water & Snacks > Snacks & Food > Pretzels",Staples,Pretzels,"Coffee, Water & Snacks > Snacks & Food > Pretzels",3,33.0,True,True,0.6829166666666667
"Staples::Coffee, Water & Snacks > Snacks & Food > Snack & Trail Mixes",Staples,Snack & Trail Mixes,"Coffee, Water & Snacks > Snacks & Food > Snack & Trail Mixes",3,45.0,True,True,0.7060416666666667
"Staples::Coffee, Water & Snacks > Snacks & Food > Snacks & Granola Bars",Staples,Snacks & Granola Bars,"Coffee, Water & Snacks > Snacks & Food > Snacks & Granola Bars",3,236.0,True,True,0.816875
"Staples::Coffee, Water & Snacks > Snacks & Food > Variety Snack Packs",Staples,Variety Snack Packs,"Coffee, Water & Snacks > Snacks & Food > Variety Snack Packs",3,52.0,True,True,0.714375
"Staples::Coffee, Water & Snacks > Water & Beverages",Staples,Water & Beverages,"Coffee, Water & Snacks > Water & Beverages",2,1076.0,False,True,0.8310236220472441
"Staples::Coffee, Water & Snacks > Water & Beverages > Energy & Sports Drinks",Staples,Energy & Sports Drinks,"Coffee, Water & Snacks > Water & Beverages > Energy & Sports Drinks",3,103.0,True,True,0.7575000000000001
"Staples::Coffee, Water & Snacks > Water & Beverages > Juice",Staples,Juice,"Coffee, Water & Snacks > Water & Beverages > Juice",3,53.0,True,True,0.715625
"Staples::Coffee, Water & Snacks > Water & Beverages > Liquid & Powdered Drink Mixes",Staples,Liquid & Powdered Drink Mixes,"Coffee, Water & Snacks > Water & Beverages > Liquid & Powdered Drink Mixes",3,95.0,True,True,0.7520833333333333
"Staples::Coffee, Water & Snacks > Water & Beverages > Milk & Creamer",Staples,Milk & Creamer,"Coffee, Water & Snacks > Water & Beverages > Milk & Creamer",3,118.0,True,True,0.765
"Staples::Coffee, Water & Snacks > Water & Beverages > Soda",Staples,Soda,"Coffee, Water & Snacks > Water & Beverages > Soda",3,44.0,True,True,0.7052083333333333
"Staples::Coffee, Water & Snacks > Water & Beverages > Water",Staples,Water,"Coffee, Water & Snacks > Water & Beverages > Water",3,200.0,True,True,0.8039583333333332
"Staples::Coffee, Water & Snacks > Water & Beverages > Water Bottles, Tumblers & Travel Mugs",Staples,"Water Bottles, Tumblers & Travel Mugs","Coffee, Water & Snacks > Water & Beverages > Water Bottles, Tumblers & Travel Mugs",3,463.0,True,True,0.8429166666666668
Staples::Computer Software,Staples,Computer Software,Computer Software,1,347.0,False,True,0.3153846153846154
Staples::Computer Software > Accounting Software,Staples,Accounting Software,Computer Software > Accounting Software,2,18.0,True,True,0.3391076115485564
Staples::Computer Software > Antivirus Software,Staples,Antivirus Software,Computer Software > Antivirus Software,2,105.0,True,True,0.3850393700787402
Staples::Computer Software > Education & Language Learning Software,Staples,Education & Language Learning Software,Computer Software > Education & Language Learning Software,2,10.0,True,True,0.3299212598425197
Staples::Computer Software > Finance Software,Staples,Finance Software,Computer Software > Finance Software,2,20.0,True,True,0.34146981627296585
Staples::Computer Software > Hobbies & Personal Interest Software,Staples,Hobbies & Personal Interest Software,Computer Software > Hobbies & Personal Interest Software,2,5.0,True,True,0.3186351706036745
Staples::Computer Software > Legal Software,Staples,Legal Software,Computer Software > Legal Software,2,2.0,True,True,0.30787401574803147
Staples::Computer Software > Microsoft Office,Staples,Microsoft Office,Computer Software > Microsoft Office,2,5.0,True,True,0.3186351706036745
Staples::Computer Software > Office & Business Software,Staples,Office & Business Software,Computer Software > Office & Business Software,2,35.0,True,True,0.3506561679790026
Staples::Computer Software > PC Games & Accessories,Staples,PC Games & Accessories,Computer Software > PC Games & Accessories,2,47.0,False,True,0.3590551181102362
Staples::Computer Software > PC Games & Accessories > PC Games,Staples,PC Games,Computer Software > PC Games & Accessories > PC Games,3,47.0,True,True,0.3940972222222222
Staples::Computer Software > PC Games & Accessories > PC Gaming Accessories,Staples,PC Gaming Accessories,Computer Software > PC Games & Accessories > PC Gaming Accessories,3,47.0,True,True,0.3940972222222222
Staples::Computer Software > PDF Software,Staples,PDF Software,Computer Software > PDF Software,2,9.0,True,True,0.326509186351706
Staples::Computer Software > Photo Editing & Graphic Design Software,Staples,Photo Editing & Graphic Design Software,Computer Software > Photo Editing & Graphic Design Software,2,60.0,True,True,0.36666666666666664
Staples::Computer Software > Tax Software,Staples,Tax Software,Computer Software > Tax Software,2,6.0,True,True,0.32125984251968503
Staples::Computer Software > Video Editing & Music Software,Staples,Video Editing & Music Software,Computer Software > Video Editing & Music Software,2,15.0,True,True,0.336745406824147
Staples::Computer Software > Windows Operating Systems,Staples,Windows Operating Systems,Computer Software > Windows Operating Systems,2,4.0,True,True,0.3139107611548556
Staples::Computers & Accessories,Staples,Computers & Accessories,Computers & Accessories,1,9584.0,False,True,0.7343589743589743
Staples::Computers & Accessories > Computer Accessories & Peripherals,Staples,Computer Accessories & Peripherals,Computers & Accessories > Computer Accessories & Peripherals,2,6066.0,False,True,0.7899212598425197
Staples::Computers & Accessories > Computer Accessories & Peripherals > Cables & Cable Accessories,Staples,Cables & Cable Accessories,Computers & Accessories > Computer Accessories & Peripherals > Cables & Cable Accessories,3,3118.0,False,True,0.7796296296296297
Staples::Computers & Accessories > Computer Accessories & Peripherals > Cables & Cable Accessories > Adapters & Splitters,Staples,Adapters & Splitters,Computers & Accessories > Computer Accessories & Peripherals > Cables & Cable Accessories > Adapters & Splitters,4,684.0,True,True,0.7866434782608697
Staples::Computers & Accessories > Computer Accessories & Peripherals > Cables & Cable Accessories > Cable Management,Staples,Cable Management,Computers & Accessories > Computer Accessories & Peripherals > Cables & Cable Accessories > Cable Management,4,218.0,True,True,0.7646608695652174
Staples::Computers & Accessories > Computer Accessories & Peripherals > Cables & Cable Accessories > Cables,Staples,Cables,Computers & Accessories > Computer Accessories & Peripherals > Cables & Cable Accessories > Cables,4,1992.0,True,True,0.7938782608695653
Staples::Computers & Accessories > Computer Accessories & Peripherals > Cables & Cable Accessories > USB Hubs,Staples,USB Hubs,Computers & Accessories > Computer Accessories & Peripherals > Cables & Cable Accessories > USB Hubs,4,224.0,True,True,0.7654956521739131
Staples::Computers & Accessories > Computer Accessories & Peripherals > Computer Cleaning & Maintenance,Staples,Computer Cleaning & Maintenance,Computers & Accessories > Computer Accessories & Peripherals > Computer Cleaning & Maintenance,3,140.0,True,True,0.6918518518518519
Staples::Computers & Accessories > Computer Accessories & Peripherals > Computer Keyboards,Staples,Computer Keyboards,Computers & Accessories > Computer Accessories & Peripherals > Computer Keyboards,3,374.0,True,True,0.7411111111111112
Staples::Computers & Accessories > Computer Accessories & Peripherals > Computer Mice,Staples,Computer Mice,Computers & Accessories > Computer Accessories & Peripherals > Computer Mice,3,496.0,True,True,0.7511111111111112
Staples::Computers & Accessories > Computer Accessories & Peripherals > Computer Privacy Screens & Protectors,Staples,Computer Privacy Screens & Protectors,Computers & Accessories > Computer Accessories & Peripherals > Computer Privacy Screens & Protectors,3,147.0,True,True,0.6966666666666668
Staples::Computers & Accessories > Computer Accessories & Peripherals > Computer Speakers,Staples,Computer Speakers,Computers & Accessories > Computer Accessories & Peripherals > Computer Speakers,3,51.0,True,True,0.6331481481481482
Staples::Computers & Accessories > Computer Accessories & Peripherals > Graphic Tablets,Staples,Graphic Tablets,Computers & Accessories > Computer Accessories & Peripherals > Graphic Tablets,3,16.0,True,True,0.5681481481481482
Staples::Computers & Accessories > Computer Accessories & Peripherals > Keyboard & Mouse Combos,Staples,Keyboard & Mouse Combos,Computers & Accessories > Computer Accessories & Peripherals > Keyboard & Mouse Combos,3,199.0,True,True,0.7140740740740741
Staples::Computers & Accessories > Computer Accessories & Peripherals > Keyboard Trays,Staples,Keyboard Trays,Computers & Accessories > Computer Accessories & Peripherals > Keyboard Trays,3,60.0,True,True,0.642962962962963
Staples::Computers & Accessories > Computer Accessories & Peripherals > Laptop Accessories,Staples,Laptop Accessories,Computers & Accessories > Computer Accessories & Peripherals > Laptop Accessories,3,811.0,False,True,0.7651851851851852
Staples::Computers & Accessories > Computer Accessories & Peripherals > Laptop Accessories > Laptop Chargers & Adapters,Staples,Laptop Chargers & Adapters,Computers & Accessories > Computer Accessories & Peripherals > Laptop Accessories > Laptop Chargers & Adapters,4,245.0,True,True,0.7707826086956522
Staples::Computers & Accessories > Computer Accessories & Peripherals > Laptop Accessories > Laptop Docking Stations,Staples,Laptop Docking Stations,Computers & Accessories > Computer Accessories & Peripherals > Laptop Accessories > Laptop Docking Stations,4,295.0,True,True,0.7755130434782609
Staples::Computers & Accessories > Computer Accessories & Peripherals > Laptop Accessories > Laptop Locks,Staples,Laptop Locks,Computers & Accessories > Computer Accessories & Peripherals > Laptop Accessories > Laptop Locks,4,66.0,True,True,0.7198608695652174
Staples::Computers & Accessories > Computer Accessories & Peripherals > Laptop Accessories > Laptop Stands & Lap Desks,Staples,Laptop Stands & Lap Desks,Computers & Accessories > Computer Accessories & Peripherals > Laptop Accessories > Laptop Stands & Lap Desks,4,205.0,True,True,0.7632695652173913
Staples::Computers & Accessories > Computer Accessories & Peripherals > Laptop Cooling Pads,Staples,Laptop Cooling Pads,Computers & Accessories > Computer Accessories & Peripherals > Laptop Cooling Pads,3,25.0,True,True,0.592962962962963
Staples::Computers & Accessories > Computer Accessories & Peripherals > Mouse Pads & Wrist Rests,Staples,Mouse Pads & Wrist Rests,Computers & Accessories > Computer Accessories & Peripherals > Mouse Pads & Wrist Rests,3,318.0,True,True,0.735
Staples::Computers & Accessories > Computer Accessories & Peripherals > Multi-Factor Authentication,Staples,Multi-Factor Authentication,Computers & Accessories > Computer Accessories & Peripherals > Multi-Factor Authentication,3,9.0,True,True,0.5359259259259259
Staples::Computers & Accessories > Computer Accessories & Peripherals > Webcams,Staples,Webcams,Computers & Accessories > Computer Accessories & Peripherals > Webcams,3,302.0,True,True,0.7337037037037037
Staples::Computers & Accessories > Computer Deals,Staples,Computer Deals,Computers & Accessories > Computer Deals,2,9584.0,True,True,0.7928608923884515
Staples::Computers & Accessories > Computer Monitors & Stands,Staples,Computer Monitors & Stands,Computers & Accessories > Computer Monitors & Stands,2,1235.0,False,True,0.7470866141732284
Staples::Computers & Accessories > Computer Monitors & Stands > Computer Monitors,Staples,Computer Monitors,Computers & Accessories > Computer Monitors & Stands > Computer Monitors,3,574.0,True,True,0.7540740740740741
Staples::Computers & Accessories > Computer Monitors & Stands > Monitor Stands & Mounts,Staples,Monitor Stands & Mounts,Computers & Accessories > Computer Monitors & Stands > Monitor Stands & Mounts,3,661.0,True,True,0.7607407407407408
Staples::Computers & Accessories > Computer Parts & Components,Staples,Computer Parts & Components,Computers & Accessories > Computer Parts & Components,2,716.0,False,True,0.7143307086614175
Staples::Computers & Accessories > Computer Parts & Components > Computer Cards,Staples,Computer Cards,Computers & Accessories > Computer Parts & Components > Computer Cards,3,53.0,True,True,0.6361111111111111
Staples::Computers & Accessories > Computer Parts & Components > Computer Fans,Staples,Computer Fans,Computers & Accessories > Computer Parts & Components > Computer Fans,3,47.0,True,True,0.6305555555555555
Staples::Computers & Accessories > Computer Parts & Components > Computer Processors / CPUs,Staples,Computer Processors / CPUs,Computers & Accessories > Computer Parts & Components > Computer Processors / CPUs,3,124.0,True,True,0.6833333333333333
Staples::Computers & Accessories > Computer Parts & Components > Graphics Cards,Staples,Graphics Cards,Computers & Accessories > Computer Parts & Components > Graphics Cards,3,121.0,True,True,0.6816666666666666
Staples::Computers & Accessories > Computer Parts & Components > Internal Hard Drives,Staples,Internal Hard Drives,Computers & Accessories > Computer Parts & Components > Internal Hard Drives,3,63.0,True,True,0.6464814814814815
Staples::Computers & Accessories > Computer Parts & Components > Memory,Staples,Memory,Computers & Accessories > Computer Parts & Components > Memory,3,73.0,True,True,0.6555555555555556
Staples::Computers & Accessories > Computer Parts & Components > Motherboards,Staples,Motherboards,Computers & Accessories > Computer Parts & Components > Motherboards,3,66.0,True,True,0.6507407407407407
Staples::Computers & Accessories > Computer Parts & Components > Power Supplies,Staples,Power Supplies,Computers & Accessories > Computer Parts & Components > Power Supplies,3,59.0,True,True,0.6414814814814815
Staples::Computers & Accessories > Computer Parts & Components > RAID Controllers,Staples,RAID Controllers,Computers & Accessories > Computer Parts & Components > RAID Controllers,3,5.0,True,True,0.5168518518518519
Staples::Computers & Accessories > Computer Parts & Components > Tower Computer Cases,Staples,Tower Computer Cases,Computers & Accessories > Computer Parts & Components > Tower Computer Cases,3,88.0,True,True,0.6655555555555557
Staples::Computers & Accessories > Computer Parts & Components > Video Capture Devices,Staples,Video Capture Devices,Computers & Accessories > Computer Parts & Components > Video Capture Devices,3,17.0,True,True,0.5701851851851852
Staples::Computers & Accessories > Desktop Computers,Staples,Desktop Computers,Computers & Accessories > Desktop Computers,2,566.0,True,True,0.7008923884514436
Staples::Computers & Accessories > Laptops,Staples,Laptops,Computers & Accessories > Laptops,2,644.0,True,True,0.7084514435695538
Staples::Computers & Accessories > Servers & Accessories,Staples,Servers & Accessories,Computers & Accessories > Servers & Accessories,2,357.0,False,True,0.6740157480314961
Staples::Computers & Accessories > Servers & Accessories > KVM Cables & Switches,Staples,KVM Cables & Switches,Computers & Accessories > Servers & Accessories > KVM Cables & Switches,3,113.0,True,True,0.6779629629629631
Staples::Computers & Accessories > Servers & Accessories > Server Racks & Cabinets,Staples,Server Racks & Cabinets,Computers & Accessories > Servers & Accessories > Server Racks & Cabinets,3,187.0,True,True,0.7111111111111111
Staples::Computers & Accessories > Servers & Accessories > Servers,Staples,Servers,Computers & Accessories > Servers & Accessories > Servers,3,57.0,True,True,0.6401851851851852
Staples::Computers & Accessories > Windows 10 PCs,Staples,Windows 10 PCs,Computers & Accessories > Windows 10 PCs,2,9584.0,True,True,0.7928608923884515
Staples::Decor,Staples,Decor,Decor,1,879.0,False,True,0.06923076923076923
Staples::Decor > Rug Pads,Staples,Rug Pads,Decor > Rug Pads,2,75.0,True,True,0.07469816272965879
Staples::Decor > Rugs,Staples,Rugs,Decor > Rugs,2,804.0,True,True,0.09023622047244095
Staples::Education,Staples,Education,Education,1,15968.0,True,True,0.2876923076923077
Staples::Expanded Assortment,Staples,Expanded Assortment,Expanded Assortment,1,5334.0,False,True,0.0876923076923077
Staples::Expanded Assortment > Books & Magazines,Staples,Books & Magazines,Expanded Assortment > Books & Magazines,2,5334.0,False,True,0.09832020997375329
Staples::Expanded Assortment > Books & Magazines > Antique Books,Staples,Antique Books,Expanded Assortment > Books & Magazines > Antique Books,3,5332.0,True,True,0.09868055555555555
Staples::Expanded Assortment > Books & Magazines > Architecture Books,Staples,Architecture Books,Expanded Assortment > Books & Magazines > Architecture Books,3,5332.0,True,True,0.09868055555555555
Staples::Expanded Assortment > Books & Magazines > Bibles,Staples,Bibles,Expanded Assortment > Books & Magazines > Bibles,3,5332.0,True,True,0.09868055555555555
Staples::Expanded Assortment > Books & Magazines > Biography & Autobiography Books,Staples,Biography & Autobiography Books,Expanded Assortment > Books & Magazines > Biography & Autobiography Books,3,5332.0,True,True,0.09868055555555555
Staples::Expanded Assortment > Books & Magazines > Comics & Graphic Novels,Staples,Comics & Graphic Novels,Expanded Assortment > Books & Magazines > Comics & Graphic Novels,3,5332.0,True,True,0.09868055555555555
Staples::Expanded Assortment > Books & Magazines > Computer Books,Staples,Computer Books,Expanded Assortment > Books & Magazines > Computer Books,3,5332.0,True,True,0.09868055555555555
Staples::Expanded Assortment > Books & Magazines > Design Books,Staples,Design Books,Expanded Assortment > Books & Magazines > Design Books,3,5332.0,True,True,0.09868055555555555
Staples::Expanded Assortment > Books & Magazines > Drama Books,Staples,Drama Books,Expanded Assortment > Books & Magazines > Drama Books,3,5332.0,True,True,0.09868055555555555
Staples::Expanded Assortment > Books & Magazines > Family & Relationship Books,Staples,Family & Relationship Books,Expanded Assortment > Books & Magazines > Family & Relationship Books,3,5332.0,True,True,0.09868055555555555
Staples::Expanded Assortment > Books & Magazines > Fashion & Beauty Books,Staples,Fashion & Beauty Books,Expanded Assortment > Books & Magazines > Fashion & Beauty Books,3,5332.0,True,True,0.09868055555555555
Staples::Expanded Assortment > Books & Magazines > Fiction Books,Staples,Fiction Books,Expanded Assortment > Books & Magazines > Fiction Books,3,5332.0,True,True,0.09868055555555555
Staples::Expanded Assortment > Books & Magazines > Gaming Books,Staples,Gaming Books,Expanded Assortment > Books & Magazines > Gaming Books,3,5332.0,True,True,0.09868055555555555
Staples::Expanded Assortment > Books & Magazines > Gardening Books,Staples,Gardening Books,Expanded Assortment > Books & Magazines > Gardening Books,3,5332.0,True,True,0.09868055555555555
Staples::Expanded Assortment > Books & Magazines > Health & Fitness Books,Staples,Health & Fitness Books,Expanded Assortment > Books & Magazines > Health & Fitness Books,3,5332.0,True,True,0.09868055555555555
Staples::Expanded Assortment > Books & Magazines > History Books,Staples,History Books,Expanded Assortment > Books & Magazines > History Books,3,5334.0,True,True,0.09969907407407408
Staples::Expanded Assortment > Books & Magazines > House & Home Books,Staples,House & Home Books,Expanded Assortment > Books & Magazines > House & Home Books,3,5332.0,True,True,0.09868055555555555
Staples::Expanded Assortment > Books & Magazines > Humor,Staples,Humor,Expanded Assortment > Books & Magazines > Humor,3,5332.0,True,True,0.09868055555555555
Staples::Expanded Assortment > Books & Magazines > Juvenile Fiction,Staples,Juvenile Fiction,Expanded Assortment > Books & Magazines > Juvenile Fiction,3,5332.0,True,True,0.09868055555555555
Staples::Expanded Assortment > Books & Magazines > Juvenile Non-Fiction,Staples,Juvenile Non-Fiction,Expanded Assortment > Books & Magazines > Juvenile Non-Fiction,3,5332.0,True,True,0.09868055555555555
Staples::Expanded Assortment > Books & Magazines > Language Arts & Discipline Books,Staples,Language Arts & Discipline Books,Expanded Assortment > Books & Magazines > Language Arts & Discipline Books,3,5332.0,True,True,0.09868055555555555
Staples::Expanded Assortment > Books & Magazines > Law Books,Staples,Law Books,Expanded Assortment > Books & Magazines > Law Books,3,5332.0,True,True,0.09868055555555555
Staples::Expanded Assortment > Books & Magazines > Literary Collection Books,Staples,Literary Collection Books,Expanded Assortment > Books & Magazines > Literary Collection Books,3,5332.0,True,True,0.09868055555555555
Staples::Expanded Assortment > Books & Magazines > Literary Criticism Books,Staples,Literary Criticism Books,Expanded Assortment > Books & Magazines > Literary Criticism Books,3,5332.0,True,True,0.09868055555555555
Staples::Expanded Assortment > Books & Magazines > Magazines,Staples,Magazines,Expanded Assortment > Books & Magazines > Magazines,3,5334.0,True,True,0.09969907407407408
Staples::Expanded Assortment > Books & Magazines > Mathematics Books,Staples,Mathematics Books,Expanded Assortment > Books & Magazines > Mathematics Books,3,5332.0,True,True,0.09868055555555555
Staples::Expanded Assortment > Books & Magazines > Music Books,Staples,Music Books,Expanded Assortment > Books & Magazines > Music Books,3,5334.0,True,True,0.09969907407407408
Staples::Expanded Assortment > Books & Magazines > Nature Books,Staples,Nature Books,Expanded Assortment > Books & Magazines > Nature Books,3,5334.0,True,True,0.09969907407407408
Staples::Expanded Assortment > Books & Magazines > Performing Art Books,Staples,Performing Art Books,Expanded Assortment > Books & Magazines > Performing Art Books,3,5332.0,True,True,0.09868055555555555
Staples::Expanded Assortment > Books & Magazines > Pet Books,Staples,Pet Books,Expanded Assortment > Books & Magazines > Pet Books,3,5332.0,True,True,0.09868055555555555
Staples::Expanded Assortment > Books & Magazines > Philosophy Books,Staples,Philosophy Books,Expanded Assortment > Books & Magazines > Philosophy Books,3,5332.0,True,True,0.09868055555555555
Staples::Expanded Assortment > Books & Magazines > Photography Books,Staples,Photography Books,Expanded Assortment > Books & Magazines > Photography Books,3,5332.0,True,True,0.09868055555555555
Staples::Expanded Assortment > Books & Magazines > Poetry Books,Staples,Poetry Books,Expanded Assortment > Books & Magazines > Poetry Books,3,5332.0,True,True,0.09868055555555555
Staples::Expanded Assortment > Books & Magazines > Political Science Books,Staples,Political Science Books,Expanded Assortment > Books & Magazines > Political Science Books,3,5332.0,True,True,0.09868055555555555
Staples::Expanded Assortment > Books & Magazines > Psychology Books,Staples,Psychology Books,Expanded Assortment > Books & Magazines > Psychology Books,3,5332.0,True,True,0.09868055555555555
Staples::Expanded Assortment > Books & Magazines > Religion Books,Staples,Religion Books,Expanded Assortment > Books & Magazines > Religion Books,3,5332.0,True,True,0.09868055555555555
Staples::Expanded Assortment > Books & Magazines > Science Books,Staples,Science Books,Expanded Assortment > Books & Magazines > Science Books,3,5332.0,True,True,0.09868055555555555
Staples::Expanded Assortment > Books & Magazines > Self-Help Books,Staples,Self-Help Books,Expanded Assortment > Books & Magazines > Self-Help Books,3,5334.0,True,True,0.09969907407407408
Staples::Expanded Assortment > Books & Magazines > Social Science Books,Staples,Social Science Books,Expanded Assortment > Books & Magazines > Social Science Books,3,5332.0,True,True,0.09868055555555555
Staples::Expanded Assortment > Books & Magazines > Sports & Recreation Books,Staples,Sports & Recreation Books,Expanded Assortment > Books & Magazines > Sports & Recreation Books,3,2.0,True,True,0.06222222222222223
Staples::Expanded Assortment > Books & Magazines > Study Aids,Staples,Study Aids,Expanded Assortment > Books & Magazines > Study Aids,3,5334.0,True,True,0.09969907407407408
Staples::Expanded Assortment > Books & Magazines > Technology & Engineering Books,Staples,Technology & Engineering Books,Expanded Assortment > Books & Magazines > Technology & Engineering Books,3,5332.0,True,True,0.09868055555555555
Staples::Expanded Assortment > Books & Magazines > Transportation Books,Staples,Transportation Books,Expanded Assortment > Books & Magazines > Transportation Books,3,5332.0,True,True,0.09868055555555555
Staples::Expanded Assortment > Books & Magazines > Travel Books,Staples,Travel Books,Expanded Assortment > Books & Magazines > Travel Books,3,5332.0,True,True,0.09868055555555555
Staples::Expanded Assortment > Books & Magazines > Wedding Books,Staples,Wedding Books,Expanded Assortment > Books & Magazines > Wedding Books,3,5332.0,True,True,0.09868055555555555
Staples::Expanded Assortment > Books & Magazines > Young Adult Fiction,Staples,Young Adult Fiction,Expanded Assortment > Books & Magazines > Young Adult Fiction,3,5332.0,True,True,0.09868055555555555
"Staples::Expanded Assortment > Clothing, Shoes & Accessories",Staples,"Clothing, Shoes & Accessories","Expanded Assortment > Clothing, Shoes & Accessories",2,15.0,False,True,0.06734908136482941
"Staples::Expanded Assortment > Clothing, Shoes & Accessories > Kids' Clothing",Staples,Kids' Clothing,"Expanded Assortment > Clothing, Shoes & Accessories > Kids' Clothing",3,0.0,False,True,0.060231481481481476
"Staples::Expanded Assortment > Clothing, Shoes & Accessories > Kids' Clothing > Kids' Shirts",Staples,Kids' Shirts,"Expanded Assortment > Clothing, Shoes & Accessories > Kids' Clothing > Kids' Shirts",4,0.0,True,True,0.06093913043478261
"Staples::Expanded Assortment > Clothing, Shoes & Accessories > Men's Accessories",Staples,Men's Accessories,"Expanded Assortment > Clothing, Shoes & Accessories > Men's Accessories",3,0.0,False,True,0.060231481481481476
"Staples::Expanded Assortment > Clothing, Shoes & Accessories > Men's Accessories > Men's Belts & Suspenders",Staples,Men's Belts & Suspenders,"Expanded Assortment > Clothing, Shoes & Accessories > Men's Accessories > Men's Belts & Suspenders",4,0.0,True,True,0.06093913043478261
"Staples::Expanded Assortment > Clothing, Shoes & Accessories > Men's Accessories > Men's Gloves",Staples,Men's Gloves,"Expanded Assortment > Clothing, Shoes & Accessories > Men's Accessories > Men's Gloves",4,0.0,True,True,0.06093913043478261
"Staples::Expanded Assortment > Clothing, Shoes & Accessories > Men's Accessories > Men's Hats",Staples,Men's Hats,"Expanded Assortment > Clothing, Shoes & Accessories > Men's Accessories > Men's Hats",4,0.0,True,True,0.06093913043478261
"Staples::Expanded Assortment > Clothing, Shoes & Accessories > Men's Accessories > Men's Underwear",Staples,Men's Underwear,"Expanded Assortment > Clothing, Shoes & Accessories > Men's Accessories > Men's Underwear",4,0.0,True,True,0.06093913043478261
"Staples::Expanded Assortment > Clothing, Shoes & Accessories > Men's Activewear",Staples,Men's Activewear,"Expanded Assortment > Clothing, Shoes & Accessories > Men's Activewear",3,15.0,True,True,0.07041666666666667
"Staples::Expanded Assortment > Clothing, Shoes & Accessories > Men's Jeans",Staples,Men's Jeans,"Expanded Assortment > Clothing, Shoes & Accessories > Men's Jeans",3,15.0,True,True,0.07041666666666667
"Staples::Expanded Assortment > Clothing, Shoes & Accessories > Men's Outerwear",Staples,Men's Outerwear,"Expanded Assortment > Clothing, Shoes & Accessories > Men's Outerwear",3,15.0,True,True,0.07041666666666667
"Staples::Expanded Assortment > Clothing, Shoes & Accessories > Men's Overalls",Staples,Men's Overalls,"Expanded Assortment > Clothing, Shoes & Accessories > Men's Overalls",3,15.0,True,True,0.07041666666666667
"Staples::Expanded Assortment > Clothing, Shoes & Accessories > Men's Pants",Staples,Men's Pants,"Expanded Assortment > Clothing, Shoes & Accessories > Men's Pants",3,15.0,True,True,0.07041666666666667
"Staples::Expanded Assortment > Clothing, Shoes & Accessories > Men's Shirts",Staples,Men's Shirts,"Expanded Assortment > Clothing, Shoes & Accessories > Men's Shirts",3,0.0,False,True,0.060231481481481476
"Staples::Expanded Assortment > Clothing, Shoes & Accessories > Men's Shirts > Men's Dress Shirts",Staples,Men's Dress Shirts,"Expanded Assortment > Clothing, Shoes & Accessories > Men's Shirts > Men's Dress Shirts",4,0.0,True,True,0.06093913043478261
"Staples::Expanded Assortment > Clothing, Shoes & Accessories > Men's Shirts > Men's Polo Shirts",Staples,Men's Polo Shirts,"Expanded Assortment > Clothing, Shoes & Accessories > Men's Shirts > Men's Polo Shirts",4,0.0,True,True,0.06093913043478261
"Staples::Expanded Assortment > Clothing, Shoes & Accessories > Men's Shirts > Men's Sweaters",Staples,Men's Sweaters,"Expanded Assortment > Clothing, Shoes & Accessories > Men's Shirts > Men's Sweaters",4,0.0,True,True,0.06093913043478261
"Staples::Expanded Assortment > Clothing, Shoes & Accessories > Men's Shirts > Men's T-Shirts",Staples,Men's T-Shirts,"Expanded Assortment > Clothing, Shoes & Accessories > Men's Shirts > Men's T-Shirts",4,0.0,True,True,0.06093913043478261
"Staples::Expanded Assortment > Clothing, Shoes & Accessories > Men's Shoes",Staples,Men's Shoes,"Expanded Assortment > Clothing, Shoes & Accessories > Men's Shoes",3,0.0,False,True,0.060231481481481476
"Staples::Expanded Assortment > Clothing, Shoes & Accessories > Men's Shoes > Men's Boots",Staples,Men's Boots,"Expanded Assortment > Clothing, Shoes & Accessories > Men's Shoes > Men's Boots",4,0.0,True,True,0.06093913043478261
"Staples::Expanded Assortment > Clothing, Shoes & Accessories > Men's Shoes > Men's Casual Shoes",Staples,Men's Casual Shoes,"Expanded Assortment > Clothing, Shoes & Accessories > Men's Shoes > Men's Casual Shoes",4,0.0,True,True,0.06093913043478261
"Staples::Expanded Assortment > Clothing, Shoes & Accessories > Men's Shoes > Men's Clogs",Staples,Men's Clogs,"Expanded Assortment > Clothing, Shoes & Accessories > Men's Shoes > Men's Clogs",4,0.0,True,True,0.06093913043478261
"Staples::Expanded Assortment > Clothing, Shoes & Accessories > Men's Sleepwear",Staples,Men's Sleepwear,"Expanded Assortment > Clothing, Shoes & Accessories > Men's Sleepwear",3,15.0,True,True,0.07041666666666667
"Staples::Expanded Assortment > Clothing, Shoes & Accessories > Men's Sport Coats & Blazers",Staples,Men's Sport Coats & Blazers,"Expanded Assortment > Clothing, Shoes & Accessories > Men's Sport Coats & Blazers",3,15.0,True,True,0.07041666666666667
"Staples::Expanded Assortment > Clothing, Shoes & Accessories > Salon & Spa Apparel",Staples,Salon & Spa Apparel,"Expanded Assortment > Clothing, Shoes & Accessories > Salon & Spa Apparel",3,1.0,False,True,0.06111111111111111
"Staples::Expanded Assortment > Clothing, Shoes & Accessories > Salon & Spa Apparel > Barber Jackets & Stylist Apparel",Staples,Barber Jackets & Stylist Apparel,"Expanded Assortment > Clothing, Shoes & Accessories > Salon & Spa Apparel > Barber Jackets & Stylist Apparel",4,1.0,True,True,0.06354782608695651
"Staples::Expanded Assortment > Clothing, Shoes & Accessories > Salon & Spa Apparel > Client Smocks",Staples,Client Smocks,"Expanded Assortment > Clothing, Shoes & Accessories > Salon & Spa Apparel > Client Smocks",4,1.0,True,True,0.06354782608695651
"Staples::Expanded Assortment > Clothing, Shoes & Accessories > Salon & Spa Apparel > Esthetician Jackets & Uniforms",Staples,Esthetician Jackets & Uniforms,"Expanded Assortment > Clothing, Shoes & Accessories > Salon & Spa Apparel > Esthetician Jackets & Uniforms",4,1.0,True,True,0.06354782608695651
"Staples::Expanded Assortment > Clothing, Shoes & Accessories > Salon & Spa Apparel > Headwear",Staples,Headwear,"Expanded Assortment > Clothing, Shoes & Accessories > Salon & Spa Apparel > Headwear",4,1.0,True,True,0.06354782608695651
"Staples::Expanded Assortment > Clothing, Shoes & Accessories > Salon & Spa Apparel > Spa Disposables",Staples,Spa Disposables,"Expanded Assortment > Clothing, Shoes & Accessories > Salon & Spa Apparel > Spa Disposables",4,1.0,True,True,0.06354782608695651
"Staples::Expanded Assortment > Clothing, Shoes & Accessories > Salon & Spa Apparel > Spa Mitts & Footwear",Staples,Spa Mitts & Footwear,"Expanded Assortment > Clothing, Shoes & Accessories > Salon & Spa Apparel > Spa Mitts & Footwear",4,1.0,True,True,0.06354782608695651
"Staples::Expanded Assortment > Clothing, Shoes & Accessories > Salon & Spa Apparel > Spa Robes & Wraps",Staples,Spa Robes & Wraps,"Expanded Assortment > Clothing, Shoes & Accessories > Salon & Spa Apparel > Spa Robes & Wraps",4,1.0,True,True,0.06354782608695651
"Staples::Expanded Assortment > Clothing, Shoes & Accessories > Shoe Care",Staples,Shoe Care,"Expanded Assortment > Clothing, Shoes & Accessories > Shoe Care",3,2.0,True,True,0.06222222222222223
"Staples::Expanded Assortment > Clothing, Shoes & Accessories > Women's Accessories",Staples,Women's Accessories,"Expanded Assortment > Clothing, Shoes & Accessories > Women's Accessories",3,12.0,False,True,0.06881944444444445
"Staples::Expanded Assortment > Clothing, Shoes & Accessories > Women's Accessories > Women's Gloves",Staples,Women's Gloves,"Expanded Assortment > Clothing, Shoes & Accessories > Women's Accessories > Women's Gloves",4,12.0,True,True,0.0767304347826087
"Staples::Expanded Assortment > Clothing, Shoes & Accessories > Women's Accessories > Women's Hats",Staples,Women's Hats,"Expanded Assortment > Clothing, Shoes & Accessories > Women's Accessories > Women's Hats",4,12.0,True,True,0.0767304347826087
"Staples::Expanded Assortment > Clothing, Shoes & Accessories > Women's Accessories > Women's Socks & Tights",Staples,Women's Socks & Tights,"Expanded Assortment > Clothing, Shoes & Accessories > Women's Accessories > Women's Socks & Tights",4,12.0,True,True,0.0767304347826087
"Staples::Expanded Assortment > Clothing, Shoes & Accessories > Women's Accessories > Women's Underwear",Staples,Women's Underwear,"Expanded Assortment > Clothing, Shoes & Accessories > Women's Accessories > Women's Underwear",4,12.0,True,True,0.0767304347826087
"Staples::Expanded Assortment > Clothing, Shoes & Accessories > Women's Activewear",Staples,Women's Activewear,"Expanded Assortment > Clothing, Shoes & Accessories > Women's Activewear",3,0.0,False,True,0.060231481481481476
"Staples::Expanded Assortment > Clothing, Shoes & Accessories > Women's Activewear > Women's Active Jackets",Staples,Women's Active Jackets,"Expanded Assortment > Clothing, Shoes & Accessories > Women's Activewear > Women's Active Jackets",4,0.0,True,True,0.06093913043478261
"Staples::Expanded Assortment > Clothing, Shoes & Accessories > Women's Activewear > Women's Active Pants",Staples,Women's Active Pants,"Expanded Assortment > Clothing, Shoes & Accessories > Women's Activewear > Women's Active Pants",4,0.0,True,True,0.06093913043478261
"Staples::Expanded Assortment > Clothing, Shoes & Accessories > Women's Activewear > Women's Active Shoes",Staples,Women's Active Shoes,"Expanded Assortment > Clothing, Shoes & Accessories > Women's Activewear > Women's Active Shoes",4,0.0,True,True,0.06093913043478261
"Staples::Expanded Assortment > Clothing, Shoes & Accessories > Women's Activewear > Women's Active Sweaters & Hoodies",Staples,Women's Active Sweaters & Hoodies,"Expanded Assortment > Clothing, Shoes & Accessories > Women's Activewear > Women's Active Sweaters & Hoodies",4,0.0,True,True,0.06093913043478261
"Staples::Expanded Assortment > Clothing, Shoes & Accessories > Women's Activewear > Women's Active T-Shirts",Staples,Women's Active T-Shirts,"Expanded Assortment > Clothing, Shoes & Accessories > Women's Activewear > Women's Active T-Shirts",4,0.0,True,True,0.06093913043478261
"Staples::Expanded Assortment > Clothing, Shoes & Accessories > Women's Blazers",Staples,Women's Blazers,"Expanded Assortment > Clothing, Shoes & Accessories > Women's Blazers",3,15.0,True,True,0.07041666666666667
"Staples::Expanded Assortment > Clothing, Shoes & Accessories > Women's Clogs",Staples,Women's Clogs,"Expanded Assortment > Clothing, Shoes & Accessories > Women's Clogs",3,15.0,True,True,0.07041666666666667
"Staples::Expanded Assortment > Clothing, Shoes & Accessories > Women's Outerwear",Staples,Women's Outerwear,"Expanded Assortment > Clothing, Shoes & Accessories > Women's Outerwear",3,15.0,True,True,0.07041666666666667
"Staples::Expanded Assortment > Clothing, Shoes & Accessories > Women's Pants",Staples,Women's Pants,"Expanded Assortment > Clothing, Shoes & Accessories > Women's Pants",3,15.0,True,True,0.07041666666666667
"Staples::Expanded Assortment > Clothing, Shoes & Accessories > Women's Sleepwear",Staples,Women's Sleepwear,"Expanded Assortment > Clothing, Shoes & Accessories > Women's Sleepwear",3,15.0,True,True,0.07041666666666667
"Staples::Expanded Assortment > Clothing, Shoes & Accessories > Women's Tops",Staples,Women's Tops,"Expanded Assortment > Clothing, Shoes & Accessories > Women's Tops",3,15.0,True,True,0.07041666666666667
"Staples::Expanded Assortment > Clothing, Shoes & Accessories > Women's Work Boots",Staples,Women's Work Boots,"Expanded Assortment > Clothing, Shoes & Accessories > Women's Work Boots",3,15.0,True,True,0.07041666666666667
Staples::Expanded Assortment > Fitness,Staples,Fitness,Expanded Assortment > Fitness,2,0.0,True,True,0.06015748031496063
Staples::Expanded Assortment > Outdoors & Recreation,Staples,Outdoors & Recreation,Expanded Assortment > Outdoors & Recreation,2,1304.0,True,True,0.09359580052493438
Staples::Expanded Assortment > Paint & Paint Supplies,Staples,Paint & Paint Supplies,Expanded Assortment > Paint & Paint Supplies,2,68.0,False,True,0.07396325459317586
Staples::Expanded Assortment > Paint & Paint Supplies > Paint Brushes,Staples,Paint Brushes,Expanded Assortment > Paint & Paint Supplies > Paint Brushes,3,1.0,True,True,0.06111111111111111
Staples::Expanded Assortment > Paint & Paint Supplies > Paint Rollers,Staples,Paint Rollers,Expanded Assortment > Paint & Paint Supplies > Paint Rollers,3,22.0,True,True,0.07236111111111111
Staples::Expanded Assortment > Paint & Paint Supplies > Paint Strippers,Staples,Paint Strippers,Expanded Assortment > Paint & Paint Supplies > Paint Strippers,3,43.0,True,True,0.0781712962962963
Staples::Expanded Assortment > Paint & Paint Supplies > Paint Trays & Liners,Staples,Paint Trays & Liners,Expanded Assortment > Paint & Paint Supplies > Paint Trays & Liners,3,2.0,True,True,0.06222222222222223
Staples::Expanded Assortment > Paint & Paint Supplies > Paints,Staples,Paints,Expanded Assortment > Paint & Paint Supplies > Paints,3,67.0,True,True,0.08150462962962964
Staples::Expanded Assortment > Paint & Paint Supplies > Spray Guns,Staples,Spray Guns,Expanded Assortment > Paint & Paint Supplies > Spray Guns,3,43.0,True,True,0.0781712962962963
Staples::Expanded Assortment > Personal Care & Eyewear,Staples,Personal Care & Eyewear,Expanded Assortment > Personal Care & Eyewear,2,13.0,False,True,0.06687664041994751
Staples::Expanded Assortment > Personal Care & Eyewear > Electric Shavers,Staples,Electric Shavers,Expanded Assortment > Personal Care & Eyewear > Electric Shavers,3,2.0,True,True,0.06222222222222223
Staples::Expanded Assortment > Personal Care & Eyewear > Hair Styling Products,Staples,Hair Styling Products,Expanded Assortment > Personal Care & Eyewear > Hair Styling Products,3,13.0,True,True,0.06930555555555555
Staples::Expanded Assortment > Personal Care & Eyewear > Manicure Kits,Staples,Manicure Kits,Expanded Assortment > Personal Care & Eyewear > Manicure Kits,3,13.0,True,True,0.06930555555555555
Staples::Expanded Assortment > Personal Care & Eyewear > Perfumes & Cologne,Staples,Perfumes & Cologne,Expanded Assortment > Personal Care & Eyewear > Perfumes & Cologne,3,13.0,True,True,0.06930555555555555
Staples::Expanded Assortment > Personal Care & Eyewear > Toothpaste,Staples,Toothpaste,Expanded Assortment > Personal Care & Eyewear > Toothpaste,3,9.0,True,True,0.06699074074074074
Staples::Expanded Assortment > Pet Supplies & Accessories,Staples,Pet Supplies & Accessories,Expanded Assortment > Pet Supplies & Accessories,2,4.0,False,True,0.06278215223097112
Staples::Expanded Assortment > Pet Supplies & Accessories > Bird Supplies,Staples,Bird Supplies,Expanded Assortment > Pet Supplies & Accessories > Bird Supplies,3,4.0,False,True,0.0637962962962963
"Staples::Expanded Assortment > Pet Supplies & Accessories > Bird Supplies > Bird Food, Treats and Healthcare",Staples,"Bird Food, Treats and Healthcare","Expanded Assortment > Pet Supplies & Accessories > Bird Supplies > Bird Food, Treats and Healthcare",4,4.0,True,True,0.06942608695652173
Staples::Expanded Assortment > Pet Supplies & Accessories > Dog & Cat Supplies,Staples,Dog & Cat Supplies,Expanded Assortment > Pet Supplies & Accessories > Dog & Cat Supplies,3,0.0,False,True,0.060231481481481476
Staples::Expanded Assortment > Pet Supplies & Accessories > Dog & Cat Supplies > Cat Litter,Staples,Cat Litter,Expanded Assortment > Pet Supplies & Accessories > Dog & Cat Supplies > Cat Litter,4,0.0,True,True,0.06093913043478261
Staples::Expanded Assortment > Pet Supplies & Accessories > Dog & Cat Supplies > Cat Treats,Staples,Cat Treats,Expanded Assortment > Pet Supplies & Accessories > Dog & Cat Supplies > Cat Treats,4,0.0,True,True,0.06093913043478261
Staples::Expanded Assortment > Pet Supplies & Accessories > Dog & Cat Supplies > Dog & Cat Grooming Supplies,Staples,Dog & Cat Grooming Supplies,Expanded Assortment > Pet Supplies & Accessories > Dog & Cat Supplies > Dog & Cat Grooming Supplies,4,0.0,True,True,0.06093913043478261
Staples::Expanded Assortment > Pet Supplies & Accessories > Specialty Pet Supplies,Staples,Specialty Pet Supplies,Expanded Assortment > Pet Supplies & Accessories > Specialty Pet Supplies,3,4.0,True,True,0.0637962962962963
Staples::Facilities,Staples,Facilities,Facilities,1,12161.0,False,True,0.6569230769230768
"Staples::Facilities > Adhesives, Sealants and Patching",Staples,"Adhesives, Sealants and Patching","Facilities > Adhesives, Sealants and Patching",2,109.0,False,True,0.541994750656168
"Staples::Facilities > Adhesives, Sealants and Patching > Adhesives",Staples,Adhesives,"Facilities > Adhesives, Sealants and Patching > Adhesives",3,99.0,False,True,0.586574074074074
"Staples::Facilities > Adhesives, Sealants and Patching > Adhesives > Commercial Adhesives",Staples,Commercial Adhesives,"Facilities > Adhesives, Sealants and Patching > Adhesives > Commercial Adhesives",4,6.0,True,True,0.5052173913043478
"Staples::Facilities > Adhesives, Sealants and Patching > Adhesives > Sealants & Caulking",Staples,Sealants & Caulking,"Facilities > Adhesives, Sealants and Patching > Adhesives > Sealants & Caulking",4,93.0,True,True,0.6457043478260869
"Staples::Facilities > Adhesives, Sealants and Patching > Concrete & Asphalt Maintenance",Staples,Concrete & Asphalt Maintenance,"Facilities > Adhesives, Sealants and Patching > Concrete & Asphalt Maintenance",3,10.0,False,True,0.4737962962962962
"Staples::Facilities > Adhesives, Sealants and Patching > Concrete & Asphalt Maintenance > Cleaners and Sealers",Staples,Cleaners and Sealers,"Facilities > Adhesives, Sealants and Patching > Concrete & Asphalt Maintenance > Cleaners and Sealers",4,10.0,True,True,0.5273739130434782
Staples::Facilities > Air Quality,Staples,Air Quality,Facilities > Air Quality,2,293.0,False,True,0.5816797900262467
Staples::Facilities > Air Quality > Air Filter Accessories,Staples,Air Filter Accessories,Facilities > Air Quality > Air Filter Accessories,3,5.0,True,True,0.4522453703703703
Staples::Facilities > Air Quality > Air Purifier Filters,Staples,Air Purifier Filters,Facilities > Air Quality > Air Purifier Filters,3,69.0,True,True,0.5719907407407407
Staples::Facilities > Air Quality > Air Purifiers,Staples,Air Purifiers,Facilities > Air Quality > Air Purifiers,3,91.0,True,True,0.5833333333333334
Staples::Facilities > Air Quality > Dehumidifiers,Staples,Dehumidifiers,Facilities > Air Quality > Dehumidifiers,3,40.0,True,True,0.5416898148148148
Staples::Facilities > Air Quality > Humidifiers,Staples,Humidifiers,Facilities > Air Quality > Humidifiers,3,42.0,True,True,0.5457407407407407
Staples::Facilities > Air Quality > Pleated Air Filters,Staples,Pleated Air Filters,Facilities > Air Quality > Pleated Air Filters,3,46.0,True,True,0.5502777777777778
Staples::Facilities > Bathroom Fixtures,Staples,Bathroom Fixtures,Facilities > Bathroom Fixtures,2,103.0,False,True,0.5361154855643044
Staples::Facilities > Bathroom Fixtures > Changing Stations and Accessories,Staples,Changing Stations and Accessories,Facilities > Bathroom Fixtures > Changing Stations and Accessories,3,5.0,True,True,0.4522453703703703
Staples::Facilities > Bathroom Fixtures > Facial Tissue Dispensers,Staples,Facial Tissue Dispensers,Facilities > Bathroom Fixtures > Facial Tissue Dispensers,3,2.0,True,True,0.43555555555555553
Staples::Facilities > Bathroom Fixtures > Hand Dryers,Staples,Hand Dryers,Facilities > Bathroom Fixtures > Hand Dryers,3,11.0,True,True,0.4786574074074073
Staples::Facilities > Bathroom Fixtures > Sanitary Dispensers,Staples,Sanitary Dispensers,Facilities > Bathroom Fixtures > Sanitary Dispensers,3,11.0,True,True,0.4786574074074073
Staples::Facilities > Bathroom Fixtures > Sanitary Receptacles & Accessories,Staples,Sanitary Receptacles & Accessories,Facilities > Bathroom Fixtures > Sanitary Receptacles & Accessories,3,22.0,True,True,0.5065277777777777
Staples::Facilities > Bathroom Fixtures > Toilet Seat Cover Dispensers,Staples,Toilet Seat Cover Dispensers,Facilities > Bathroom Fixtures > Toilet Seat Cover Dispensers,3,6.0,True,True,0.4580787037037036
"Staples::Facilities > Commercial Lighting, Ballasts & Bulbs",Staples,"Commercial Lighting, Ballasts & Bulbs","Facilities > Commercial Lighting, Ballasts & Bulbs",2,346.0,False,True,0.5868241469816272
"Staples::Facilities > Commercial Lighting, Ballasts & Bulbs > Ballasts",Staples,Ballasts,"Facilities > Commercial Lighting, Ballasts & Bulbs > Ballasts",3,6.0,True,True,0.4580787037037036
"Staples::Facilities > Commercial Lighting, Ballasts & Bulbs > Commercial Lighting",Staples,Commercial Lighting,"Facilities > Commercial Lighting, Ballasts & Bulbs > Commercial Lighting",3,23.0,True,True,0.5086342592592593
"Staples::Facilities > Commercial Lighting, Ballasts & Bulbs > Light Bulbs",Staples,Light Bulbs,"Facilities > Commercial Lighting, Ballasts & Bulbs > Light Bulbs",3,317.0,True,True,0.6426388888888889
Staples::Facilities > Electrical and Wiring,Staples,Electrical and Wiring,Facilities > Electrical and Wiring,2,18.0,False,True,0.4747506561679789
Staples::Facilities > Electrical and Wiring > Electrical,Staples,Electrical,Facilities > Electrical and Wiring > Electrical,3,18.0,False,True,0.5010185185185185
Staples::Facilities > Electrical and Wiring > Electrical > Fuses,Staples,Fuses,Facilities > Electrical and Wiring > Electrical > Fuses,4,18.0,True,True,0.5624347826086956
Staples::Facilities > Electrical and Wiring > Electrical > Plugs and Connectors,Staples,Plugs and Connectors,Facilities > Electrical and Wiring > Electrical > Plugs and Connectors,4,2.0,True,True,0.4616347826086956
Staples::Facilities > Electrical and Wiring > Electrical > Receptacles,Staples,Receptacles,Facilities > Electrical and Wiring > Electrical > Receptacles,4,1.0,True,True,0.4448347826086956
Staples::Facilities > Electrical and Wiring > Electrical > Switches and Controls,Staples,Switches and Controls,Facilities > Electrical and Wiring > Electrical > Switches and Controls,4,9.0,True,True,0.5215304347826086
Staples::Facilities > Electrical and Wiring > Electrical > Wall Plates,Staples,Wall Plates,Facilities > Electrical and Wiring > Electrical > Wall Plates,4,6.0,True,True,0.5052173913043478
Staples::Facilities > Electrical and Wiring > Electrical > Wire,Staples,Wire,Facilities > Electrical and Wiring > Electrical > Wire,4,18.0,True,True,0.5624347826086956
Staples::Facilities > Facilities Signs,Staples,Facilities Signs,Facilities > Facilities Signs,2,5635.0,False,True,0.6889763779527559
Staples::Facilities > Facilities Signs > Labor Law Posters,Staples,Labor Law Posters,Facilities > Facilities Signs > Labor Law Posters,3,1249.0,True,True,0.6766666666666666
Staples::Facilities > Facilities Signs > Safety Labels & Tags,Staples,Safety Labels & Tags,Facilities > Facilities Signs > Safety Labels & Tags,3,1002.0,True,True,0.67375
Staples::Facilities > Facilities Signs > Safety Signs,Staples,Safety Signs,Facilities > Facilities Signs > Safety Signs,3,3198.0,True,True,0.6825
Staples::Facilities > Flashlights & Lanterns,Staples,Flashlights & Lanterns,Facilities > Flashlights & Lanterns,2,100.0,True,True,0.5331758530183727
Staples::Facilities > Floor Mats & Flooring,Staples,Floor Mats & Flooring,Facilities > Floor Mats & Flooring,2,954.0,False,True,0.6426771653543307
Staples::Facilities > Floor Mats & Flooring > Brooms & Dustpans,Staples,Brooms & Dustpans,Facilities > Floor Mats & Flooring > Brooms & Dustpans,3,111.0,True,True,0.5920833333333333
Staples::Facilities > Floor Mats & Flooring > Commercial Floor Mats,Staples,Commercial Floor Mats,Facilities > Floor Mats & Flooring > Commercial Floor Mats,3,639.0,True,True,0.6630555555555555
Staples::Facilities > Grounds Maintenance,Staples,Grounds Maintenance,Facilities > Grounds Maintenance,2,268.0,False,True,0.5772703412073491
Staples::Facilities > Grounds Maintenance > Outdoor Tools,Staples,Outdoor Tools,Facilities > Grounds Maintenance > Outdoor Tools,3,60.0,False,True,0.5625925925925925
Staples::Facilities > Grounds Maintenance > Outdoor Tools > Lawn & Garden Tools,Staples,Lawn & Garden Tools,Facilities > Grounds Maintenance > Outdoor Tools > Lawn & Garden Tools,4,47.0,True,True,0.6113739130434782
Staples::Facilities > Grounds Maintenance > Outdoor Tools > Post Hole Diggers,Staples,Post Hole Diggers,Facilities > Grounds Maintenance > Outdoor Tools > Post Hole Diggers,4,60.0,True,True,0.6257391304347826
Staples::Facilities > Grounds Maintenance > Outdoor Tools > Pressure Washers & Accessories,Staples,Pressure Washers & Accessories,Facilities > Grounds Maintenance > Outdoor Tools > Pressure Washers & Accessories,4,8.0,True,True,0.5166608695652174
Staples::Facilities > Grounds Maintenance > Outdoor Tools > Rakes & Leaf Blowers,Staples,Rakes & Leaf Blowers,Facilities > Grounds Maintenance > Outdoor Tools > Rakes & Leaf Blowers,4,5.0,True,True,0.4964521739130434
Staples::Facilities > Grounds Maintenance > Snow Removal,Staples,Snow Removal,Facilities > Grounds Maintenance > Snow Removal,3,63.0,False,True,0.5656712962962963
Staples::Facilities > Grounds Maintenance > Snow Removal > Salt Spreaders,Staples,Salt Spreaders,Facilities > Grounds Maintenance > Snow Removal > Salt Spreaders,4,8.0,True,True,0.5166608695652174
Staples::Facilities > Grounds Maintenance > Snow Removal > Snow Blowers,Staples,Snow Blowers,Facilities > Grounds Maintenance > Snow Removal > Snow Blowers,4,1.0,True,True,0.4448347826086956
"Staples::Facilities > Grounds Maintenance > Snow Removal > Snow Shovels, Pushers & Scrapers",Staples,"Snow Shovels, Pushers & Scrapers","Facilities > Grounds Maintenance > Snow Removal > Snow Shovels, Pushers & Scrapers",4,13.0,True,True,0.5422260869565217
Staples::Facilities > Grounds Maintenance > Watering Equipment,Staples,Watering Equipment,Facilities > Grounds Maintenance > Watering Equipment,3,17.0,False,True,0.498912037037037
Staples::Facilities > Grounds Maintenance > Watering Equipment > Lawn Sprinklers,Staples,Lawn Sprinklers,Facilities > Grounds Maintenance > Watering Equipment > Lawn Sprinklers,4,3.0,True,True,0.4728347826086956
Staples::Facilities > Grounds Maintenance > Watering Equipment > Water Hose Nozzles & Sprayers,Staples,Water Hose Nozzles & Sprayers,Facilities > Grounds Maintenance > Watering Equipment > Water Hose Nozzles & Sprayers,4,17.0,True,True,0.5587826086956521
Staples::Facilities > Grounds Maintenance > Watering Equipment > Water Hoses & Accessories,Staples,Water Hoses & Accessories,Facilities > Grounds Maintenance > Watering Equipment > Water Hoses & Accessories,4,14.0,True,True,0.547095652173913
Staples::Facilities > Hand & Power Tools,Staples,Hand & Power Tools,Facilities > Hand & Power Tools,2,440.0,False,True,0.6015223097112861
Staples::Facilities > Hand & Power Tools > Hand Tools,Staples,Hand Tools,Facilities > Hand & Power Tools > Hand Tools,3,279.0,False,True,0.6387499999999999
Staples::Facilities > Hand & Power Tools > Hand Tools > Box Cutters & Utility Knives,Staples,Box Cutters & Utility Knives,Facilities > Hand & Power Tools > Hand Tools > Box Cutters & Utility Knives,4,85.0,True,True,0.6415652173913043
Staples::Facilities > Hand & Power Tools > Hand Tools > Clamps,Staples,Clamps,Facilities > Hand & Power Tools > Hand Tools > Clamps,4,7.0,True,True,0.5122782608695652
Staples::Facilities > Hand & Power Tools > Hand Tools > Crowbars & Pry Bars,Staples,Crowbars & Pry Bars,Facilities > Hand & Power Tools > Hand Tools > Crowbars & Pry Bars,4,8.0,True,True,0.5166608695652174
Staples::Facilities > Hand & Power Tools > Hand Tools > Fastening Tools,Staples,Fastening Tools,Facilities > Hand & Power Tools > Hand Tools > Fastening Tools,4,2.0,True,True,0.4616347826086956
Staples::Facilities > Hand & Power Tools > Hand Tools > Hammers & Striking Tools,Staples,Hammers & Striking Tools,Facilities > Hand & Power Tools > Hand Tools > Hammers & Striking Tools,4,21.0,True,True,0.5690086956521738
Staples::Facilities > Hand & Power Tools > Hand Tools > Hand Saws,Staples,Hand Saws,Facilities > Hand & Power Tools > Hand Tools > Hand Saws,4,4.0,True,True,0.48598260869565213
Staples::Facilities > Hand & Power Tools > Hand Tools > Hand Tool Sets,Staples,Hand Tool Sets,Facilities > Hand & Power Tools > Hand Tools > Hand Tool Sets,4,39.0,True,True,0.5989565217391303
Staples::Facilities > Hand & Power Tools > Hand Tools > Pliers,Staples,Pliers,Facilities > Hand & Power Tools > Hand Tools > Pliers,4,42.0,True,True,0.603095652173913
Staples::Facilities > Hand & Power Tools > Hand Tools > Screwdrivers & Nutdrivers,Staples,Screwdrivers & Nutdrivers,Facilities > Hand & Power Tools > Hand Tools > Screwdrivers & Nutdrivers,4,27.0,True,True,0.5816695652173912
Staples::Facilities > Hand & Power Tools > Hand Tools > Testers & Indicators,Staples,Testers & Indicators,Facilities > Hand & Power Tools > Hand Tools > Testers & Indicators,4,17.0,True,True,0.5587826086956521
Staples::Facilities > Hand & Power Tools > Hand Tools > Wrenches,Staples,Wrenches,Facilities > Hand & Power Tools > Hand Tools > Wrenches,4,27.0,True,True,0.5816695652173912
Staples::Facilities > Hand & Power Tools > Measuring & Layout Tools,Staples,Measuring & Layout Tools,Facilities > Hand & Power Tools > Measuring & Layout Tools,3,87.0,False,True,0.5815509259259259
Staples::Facilities > Hand & Power Tools > Measuring & Layout Tools > Inspection Mirrors,Staples,Inspection Mirrors,Facilities > Hand & Power Tools > Measuring & Layout Tools > Inspection Mirrors,4,13.0,True,True,0.5422260869565217
"Staples::Facilities > Hand & Power Tools > Measuring & Layout Tools > Levels, Compasses, and Calipers",Staples,"Levels, Compasses, and Calipers","Facilities > Hand & Power Tools > Measuring & Layout Tools > Levels, Compasses, and Calipers",4,25.0,True,True,0.5765565217391304
Staples::Facilities > Hand & Power Tools > Measuring & Layout Tools > Measuring Wheels,Staples,Measuring Wheels,Facilities > Hand & Power Tools > Measuring & Layout Tools > Measuring Wheels,4,7.0,True,True,0.5122782608695652
Staples::Facilities > Hand & Power Tools > Measuring & Layout Tools > Stud Finders,Staples,Stud Finders,Facilities > Hand & Power Tools > Measuring & Layout Tools > Stud Finders,4,1.0,True,True,0.4448347826086956
Staples::Facilities > Hand & Power Tools > Measuring & Layout Tools > Tape Measures,Staples,Tape Measures,Facilities > Hand & Power Tools > Measuring & Layout Tools > Tape Measures,4,41.0,True,True,0.6018782608695652
Staples::Facilities > Hand & Power Tools > Power Tools,Staples,Power Tools,Facilities > Hand & Power Tools > Power Tools,3,38.0,False,True,0.5373148148148148
Staples::Facilities > Hand & Power Tools > Power Tools > Cordless Tools & Accessories,Staples,Cordless Tools & Accessories,Facilities > Hand & Power Tools > Power Tools > Cordless Tools & Accessories,4,10.0,True,True,0.5273739130434782
Staples::Facilities > Hand & Power Tools > Power Tools > Drills,Staples,Drills,Facilities > Hand & Power Tools > Power Tools > Drills,4,17.0,True,True,0.5587826086956521
Staples::Facilities > Hand & Power Tools > Power Tools > Pneumatic Tools,Staples,Pneumatic Tools,Facilities > Hand & Power Tools > Power Tools > Pneumatic Tools,4,1.0,True,True,0.4448347826086956
Staples::Facilities > Hand & Power Tools > Power Tools > Power Saws & Accessories,Staples,Power Saws & Accessories,Facilities > Hand & Power Tools > Power Tools > Power Saws & Accessories,4,38.0,True,True,0.5970086956521738
Staples::Facilities > Hand & Power Tools > Power Tools > Power Tool Sets,Staples,Power Tool Sets,Facilities > Hand & Power Tools > Power Tools > Power Tool Sets,4,9.0,True,True,0.5215304347826086
Staples::Facilities > Hand & Power Tools > Power Tools > Screw Extractors & Sets,Staples,Screw Extractors & Sets,Facilities > Hand & Power Tools > Power Tools > Screw Extractors & Sets,4,1.0,True,True,0.4448347826086956
Staples::Facilities > Hand & Power Tools > Tool Storage,Staples,Tool Storage,Facilities > Hand & Power Tools > Tool Storage,3,36.0,False,True,0.534074074074074
Staples::Facilities > Hand & Power Tools > Tool Storage > Soft Sided Storage,Staples,Soft Sided Storage,Facilities > Hand & Power Tools > Tool Storage > Soft Sided Storage,4,22.0,True,True,0.5712
Staples::Facilities > Hand & Power Tools > Tool Storage > Tool Boxes & Cases,Staples,Tool Boxes & Cases,Facilities > Hand & Power Tools > Tool Storage > Tool Boxes & Cases,4,10.0,True,True,0.5273739130434782
Staples::Facilities > Hand & Power Tools > Tool Storage > Tool Chests & Side Cabinets,Staples,Tool Chests & Side Cabinets,Facilities > Hand & Power Tools > Tool Storage > Tool Chests & Side Cabinets,4,4.0,True,True,0.48598260869565213
Staples::Facilities > Hardware,Staples,Hardware,Facilities > Hardware,2,212.0,False,True,0.5662467191601049
Staples::Facilities > Hardware > Ceiling,Staples,Ceiling,Facilities > Hardware > Ceiling,3,162.0,False,True,0.6163888888888889
Staples::Facilities > Hardware > Ceiling > Ceiling Tiles,Staples,Ceiling Tiles,Facilities > Hardware > Ceiling > Ceiling Tiles,4,162.0,True,True,0.6600695652173912
"Staples::Facilities > Hardware > Chain, Rope & Tie Downs",Staples,"Chain, Rope & Tie Downs","Facilities > Hardware > Chain, Rope & Tie Downs",3,13.0,False,True,0.48513888888888884
"Staples::Facilities > Hardware > Chain, Rope & Tie Downs > Chain Accessories",Staples,Chain Accessories,"Facilities > Hardware > Chain, Rope & Tie Downs > Chain Accessories",4,1.0,True,True,0.4448347826086956
"Staples::Facilities > Hardware > Chain, Rope & Tie Downs > Chains",Staples,Chains,"Facilities > Hardware > Chain, Rope & Tie Downs > Chains",4,1.0,True,True,0.4448347826086956
"Staples::Facilities > Hardware > Chain, Rope & Tie Downs > Straps & Bungee Cords",Staples,Straps & Bungee Cords,"Facilities > Hardware > Chain, Rope & Tie Downs > Straps & Bungee Cords",4,11.0,True,True,0.5327304347826086
Staples::Facilities > Hardware > Door Hardware,Staples,Door Hardware,Facilities > Hardware > Door Hardware,3,36.0,False,True,0.534074074074074
Staples::Facilities > Hardware > Door Hardware > Commercial Locksets,Staples,Commercial Locksets,Facilities > Hardware > Door Hardware > Commercial Locksets,4,6.0,True,True,0.5052173913043478
Staples::Facilities > Hardware > Door Hardware > Door Closers,Staples,Door Closers,Facilities > Hardware > Door Hardware > Door Closers,4,3.0,True,True,0.4728347826086956
Staples::Facilities > Hardware > Door Hardware > Door Stops & Bumpers,Staples,Door Stops & Bumpers,Facilities > Hardware > Door Hardware > Door Stops & Bumpers,4,23.0,True,True,0.5736347826086956
Staples::Facilities > Hardware > Door Hardware > Door Strips,Staples,Door Strips,Facilities > Hardware > Door Hardware > Door Strips,4,36.0,True,True,0.5935999999999999
Staples::Facilities > Hardware > Door Hardware > Push Plates & Pulls,Staples,Push Plates & Pulls,Facilities > Hardware > Door Hardware > Push Plates & Pulls,4,4.0,True,True,0.48598260869565213
Staples::Facilities > Hardware > Fasteners,Staples,Fasteners,Facilities > Hardware > Fasteners,3,212.0,True,True,0.63
Staples::Facilities > Hardware > Wheels & Casters,Staples,Wheels & Casters,Facilities > Hardware > Wheels & Casters,3,1.0,True,True,0.4277777777777777
Staples::Facilities > Heating & Cooling,Staples,Heating & Cooling,Facilities > Heating & Cooling,2,582.0,False,True,0.6147506561679789
Staples::Facilities > Heating & Cooling > Air Conditioners,Staples,Air Conditioners,Facilities > Heating & Cooling > Air Conditioners,3,224.0,True,True,0.6325925925925925
Staples::Facilities > Heating & Cooling > Bathroom Fans,Staples,Bathroom Fans,Facilities > Heating & Cooling > Bathroom Fans,3,24.0,True,True,0.5143055555555556
Staples::Facilities > Heating & Cooling > Ceiling Fans,Staples,Ceiling Fans,Facilities > Heating & Cooling > Ceiling Fans,3,582.0,True,True,0.6604629629629629
Staples::Facilities > Heating & Cooling > General Purpose Fans,Staples,General Purpose Fans,Facilities > Heating & Cooling > General Purpose Fans,3,155.0,True,True,0.6155787037037036
Staples::Facilities > Heating & Cooling > Heaters,Staples,Heaters,Facilities > Heating & Cooling > Heaters,3,137.0,True,True,0.6043981481481481
Staples::Facilities > Heating & Cooling > Industrial Fans,Staples,Industrial Fans,Facilities > Heating & Cooling > Industrial Fans,3,41.0,True,True,0.5442824074074073
Staples::Facilities > Heating & Cooling > Thermostats,Staples,Thermostats,Facilities > Heating & Cooling > Thermostats,3,1.0,True,True,0.4277777777777777
Staples::Facilities > Ladders & Step Stools,Staples,Ladders & Step Stools,Facilities > Ladders & Step Stools,2,96.0,True,True,0.5317060367454067
Staples::Facilities > Locks & Key Control,Staples,Locks & Key Control,Facilities > Locks & Key Control,2,149.0,False,True,0.5515485564304461
Staples::Facilities > Locks & Key Control > Key Control,Staples,Key Control,Facilities > Locks & Key Control > Key Control,3,79.0,True,True,0.5770138888888888
Staples::Facilities > Locks & Key Control > Locking Systems,Staples,Locking Systems,Facilities > Locks & Key Control > Locking Systems,3,6.0,True,True,0.4580787037037036
Staples::Facilities > Locks & Key Control > Lockout Devices,Staples,Lockout Devices,Facilities > Locks & Key Control > Lockout Devices,3,34.0,True,True,0.5321296296296296
Staples::Facilities > Locks & Key Control > Padlocks,Staples,Padlocks,Facilities > Locks & Key Control > Padlocks,3,30.0,True,True,0.5277546296296296
Staples::Facilities > Material Handling,Staples,Material Handling,Facilities > Material Handling,2,101.0,False,True,0.5339107611548556
Staples::Facilities > Material Handling > Hand Trucks & Dollies,Staples,Hand Trucks & Dollies,Facilities > Material Handling > Hand Trucks & Dollies,3,101.0,True,True,0.5877083333333333
"Staples::Facilities > Material Handling > Hoists, Winches & Pullers",Staples,"Hoists, Winches & Pullers","Facilities > Material Handling > Hoists, Winches & Pullers",3,101.0,True,True,0.5877083333333333
Staples::Facilities > Paint Supplies,Staples,Paint Supplies,Facilities > Paint Supplies,2,1950.0,False,True,0.674278215223097
Staples::Facilities > Paint Supplies > Paint,Staples,Paint,Facilities > Paint Supplies > Paint,3,23.0,False,True,0.5086342592592593
Staples::Facilities > Paint Supplies > Paint > Exterior Paint,Staples,Exterior Paint,Facilities > Paint Supplies > Paint > Exterior Paint,4,23.0,True,True,0.5736347826086956
Staples::Facilities > Paint Supplies > Paint > Interior Paint,Staples,Interior Paint,Facilities > Paint Supplies > Paint > Interior Paint,4,1.0,True,True,0.4448347826086956
Staples::Facilities > Paint Supplies > Paint > Spray Paint,Staples,Spray Paint,Facilities > Paint Supplies > Paint > Spray Paint,4,22.0,True,True,0.5712
Staples::Facilities > Paint Supplies > Paint Accessories,Staples,Paint Accessories,Facilities > Paint Supplies > Paint Accessories,3,43.0,False,True,0.547199074074074
Staples::Facilities > Paint Supplies > Paint Accessories > Extension Poles,Staples,Extension Poles,Facilities > Paint Supplies > Paint Accessories > Extension Poles,4,5.0,True,True,0.4964521739130434
Staples::Facilities > Paint Supplies > Paint Accessories > Paint Brushes,Staples,Paint Brushes,Facilities > Paint Supplies > Paint Accessories > Paint Brushes,4,26.0,True,True,0.5789913043478261
Staples::Facilities > Paint Supplies > Paint Accessories > Paint Buckets,Staples,Paint Buckets,Facilities > Paint Supplies > Paint Accessories > Paint Buckets,4,3.0,True,True,0.4728347826086956
Staples::Facilities > Paint Supplies > Paint Accessories > Paint Solvents,Staples,Paint Solvents,Facilities > Paint Supplies > Paint Accessories > Paint Solvents,4,43.0,True,True,0.6050434782608695
Staples::Facilities > Paint Supplies > Paint Accessories > Paint Sprayers,Staples,Paint Sprayers,Facilities > Paint Supplies > Paint Accessories > Paint Sprayers,4,43.0,True,True,0.6050434782608695
Staples::Facilities > Paint Supplies > Paint Accessories > Paint Trays,Staples,Paint Trays,Facilities > Paint Supplies > Paint Accessories > Paint Trays,4,2.0,True,True,0.4616347826086956
Staples::Facilities > Paint Supplies > Paint Accessories > Primer,Staples,Primer,Facilities > Paint Supplies > Paint Accessories > Primer,4,43.0,True,True,0.6050434782608695
Staples::Facilities > Paint Supplies > Paint Accessories > Roller Covers,Staples,Roller Covers,Facilities > Paint Supplies > Paint Accessories > Roller Covers,4,7.0,True,True,0.5122782608695652
Staples::Facilities > Paint Supplies > Paint Accessories > Roller Frames,Staples,Roller Frames,Facilities > Paint Supplies > Paint Accessories > Roller Frames,4,43.0,True,True,0.6050434782608695
Staples::Facilities > Paint Supplies > Sandpaper & Abrasives,Staples,Sandpaper & Abrasives,Facilities > Paint Supplies > Sandpaper & Abrasives,3,1927.0,True,True,0.6795833333333333
Staples::Facilities > Paint Supplies > Surface Protection,Staples,Surface Protection,Facilities > Paint Supplies > Surface Protection,3,1927.0,True,True,0.6795833333333333
Staples::Facilities > Paint Supplies > Wood Care & Maintenance,Staples,Wood Care & Maintenance,Facilities > Paint Supplies > Wood Care & Maintenance,3,1927.0,True,True,0.6795833333333333
Staples::Facilities > Plumbing,Staples,Plumbing,Facilities > Plumbing,2,584.0,False,True,0.6165879265091863
Staples::Facilities > Plumbing > Bathroom Hardware,Staples,Bathroom Hardware,Facilities > Plumbing > Bathroom Hardware,3,60.0,False,True,0.5625925925925925
Staples::Facilities > Plumbing > Bathroom Hardware > Bathroom Safety Hardware,Staples,Bathroom Safety Hardware,Facilities > Plumbing > Bathroom Hardware > Bathroom Safety Hardware,4,46.0,True,True,0.6089391304347826
Staples::Facilities > Plumbing > Bathroom Hardware > Drains,Staples,Drains,Facilities > Plumbing > Bathroom Hardware > Drains,4,14.0,True,True,0.547095652173913
Staples::Facilities > Plumbing > Bathroom Hardware > Water Treatment,Staples,Water Treatment,Facilities > Plumbing > Bathroom Hardware > Water Treatment,4,60.0,True,True,0.6257391304347826
Staples::Facilities > Plumbing > Drinking Fountain Repair & Accessories,Staples,Drinking Fountain Repair & Accessories,Facilities > Plumbing > Drinking Fountain Repair & Accessories,3,39.0,True,True,0.5390972222222222
Staples::Facilities > Plumbing > Drinking Fountains,Staples,Drinking Fountains,Facilities > Plumbing > Drinking Fountains,3,87.0,True,True,0.5815509259259259
Staples::Facilities > Plumbing > Faucet Repair Parts,Staples,Faucet Repair Parts,Facilities > Plumbing > Faucet Repair Parts,3,23.0,True,True,0.5086342592592593
Staples::Facilities > Plumbing > Faucets,Staples,Faucets,Facilities > Plumbing > Faucets,3,67.0,True,True,0.5705324074074074
Staples::Facilities > Plumbing > Sink Repair Parts,Staples,Sink Repair Parts,Facilities > Plumbing > Sink Repair Parts,3,12.0,True,True,0.4817361111111111
Staples::Facilities > Plumbing > Sinks,Staples,Sinks,Facilities > Plumbing > Sinks,3,89.0,True,True,0.5828472222222222
Staples::Facilities > Plumbing > Toilets and Urinals,Staples,Toilets and Urinals,Facilities > Plumbing > Toilets and Urinals,3,202.0,False,True,0.6261111111111111
Staples::Facilities > Plumbing > Toilets and Urinals > Flush Valves,Staples,Flush Valves,Facilities > Plumbing > Toilets and Urinals > Flush Valves,4,42.0,True,True,0.603095652173913
Staples::Facilities > Plumbing > Toilets and Urinals > Toilet & Urinal Repair Parts,Staples,Toilet & Urinal Repair Parts,Facilities > Plumbing > Toilets and Urinals > Toilet & Urinal Repair Parts,4,60.0,True,True,0.6257391304347826
Staples::Facilities > Plumbing > Toilets and Urinals > Toilet Seats,Staples,Toilet Seats,Facilities > Plumbing > Toilets and Urinals > Toilet Seats,4,15.0,True,True,0.5509913043478261
Staples::Facilities > Plumbing > Toilets and Urinals > Toilets,Staples,Toilets,Facilities > Plumbing > Toilets and Urinals > Toilets,4,75.0,True,True,0.6357217391304347
Staples::Facilities > Plumbing > Toilets and Urinals > Urinals,Staples,Urinals,Facilities > Plumbing > Toilets and Urinals > Urinals,4,10.0,True,True,0.5273739130434782
Staples::Facilities > Plumbing > Tubs and Showers,Staples,Tubs and Showers,Facilities > Plumbing > Tubs and Showers,3,5.0,False,True,0.4522453703703703
Staples::Facilities > Plumbing > Tubs and Showers > Handheld Shower Heads,Staples,Handheld Shower Heads,Facilities > Plumbing > Tubs and Showers > Handheld Shower Heads,4,1.0,True,True,0.4448347826086956
Staples::Facilities > Plumbing > Tubs and Showers > Wall Mounted Shower Heads,Staples,Wall Mounted Shower Heads,Facilities > Plumbing > Tubs and Showers > Wall Mounted Shower Heads,4,4.0,True,True,0.48598260869565213
Staples::Facilities > Spill Containment & Sorbents,Staples,Spill Containment & Sorbents,Facilities > Spill Containment & Sorbents,2,158.0,True,True,0.5548556430446193
Staples::Facilities > Washer & Dryer Accessories,Staples,Washer & Dryer Accessories,Facilities > Washer & Dryer Accessories,2,48.0,True,True,0.5037795275590551
Staples::Facilities > Work Lights,Staples,Work Lights,Facilities > Work Lights,2,15.0,True,True,0.4714435695538058
Staples::Fitness,Staples,Fitness,Fitness,1,43.0,False,True,0.06102564102564102
Staples::Fitness > Fitness Equipment,Staples,Fitness Equipment,Fitness > Fitness Equipment,2,43.0,False,True,0.07139107611548556
Staples::Fitness > Fitness Equipment > Fitness Machines,Staples,Fitness Machines,Fitness > Fitness Equipment > Fitness Machines,3,43.0,False,True,0.0781712962962963
Staples::Fitness > Fitness Equipment > Fitness Machines > Fitness Machines,Staples,Fitness Machines,Fitness > Fitness Equipment > Fitness Machines > Fitness Machines,4,43.0,True,True,0.08643478260869565
Staples::Furniture,Staples,Furniture,Furniture,1,37448.0,False,True,0.6
Staples::Furniture > Boards & Easels,Staples,Boards & Easels,Furniture > Boards & Easels,2,1442.0,False,True,0.8565354330708662
Staples::Furniture > Boards & Easels > Board Accessories,Staples,Board Accessories,Furniture > Boards & Easels > Board Accessories,3,186.0,True,True,0.7991666666666667
Staples::Furniture > Boards & Easels > Bulletin Boards,Staples,Bulletin Boards,Furniture > Boards & Easels > Bulletin Boards,3,284.0,True,True,0.8227083333333334
Staples::Furniture > Boards & Easels > Calendar & In-Out Boards,Staples,Calendar & In-Out Boards,Furniture > Boards & Easels > Calendar & In-Out Boards,3,63.0,True,True,0.7272916666666668
Staples::Furniture > Boards & Easels > Chalkboards,Staples,Chalkboards,Furniture > Boards & Easels > Chalkboards,3,64.0,True,True,0.7291666666666666
Staples::Furniture > Boards & Easels > Dry Erase Whiteboards,Staples,Dry Erase Whiteboards,Furniture > Boards & Easels > Dry Erase Whiteboards,3,745.0,True,True,0.8583333333333334
Staples::Furniture > Boards & Easels > Easels,Staples,Easels,Furniture > Boards & Easels > Easels,3,38.0,True,True,0.6908333333333334
Staples::Furniture > Bookcases & Bookshelves,Staples,Bookcases & Bookshelves,Furniture > Bookcases & Bookshelves,2,384.0,True,True,0.508031496062992
Staples::Furniture > Carts & Stands,Staples,Carts & Stands,Furniture > Carts & Stands,2,449.0,False,True,0.602257217847769
Staples::Furniture > Carts & Stands > Carts & Stands,Staples,Carts & Stands,Furniture > Carts & Stands > Carts & Stands,3,387.0,True,True,0.6502546296296295
Staples::Furniture > Carts & Stands > TV Stands,Staples,TV Stands,Furniture > Carts & Stands > TV Stands,3,62.0,True,True,0.564375
Staples::Furniture > Chair Mats,Staples,Chair Mats,Furniture > Chair Mats,2,308.0,True,True,0.7497637795275591
Staples::Furniture > Chairs & Seating,Staples,Chairs & Seating,Furniture > Chairs & Seating,2,3651.0,False,True,0.584251968503937
Staples::Furniture > Chairs & Seating > Accent & Waiting Room Chairs,Staples,Accent & Waiting Room Chairs,Furniture > Chairs & Seating > Accent & Waiting Room Chairs,3,229.0,True,True,0.18101851851851852
Staples::Furniture > Chairs & Seating > Big and Tall Chairs,Staples,Big and Tall Chairs,Furniture > Chairs & Seating > Big and Tall Chairs,3,79.0,True,True,0.8243055555555555
Staples::Furniture > Chairs & Seating > Breakroom & Dining Chairs,Staples,Breakroom & Dining Chairs,Furniture > Chairs & Seating > Breakroom & Dining Chairs,3,75.0,True,True,0.4930555555555556
Staples::Furniture > Chairs & Seating > Chair Parts & Accessories,Staples,Chair Parts & Accessories,Furniture > Chairs & Seating > Chair Parts & Accessories,3,168.0,True,True,0.5297222222222222
Staples::Furniture > Chairs & Seating > Gaming Chairs,Staples,Gaming Chairs,Furniture > Chairs & Seating > Gaming Chairs,3,87.0,True,True,0.4984722222222222
Staples::Furniture > Chairs & Seating > Kids Seating,Staples,Kids Seating,Furniture > Chairs & Seating > Kids Seating,3,147.0,True,True,0.5225
Staples::Furniture > Chairs & Seating > Office Chairs,Staples,Office Chairs,Furniture > Chairs & Seating > Office Chairs,3,1008.0,True,True,0.962962962962963
"Staples::Furniture > Chairs & Seating > Recliners, Gliders & Rockers",Staples,"Recliners, Gliders & Rockers","Furniture > Chairs & Seating > Recliners, Gliders & Rockers",3,14.0,True,True,0.13953703703703704
Staples::Furniture > Chairs & Seating > Sofas & Benches,Staples,Sofas & Benches,Furniture > Chairs & Seating > Sofas & Benches,3,113.0,False,True,0.16949074074074078
Staples::Furniture > Chairs & Seating > Sofas & Benches > Benches & Beam Seating,Staples,Benches & Beam Seating,Furniture > Chairs & Seating > Sofas & Benches > Benches & Beam Seating,4,49.0,True,True,0.17530434782608695
"Staples::Furniture > Chairs & Seating > Sofas & Benches > Sofas, Loveseats & Sectionals",Staples,"Sofas, Loveseats & Sectionals","Furniture > Chairs & Seating > Sofas & Benches > Sofas, Loveseats & Sectionals",4,64.0,True,True,0.17940869565217393
Staples::Furniture > Chairs & Seating > Stacking & Folding Chairs,Staples,Stacking & Folding Chairs,Furniture > Chairs & Seating > Stacking & Folding Chairs,3,468.0,True,True,0.937037037037037
Staples::Furniture > Chairs & Seating > Stools & Ottomans,Staples,Stools & Ottomans,Furniture > Chairs & Seating > Stools & Ottomans,3,912.0,False,True,0.19231481481481483
Staples::Furniture > Chairs & Seating > Stools & Ottomans > Counter & Bar Stools,Staples,Counter & Bar Stools,Furniture > Chairs & Seating > Stools & Ottomans > Counter & Bar Stools,4,617.0,True,True,0.19624347826086957
Staples::Furniture > Chairs & Seating > Stools & Ottomans > Drafting Chairs & Office Stools,Staples,Drafting Chairs & Office Stools,Furniture > Chairs & Seating > Stools & Ottomans > Drafting Chairs & Office Stools,4,175.0,True,True,0.18970434782608697
Staples::Furniture > Chairs & Seating > Stools & Ottomans > Foot Rests,Staples,Foot Rests,Furniture > Chairs & Seating > Stools & Ottomans > Foot Rests,4,56.0,True,True,0.17815652173913044
Staples::Furniture > Chairs & Seating > Stools & Ottomans > Ottomans,Staples,Ottomans,Furniture > Chairs & Seating > Stools & Ottomans > Ottomans,4,64.0,True,True,0.17940869565217393
Staples::Furniture > Cubicle & Panel Systems,Staples,Cubicle & Panel Systems,Furniture > Cubicle & Panel Systems,2,486.0,False,True,0.6037270341207348
Staples::Furniture > Cubicle & Panel Systems > Cubicle & Panel Workstations,Staples,Cubicle & Panel Workstations,Furniture > Cubicle & Panel Systems > Cubicle & Panel Workstations,3,142.0,True,True,0.6060185185185184
Staples::Furniture > Cubicle & Panel Systems > Cubicle Accessories & Hardware,Staples,Cubicle Accessories & Hardware,Furniture > Cubicle & Panel Systems > Cubicle Accessories & Hardware,3,35.0,True,True,0.5329398148148147
Staples::Furniture > Cubicle & Panel Systems > Desktop Privacy Panels,Staples,Desktop Privacy Panels,Furniture > Cubicle & Panel Systems > Desktop Privacy Panels,3,136.0,True,True,0.604074074074074
Staples::Furniture > Cubicle & Panel Systems > Office Partitions & Dividers,Staples,Office Partitions & Dividers,Furniture > Cubicle & Panel Systems > Office Partitions & Dividers,3,152.0,True,True,0.6139583333333333
Staples::Furniture > Cubicle & Panel Systems > Privacy Booths,Staples,Privacy Booths,Furniture > Cubicle & Panel Systems > Privacy Booths,3,21.0,True,True,0.5047453703703703
Staples::Furniture > Daycare & Nursery,Staples,Daycare & Nursery,Furniture > Daycare & Nursery,2,112.0,False,True,0.46582677165354325
Staples::Furniture > Daycare & Nursery > Daycare & Nursery Supplies,Staples,Daycare & Nursery Supplies,Furniture > Daycare & Nursery > Daycare & Nursery Supplies,3,80.0,True,True,0.49527777777777776
Staples::Furniture > Daycare & Nursery > Nursery Furniture,Staples,Nursery Furniture,Furniture > Daycare & Nursery > Nursery Furniture,3,11.0,True,True,0.41027777777777774
Staples::Furniture > Daycare & Nursery > Play & Rest Mats,Staples,Play & Rest Mats,Furniture > Daycare & Nursery > Play & Rest Mats,3,21.0,True,True,0.43263888888888885
Staples::Furniture > Decor,Staples,Decor,Furniture > Decor,2,21958.0,False,True,0.14937007874015748
Staples::Furniture > Decor > Artificial Plants & Flowers,Staples,Artificial Plants & Flowers,Furniture > Decor > Artificial Plants & Flowers,3,671.0,False,True,0.14274305555555555
Staples::Furniture > Decor > Artificial Plants & Flowers > Artificial Flowers,Staples,Artificial Flowers,Furniture > Decor > Artificial Plants & Flowers > Artificial Flowers,4,90.0,True,True,0.13789565217391303
Staples::Furniture > Decor > Artificial Plants & Flowers > Artificial Garlands & Swag,Staples,Artificial Garlands & Swag,Furniture > Decor > Artificial Plants & Flowers > Artificial Garlands & Swag,4,47.0,True,True,0.1310086956521739
Staples::Furniture > Decor > Artificial Plants & Flowers > Artificial Plants,Staples,Artificial Plants,Furniture > Decor > Artificial Plants & Flowers > Artificial Plants,4,203.0,True,True,0.14300869565217392
Staples::Furniture > Decor > Artificial Plants & Flowers > Artificial Trees,Staples,Artificial Trees,Furniture > Decor > Artificial Plants & Flowers > Artificial Trees,4,255.0,True,True,0.1449913043478261
Staples::Furniture > Decor > Artificial Plants & Flowers > Artificial Wreathes,Staples,Artificial Wreathes,Furniture > Decor > Artificial Plants & Flowers > Artificial Wreathes,4,76.0,True,True,0.13633043478260867
Staples::Furniture > Decor > Bath & Shower Accessories,Staples,Bath & Shower Accessories,Furniture > Decor > Bath & Shower Accessories,3,8.0,True,True,0.09986111111111111
Staples::Furniture > Decor > Bath Mats & Towels,Staples,Bath Mats & Towels,Furniture > Decor > Bath Mats & Towels,3,3.0,True,True,0.09454861111111111
Staples::Furniture > Decor > Beds & Bedding,Staples,Beds & Bedding,Furniture > Decor > Beds & Bedding,3,299.0,False,True,0.13743055555555556
Staples::Furniture > Decor > Beds & Bedding > Bedding,Staples,Bedding,Furniture > Decor > Beds & Bedding > Bedding,4,3.0,True,True,0.10132173913043478
Staples::Furniture > Decor > Beds & Bedding > Beds & Mattresses,Staples,Beds & Mattresses,Furniture > Decor > Beds & Bedding > Beds & Mattresses,4,169.0,True,True,0.14217391304347826
Staples::Furniture > Decor > Beds & Bedding > Blankets & Throws,Staples,Blankets & Throws,Furniture > Decor > Beds & Bedding > Blankets & Throws,4,52.0,True,True,0.13231304347826087
Staples::Furniture > Decor > Beds & Bedding > Headboards,Staples,Headboards,Furniture > Decor > Beds & Bedding > Headboards,4,15.0,True,True,0.1180695652173913
Staples::Furniture > Decor > Beds & Bedding > Mattress Pads & Toppers,Staples,Mattress Pads & Toppers,Furniture > Decor > Beds & Bedding > Mattress Pads & Toppers,4,10.0,True,True,0.1130086956521739
Staples::Furniture > Decor > Beds & Bedding > Pillows,Staples,Pillows,Furniture > Decor > Beds & Bedding > Pillows,4,50.0,True,True,0.13179130434782607
Staples::Furniture > Decor > Candles,Staples,Candles,Furniture > Decor > Candles,3,25.0,True,True,0.11118055555555555
Staples::Furniture > Decor > Clocks & Timers,Staples,Clocks & Timers,Furniture > Decor > Clocks & Timers,3,229.0,True,True,0.13576388888888888
"Staples::Furniture > Decor > Curtains, Blinds & Shades",Staples,"Curtains, Blinds & Shades","Furniture > Decor > Curtains, Blinds & Shades",3,2.0,True,True,0.09333333333333334
Staples::Furniture > Decor > Decorative Accents,Staples,Decorative Accents,Furniture > Decor > Decorative Accents,3,14.0,True,True,0.13953703703703704
Staples::Furniture > Decor > Essential Oils & Diffusers,Staples,Essential Oils & Diffusers,Furniture > Decor > Essential Oils & Diffusers,3,46.0,True,True,0.11791666666666666
Staples::Furniture > Decor > Home & Office Decor,Staples,Home & Office Decor,Furniture > Decor > Home & Office Decor,3,243.0,False,True,0.13624999999999998
Staples::Furniture > Decor > Home & Office Decor > Accent Furniture,Staples,Accent Furniture,Furniture > Decor > Home & Office Decor > Accent Furniture,4,17.0,True,True,0.15965217391304348
Staples::Furniture > Decor > Home & Office Decor > Accent Room Dividers,Staples,Accent Room Dividers,Furniture > Decor > Home & Office Decor > Accent Room Dividers,4,2.0,True,True,0.13189565217391305
"Staples::Furniture > Decor > Home & Office Decor > Decorative Baskets, Bowls and Boxes",Staples,"Decorative Baskets, Bowls and Boxes","Furniture > Decor > Home & Office Decor > Decorative Baskets, Bowls and Boxes",4,6.0,True,True,0.1082608695652174
Staples::Furniture > Decor > Home & Office Decor > Decorative Plates,Staples,Decorative Plates,Furniture > Decor > Home & Office Decor > Decorative Plates,4,243.0,True,True,0.144
Staples::Furniture > Decor > Home & Office Decor > Home & Office Bars,Staples,Home & Office Bars,Furniture > Decor > Home & Office Decor > Home & Office Bars,4,5.0,True,True,0.10638260869565216
Staples::Furniture > Decor > Home & Office Decor > Home Accents,Staples,Home Accents,Furniture > Decor > Home & Office Decor > Home Accents,4,4.0,True,True,0.13885217391304347
Staples::Furniture > Decor > Home & Office Decor > Indoor Fireplaces,Staples,Indoor Fireplaces,Furniture > Decor > Home & Office Decor > Indoor Fireplaces,4,6.0,True,True,0.1082608695652174
Staples::Furniture > Decor > Home & Office Decor > Living Room Accents,Staples,Living Room Accents,Furniture > Decor > Home & Office Decor > Living Room Accents,4,243.0,True,True,0.192
Staples::Furniture > Decor > Mirrors,Staples,Mirrors,Furniture > Decor > Mirrors,3,52.0,True,True,0.11906249999999999
Staples::Furniture > Decor > Picture Frames & Photo Albums,Staples,Picture Frames & Photo Albums,Furniture > Decor > Picture Frames & Photo Albums,3,435.0,True,True,0.13999999999999999
Staples::Furniture > Decor > Seasonal Decor,Staples,Seasonal Decor,Furniture > Decor > Seasonal Decor,3,591.0,False,True,0.14166666666666666
Staples::Furniture > Decor > Seasonal Decor > Figurines & Tabletop Decor,Staples,Figurines & Tabletop Decor,Furniture > Decor > Seasonal Decor > Figurines & Tabletop Decor,4,67.0,True,True,0.13523478260869565
Staples::Furniture > Decor > Seasonal Decor > Holiday Lighting,Staples,Holiday Lighting,Furniture > Decor > Seasonal Decor > Holiday Lighting,4,11.0,True,True,0.11415652173913042
Staples::Furniture > Decor > Seasonal Decor > Inflatables,Staples,Inflatables,Furniture > Decor > Seasonal Decor > Inflatables,4,39.0,True,True,0.1283478260869565
Staples::Furniture > Decor > Seasonal Decor > Ornaments & Tree Decor,Staples,Ornaments & Tree Decor,Furniture > Decor > Seasonal Decor > Ornaments & Tree Decor,4,52.0,True,True,0.13231304347826087
Staples::Furniture > Decor > Seasonal Decor > Standing Decor,Staples,Standing Decor,Furniture > Decor > Seasonal Decor > Standing Decor,4,67.0,True,True,0.13523478260869565
Staples::Furniture > Decor > Seasonal Decor > Window & Wall Decor & Signs,Staples,Window & Wall Decor & Signs,Furniture > Decor > Seasonal Decor > Window & Wall Decor & Signs,4,67.0,True,True,0.13523478260869565
Staples::Furniture > Decor > Shower Curtains & Accessories,Staples,Shower Curtains & Accessories,Furniture > Decor > Shower Curtains & Accessories,3,6.0,True,True,0.09815972222222222
Staples::Furniture > Decor > Wall Art,Staples,Wall Art,Furniture > Decor > Wall Art,3,18101.0,False,True,0.14993055555555554
Staples::Furniture > Decor > Wall Art > Abstract Art,Staples,Abstract Art,Furniture > Decor > Wall Art > Abstract Art,4,764.0,True,True,0.14770434782608696
Staples::Furniture > Decor > Wall Art > African Art,Staples,African Art,Furniture > Decor > Wall Art > African Art,4,18101.0,True,True,0.14994782608695653
Staples::Furniture > Decor > Wall Art > Animal Art,Staples,Animal Art,Furniture > Decor > Wall Art > Animal Art,4,316.0,True,True,0.1457217391304348
Staples::Furniture > Decor > Wall Art > Art by Famous Artists,Staples,Art by Famous Artists,Furniture > Decor > Wall Art > Art by Famous Artists,4,1144.0,True,True,0.14822608695652173
Staples::Furniture > Decor > Wall Art > Automotive & Car Art,Staples,Automotive & Car Art,Furniture > Decor > Wall Art > Automotive & Car Art,4,2.0,True,True,0.09892173913043477
Staples::Furniture > Decor > Wall Art > Contemporary Art,Staples,Contemporary Art,Furniture > Decor > Wall Art > Contemporary Art,4,1463.0,True,True,0.14864347826086954
Staples::Furniture > Decor > Wall Art > Floral Art,Staples,Floral Art,Furniture > Decor > Wall Art > Floral Art,4,572.0,True,True,0.14697391304347826
Staples::Furniture > Decor > Wall Art > Food & Kitchen Art,Staples,Food & Kitchen Art,Furniture > Decor > Wall Art > Food & Kitchen Art,4,8.0,True,True,0.11071304347826087
Staples::Furniture > Decor > Wall Art > Framed Posters,Staples,Framed Posters,Furniture > Decor > Wall Art > Framed Posters,4,18101.0,True,True,0.14994782608695653
Staples::Furniture > Decor > Wall Art > Garden Landscape,Staples,Garden Landscape,Furniture > Decor > Wall Art > Garden Landscape,4,15.0,True,True,0.1180695652173913
Staples::Furniture > Decor > Wall Art > Kids & Whimsical Art,Staples,Kids & Whimsical Art,Furniture > Decor > Wall Art > Kids & Whimsical Art,4,57.0,True,True,0.13372173913043478
Staples::Furniture > Decor > Wall Art > Map Art,Staples,Map Art,Furniture > Decor > Wall Art > Map Art,4,415.0,True,True,0.14603478260869565
Staples::Furniture > Decor > Wall Art > Motivational Art,Staples,Motivational Art,Furniture > Decor > Wall Art > Motivational Art,4,1.0,True,True,0.09532173913043478
Staples::Furniture > Decor > Wall Art > Music Art,Staples,Music Art,Furniture > Decor > Wall Art > Music Art,4,13.0,True,True,0.11619130434782608
Staples::Furniture > Decor > Wall Art > Nature Landscape Art,Staples,Nature Landscape Art,Furniture > Decor > Wall Art > Nature Landscape Art,4,1166.0,True,True,0.14833043478260868
Staples::Furniture > Decor > Wall Art > People & Fashion Art,Staples,People & Fashion Art,Furniture > Decor > Wall Art > People & Fashion Art,4,13.0,True,True,0.11619130434782608
Staples::Furniture > Decor > Wall Art > Photography,Staples,Photography,Furniture > Decor > Wall Art > Photography,4,629.0,True,True,0.14728695652173912
Staples::Furniture > Decor > Wall Art > Ships & Maritime Art,Staples,Ships & Maritime Art,Furniture > Decor > Wall Art > Ships & Maritime Art,4,1.0,True,True,0.09532173913043478
Staples::Furniture > Decor > Wall Art > Sports Art,Staples,Sports Art,Furniture > Decor > Wall Art > Sports Art,4,3.0,True,True,0.10132173913043478
Staples::Furniture > Decor > Wall Art > Still Life,Staples,Still Life,Furniture > Decor > Wall Art > Still Life,4,120.0,True,True,0.13972173913043479
Staples::Furniture > Decor > Wall Art > Urban Art,Staples,Urban Art,Furniture > Decor > Wall Art > Urban Art,4,168.0,True,True,0.1418608695652174
Staples::Furniture > Decor > Wall Art > Vintage Art,Staples,Vintage Art,Furniture > Decor > Wall Art > Vintage Art,4,303.0,True,True,0.1456173913043478
Staples::Furniture > Decor > Wall Art > Wall Art/Decor,Staples,Wall Art/Decor,Furniture > Decor > Wall Art > Wall Art/Decor,4,10635.0,True,True,0.1497913043478261
Staples::Furniture > Decor > Wall Art > Wall Decals,Staples,Wall Decals,Furniture > Decor > Wall Art > Wall Decals,4,293.0,True,True,0.14530434782608695
Staples::Furniture > Decor > Weather Instruments,Staples,Weather Instruments,Furniture > Decor > Weather Instruments,3,18.0,True,True,0.10736111111111112
Staples::Furniture > Desks,Staples,Desks,Furniture > Desks,2,2350.0,False,True,0.5811023622047244
Staples::Furniture > Desks > CPU Holders & Mounts,Staples,CPU Holders & Mounts,Furniture > Desks > CPU Holders & Mounts,3,20.0,True,True,0.43124999999999997
Staples::Furniture > Desks > Desk Components & Hutches,Staples,Desk Components & Hutches,Furniture > Desks > Desk Components & Hutches,3,253.0,False,True,0.5456944444444445
Staples::Furniture > Desks > Desk Components & Hutches > Desk Components,Staples,Desk Components,Furniture > Desks > Desk Components & Hutches > Desk Components,4,176.0,True,True,0.5697391304347825
Staples::Furniture > Desks > Desk Components & Hutches > Hutches,Staples,Hutches,Furniture > Desks > Desk Components & Hutches > Hutches,4,77.0,True,True,0.5457391304347826
Staples::Furniture > Desks > Desking Accessories,Staples,Desking Accessories,Furniture > Desks > Desking Accessories,3,2350.0,True,True,0.5841666666666666
Staples::Furniture > Desks > Office Desks,Staples,Office Desks,Furniture > Desks > Office Desks,3,1501.0,True,True,0.8708333333333333
Staples::Furniture > Desks > Sit & Stand Desks,Staples,Sit & Stand Desks,Furniture > Desks > Sit & Stand Desks,3,576.0,True,True,0.84875
Staples::Furniture > File Cabinets,Staples,File Cabinets,Furniture > File Cabinets,2,798.0,True,True,0.8111811023622048
Staples::Furniture > Home & Office Tables,Staples,Home & Office Tables,Furniture > Home & Office Tables,2,2291.0,False,True,0.5798425196850393
Staples::Furniture > Home & Office Tables > Accent & Coffee Tables,Staples,Accent & Coffee Tables,Furniture > Home & Office Tables > Accent & Coffee Tables,3,203.0,True,True,0.17907407407407408
Staples::Furniture > Home & Office Tables > Breakroom & Dining Tables,Staples,Breakroom & Dining Tables,Furniture > Home & Office Tables > Breakroom & Dining Tables,3,718.0,True,True,0.5716666666666667
Staples::Furniture > Home & Office Tables > Classroom & Kids' Tables,Staples,Classroom & Kids' Tables,Furniture > Home & Office Tables > Classroom & Kids' Tables,3,603.0,True,True,0.5679166666666666
Staples::Furniture > Home & Office Tables > Conference Room Tables,Staples,Conference Room Tables,Furniture > Home & Office Tables > Conference Room Tables,3,151.0,True,True,0.5256944444444445
Staples::Furniture > Home & Office Tables > Folding Tables,Staples,Folding Tables,Furniture > Home & Office Tables > Folding Tables,3,122.0,True,True,0.5116666666666666
Staples::Furniture > Home & Office Tables > Specialty & Drafting Tables,Staples,Specialty & Drafting Tables,Furniture > Home & Office Tables > Specialty & Drafting Tables,3,71.0,True,True,0.4911111111111111
Staples::Furniture > Home & Office Tables > Table Components,Staples,Table Components,Furniture > Home & Office Tables > Table Components,3,206.0,False,True,0.53875
Staples::Furniture > Home & Office Tables > Table Components > Table Bases,Staples,Table Bases,Furniture > Home & Office Tables > Table Components > Table Bases,4,46.0,True,True,0.5219478260869566
Staples::Furniture > Home & Office Tables > Table Components > Table Tops,Staples,Table Tops,Furniture > Home & Office Tables > Table Components > Table Tops,4,160.0,True,True,0.5653565217391304
Staples::Furniture > Home & Office Tables > Training Room Tables,Staples,Training Room Tables,Furniture > Home & Office Tables > Training Room Tables,3,217.0,True,True,0.5405555555555556
Staples::Furniture > Lamps & Lighting,Staples,Lamps & Lighting,Furniture > Lamps & Lighting,2,1089.0,False,True,0.5552755905511811
Staples::Furniture > Lamps & Lighting > Accent Lighting,Staples,Accent Lighting,Furniture > Lamps & Lighting > Accent Lighting,3,31.0,True,True,0.15120370370370373
Staples::Furniture > Lamps & Lighting > Ceiling Lighting,Staples,Ceiling Lighting,Furniture > Lamps & Lighting > Ceiling Lighting,3,56.0,True,True,0.15976851851851853
Staples::Furniture > Lamps & Lighting > Craft Lighting & Magnifiers,Staples,Craft Lighting & Magnifiers,Furniture > Lamps & Lighting > Craft Lighting & Magnifiers,3,45.0,True,True,0.15689814814814818
Staples::Furniture > Lamps & Lighting > Desk Lamps,Staples,Desk Lamps,Furniture > Lamps & Lighting > Desk Lamps,3,210.0,True,True,0.5394444444444445
Staples::Furniture > Lamps & Lighting > Floor Lamps,Staples,Floor Lamps,Furniture > Lamps & Lighting > Floor Lamps,3,132.0,True,True,0.17185185185185184
Staples::Furniture > Lamps & Lighting > Lamp Shades,Staples,Lamp Shades,Furniture > Lamps & Lighting > Lamp Shades,3,1089.0,True,True,0.19305555555555556
"Staples::Furniture > Lamps & Lighting > Lighting Controls, Dimmers & Accessories",Staples,"Lighting Controls, Dimmers & Accessories","Furniture > Lamps & Lighting > Lighting Controls, Dimmers & Accessories",3,21.0,False,True,0.14421296296296296
"Staples::Furniture > Lamps & Lighting > Lighting Controls, Dimmers & Accessories > Lighting Accessories",Staples,Lighting Accessories,"Furniture > Lamps & Lighting > Lighting Controls, Dimmers & Accessories > Lighting Accessories",4,16.0,True,True,0.15853913043478263
"Staples::Furniture > Lamps & Lighting > Lighting Controls, Dimmers & Accessories > Lighting Controls & Dimmers",Staples,Lighting Controls & Dimmers,"Furniture > Lamps & Lighting > Lighting Controls, Dimmers & Accessories > Lighting Controls & Dimmers",4,4.0,True,True,0.13885217391304347
"Staples::Furniture > Lamps & Lighting > Lighting Controls, Dimmers & Accessories > Transformers",Staples,Transformers,"Furniture > Lamps & Lighting > Lighting Controls, Dimmers & Accessories > Transformers",4,1.0,True,True,0.12709565217391303
Staples::Furniture > Lamps & Lighting > Outdoor Lighting,Staples,Outdoor Lighting,Furniture > Lamps & Lighting > Outdoor Lighting,3,18.0,True,True,0.14314814814814816
Staples::Furniture > Lamps & Lighting > Specialty Lighting,Staples,Specialty Lighting,Furniture > Lamps & Lighting > Specialty Lighting,3,38.0,True,True,0.15351851851851853
Staples::Furniture > Lamps & Lighting > Table Lamps,Staples,Table Lamps,Furniture > Lamps & Lighting > Table Lamps,3,211.0,True,True,0.1799074074074074
Staples::Furniture > Lamps & Lighting > Under Cabinet Lighting,Staples,Under Cabinet Lighting,Furniture > Lamps & Lighting > Under Cabinet Lighting,3,2.0,True,True,0.12444444444444445
Staples::Furniture > Lamps & Lighting > Wall Lamps,Staples,Wall Lamps,Furniture > Lamps & Lighting > Wall Lamps,3,8.0,True,True,0.13314814814814815
Staples::Furniture > Lecterns & PA Systems,Staples,Lecterns & PA Systems,Furniture > Lecterns & PA Systems,2,154.0,False,True,0.47401574803149604
Staples::Furniture > Lecterns & PA Systems > Lecterns,Staples,Lecterns,Furniture > Lecterns & PA Systems > Lecterns,3,47.0,True,True,0.47291666666666665
Staples::Furniture > Lecterns & PA Systems > Microphones,Staples,Microphones,Furniture > Lecterns & PA Systems > Microphones,3,79.0,True,True,0.49458333333333326
Staples::Furniture > Lecterns & PA Systems > PA Systems & Accessories,Staples,PA Systems & Accessories,Furniture > Lecterns & PA Systems > PA Systems & Accessories,3,28.0,True,True,0.44999999999999996
Staples::Furniture > Safes & Secure Storage,Staples,Safes & Secure Storage,Furniture > Safes & Secure Storage,2,102.0,True,True,0.458267716535433
Staples::Furniture > School Furniture,Staples,School Furniture,Furniture > School Furniture,2,764.0,False,True,0.6272440944881889
Staples::Furniture > School Furniture > Classroom Storage Furniture,Staples,Classroom Storage Furniture,Furniture > School Furniture > Classroom Storage Furniture,3,102.0,True,True,0.5885185185185186
Staples::Furniture > School Furniture > Student Desks & Study Carrels,Staples,Student Desks & Study Carrels,Furniture > School Furniture > Student Desks & Study Carrels,3,59.0,True,True,0.5612962962962962
Staples::Furniture > Standing Desk Mats,Staples,Standing Desk Mats,Furniture > Standing Desk Mats,2,43.0,True,True,0.6425196850393701
Staples::Furniture > Storage Furniture,Staples,Storage Furniture,Furniture > Storage Furniture,2,3815.0,False,True,0.6830971128608924
Staples::Furniture > Storage Furniture > Clothing Racks & Closet Organization,Staples,Clothing Racks & Closet Organization,Furniture > Storage Furniture > Clothing Racks & Closet Organization,3,229.0,False,True,0.6335648148148147
Staples::Furniture > Storage Furniture > Clothing Racks & Closet Organization > Closet Storage & Organizers,Staples,Closet Storage & Organizers,Furniture > Storage Furniture > Clothing Racks & Closet Organization > Closet Storage & Organizers,4,127.0,True,True,0.6532521739130434
Staples::Furniture > Storage Furniture > Clothing Racks & Closet Organization > Closet Systems,Staples,Closet Systems,Furniture > Storage Furniture > Clothing Racks & Closet Organization > Closet Systems,4,1.0,True,True,0.4448347826086956
Staples::Furniture > Storage Furniture > Clothing Racks & Closet Organization > Clothes Racks & Portable Closets,Staples,Clothes Racks & Portable Closets,Furniture > Storage Furniture > Clothing Racks & Closet Organization > Clothes Racks & Portable Closets,4,18.0,True,True,0.5624347826086956
Staples::Furniture > Storage Furniture > Clothing Racks & Closet Organization > Shoe Racks,Staples,Shoe Racks,Furniture > Storage Furniture > Clothing Racks & Closet Organization > Shoe Racks,4,83.0,True,True,0.6401043478260868
"Staples::Furniture > Storage Furniture > Coat Trees, Stands & Hooks",Staples,"Coat Trees, Stands & Hooks","Furniture > Storage Furniture > Coat Trees, Stands & Hooks",3,126.0,True,True,0.5985648148148147
Staples::Furniture > Storage Furniture > Display Cases,Staples,Display Cases,Furniture > Storage Furniture > Display Cases,3,396.0,True,True,0.6512268518518518
Staples::Furniture > Storage Furniture > Electronics & Computer Storage Units,Staples,Electronics & Computer Storage Units,Furniture > Storage Furniture > Electronics & Computer Storage Units,3,43.0,True,True,0.547199074074074
Staples::Furniture > Storage Furniture > Lockers,Staples,Lockers,Furniture > Storage Furniture > Lockers,3,276.0,True,True,0.6384259259259258
Staples::Furniture > Storage Furniture > Media Storage Furniture,Staples,Media Storage Furniture,Furniture > Storage Furniture > Media Storage Furniture,3,29.0,True,True,0.5264583333333333
Staples::Furniture > Storage Furniture > Shelving,Staples,Shelving,Furniture > Storage Furniture > Shelving,3,200.0,True,True,0.6253009259259258
Staples::Furniture > Storage Furniture > Storage Cabinets,Staples,Storage Cabinets,Furniture > Storage Furniture > Storage Cabinets,3,600.0,True,True,0.6620833333333332
Staples::Furniture > Storage Furniture > Storage Cubes,Staples,Storage Cubes,Furniture > Storage Furniture > Storage Cubes,3,56.0,True,True,0.5591898148148148
Staples::Furniture > Storage Furniture > Storage Organization,Staples,Storage Organization,Furniture > Storage Furniture > Storage Organization,3,2339.0,True,True,0.6812037037037036
Staples::Gaming,Staples,Gaming,Gaming,1,397.0,False,True,0.1923076923076923
Staples::Gaming > Gaming Accessories,Staples,Gaming Accessories,Gaming > Gaming Accessories,2,144.0,True,True,0.23511811023622045
Staples::Gaming > Gaming Consoles,Staples,Gaming Consoles,Gaming > Gaming Consoles,2,13.0,True,True,0.20062992125984253
Staples::Gaming > Gaming Controllers,Staples,Gaming Controllers,Gaming > Gaming Controllers,2,56.0,True,True,0.21968503937007874
Staples::Gaming > Handheld Consoles,Staples,Handheld Consoles,Gaming > Handheld Consoles,2,7.0,True,True,0.19385826771653542
Staples::Gaming > Video Games,Staples,Video Games,Gaming > Video Games,2,37.0,True,True,0.21181102362204723
Staples::Gaming > Virtual Reality Headsets,Staples,Virtual Reality Headsets,Gaming > Virtual Reality Headsets,2,6.0,True,True,0.19275590551181102
Staples::Gift Shop,Staples,Gift Shop,Gift Shop,1,3682.0,False,True,0.24769230769230766
Staples::Gift Shop > Artificial Christmas Trees,Staples,Artificial Christmas Trees,Gift Shop > Artificial Christmas Trees,2,288.0,True,True,0.24866141732283464
Staples::Gift Shop > As Seen on TV,Staples,As Seen on TV,Gift Shop > As Seen on TV,2,3682.0,True,True,0.29244094488188976
Staples::Gift Shop > Custom Appointment Cards,Staples,Custom Appointment Cards,Gift Shop > Custom Appointment Cards,2,1427.0,True,True,0.28503937007874014
Staples::Gift Shop > Game Room & Toys,Staples,Game Room & Toys,Gift Shop > Game Room & Toys,2,55.0,False,True,0.21921259842519683
Staples::Gift Shop > Game Room & Toys > Game Room,Staples,Game Room,Gift Shop > Game Room & Toys > Game Room,3,55.0,False,True,0.23902777777777778
Staples::Gift Shop > Game Room & Toys > Game Room > Darts & Dart Boards,Staples,Darts & Dart Boards,Gift Shop > Game Room & Toys > Game Room > Darts & Dart Boards,4,4.0,True,True,0.20827826086956522
Staples::Gift Shop > Game Room & Toys > Game Room > Game Room & Games,Staples,Game Room & Games,Gift Shop > Game Room & Toys > Game Room > Game Room & Games,4,48.0,True,True,0.2624347826086956
Staples::Gift Shop > Game Room & Toys > Game Room > Gaming Tables & Accessories,Staples,Gaming Tables & Accessories,Gift Shop > Game Room & Toys > Game Room > Gaming Tables & Accessories,4,3.0,True,True,0.20264347826086956
Staples::Gift Shop > Game Room & Toys > Game Room > Pool Tables & Accessories,Staples,Pool Tables & Accessories,Gift Shop > Game Room & Toys > Game Room > Pool Tables & Accessories,4,55.0,True,True,0.26650434782608695
Staples::Gift Shop > Game Room & Toys > Game Room > Sports Displays & Collectibles,Staples,Sports Displays & Collectibles,Gift Shop > Game Room & Toys > Game Room > Sports Displays & Collectibles,4,55.0,True,True,0.26650434782608695
Staples::Gift Shop > Game Room & Toys > Game Room > Sports Memorabilia & Collectibles,Staples,Sports Memorabilia & Collectibles,Gift Shop > Game Room & Toys > Game Room > Sports Memorabilia & Collectibles,4,55.0,True,True,0.26650434782608695
Staples::Gift Shop > Game Room & Toys > Game Room > Tailgating Supplies,Staples,Tailgating Supplies,Gift Shop > Game Room & Toys > Game Room > Tailgating Supplies,4,55.0,True,True,0.26650434782608695
"Staples::Gift Shop > Gift Sets, Photo & Custom Gifts",Staples,"Gift Sets, Photo & Custom Gifts","Gift Shop > Gift Sets, Photo & Custom Gifts",2,22.0,False,True,0.2053543307086614
"Staples::Gift Shop > Gift Sets, Photo & Custom Gifts > Custom Apparel",Staples,Custom Apparel,"Gift Shop > Gift Sets, Photo & Custom Gifts > Custom Apparel",3,22.0,True,True,0.21708333333333332
"Staples::Gift Shop > Gift Sets, Photo & Custom Gifts > Gift Sets",Staples,Gift Sets,"Gift Shop > Gift Sets, Photo & Custom Gifts > Gift Sets",3,21.0,True,True,0.21631944444444443
"Staples::Gift Shop > Gift Sets, Photo & Custom Gifts > Photo Gifts",Staples,Photo Gifts,"Gift Shop > Gift Sets, Photo & Custom Gifts > Photo Gifts",3,1.0,True,True,0.18333333333333332
Staples::Gift Shop > Gourmet Gifts,Staples,Gourmet Gifts,Gift Shop > Gourmet Gifts,2,18.0,True,True,0.20346456692913384
Staples::Gift Shop > Greeting Cards,Staples,Greeting Cards,Gift Shop > Greeting Cards,2,105.0,True,True,0.23102362204724408
Staples::Gift Shop > Holiday Cards,Staples,Holiday Cards,Gift Shop > Holiday Cards,2,15.0,True,True,0.20204724409448818
"Staples::Gift Shop > Home, Personal & Travel",Staples,"Home, Personal & Travel","Gift Shop > Home, Personal & Travel",2,857.0,False,True,0.2732283464566929
"Staples::Gift Shop > Home, Personal & Travel > Binoculars, Cameras & Telescopes",Staples,"Binoculars, Cameras & Telescopes","Gift Shop > Home, Personal & Travel > Binoculars, Cameras & Telescopes",3,13.0,True,True,0.20791666666666667
"Staples::Gift Shop > Home, Personal & Travel > Grooming Sets",Staples,Grooming Sets,"Gift Shop > Home, Personal & Travel > Grooming Sets",3,857.0,True,True,0.2875
"Staples::Gift Shop > Home, Personal & Travel > Jewelry Boxes & Cases",Staples,Jewelry Boxes & Cases,"Gift Shop > Home, Personal & Travel > Jewelry Boxes & Cases",3,15.0,True,True,0.21124999999999997
"Staples::Gift Shop > Home, Personal & Travel > Key Chains & Rings",Staples,Key Chains & Rings,"Gift Shop > Home, Personal & Travel > Key Chains & Rings",3,15.0,True,True,0.21124999999999997
"Staples::Gift Shop > Home, Personal & Travel > Passport Holders",Staples,Passport Holders,"Gift Shop > Home, Personal & Travel > Passport Holders",3,1.0,True,True,0.18333333333333332
"Staples::Gift Shop > Home, Personal & Travel > Sculptures & Figurines",Staples,Sculptures & Figurines,"Gift Shop > Home, Personal & Travel > Sculptures & Figurines",3,857.0,True,True,0.2875
"Staples::Gift Shop > Home, Personal & Travel > Unique Gifts",Staples,Unique Gifts,"Gift Shop > Home, Personal & Travel > Unique Gifts",3,39.0,True,True,0.23104166666666667
"Staples::Gift Shop > Home, Personal & Travel > Valets",Staples,Valets,"Gift Shop > Home, Personal & Travel > Valets",3,857.0,True,True,0.2875
"Staples::Gift Shop > Home, Personal & Travel > Wallets",Staples,Wallets,"Gift Shop > Home, Personal & Travel > Wallets",3,36.0,True,True,0.22888888888888886
Staples::Gift Shop > Invitations,Staples,Invitations,Gift Shop > Invitations,2,67.0,True,True,0.2215748031496063
Staples::Gift Shop > Note Cards & Postcards,Staples,Note Cards & Postcards,Gift Shop > Note Cards & Postcards,2,758.0,True,True,0.26850393700787395
Staples::Gift Shop > Professional Gifts,Staples,Professional Gifts,Gift Shop > Professional Gifts,2,2160.0,False,True,0.28929133858267714
Staples::Gift Shop > Professional Gifts > Bar Accessories,Staples,Bar Accessories,Gift Shop > Professional Gifts > Bar Accessories,3,4.0,True,True,0.1913888888888889
Staples::Gift Shop > Professional Gifts > Cigar Accessories,Staples,Cigar Accessories,Gift Shop > Professional Gifts > Cigar Accessories,3,2160.0,True,True,0.29166666666666663
Staples::Gift Shop > Professional Gifts > Compasses,Staples,Compasses,Gift Shop > Professional Gifts > Compasses,3,1304.0,False,True,0.2901388888888889
Staples::Gift Shop > Professional Gifts > Compasses > All Outdoor Living,Staples,All Outdoor Living,Gift Shop > Professional Gifts > Compasses > All Outdoor Living,4,27.0,True,True,0.2492869565217391
Staples::Gift Shop > Professional Gifts > Compasses > All Outdoor Structures,Staples,All Outdoor Structures,Gift Shop > Professional Gifts > Compasses > All Outdoor Structures,4,1.0,True,True,0.19064347826086955
Staples::Gift Shop > Professional Gifts > Compasses > Camping,Staples,Camping,Gift Shop > Professional Gifts > Compasses > Camping,4,49.0,True,True,0.2629565217391304
Staples::Gift Shop > Professional Gifts > Compasses > Mailboxes,Staples,Mailboxes,Gift Shop > Professional Gifts > Compasses > Mailboxes,4,31.0,True,True,0.2509565217391304
Staples::Gift Shop > Professional Gifts > Compasses > Outdoor Decor,Staples,Outdoor Decor,Gift Shop > Professional Gifts > Compasses > Outdoor Decor,4,6.0,True,True,0.2165217391304348
Staples::Gift Shop > Professional Gifts > Compasses > Outdoor Furniture Covers,Staples,Outdoor Furniture Covers,Gift Shop > Professional Gifts > Compasses > Outdoor Furniture Covers,4,1304.0,True,True,0.29707826086956524
Staples::Gift Shop > Professional Gifts > Compasses > Outdoor Heaters,Staples,Outdoor Heaters,Gift Shop > Professional Gifts > Compasses > Outdoor Heaters,4,8.0,True,True,0.22142608695652174
Staples::Gift Shop > Professional Gifts > Compasses > Patio Furniture,Staples,Patio Furniture,Gift Shop > Professional Gifts > Compasses > Patio Furniture,4,1116.0,True,True,0.29624347826086955
Staples::Gift Shop > Professional Gifts > Compasses > Recreational Vehicle Accessories,Staples,Recreational Vehicle Accessories,Gift Shop > Professional Gifts > Compasses > Recreational Vehicle Accessories,4,1.0,True,True,0.19064347826086955
Staples::Gift Shop > Professional Gifts > Compasses > Solar Panels,Staples,Solar Panels,Gift Shop > Professional Gifts > Compasses > Solar Panels,4,2.0,True,True,0.19784347826086954
Staples::Gift Shop > Professional Gifts > Compasses > Water Recreation,Staples,Water Recreation,Gift Shop > Professional Gifts > Compasses > Water Recreation,4,5.0,True,True,0.21276521739130433
Staples::Gift Shop > Professional Gifts > Cufflinks,Staples,Cufflinks,Gift Shop > Professional Gifts > Cufflinks,3,857.0,True,True,0.2875
Staples::Gift Shop > Professional Gifts > Money Clips,Staples,Money Clips,Gift Shop > Professional Gifts > Money Clips,3,1.0,True,True,0.18333333333333332
Staples::Gift Shop > Professional Gifts > Paperweights,Staples,Paperweights,Gift Shop > Professional Gifts > Paperweights,3,1.0,True,True,0.18333333333333332
Staples::Gift Shop > Professional Gifts > Wine Accessories,Staples,Wine Accessories,Gift Shop > Professional Gifts > Wine Accessories,3,7.0,True,True,0.19840277777777776
Staples::Gift Shop > Stationery,Staples,Stationery,Gift Shop > Stationery,2,437.0,True,True,0.25716535433070864
Staples::Gift Shop > Table Tents,Staples,Table Tents,Gift Shop > Table Tents,2,40.0,True,True,0.2130708661417323
Staples::Gift Shop > Wedding Invitations & Kits,Staples,Wedding Invitations & Kits,Gift Shop > Wedding Invitations & Kits,2,5.0,True,True,0.1911811023622047
Staples::Hard Drives & Data Storage,Staples,Hard Drives & Data Storage,Hard Drives & Data Storage,1,1355.0,False,True,0.4276923076923077
Staples::Hard Drives & Data Storage > Blank Media,Staples,Blank Media,Hard Drives & Data Storage > Blank Media,2,99.0,True,True,0.4563779527559055
Staples::Hard Drives & Data Storage > Disc Drives & Burners,Staples,Disc Drives & Burners,Hard Drives & Data Storage > Disc Drives & Burners,2,19.0,True,True,0.4088188976377953
Staples::Hard Drives & Data Storage > Disc Duplicators,Staples,Disc Duplicators,Hard Drives & Data Storage > Disc Duplicators,2,11.0,True,True,0.39874015748031494
Staples::Hard Drives & Data Storage > External Hard Drives,Staples,External Hard Drives,Hard Drives & Data Storage > External Hard Drives,2,176.0,True,True,0.47842519685039364
Staples::Hard Drives & Data Storage > Hard Drive Accessories,Staples,Hard Drive Accessories,Hard Drives & Data Storage > Hard Drive Accessories,2,78.0,True,True,0.4494488188976378
Staples::Hard Drives & Data Storage > Hard Drive Enclosures,Staples,Hard Drive Enclosures,Hard Drives & Data Storage > Hard Drive Enclosures,2,79.0,True,True,0.4500787401574803
Staples::Hard Drives & Data Storage > Media Cases & Wallets,Staples,Media Cases & Wallets,Hard Drives & Data Storage > Media Cases & Wallets,2,31.0,True,True,0.41763779527559053
Staples::Hard Drives & Data Storage > Memory Card Readers & Adapters,Staples,Memory Card Readers & Adapters,Hard Drives & Data Storage > Memory Card Readers & Adapters,2,36.0,True,True,0.4220472440944881
Staples::Hard Drives & Data Storage > Memory Cards,Staples,Memory Cards,Hard Drives & Data Storage > Memory Cards,2,158.0,True,True,0.47559055118110233
Staples::Hard Drives & Data Storage > Solid State Drives,Staples,Solid State Drives,Hard Drives & Data Storage > Solid State Drives,2,228.0,True,True,0.49102362204724403
Staples::Hard Drives & Data Storage > USB Flash Drives,Staples,USB Flash Drives,Hard Drives & Data Storage > USB Flash Drives,2,377.0,True,True,0.5067716535433071
Staples::Healthcare Supplies,Staples,Healthcare Supplies,Healthcare Supplies,1,4572.0,False,True,0.42820512820512824
Staples::Healthcare Supplies > Durable Medical Equipment,Staples,Durable Medical Equipment,Healthcare Supplies > Durable Medical Equipment,2,2244.0,False,True,0.4826771653543307
Staples::Healthcare Supplies > Durable Medical Equipment > Hearing Aids,Staples,Hearing Aids,Healthcare Supplies > Durable Medical Equipment > Hearing Aids,3,12.0,True,True,0.3440972222222222
Staples::Healthcare Supplies > Durable Medical Equipment > Mobility Aids,Staples,Mobility Aids,Healthcare Supplies > Durable Medical Equipment > Mobility Aids,3,320.0,False,True,0.45972222222222225
Staples::Healthcare Supplies > Durable Medical Equipment > Mobility Aids > Canes,Staples,Canes,Healthcare Supplies > Durable Medical Equipment > Mobility Aids > Canes,4,55.0,True,True,0.44417391304347825
Staples::Healthcare Supplies > Durable Medical Equipment > Mobility Aids > Crutches,Staples,Crutches,Healthcare Supplies > Durable Medical Equipment > Mobility Aids > Crutches,4,16.0,True,True,0.3963478260869565
Staples::Healthcare Supplies > Durable Medical Equipment > Mobility Aids > Mobility Aids Parts & Accessories,Staples,Mobility Aids Parts & Accessories,Healthcare Supplies > Durable Medical Equipment > Mobility Aids > Mobility Aids Parts & Accessories,4,69.0,True,True,0.452
Staples::Healthcare Supplies > Durable Medical Equipment > Mobility Aids > Motorized Scooters,Staples,Motorized Scooters,Healthcare Supplies > Durable Medical Equipment > Mobility Aids > Motorized Scooters,4,2.0,True,True,0.3297391304347826
Staples::Healthcare Supplies > Durable Medical Equipment > Mobility Aids > Reaching & Extending Aids,Staples,Reaching & Extending Aids,Healthcare Supplies > Durable Medical Equipment > Mobility Aids > Reaching & Extending Aids,4,6.0,True,True,0.36086956521739133
Staples::Healthcare Supplies > Durable Medical Equipment > Mobility Aids > Rollators & Walkers,Staples,Rollators & Walkers,Healthcare Supplies > Durable Medical Equipment > Mobility Aids > Rollators & Walkers,4,83.0,True,True,0.4572173913043478
Staples::Healthcare Supplies > Durable Medical Equipment > Mobility Aids > Wheelchairs,Staples,Wheelchairs,Healthcare Supplies > Durable Medical Equipment > Mobility Aids > Wheelchairs,4,89.0,True,True,0.459304347826087
Staples::Healthcare Supplies > Durable Medical Equipment > Orthopedics,Staples,Orthopedics,Healthcare Supplies > Durable Medical Equipment > Orthopedics,3,1729.0,False,True,0.4847222222222222
Staples::Healthcare Supplies > Durable Medical Equipment > Orthopedics > Ankle & Foot Supports,Staples,Ankle & Foot Supports,Healthcare Supplies > Durable Medical Equipment > Orthopedics > Ankle & Foot Supports,4,95.0,True,True,0.4617391304347826
Staples::Healthcare Supplies > Durable Medical Equipment > Orthopedics > Arm & Elbow Supports,Staples,Arm & Elbow Supports,Healthcare Supplies > Durable Medical Equipment > Orthopedics > Arm & Elbow Supports,4,84.0,True,True,0.4579130434782609
Staples::Healthcare Supplies > Durable Medical Equipment > Orthopedics > Back & Waist Supports,Staples,Back & Waist Supports,Healthcare Supplies > Durable Medical Equipment > Orthopedics > Back & Waist Supports,4,325.0,True,True,0.4860869565217391
Staples::Healthcare Supplies > Durable Medical Equipment > Orthopedics > Compression Socks & Hosiery,Staples,Compression Socks & Hosiery,Healthcare Supplies > Durable Medical Equipment > Orthopedics > Compression Socks & Hosiery,4,692.0,True,True,0.492
Staples::Healthcare Supplies > Durable Medical Equipment > Orthopedics > Knee & Leg Supports,Staples,Knee & Leg Supports,Healthcare Supplies > Durable Medical Equipment > Orthopedics > Knee & Leg Supports,4,168.0,True,True,0.4728695652173913
Staples::Healthcare Supplies > Durable Medical Equipment > Orthopedics > Leg Walkers & Boots,Staples,Leg Walkers & Boots,Healthcare Supplies > Durable Medical Equipment > Orthopedics > Leg Walkers & Boots,4,39.0,True,True,0.4278260869565217
Staples::Healthcare Supplies > Durable Medical Equipment > Orthopedics > Neck Supports,Staples,Neck Supports,Healthcare Supplies > Durable Medical Equipment > Orthopedics > Neck Supports,4,29.0,True,True,0.4168695652173913
Staples::Healthcare Supplies > Durable Medical Equipment > Orthopedics > Post-Op Shoes,Staples,Post-Op Shoes,Healthcare Supplies > Durable Medical Equipment > Orthopedics > Post-Op Shoes,4,13.0,True,True,0.38730434782608697
Staples::Healthcare Supplies > Durable Medical Equipment > Orthopedics > Shoulder & Clavicle Supports,Staples,Shoulder & Clavicle Supports,Healthcare Supplies > Durable Medical Equipment > Orthopedics > Shoulder & Clavicle Supports,4,30.0,True,True,0.41756521739130437
Staples::Healthcare Supplies > Durable Medical Equipment > Orthopedics > Undercast Padding,Staples,Undercast Padding,Healthcare Supplies > Durable Medical Equipment > Orthopedics > Undercast Padding,4,10.0,True,True,0.37669565217391304
Staples::Healthcare Supplies > Durable Medical Equipment > Orthopedics > Wrist & Hand Supports,Staples,Wrist & Hand Supports,Healthcare Supplies > Durable Medical Equipment > Orthopedics > Wrist & Hand Supports,4,244.0,True,True,0.4805217391304348
Staples::Healthcare Supplies > Durable Medical Equipment > Patient Lift & Transfer,Staples,Patient Lift & Transfer,Healthcare Supplies > Durable Medical Equipment > Patient Lift & Transfer,3,16.0,False,True,0.35509259259259257
Staples::Healthcare Supplies > Durable Medical Equipment > Patient Lift & Transfer > Lift Chairs,Staples,Lift Chairs,Healthcare Supplies > Durable Medical Equipment > Patient Lift & Transfer > Lift Chairs,4,16.0,True,True,0.3963478260869565
Staples::Healthcare Supplies > Durable Medical Equipment > Patient Lift & Transfer > Lifts,Staples,Lifts,Healthcare Supplies > Durable Medical Equipment > Patient Lift & Transfer > Lifts,4,16.0,True,True,0.3963478260869565
Staples::Healthcare Supplies > Durable Medical Equipment > Patient Lift & Transfer > Ramps,Staples,Ramps,Healthcare Supplies > Durable Medical Equipment > Patient Lift & Transfer > Ramps,4,2.0,True,True,0.3297391304347826
Staples::Healthcare Supplies > Durable Medical Equipment > Patient Lift & Transfer > Transfer Equipment,Staples,Transfer Equipment,Healthcare Supplies > Durable Medical Equipment > Patient Lift & Transfer > Transfer Equipment,4,14.0,True,True,0.3907826086956522
Staples::Healthcare Supplies > Durable Medical Equipment > Patient Lift & Transfer > Vehicle Lifts,Staples,Vehicle Lifts,Healthcare Supplies > Durable Medical Equipment > Patient Lift & Transfer > Vehicle Lifts,4,16.0,True,True,0.3963478260869565
Staples::Healthcare Supplies > Durable Medical Equipment > Positioning Aids & Pressure Relief,Staples,Positioning Aids & Pressure Relief,Healthcare Supplies > Durable Medical Equipment > Positioning Aids & Pressure Relief,3,64.0,False,True,0.40509259259259256
Staples::Healthcare Supplies > Durable Medical Equipment > Positioning Aids & Pressure Relief > Invalid Rings,Staples,Invalid Rings,Healthcare Supplies > Durable Medical Equipment > Positioning Aids & Pressure Relief > Invalid Rings,4,6.0,True,True,0.36086956521739133
"Staples::Healthcare Supplies > Durable Medical Equipment > Positioning Aids & Pressure Relief > Wedges, Blocks & Rolls",Staples,"Wedges, Blocks & Rolls","Healthcare Supplies > Durable Medical Equipment > Positioning Aids & Pressure Relief > Wedges, Blocks & Rolls",4,18.0,True,True,0.4017391304347826
Staples::Healthcare Supplies > Durable Medical Equipment > Positioning Aids & Pressure Relief > Wheelchair Seat & Back Cushions,Staples,Wheelchair Seat & Back Cushions,Healthcare Supplies > Durable Medical Equipment > Positioning Aids & Pressure Relief > Wheelchair Seat & Back Cushions,4,40.0,True,True,0.4290434782608695
Staples::Healthcare Supplies > Durable Medical Equipment > Shower & Bath Aids,Staples,Shower & Bath Aids,Healthcare Supplies > Durable Medical Equipment > Shower & Bath Aids,3,103.0,False,True,0.42083333333333334
Staples::Healthcare Supplies > Durable Medical Equipment > Shower & Bath Aids > Commodes,Staples,Commodes,Healthcare Supplies > Durable Medical Equipment > Shower & Bath Aids > Commodes,4,36.0,True,True,0.424
Staples::Healthcare Supplies > Durable Medical Equipment > Shower & Bath Aids > Grooming & Dressing Aids,Staples,Grooming & Dressing Aids,Healthcare Supplies > Durable Medical Equipment > Shower & Bath Aids > Grooming & Dressing Aids,4,19.0,True,True,0.4041739130434783
Staples::Healthcare Supplies > Durable Medical Equipment > Shower & Bath Aids > Raised Toilet Seats,Staples,Raised Toilet Seats,Healthcare Supplies > Durable Medical Equipment > Shower & Bath Aids > Raised Toilet Seats,4,18.0,True,True,0.4017391304347826
Staples::Healthcare Supplies > Durable Medical Equipment > Shower & Bath Aids > Shower Chairs / Benches,Staples,Shower Chairs / Benches,Healthcare Supplies > Durable Medical Equipment > Shower & Bath Aids > Shower Chairs / Benches,4,30.0,True,True,0.16702608695652177
Staples::Healthcare Supplies > Environmental Services,Staples,Environmental Services,Healthcare Supplies > Environmental Services,2,2619.0,True,True,0.4847769028871391
Staples::Healthcare Supplies > First Aid,Staples,First Aid,Healthcare Supplies > First Aid,2,291.0,False,True,0.4149606299212598
Staples::Healthcare Supplies > First Aid > CPR Face Shields & Masks,Staples,CPR Face Shields & Masks,Healthcare Supplies > First Aid > CPR Face Shields & Masks,3,10.0,True,True,0.3384259259259259
Staples::Healthcare Supplies > First Aid > Defibrillators,Staples,Defibrillators,Healthcare Supplies > First Aid > Defibrillators,3,60.0,True,True,0.40185185185185185
Staples::Healthcare Supplies > First Aid > Emergency Preparedness,Staples,Emergency Preparedness,Healthcare Supplies > First Aid > Emergency Preparedness,3,99.0,True,True,0.4189814814814815
Staples::Healthcare Supplies > First Aid > First Aid Kits,Staples,First Aid Kits,Healthcare Supplies > First Aid > First Aid Kits,3,101.0,True,True,0.4197916666666667
"Staples::Healthcare Supplies > First Aid > First Aid, AED & CPR Training & Program Management",Staples,"First Aid, AED & CPR Training & Program Management","Healthcare Supplies > First Aid > First Aid, AED & CPR Training & Program Management",3,21.0,True,True,0.3605324074074074
Staples::Healthcare Supplies > OTC Pharmaceuticals,Staples,OTC Pharmaceuticals,Healthcare Supplies > OTC Pharmaceuticals,2,4408.0,False,True,0.489501312335958
Staples::Healthcare Supplies > OTC Pharmaceuticals > Hot & Cold Therapy,Staples,Hot & Cold Therapy,Healthcare Supplies > OTC Pharmaceuticals > Hot & Cold Therapy,3,74.0,True,True,0.41030092592592593
Staples::Healthcare Supplies > OTC Pharmaceuticals > Medicine & Vitamins,Staples,Medicine & Vitamins,Healthcare Supplies > OTC Pharmaceuticals > Medicine & Vitamins,3,4334.0,False,True,0.48842592592592593
Staples::Healthcare Supplies > OTC Pharmaceuticals > Medicine & Vitamins > Antacids,Staples,Antacids,Healthcare Supplies > OTC Pharmaceuticals > Medicine & Vitamins > Antacids,4,13.0,True,True,0.38730434782608697
Staples::Healthcare Supplies > OTC Pharmaceuticals > Medicine & Vitamins > Anti-Nausea & Digestive Aids,Staples,Anti-Nausea & Digestive Aids,Healthcare Supplies > OTC Pharmaceuticals > Medicine & Vitamins > Anti-Nausea & Digestive Aids,4,3.0,True,True,0.3377391304347826
Staples::Healthcare Supplies > OTC Pharmaceuticals > Medicine & Vitamins > Clinical Nutrition,Staples,Clinical Nutrition,Healthcare Supplies > OTC Pharmaceuticals > Medicine & Vitamins > Clinical Nutrition,4,7.0,True,True,0.36591304347826087
"Staples::Healthcare Supplies > OTC Pharmaceuticals > Medicine & Vitamins > Cough, Cold, Flu & Allergy",Staples,"Cough, Cold, Flu & Allergy","Healthcare Supplies > OTC Pharmaceuticals > Medicine & Vitamins > Cough, Cold, Flu & Allergy",4,37.0,True,True,0.42539130434782607
Staples::Healthcare Supplies > OTC Pharmaceuticals > Medicine & Vitamins > Ear Drops & Eye Drops,Staples,Ear Drops & Eye Drops,Healthcare Supplies > OTC Pharmaceuticals > Medicine & Vitamins > Ear Drops & Eye Drops,4,4.0,True,True,0.3471304347826087
Staples::Healthcare Supplies > OTC Pharmaceuticals > Medicine & Vitamins > Laxatives,Staples,Laxatives,Healthcare Supplies > OTC Pharmaceuticals > Medicine & Vitamins > Laxatives,4,4197.0,True,True,0.4979130434782609
Staples::Healthcare Supplies > OTC Pharmaceuticals > Medicine & Vitamins > Pain Relievers,Staples,Pain Relievers,Healthcare Supplies > OTC Pharmaceuticals > Medicine & Vitamins > Pain Relievers,4,33.0,True,True,0.4210434782608696
Staples::Healthcare Supplies > OTC Pharmaceuticals > Medicine & Vitamins > Pill Organizers & Storage,Staples,Pill Organizers & Storage,Healthcare Supplies > OTC Pharmaceuticals > Medicine & Vitamins > Pill Organizers & Storage,4,20.0,True,True,0.40556521739130436
Staples::Healthcare Supplies > OTC Pharmaceuticals > Medicine & Vitamins > Probiotics,Staples,Probiotics,Healthcare Supplies > OTC Pharmaceuticals > Medicine & Vitamins > Probiotics,4,4334.0,True,True,0.4982608695652174
Staples::Healthcare Supplies > OTC Pharmaceuticals > Medicine & Vitamins > Sleep Aids,Staples,Sleep Aids,Healthcare Supplies > OTC Pharmaceuticals > Medicine & Vitamins > Sleep Aids,4,3.0,True,True,0.3377391304347826
Staples::Healthcare Supplies > OTC Pharmaceuticals > Medicine & Vitamins > Stop Smoking Aids,Staples,Stop Smoking Aids,Healthcare Supplies > OTC Pharmaceuticals > Medicine & Vitamins > Stop Smoking Aids,4,1.0,True,True,0.3177391304347826
Staples::Healthcare Supplies > OTC Pharmaceuticals > Medicine & Vitamins > Topical Pain Relief,Staples,Topical Pain Relief,Healthcare Supplies > OTC Pharmaceuticals > Medicine & Vitamins > Topical Pain Relief,4,12.0,True,True,0.38365217391304346
Staples::Healthcare Supplies > OTC Pharmaceuticals > Medicine & Vitamins > Vitamins & Supplements,Staples,Vitamins & Supplements,Healthcare Supplies > OTC Pharmaceuticals > Medicine & Vitamins > Vitamins & Supplements,4,4.0,True,True,0.3471304347826087
Staples::Healthcare Supplies > Patient Care,Staples,Patient Care,Healthcare Supplies > Patient Care,2,3570.0,False,True,0.4858267716535433
Staples::Healthcare Supplies > Patient Care > Beds & Bedside Care,Staples,Beds & Bedside Care,Healthcare Supplies > Patient Care > Beds & Bedside Care,3,93.0,False,True,0.41712962962962963
Staples::Healthcare Supplies > Patient Care > Beds & Bedside Care > Bedpans & Portable Urinals,Staples,Bedpans & Portable Urinals,Healthcare Supplies > Patient Care > Beds & Bedside Care > Bedpans & Portable Urinals,4,4.0,True,True,0.3471304347826087
Staples::Healthcare Supplies > Patient Care > Beds & Bedside Care > Disposable Medical & Dental Cups,Staples,Disposable Medical & Dental Cups,Healthcare Supplies > Patient Care > Beds & Bedside Care > Disposable Medical & Dental Cups,4,11.0,True,True,0.38052173913043474
Staples::Healthcare Supplies > Patient Care > Beds & Bedside Care > Emesis Bags & Basins,Staples,Emesis Bags & Basins,Healthcare Supplies > Patient Care > Beds & Bedside Care > Emesis Bags & Basins,4,11.0,True,True,0.38052173913043474
Staples::Healthcare Supplies > Patient Care > Beds & Bedside Care > Hospital Mattresses,Staples,Hospital Mattresses,Healthcare Supplies > Patient Care > Beds & Bedside Care > Hospital Mattresses,4,28.0,True,True,0.4165217391304348
Staples::Healthcare Supplies > Patient Care > Beds & Bedside Care > Mattress Overlays,Staples,Mattress Overlays,Healthcare Supplies > Patient Care > Beds & Bedside Care > Mattress Overlays,4,5.0,True,True,0.3546086956521739
Staples::Healthcare Supplies > Patient Care > Beds & Bedside Care > Medical Bed Parts,Staples,Medical Bed Parts,Healthcare Supplies > Patient Care > Beds & Bedside Care > Medical Bed Parts,4,2.0,True,True,0.3297391304347826
Staples::Healthcare Supplies > Patient Care > Beds & Bedside Care > Medical Beds,Staples,Medical Beds,Healthcare Supplies > Patient Care > Beds & Bedside Care > Medical Beds,4,93.0,True,True,0.4612173913043478
Staples::Healthcare Supplies > Patient Care > Beds & Bedside Care > Overbed Tables,Staples,Overbed Tables,Healthcare Supplies > Patient Care > Beds & Bedside Care > Overbed Tables,4,19.0,True,True,0.4041739130434783
Staples::Healthcare Supplies > Patient Care > Beds & Bedside Care > Patient Belonging Bags,Staples,Patient Belonging Bags,Healthcare Supplies > Patient Care > Beds & Bedside Care > Patient Belonging Bags,4,3.0,True,True,0.3377391304347826
Staples::Healthcare Supplies > Patient Care > Beds & Bedside Care > Patient Privacy Screens,Staples,Patient Privacy Screens,Healthcare Supplies > Patient Care > Beds & Bedside Care > Patient Privacy Screens,4,4.0,True,True,0.3471304347826087
Staples::Healthcare Supplies > Patient Care > Beds & Bedside Care > Washbasins,Staples,Washbasins,Healthcare Supplies > Patient Care > Beds & Bedside Care > Washbasins,4,6.0,True,True,0.36086956521739133
Staples::Healthcare Supplies > Patient Care > Diagnostic & Exam Instruments,Staples,Diagnostic & Exam Instruments,Healthcare Supplies > Patient Care > Diagnostic & Exam Instruments,3,245.0,False,True,0.45439814814814816
Staples::Healthcare Supplies > Patient Care > Diagnostic & Exam Instruments > Blood Pressure Monitors,Staples,Blood Pressure Monitors,Healthcare Supplies > Patient Care > Diagnostic & Exam Instruments > Blood Pressure Monitors,4,55.0,True,True,0.44417391304347825
Staples::Healthcare Supplies > Patient Care > Diagnostic & Exam Instruments > Drug & Alcohol Test Kits,Staples,Drug & Alcohol Test Kits,Healthcare Supplies > Patient Care > Diagnostic & Exam Instruments > Drug & Alcohol Test Kits,4,245.0,True,True,0.4817391304347826
Staples::Healthcare Supplies > Patient Care > Diagnostic & Exam Instruments > Endoscopic Lamps & Bulbs,Staples,Endoscopic Lamps & Bulbs,Healthcare Supplies > Patient Care > Diagnostic & Exam Instruments > Endoscopic Lamps & Bulbs,4,245.0,True,True,0.4817391304347826
Staples::Healthcare Supplies > Patient Care > Diagnostic & Exam Instruments > Glucose Meters & Accessories,Staples,Glucose Meters & Accessories,Healthcare Supplies > Patient Care > Diagnostic & Exam Instruments > Glucose Meters & Accessories,4,27.0,True,True,0.4154782608695652
Staples::Healthcare Supplies > Patient Care > Diagnostic & Exam Instruments > Health & Body Weight Scales,Staples,Health & Body Weight Scales,Healthcare Supplies > Patient Care > Diagnostic & Exam Instruments > Health & Body Weight Scales,4,40.0,True,True,0.4290434782608695
Staples::Healthcare Supplies > Patient Care > Diagnostic & Exam Instruments > Medical Scissors & Shears,Staples,Medical Scissors & Shears,Healthcare Supplies > Patient Care > Diagnostic & Exam Instruments > Medical Scissors & Shears,4,10.0,True,True,0.37669565217391304
Staples::Healthcare Supplies > Patient Care > Diagnostic & Exam Instruments > Monitoring Equipment,Staples,Monitoring Equipment,Healthcare Supplies > Patient Care > Diagnostic & Exam Instruments > Monitoring Equipment,4,19.0,True,True,0.4041739130434783
Staples::Healthcare Supplies > Patient Care > Diagnostic & Exam Instruments > Needles,Staples,Needles,Healthcare Supplies > Patient Care > Diagnostic & Exam Instruments > Needles,4,245.0,True,True,0.4817391304347826
Staples::Healthcare Supplies > Patient Care > Diagnostic & Exam Instruments > Neurological & Sensory Instruments,Staples,Neurological & Sensory Instruments,Healthcare Supplies > Patient Care > Diagnostic & Exam Instruments > Neurological & Sensory Instruments,4,3.0,True,True,0.3377391304347826
Staples::Healthcare Supplies > Patient Care > Diagnostic & Exam Instruments > OB/GYN Examination,Staples,OB/GYN Examination,Healthcare Supplies > Patient Care > Diagnostic & Exam Instruments > OB/GYN Examination,4,245.0,True,True,0.4817391304347826
Staples::Healthcare Supplies > Patient Care > Diagnostic & Exam Instruments > Otoscopes & Ophthalmoscopes,Staples,Otoscopes & Ophthalmoscopes,Healthcare Supplies > Patient Care > Diagnostic & Exam Instruments > Otoscopes & Ophthalmoscopes,4,1.0,True,True,0.3177391304347826
Staples::Healthcare Supplies > Patient Care > Diagnostic & Exam Instruments > Oximeters,Staples,Oximeters,Healthcare Supplies > Patient Care > Diagnostic & Exam Instruments > Oximeters,4,10.0,True,True,0.37669565217391304
Staples::Healthcare Supplies > Patient Care > Diagnostic & Exam Instruments > Stethoscopes,Staples,Stethoscopes,Healthcare Supplies > Patient Care > Diagnostic & Exam Instruments > Stethoscopes,4,34.0,True,True,0.42243478260869566
Staples::Healthcare Supplies > Patient Care > Diagnostic & Exam Instruments > Syringes,Staples,Syringes,Healthcare Supplies > Patient Care > Diagnostic & Exam Instruments > Syringes,4,245.0,True,True,0.4817391304347826
Staples::Healthcare Supplies > Patient Care > Diagnostic & Exam Instruments > Testing Kits,Staples,Testing Kits,Healthcare Supplies > Patient Care > Diagnostic & Exam Instruments > Testing Kits,4,8.0,True,True,0.3690434782608696
Staples::Healthcare Supplies > Patient Care > Diagnostic & Exam Instruments > Tweezers,Staples,Tweezers,Healthcare Supplies > Patient Care > Diagnostic & Exam Instruments > Tweezers,4,6.0,True,True,0.36086956521739133
Staples::Healthcare Supplies > Patient Care > Exam Room Supplies & Equipment,Staples,Exam Room Supplies & Equipment,Healthcare Supplies > Patient Care > Exam Room Supplies & Equipment,3,2780.0,False,True,0.48703703703703705
Staples::Healthcare Supplies > Patient Care > Exam Room Supplies & Equipment > Cotton Balls,Staples,Cotton Balls,Healthcare Supplies > Patient Care > Exam Room Supplies & Equipment > Cotton Balls,4,18.0,True,True,0.4017391304347826
Staples::Healthcare Supplies > Patient Care > Exam Room Supplies & Equipment > Cotton Tipped Applicators,Staples,Cotton Tipped Applicators,Healthcare Supplies > Patient Care > Exam Room Supplies & Equipment > Cotton Tipped Applicators,4,10.0,True,True,0.37669565217391304
Staples::Healthcare Supplies > Patient Care > Exam Room Supplies & Equipment > Disposable Linens & Pillows,Staples,Disposable Linens & Pillows,Healthcare Supplies > Patient Care > Exam Room Supplies & Equipment > Disposable Linens & Pillows,4,6.0,True,True,0.36086956521739133
Staples::Healthcare Supplies > Patient Care > Exam Room Supplies & Equipment > Exam Room Status Flags,Staples,Exam Room Status Flags,Healthcare Supplies > Patient Care > Exam Room Supplies & Equipment > Exam Room Status Flags,4,7.0,True,True,0.36591304347826087
Staples::Healthcare Supplies > Patient Care > Exam Room Supplies & Equipment > Exam Table Paper,Staples,Exam Table Paper,Healthcare Supplies > Patient Care > Exam Room Supplies & Equipment > Exam Table Paper,4,33.0,True,True,0.4210434782608696
Staples::Healthcare Supplies > Patient Care > Exam Room Supplies & Equipment > Forceps & Clamps,Staples,Forceps & Clamps,Healthcare Supplies > Patient Care > Exam Room Supplies & Equipment > Forceps & Clamps,4,1.0,True,True,0.3177391304347826
Staples::Healthcare Supplies > Patient Care > Exam Room Supplies & Equipment > Healthcare Dispensers,Staples,Healthcare Dispensers,Healthcare Supplies > Patient Care > Exam Room Supplies & Equipment > Healthcare Dispensers,4,26.0,True,True,0.41356521739130436
Staples::Healthcare Supplies > Patient Care > Exam Room Supplies & Equipment > IV Poles,Staples,IV Poles,Healthcare Supplies > Patient Care > Exam Room Supplies & Equipment > IV Poles,4,3.0,True,True,0.3377391304347826
Staples::Healthcare Supplies > Patient Care > Exam Room Supplies & Equipment > Lubricating Jelly,Staples,Lubricating Jelly,Healthcare Supplies > Patient Care > Exam Room Supplies & Equipment > Lubricating Jelly,4,5.0,True,True,0.3546086956521739
Staples::Healthcare Supplies > Patient Care > Exam Room Supplies & Equipment > Medical Drapes & Covers,Staples,Medical Drapes & Covers,Healthcare Supplies > Patient Care > Exam Room Supplies & Equipment > Medical Drapes & Covers,4,4.0,True,True,0.3471304347826087
Staples::Healthcare Supplies > Patient Care > Exam Room Supplies & Equipment > Minor Procedure Trays,Staples,Minor Procedure Trays,Healthcare Supplies > Patient Care > Exam Room Supplies & Equipment > Minor Procedure Trays,4,1.0,True,True,0.3177391304347826
Staples::Healthcare Supplies > Patient Care > Exam Room Supplies & Equipment > Patient Alarms,Staples,Patient Alarms,Healthcare Supplies > Patient Care > Exam Room Supplies & Equipment > Patient Alarms,4,2619.0,True,True,0.4965217391304348
Staples::Healthcare Supplies > Patient Care > Exam Room Supplies & Equipment > Procedure Towels,Staples,Procedure Towels,Healthcare Supplies > Patient Care > Exam Room Supplies & Equipment > Procedure Towels,4,2.0,True,True,0.3297391304347826
Staples::Healthcare Supplies > Patient Care > Exam Room Supplies & Equipment > Scalpels,Staples,Scalpels,Healthcare Supplies > Patient Care > Exam Room Supplies & Equipment > Scalpels,4,2.0,True,True,0.3297391304347826
Staples::Healthcare Supplies > Patient Care > Exam Room Supplies & Equipment > Sharps Containers & Wall Brackets,Staples,Sharps Containers & Wall Brackets,Healthcare Supplies > Patient Care > Exam Room Supplies & Equipment > Sharps Containers & Wall Brackets,4,25.0,True,True,0.41182608695652173
Staples::Healthcare Supplies > Patient Care > Exam Room Supplies & Equipment > Specimen Collection,Staples,Specimen Collection,Healthcare Supplies > Patient Care > Exam Room Supplies & Equipment > Specimen Collection,4,3.0,True,True,0.3377391304347826
Staples::Healthcare Supplies > Patient Care > Exam Room Supplies & Equipment > Tongue Depressors,Staples,Tongue Depressors,Healthcare Supplies > Patient Care > Exam Room Supplies & Equipment > Tongue Depressors,4,9.0,True,True,0.3725217391304348
Staples::Healthcare Supplies > Patient Care > Exam Room Supplies & Equipment > Ultrasound Gel & Lotion,Staples,Ultrasound Gel & Lotion,Healthcare Supplies > Patient Care > Exam Room Supplies & Equipment > Ultrasound Gel & Lotion,4,6.0,True,True,0.36086956521739133
Staples::Healthcare Supplies > Patient Care > Feeding Tubes & Nutrients,Staples,Feeding Tubes & Nutrients,Healthcare Supplies > Patient Care > Feeding Tubes & Nutrients,3,3.0,False,True,0.31516203703703705
Staples::Healthcare Supplies > Patient Care > Feeding Tubes & Nutrients > Eating & Drinking Aids,Staples,Eating & Drinking Aids,Healthcare Supplies > Patient Care > Feeding Tubes & Nutrients > Eating & Drinking Aids,4,2.0,True,True,0.3297391304347826
Staples::Healthcare Supplies > Patient Care > Feeding Tubes & Nutrients > Feeding Pumps & Sets,Staples,Feeding Pumps & Sets,Healthcare Supplies > Patient Care > Feeding Tubes & Nutrients > Feeding Pumps & Sets,4,3.0,True,True,0.3377391304347826
Staples::Healthcare Supplies > Patient Care > Feeding Tubes & Nutrients > Feeding Tubes & Syringes,Staples,Feeding Tubes & Syringes,Healthcare Supplies > Patient Care > Feeding Tubes & Nutrients > Feeding Tubes & Syringes,4,3.0,True,True,0.3377391304347826
Staples::Healthcare Supplies > Patient Care > Feeding Tubes & Nutrients > Food & Beverage Thickeners,Staples,Food & Beverage Thickeners,Healthcare Supplies > Patient Care > Feeding Tubes & Nutrients > Food & Beverage Thickeners,4,1.0,True,True,0.3177391304347826
Staples::Healthcare Supplies > Patient Care > Medical Practice Furniture,Staples,Medical Practice Furniture,Healthcare Supplies > Patient Care > Medical Practice Furniture,3,378.0,False,True,0.4638888888888889
Staples::Healthcare Supplies > Patient Care > Medical Practice Furniture > Exam Room Tables,Staples,Exam Room Tables,Healthcare Supplies > Patient Care > Medical Practice Furniture > Exam Room Tables,4,81.0,True,True,0.456
Staples::Healthcare Supplies > Patient Care > Medical Practice Furniture > Medical Cabinets,Staples,Medical Cabinets,Healthcare Supplies > Patient Care > Medical Practice Furniture > Medical Cabinets,4,42.0,True,True,0.43078260869565216
Staples::Healthcare Supplies > Patient Care > Medical Practice Furniture > Medical Instrument Stands & Trays,Staples,Medical Instrument Stands & Trays,Healthcare Supplies > Patient Care > Medical Practice Furniture > Medical Instrument Stands & Trays,4,5.0,True,True,0.3546086956521739
Staples::Healthcare Supplies > Patient Care > Medical Practice Furniture > Phlebotomy Chairs,Staples,Phlebotomy Chairs,Healthcare Supplies > Patient Care > Medical Practice Furniture > Phlebotomy Chairs,4,21.0,True,True,0.40643478260869564
Staples::Healthcare Supplies > Patient Care > Practice Front Desk Supplies,Staples,Practice Front Desk Supplies,Healthcare Supplies > Patient Care > Practice Front Desk Supplies,3,62.0,False,True,0.403125
Staples::Healthcare Supplies > Patient Care > Practice Front Desk Supplies > Medical Take Home Bags,Staples,Medical Take Home Bags,Healthcare Supplies > Patient Care > Practice Front Desk Supplies > Medical Take Home Bags,4,25.0,True,True,0.41182608695652173
Staples::Healthcare Supplies > Patient Care > Practice Front Desk Supplies > Patient ID Bands,Staples,Patient ID Bands,Healthcare Supplies > Patient Care > Practice Front Desk Supplies > Patient ID Bands,4,32.0,True,True,0.41930434782608694
Staples::Healthcare Supplies > Patient Care > Practice Front Desk Supplies > Personal Care Kits,Staples,Personal Care Kits,Healthcare Supplies > Patient Care > Practice Front Desk Supplies > Personal Care Kits,4,5.0,True,True,0.3546086956521739
Staples::Healthcare Supplies > Patient Care > Respiratory Therapy,Staples,Respiratory Therapy,Healthcare Supplies > Patient Care > Respiratory Therapy,3,5.0,False,True,0.3230324074074074
Staples::Healthcare Supplies > Patient Care > Respiratory Therapy > Aerosol Therapy,Staples,Aerosol Therapy,Healthcare Supplies > Patient Care > Respiratory Therapy > Aerosol Therapy,4,2.0,True,True,0.3297391304347826
Staples::Healthcare Supplies > Patient Care > Respiratory Therapy > Oxygen Therapy,Staples,Oxygen Therapy,Healthcare Supplies > Patient Care > Respiratory Therapy > Oxygen Therapy,4,1.0,True,True,0.3177391304347826
Staples::Healthcare Supplies > Patient Care > Respiratory Therapy > Tracheostomy Care,Staples,Tracheostomy Care,Healthcare Supplies > Patient Care > Respiratory Therapy > Tracheostomy Care,4,2.0,True,True,0.3297391304347826
Staples::Healthcare Supplies > Patient Care > Urology & Ostomy,Staples,Urology & Ostomy,Healthcare Supplies > Patient Care > Urology & Ostomy,3,4.0,False,True,0.3189814814814815
Staples::Healthcare Supplies > Patient Care > Urology & Ostomy > Catheter Securement Devices,Staples,Catheter Securement Devices,Healthcare Supplies > Patient Care > Urology & Ostomy > Catheter Securement Devices,4,3.0,True,True,0.3377391304347826
Staples::Healthcare Supplies > Patient Care > Urology & Ostomy > Catheters & Catheter Trays,Staples,Catheters & Catheter Trays,Healthcare Supplies > Patient Care > Urology & Ostomy > Catheters & Catheter Trays,4,4.0,True,True,0.3471304347826087
Staples::Healthcare Supplies > Patient Care > Urology & Ostomy > Ostomy Pouches & Barriers,Staples,Ostomy Pouches & Barriers,Healthcare Supplies > Patient Care > Urology & Ostomy > Ostomy Pouches & Barriers,4,1.0,True,True,0.3177391304347826
Staples::Healthcare Supplies > Personal Care,Staples,Personal Care,Healthcare Supplies > Personal Care,2,4197.0,False,True,0.4889763779527559
Staples::Healthcare Supplies > Personal Care > Baby Care,Staples,Baby Care,Healthcare Supplies > Personal Care > Baby Care,3,51.0,False,True,0.3957175925925926
Staples::Healthcare Supplies > Personal Care > Baby Care > Baby Diapers,Staples,Baby Diapers,Healthcare Supplies > Personal Care > Baby Care > Baby Diapers,4,34.0,True,True,0.42243478260869566
Staples::Healthcare Supplies > Personal Care > Baby Care > Baby Formula,Staples,Baby Formula,Healthcare Supplies > Personal Care > Baby Care > Baby Formula,4,1.0,True,True,0.3177391304347826
Staples::Healthcare Supplies > Personal Care > Baby Care > Baby Kits,Staples,Baby Kits,Healthcare Supplies > Personal Care > Baby Care > Baby Kits,4,51.0,True,True,0.43999999999999995
Staples::Healthcare Supplies > Personal Care > Baby Care > Baby Skin Care,Staples,Baby Skin Care,Healthcare Supplies > Personal Care > Baby Care > Baby Skin Care,4,3.0,True,True,0.3377391304347826
Staples::Healthcare Supplies > Personal Care > Baby Care > Baby Wipes,Staples,Baby Wipes,Healthcare Supplies > Personal Care > Baby Care > Baby Wipes,4,12.0,True,True,0.38365217391304346
Staples::Healthcare Supplies > Personal Care > Baby Care > Youth Feeding Supplies,Staples,Youth Feeding Supplies,Healthcare Supplies > Personal Care > Baby Care > Youth Feeding Supplies,4,1.0,True,True,0.3177391304347826
Staples::Healthcare Supplies > Personal Care > Incontinence,Staples,Incontinence,Healthcare Supplies > Personal Care > Incontinence,3,38.0,False,True,0.3837962962962963
Staples::Healthcare Supplies > Personal Care > Incontinence > Adult Briefs,Staples,Adult Briefs,Healthcare Supplies > Personal Care > Incontinence > Adult Briefs,4,14.0,True,True,0.3907826086956522
Staples::Healthcare Supplies > Personal Care > Incontinence > Incontinence Liners & Pads,Staples,Incontinence Liners & Pads,Healthcare Supplies > Personal Care > Incontinence > Incontinence Liners & Pads,4,4.0,True,True,0.3471304347826087
Staples::Healthcare Supplies > Personal Care > Incontinence > Underpads,Staples,Underpads,Healthcare Supplies > Personal Care > Incontinence > Underpads,4,20.0,True,True,0.40556521739130436
Staples::Healthcare Supplies > Personal Care > Maternity,Staples,Maternity,Healthcare Supplies > Personal Care > Maternity,3,3988.0,False,True,0.48819444444444443
Staples::Healthcare Supplies > Personal Care > Maternity > Irrigation Bottles,Staples,Irrigation Bottles,Healthcare Supplies > Personal Care > Maternity > Irrigation Bottles,4,3925.0,True,True,0.4975652173913043
Staples::Healthcare Supplies > Personal Care > Maternity > Labor & Delivery Kits,Staples,Labor & Delivery Kits,Healthcare Supplies > Personal Care > Maternity > Labor & Delivery Kits,4,51.0,True,True,0.43999999999999995
Staples::Healthcare Supplies > Personal Care > Maternity > Maternity Belts,Staples,Maternity Belts,Healthcare Supplies > Personal Care > Maternity > Maternity Belts,4,11.0,True,True,0.38052173913043474
Staples::Healthcare Supplies > Personal Care > Maternity > Perineal Spray & Wash,Staples,Perineal Spray & Wash,Healthcare Supplies > Personal Care > Maternity > Perineal Spray & Wash,4,1.0,True,True,0.3177391304347826
Staples::Healthcare Supplies > Personal Care > Period Care,Staples,Period Care,Healthcare Supplies > Personal Care > Period Care,3,39.0,False,True,0.38506944444444446
Staples::Healthcare Supplies > Personal Care > Period Care > Menstrual Pads,Staples,Menstrual Pads,Healthcare Supplies > Personal Care > Period Care > Menstrual Pads,4,22.0,True,True,0.40800000000000003
Staples::Healthcare Supplies > Personal Care > Period Care > Tampons,Staples,Tampons,Healthcare Supplies > Personal Care > Period Care > Tampons,4,17.0,True,True,0.3991304347826087
Staples::Healthcare Supplies > Personal Care > Skin Care,Staples,Skin Care,Healthcare Supplies > Personal Care > Skin Care,3,132.0,False,True,0.4296296296296296
Staples::Healthcare Supplies > Personal Care > Skin Care > Bath Soap & Body Wash,Staples,Bath Soap & Body Wash,Healthcare Supplies > Personal Care > Skin Care > Bath Soap & Body Wash,4,23.0,True,True,0.4097391304347826
Staples::Healthcare Supplies > Personal Care > Skin Care > Body Powder,Staples,Body Powder,Healthcare Supplies > Personal Care > Skin Care > Body Powder,4,3.0,True,True,0.3377391304347826
Staples::Healthcare Supplies > Personal Care > Skin Care > Cleanser,Staples,Cleanser,Healthcare Supplies > Personal Care > Skin Care > Cleanser,4,18.0,True,True,0.4017391304347826
Staples::Healthcare Supplies > Personal Care > Skin Care > Deodorant,Staples,Deodorant,Healthcare Supplies > Personal Care > Skin Care > Deodorant,4,13.0,True,True,0.38730434782608697
Staples::Healthcare Supplies > Personal Care > Skin Care > Disposable Washcloths & Bathing Wipes,Staples,Disposable Washcloths & Bathing Wipes,Healthcare Supplies > Personal Care > Skin Care > Disposable Washcloths & Bathing Wipes,4,6.0,True,True,0.36086956521739133
Staples::Healthcare Supplies > Personal Care > Skin Care > Epsom Salt,Staples,Epsom Salt,Healthcare Supplies > Personal Care > Skin Care > Epsom Salt,4,1.0,True,True,0.3177391304347826
Staples::Healthcare Supplies > Personal Care > Skin Care > Eye Cream,Staples,Eye Cream,Healthcare Supplies > Personal Care > Skin Care > Eye Cream,4,132.0,True,True,0.467304347826087
Staples::Healthcare Supplies > Personal Care > Skin Care > Hair Removal,Staples,Hair Removal,Healthcare Supplies > Personal Care > Skin Care > Hair Removal,4,132.0,True,True,0.467304347826087
Staples::Healthcare Supplies > Personal Care > Skin Care > Lip Balm,Staples,Lip Balm,Healthcare Supplies > Personal Care > Skin Care > Lip Balm,4,9.0,True,True,0.3725217391304348
Staples::Healthcare Supplies > Personal Care > Skin Care > Lotion & Moisturizer,Staples,Lotion & Moisturizer,Healthcare Supplies > Personal Care > Skin Care > Lotion & Moisturizer,4,34.0,True,True,0.42243478260869566
Staples::Healthcare Supplies > Personal Care > Skin Care > Skin Care Treatment,Staples,Skin Care Treatment,Healthcare Supplies > Personal Care > Skin Care > Skin Care Treatment,4,16.0,True,True,0.3963478260869565
Staples::Healthcare Supplies > Personal Care > Skin Care > Sunscreen & Sunblock,Staples,Sunscreen & Sunblock,Healthcare Supplies > Personal Care > Skin Care > Sunscreen & Sunblock,4,9.0,True,True,0.3725217391304348
Staples::Healthcare Supplies > Personal Care > Skin Care > Supplements,Staples,Supplements,Healthcare Supplies > Personal Care > Skin Care > Supplements,4,132.0,True,True,0.467304347826087
Staples::Healthcare Supplies > Personal Dental Care,Staples,Personal Dental Care,Healthcare Supplies > Personal Dental Care,2,40.0,False,True,0.3551181102362205
Staples::Healthcare Supplies > Personal Dental Care > Oral Care,Staples,Oral Care,Healthcare Supplies > Personal Dental Care > Oral Care,3,40.0,False,True,0.3869212962962963
Staples::Healthcare Supplies > Personal Dental Care > Oral Care > Dental Floss & Flossers,Staples,Dental Floss & Flossers,Healthcare Supplies > Personal Dental Care > Oral Care > Dental Floss & Flossers,4,2.0,True,True,0.3297391304347826
Staples::Healthcare Supplies > Personal Dental Care > Oral Care > Denture Care,Staples,Denture Care,Healthcare Supplies > Personal Dental Care > Oral Care > Denture Care,4,2.0,True,True,0.3297391304347826
Staples::Healthcare Supplies > Personal Dental Care > Oral Care > Fluoride Home Use,Staples,Fluoride Home Use,Healthcare Supplies > Personal Dental Care > Oral Care > Fluoride Home Use,4,0.0,True,True,0.30469565217391303
Staples::Healthcare Supplies > Personal Dental Care > Oral Care > Fluoride Trays,Staples,Fluoride Trays,Healthcare Supplies > Personal Dental Care > Oral Care > Fluoride Trays,4,0.0,True,True,0.30469565217391303
Staples::Healthcare Supplies > Personal Dental Care > Oral Care > Interdental Cleaners,Staples,Interdental Cleaners,Healthcare Supplies > Personal Dental Care > Oral Care > Interdental Cleaners,4,0.0,True,True,0.30469565217391303
Staples::Healthcare Supplies > Personal Dental Care > Oral Care > Mouthwashes & Rinses,Staples,Mouthwashes & Rinses,Healthcare Supplies > Personal Dental Care > Oral Care > Mouthwashes & Rinses,4,14.0,True,True,0.3907826086956522
Staples::Healthcare Supplies > Personal Dental Care > Oral Care > Toothbrushes,Staples,Toothbrushes,Healthcare Supplies > Personal Dental Care > Oral Care > Toothbrushes,4,13.0,True,True,0.38730434782608697
Staples::Healthcare Supplies > Physical Therapy and Rehabilitation Equipment,Staples,Physical Therapy and Rehabilitation Equipment,Healthcare Supplies > Physical Therapy and Rehabilitation Equipment,2,44.0,False,True,0.357742782152231
Staples::Healthcare Supplies > Physical Therapy and Rehabilitation Equipment > Electrodes & TENS Units,Staples,Electrodes & TENS Units,Healthcare Supplies > Physical Therapy and Rehabilitation Equipment > Electrodes & TENS Units,3,21.0,True,True,0.3605324074074074
Staples::Healthcare Supplies > Physical Therapy and Rehabilitation Equipment > Rehabilitation & Therapeutic Equipment,Staples,Rehabilitation & Therapeutic Equipment,Healthcare Supplies > Physical Therapy and Rehabilitation Equipment > Rehabilitation & Therapeutic Equipment,3,17.0,True,True,0.35636574074074073
Staples::Healthcare Supplies > Physical Therapy and Rehabilitation Equipment > Traction Therapy,Staples,Traction Therapy,Healthcare Supplies > Physical Therapy and Rehabilitation Equipment > Traction Therapy,3,6.0,True,True,0.32719907407407406
Staples::Healthcare Supplies > Professional Dental Supplies,Staples,Professional Dental Supplies,Healthcare Supplies > Professional Dental Supplies,2,4572.0,False,True,0.4900262467191601
Staples::Healthcare Supplies > Professional Dental Supplies > Dental Instruments,Staples,Dental Instruments,Healthcare Supplies > Professional Dental Supplies > Dental Instruments,3,1.0,False,True,0.3055555555555555
"Staples::Healthcare Supplies > Professional Dental Supplies > Dental Instruments > Bracket Holders, Band Seaters & Accessories",Staples,"Bracket Holders, Band Seaters & Accessories","Healthcare Supplies > Professional Dental Supplies > Dental Instruments > Bracket Holders, Band Seaters & Accessories",4,1.0,True,True,0.3177391304347826
Staples::Healthcare Supplies > Professional Dental Supplies > Dental Instruments > Dental Mirrors,Staples,Dental Mirrors,Healthcare Supplies > Professional Dental Supplies > Dental Instruments > Dental Mirrors,4,1.0,True,True,0.3177391304347826
"Staples::Healthcare Supplies > Professional Dental Supplies > Dental Instruments > Excavators, Hatchets & Margin Trimmers",Staples,"Excavators, Hatchets & Margin Trimmers","Healthcare Supplies > Professional Dental Supplies > Dental Instruments > Excavators, Hatchets & Margin Trimmers",4,1.0,True,True,0.3177391304347826
"Staples::Healthcare Supplies > Professional Dental Supplies > Dental Instruments > Mouth Props, Cheek Retractors & Gags",Staples,"Mouth Props, Cheek Retractors & Gags","Healthcare Supplies > Professional Dental Supplies > Dental Instruments > Mouth Props, Cheek Retractors & Gags",4,1.0,True,True,0.3177391304347826
"Staples::Healthcare Supplies > Professional Dental Supplies > Dental Instruments > Scalpels, Scissors, Knives & Cutters",Staples,"Scalpels, Scissors, Knives & Cutters","Healthcare Supplies > Professional Dental Supplies > Dental Instruments > Scalpels, Scissors, Knives & Cutters",4,1.0,True,True,0.3177391304347826
Staples::Healthcare Supplies > Professional Dental Supplies > Dental Instruments > Ultrasonic Scaler Tips & Inserts,Staples,Ultrasonic Scaler Tips & Inserts,Healthcare Supplies > Professional Dental Supplies > Dental Instruments > Ultrasonic Scaler Tips & Inserts,4,1.0,True,True,0.3177391304347826
Staples::Healthcare Supplies > Professional Dental Supplies > Impression Material & Accessories,Staples,Impression Material & Accessories,Healthcare Supplies > Professional Dental Supplies > Impression Material & Accessories,3,40.0,True,True,0.3869212962962963
Staples::Healthcare Supplies > Professional Dental Supplies > Infection Prevention,Staples,Infection Prevention,Healthcare Supplies > Professional Dental Supplies > Infection Prevention,3,4571.0,False,True,0.48865740740740743
Staples::Healthcare Supplies > Professional Dental Supplies > Infection Prevention > Dental Applicators & Swabs,Staples,Dental Applicators & Swabs,Healthcare Supplies > Professional Dental Supplies > Infection Prevention > Dental Applicators & Swabs,4,5.0,True,True,0.3546086956521739
Staples::Healthcare Supplies > Professional Dental Supplies > Lab Products,Staples,Lab Products,Healthcare Supplies > Professional Dental Supplies > Lab Products,3,40.0,True,True,0.3869212962962963
Staples::Healthcare Supplies > Professional Dental Supplies > Operatory Products,Staples,Operatory Products,Healthcare Supplies > Professional Dental Supplies > Operatory Products,3,40.0,True,True,0.3869212962962963
Staples::Healthcare Supplies > Professional Dental Supplies > Orthodontic,Staples,Orthodontic,Healthcare Supplies > Professional Dental Supplies > Orthodontic,3,40.0,True,True,0.3869212962962963
Staples::Healthcare Supplies > Professional Dental Supplies > Restoratives & Cosmetic,Staples,Restoratives & Cosmetic,Healthcare Supplies > Professional Dental Supplies > Restoratives & Cosmetic,3,40.0,True,True,0.3869212962962963
Staples::Healthcare Supplies > Wound Care,Staples,Wound Care,Healthcare Supplies > Wound Care,2,3925.0,False,True,0.48845144356955383
Staples::Healthcare Supplies > Wound Care > Advanced Wound Care,Staples,Advanced Wound Care,Healthcare Supplies > Wound Care > Advanced Wound Care,3,3640.0,False,True,0.4877314814814815
Staples::Healthcare Supplies > Wound Care > Advanced Wound Care > Alginate Dressings,Staples,Alginate Dressings,Healthcare Supplies > Wound Care > Advanced Wound Care > Alginate Dressings,4,4.0,True,True,0.3471304347826087
Staples::Healthcare Supplies > Wound Care > Advanced Wound Care > Cast Protectors,Staples,Cast Protectors,Healthcare Supplies > Wound Care > Advanced Wound Care > Cast Protectors,4,13.0,True,True,0.38730434782608697
Staples::Healthcare Supplies > Wound Care > Advanced Wound Care > Composite & Island Dressings,Staples,Composite & Island Dressings,Healthcare Supplies > Wound Care > Advanced Wound Care > Composite & Island Dressings,4,17.0,True,True,0.3991304347826087
Staples::Healthcare Supplies > Wound Care > Advanced Wound Care > Foam Dressings,Staples,Foam Dressings,Healthcare Supplies > Wound Care > Advanced Wound Care > Foam Dressings,4,11.0,True,True,0.38052173913043474
Staples::Healthcare Supplies > Wound Care > Advanced Wound Care > Protective Arm & Leg Sleeves,Staples,Protective Arm & Leg Sleeves,Healthcare Supplies > Wound Care > Advanced Wound Care > Protective Arm & Leg Sleeves,4,1.0,True,True,0.3177391304347826
Staples::Healthcare Supplies > Wound Care > Advanced Wound Care > Silver Dressings,Staples,Silver Dressings,Healthcare Supplies > Wound Care > Advanced Wound Care > Silver Dressings,4,3570.0,True,True,0.4970434782608696
Staples::Healthcare Supplies > Wound Care > Advanced Wound Care > Skin Protectants & Barriers,Staples,Skin Protectants & Barriers,Healthcare Supplies > Wound Care > Advanced Wound Care > Skin Protectants & Barriers,4,15.0,True,True,0.39356521739130435
Staples::Healthcare Supplies > Wound Care > Advanced Wound Care > Tourniquets,Staples,Tourniquets,Healthcare Supplies > Wound Care > Advanced Wound Care > Tourniquets,4,4.0,True,True,0.3471304347826087
Staples::Healthcare Supplies > Wound Care > Advanced Wound Care > Transparent Film Dressings,Staples,Transparent Film Dressings,Healthcare Supplies > Wound Care > Advanced Wound Care > Transparent Film Dressings,4,3570.0,True,True,0.4970434782608696
Staples::Healthcare Supplies > Wound Care > Advanced Wound Care > Wound Closure,Staples,Wound Closure,Healthcare Supplies > Wound Care > Advanced Wound Care > Wound Closure,4,4.0,True,True,0.3471304347826087
Staples::Healthcare Supplies > Wound Care > Advanced Wound Care > Wound Measurement,Staples,Wound Measurement,Healthcare Supplies > Wound Care > Advanced Wound Care > Wound Measurement,4,1.0,True,True,0.3177391304347826
Staples::Healthcare Supplies > Wound Care > Antiseptics & Antibiotics,Staples,Antiseptics & Antibiotics,Healthcare Supplies > Wound Care > Antiseptics & Antibiotics,3,62.0,False,True,0.403125
Staples::Healthcare Supplies > Wound Care > Antiseptics & Antibiotics > Alcohol Pads,Staples,Alcohol Pads,Healthcare Supplies > Wound Care > Antiseptics & Antibiotics > Alcohol Pads,4,8.0,True,True,0.3690434782608696
Staples::Healthcare Supplies > Wound Care > Antiseptics & Antibiotics > Anti-Itch,Staples,Anti-Itch,Healthcare Supplies > Wound Care > Antiseptics & Antibiotics > Anti-Itch,4,6.0,True,True,0.36086956521739133
Staples::Healthcare Supplies > Wound Care > Antiseptics & Antibiotics > Antibiotic Ointments,Staples,Antibiotic Ointments,Healthcare Supplies > Wound Care > Antiseptics & Antibiotics > Antibiotic Ointments,4,10.0,True,True,0.37669565217391304
Staples::Healthcare Supplies > Wound Care > Antiseptics & Antibiotics > Antifungals,Staples,Antifungals,Healthcare Supplies > Wound Care > Antiseptics & Antibiotics > Antifungals,4,4408.0,True,True,0.49878260869565216
Staples::Healthcare Supplies > Wound Care > Antiseptics & Antibiotics > Antiseptics,Staples,Antiseptics,Healthcare Supplies > Wound Care > Antiseptics & Antibiotics > Antiseptics,4,13.0,True,True,0.38730434782608697
Staples::Healthcare Supplies > Wound Care > Antiseptics & Antibiotics > Burn Dressings,Staples,Burn Dressings,Healthcare Supplies > Wound Care > Antiseptics & Antibiotics > Burn Dressings,4,18.0,True,True,0.4017391304347826
Staples::Healthcare Supplies > Wound Care > Antiseptics & Antibiotics > Hydrogen Peroxide,Staples,Hydrogen Peroxide,Healthcare Supplies > Wound Care > Antiseptics & Antibiotics > Hydrogen Peroxide,4,3.0,True,True,0.3377391304347826
Staples::Healthcare Supplies > Wound Care > Antiseptics & Antibiotics > Isopropyl Rubbing Alcohol,Staples,Isopropyl Rubbing Alcohol,Healthcare Supplies > Wound Care > Antiseptics & Antibiotics > Isopropyl Rubbing Alcohol,4,4.0,True,True,0.3471304347826087
Staples::Healthcare Supplies > Wound Care > Antiseptics & Antibiotics > Wound Cleanser,Staples,Wound Cleanser,Healthcare Supplies > Wound Care > Antiseptics & Antibiotics > Wound Cleanser,4,4408.0,True,True,0.49878260869565216
Staples::Healthcare Supplies > Wound Care > Bandages,Staples,Bandages,Healthcare Supplies > Wound Care > Bandages,3,149.0,False,True,0.4372685185185185
Staples::Healthcare Supplies > Wound Care > Bandages > Adhesive Bandages,Staples,Adhesive Bandages,Healthcare Supplies > Wound Care > Bandages > Adhesive Bandages,4,92.0,True,True,0.4605217391304348
Staples::Healthcare Supplies > Wound Care > Bandages > Cohesive Bandages,Staples,Cohesive Bandages,Healthcare Supplies > Wound Care > Bandages > Cohesive Bandages,4,8.0,True,True,0.3690434782608696
Staples::Healthcare Supplies > Wound Care > Bandages > Elastic Bandages,Staples,Elastic Bandages,Healthcare Supplies > Wound Care > Bandages > Elastic Bandages,4,19.0,True,True,0.4041739130434783
Staples::Healthcare Supplies > Wound Care > Bandages > Liquid Bandages,Staples,Liquid Bandages,Healthcare Supplies > Wound Care > Bandages > Liquid Bandages,4,3.0,True,True,0.3377391304347826
Staples::Healthcare Supplies > Wound Care > Bandages > Medical Tape,Staples,Medical Tape,Healthcare Supplies > Wound Care > Bandages > Medical Tape,4,24.0,True,True,0.4107826086956522
Staples::Healthcare Supplies > Wound Care > Bandages > Tubular Bandages & Netting,Staples,Tubular Bandages & Netting,Healthcare Supplies > Wound Care > Bandages > Tubular Bandages & Netting,4,3.0,True,True,0.3377391304347826
Staples::Healthcare Supplies > Wound Care > Gauze,Staples,Gauze,Healthcare Supplies > Wound Care > Gauze,3,74.0,False,True,0.41030092592592593
Staples::Healthcare Supplies > Wound Care > Gauze > Abdominal Pads,Staples,Abdominal Pads,Healthcare Supplies > Wound Care > Gauze > Abdominal Pads,4,1.0,True,True,0.3177391304347826
Staples::Healthcare Supplies > Wound Care > Gauze > Conforming & Rolled Gauze,Staples,Conforming & Rolled Gauze,Healthcare Supplies > Wound Care > Gauze > Conforming & Rolled Gauze,4,14.0,True,True,0.3907826086956522
Staples::Healthcare Supplies > Wound Care > Gauze > Gauze Pads & Sponges,Staples,Gauze Pads & Sponges,Healthcare Supplies > Wound Care > Gauze > Gauze Pads & Sponges,4,59.0,True,True,0.44608695652173913
Staples::Laboratory & Scientific Supplies,Staples,Laboratory & Scientific Supplies,Laboratory & Scientific Supplies,1,51.0,False,True,0.18615384615384614
Staples::Laboratory & Scientific Supplies > Biochemistry,Staples,Biochemistry,Laboratory & Scientific Supplies > Biochemistry,2,51.0,True,True,0.2179527559055118
Staples::Laboratory & Scientific Supplies > Chromatography,Staples,Chromatography,Laboratory & Scientific Supplies > Chromatography,2,51.0,True,True,0.2179527559055118
Staples::Laboratory & Scientific Supplies > Controlled Environment Supplies,Staples,Controlled Environment Supplies,Laboratory & Scientific Supplies > Controlled Environment Supplies,2,51.0,True,True,0.2179527559055118
Staples::Laboratory & Scientific Supplies > Educational Materials & Accessories,Staples,Educational Materials & Accessories,Laboratory & Scientific Supplies > Educational Materials & Accessories,2,1.0,True,True,0.18236220472440942
Staples::Laboratory & Scientific Supplies > Lab Furniture & Fixtures,Staples,Lab Furniture & Fixtures,Laboratory & Scientific Supplies > Lab Furniture & Fixtures,2,13.0,False,True,0.20062992125984253
Staples::Laboratory & Scientific Supplies > Lab Furniture & Fixtures > Hazardous Material Lab Storage,Staples,Hazardous Material Lab Storage,Laboratory & Scientific Supplies > Lab Furniture & Fixtures > Hazardous Material Lab Storage,3,13.0,True,True,0.20791666666666667
Staples::Laboratory & Scientific Supplies > Lab Furniture & Fixtures > Lab Benches,Staples,Lab Benches,Laboratory & Scientific Supplies > Lab Furniture & Fixtures > Lab Benches,3,13.0,True,True,0.1386111111111111
Staples::Laboratory & Scientific Supplies > Lab Furniture & Fixtures > Lab Cabinets,Staples,Lab Cabinets,Laboratory & Scientific Supplies > Lab Furniture & Fixtures > Lab Cabinets,3,1.0,True,True,0.18333333333333332
Staples::Laboratory & Scientific Supplies > Lab Furniture & Fixtures > Lab Carts,Staples,Lab Carts,Laboratory & Scientific Supplies > Lab Furniture & Fixtures > Lab Carts,3,13.0,True,True,0.20791666666666667
Staples::Laboratory & Scientific Supplies > Lab Furniture & Fixtures > Lab Chairs & Stools,Staples,Lab Chairs & Stools,Laboratory & Scientific Supplies > Lab Furniture & Fixtures > Lab Chairs & Stools,3,13.0,True,True,0.20791666666666667
Staples::Laboratory & Scientific Supplies > Lab Furniture & Fixtures > Lab Desks,Staples,Lab Desks,Laboratory & Scientific Supplies > Lab Furniture & Fixtures > Lab Desks,3,13.0,True,True,0.20791666666666667
Staples::Laboratory & Scientific Supplies > Lab Furniture & Fixtures > Lab Sinks & Plumbing Apparatus,Staples,Lab Sinks & Plumbing Apparatus,Laboratory & Scientific Supplies > Lab Furniture & Fixtures > Lab Sinks & Plumbing Apparatus,3,12.0,True,True,0.20645833333333333
Staples::Laboratory & Scientific Supplies > Lab Instruments & Equipment,Staples,Lab Instruments & Equipment,Laboratory & Scientific Supplies > Lab Instruments & Equipment,2,24.0,False,True,0.20629921259842518
Staples::Laboratory & Scientific Supplies > Lab Instruments & Equipment > Desiccator Accessories,Staples,Desiccator Accessories,Laboratory & Scientific Supplies > Lab Instruments & Equipment > Desiccator Accessories,3,24.0,True,True,0.22041666666666668
Staples::Laboratory & Scientific Supplies > Lab Instruments & Equipment > Filtration Products,Staples,Filtration Products,Laboratory & Scientific Supplies > Lab Instruments & Equipment > Filtration Products,3,24.0,True,True,0.22041666666666668
Staples::Laboratory & Scientific Supplies > Lab Instruments & Equipment > Gas Handling & Extraction,Staples,Gas Handling & Extraction,Laboratory & Scientific Supplies > Lab Instruments & Equipment > Gas Handling & Extraction,3,24.0,True,True,0.22041666666666668
Staples::Laboratory & Scientific Supplies > Lab Instruments & Equipment > Hotplates & Accessories,Staples,Hotplates & Accessories,Laboratory & Scientific Supplies > Lab Instruments & Equipment > Hotplates & Accessories,3,24.0,True,True,0.22041666666666668
"Staples::Laboratory & Scientific Supplies > Lab Instruments & Equipment > Lab Notebooks, Recorders & Dataloggers",Staples,"Lab Notebooks, Recorders & Dataloggers","Laboratory & Scientific Supplies > Lab Instruments & Equipment > Lab Notebooks, Recorders & Dataloggers",3,5.0,True,True,0.19381944444444443
"Staples::Laboratory & Scientific Supplies > Lab Instruments & Equipment > Lab Scales, Balances & Accessories",Staples,"Lab Scales, Balances & Accessories","Laboratory & Scientific Supplies > Lab Instruments & Equipment > Lab Scales, Balances & Accessories",3,24.0,True,True,0.22041666666666668
Staples::Laboratory & Scientific Supplies > Lab Instruments & Equipment > Laboratory Pumps & Accessories,Staples,Laboratory Pumps & Accessories,Laboratory & Scientific Supplies > Lab Instruments & Equipment > Laboratory Pumps & Accessories,3,24.0,True,True,0.22041666666666668
Staples::Laboratory & Scientific Supplies > Lab Instruments & Equipment > Light Sources,Staples,Light Sources,Laboratory & Scientific Supplies > Lab Instruments & Equipment > Light Sources,3,1.0,True,True,0.18333333333333332
"Staples::Laboratory & Scientific Supplies > Lab Instruments & Equipment > Microscopes, Magnification & Accessories",Staples,"Microscopes, Magnification & Accessories","Laboratory & Scientific Supplies > Lab Instruments & Equipment > Microscopes, Magnification & Accessories",3,5.0,True,True,0.19381944444444443
"Staples::Laboratory & Scientific Supplies > Lab Instruments & Equipment > Refrigerators, Freezers & Accessories",Staples,"Refrigerators, Freezers & Accessories","Laboratory & Scientific Supplies > Lab Instruments & Equipment > Refrigerators, Freezers & Accessories",3,9.0,True,True,0.20097222222222222
"Staples::Laboratory & Scientific Supplies > Lab Instruments & Equipment > Shakers, Stirrers, Hot Plates & Mixers",Staples,"Shakers, Stirrers, Hot Plates & Mixers","Laboratory & Scientific Supplies > Lab Instruments & Equipment > Shakers, Stirrers, Hot Plates & Mixers",3,24.0,True,True,0.22041666666666668
"Staples::Laboratory & Scientific Supplies > Lab Instruments & Equipment > Spectroscopy, Spectrophotometers &  Accessories",Staples,"Spectroscopy, Spectrophotometers &  Accessories","Laboratory & Scientific Supplies > Lab Instruments & Equipment > Spectroscopy, Spectrophotometers &  Accessories",3,24.0,True,True,0.22041666666666668
"Staples::Laboratory & Scientific Supplies > Lab Instruments & Equipment > Sterilizers, Autoclaves & Accessories",Staples,"Sterilizers, Autoclaves & Accessories","Laboratory & Scientific Supplies > Lab Instruments & Equipment > Sterilizers, Autoclaves & Accessories",3,24.0,True,True,0.22041666666666668
Staples::Laboratory & Scientific Supplies > Lab Instruments & Equipment > Time & Temperature Instruments,Staples,Time & Temperature Instruments,Laboratory & Scientific Supplies > Lab Instruments & Equipment > Time & Temperature Instruments,3,24.0,True,True,0.22041666666666668
"Staples::Laboratory & Scientific Supplies > Lab Instruments & Equipment > Timers, Clocks & Stopwatches",Staples,"Timers, Clocks & Stopwatches","Laboratory & Scientific Supplies > Lab Instruments & Equipment > Timers, Clocks & Stopwatches",3,4.0,True,True,0.1913888888888889
"Staples::Laboratory & Scientific Supplies > Lab Instruments & Equipment > Tubing, Hose & Fittings",Staples,"Tubing, Hose & Fittings","Laboratory & Scientific Supplies > Lab Instruments & Equipment > Tubing, Hose & Fittings",3,24.0,True,True,0.22041666666666668
Staples::Laboratory & Scientific Supplies > Lab Instruments & Equipment > Ultrasonic Cleaners,Staples,Ultrasonic Cleaners,Laboratory & Scientific Supplies > Lab Instruments & Equipment > Ultrasonic Cleaners,3,24.0,True,True,0.22041666666666668
Staples::Laboratory & Scientific Supplies > Lab Instruments & Equipment > Water & Wastewater Testing,Staples,Water & Wastewater Testing,Laboratory & Scientific Supplies > Lab Instruments & Equipment > Water & Wastewater Testing,3,24.0,True,True,0.22041666666666668
Staples::Laboratory & Scientific Supplies > Lab Instruments & Equipment > Water Purification Lab Equipment,Staples,Water Purification Lab Equipment,Laboratory & Scientific Supplies > Lab Instruments & Equipment > Water Purification Lab Equipment,3,24.0,True,True,0.22041666666666668
Staples::Laboratory & Scientific Supplies > Lab Safety,Staples,Lab Safety,Laboratory & Scientific Supplies > Lab Safety,2,3.0,False,True,0.1859842519685039
"Staples::Laboratory & Scientific Supplies > Lab Safety > Hazard Communications, Labels, Tags & Signs",Staples,"Hazard Communications, Labels, Tags & Signs","Laboratory & Scientific Supplies > Lab Safety > Hazard Communications, Labels, Tags & Signs",3,3.0,True,True,0.18909722222222222
Staples::Laboratory & Scientific Supplies > Lab Safety > Lab Spill Control & Containment,Staples,Lab Spill Control & Containment,Laboratory & Scientific Supplies > Lab Safety > Lab Spill Control & Containment,3,3.0,True,True,0.18909722222222222
Staples::Laboratory & Scientific Supplies > Lab Safety > Maintenance & Safety Supplies,Staples,Maintenance & Safety Supplies,Laboratory & Scientific Supplies > Lab Safety > Maintenance & Safety Supplies,3,3.0,True,True,0.18909722222222222
Staples::Laboratory & Scientific Supplies > Lab Safety > Material Handling & Storage,Staples,Material Handling & Storage,Laboratory & Scientific Supplies > Lab Safety > Material Handling & Storage,3,3.0,True,True,0.18909722222222222
Staples::Laboratory & Scientific Supplies > Labware & Consumables,Staples,Labware & Consumables,Laboratory & Scientific Supplies > Labware & Consumables,2,10.0,False,True,0.1979527559055118
Staples::Laboratory & Scientific Supplies > Labware & Consumables > Caps & Closures,Staples,Caps & Closures,Laboratory & Scientific Supplies > Labware & Consumables > Caps & Closures,3,1.0,True,True,0.18333333333333332
Staples::Laboratory & Scientific Supplies > Labware & Consumables > Cleaning Supplies,Staples,Cleaning Supplies,Laboratory & Scientific Supplies > Labware & Consumables > Cleaning Supplies,3,5.0,True,True,0.19381944444444443
Staples::Laboratory & Scientific Supplies > Labware & Consumables > Cylinders,Staples,Cylinders,Laboratory & Scientific Supplies > Labware & Consumables > Cylinders,3,10.0,True,True,0.20305555555555554
"Staples::Laboratory & Scientific Supplies > Labware & Consumables > Diluters, Dispensers & Fillers",Staples,"Diluters, Dispensers & Fillers","Laboratory & Scientific Supplies > Labware & Consumables > Diluters, Dispensers & Fillers",3,10.0,True,True,0.20305555555555554
Staples::Laboratory & Scientific Supplies > Labware & Consumables > Flasks,Staples,Flasks,Laboratory & Scientific Supplies > Labware & Consumables > Flasks,3,10.0,True,True,0.20305555555555554
Staples::Laboratory & Scientific Supplies > Labware & Consumables > Funnels,Staples,Funnels,Laboratory & Scientific Supplies > Labware & Consumables > Funnels,3,10.0,True,True,0.20305555555555554
Staples::Laboratory & Scientific Supplies > Labware & Consumables > General Laboratory Supplies,Staples,General Laboratory Supplies,Laboratory & Scientific Supplies > Labware & Consumables > General Laboratory Supplies,3,10.0,True,True,0.20305555555555554
Staples::Laboratory & Scientific Supplies > Labware & Consumables > Inoculating Loops & Needles,Staples,Inoculating Loops & Needles,Laboratory & Scientific Supplies > Labware & Consumables > Inoculating Loops & Needles,3,10.0,True,True,0.20305555555555554
Staples::Laboratory & Scientific Supplies > Labware & Consumables > Lab Bags,Staples,Lab Bags,Laboratory & Scientific Supplies > Labware & Consumables > Lab Bags,3,10.0,True,True,0.20305555555555554
Staples::Laboratory & Scientific Supplies > Labware & Consumables > Lab Bottles,Staples,Lab Bottles,Laboratory & Scientific Supplies > Labware & Consumables > Lab Bottles,3,10.0,True,True,0.20305555555555554
Staples::Laboratory & Scientific Supplies > Labware & Consumables > Lab Dispensers,Staples,Lab Dispensers,Laboratory & Scientific Supplies > Labware & Consumables > Lab Dispensers,3,1.0,True,True,0.18333333333333332
Staples::Laboratory & Scientific Supplies > Labware & Consumables > Metal Labware,Staples,Metal Labware,Laboratory & Scientific Supplies > Labware & Consumables > Metal Labware,3,10.0,True,True,0.20305555555555554
Staples::Laboratory & Scientific Supplies > Labware & Consumables > Microplates & Accessories,Staples,Microplates & Accessories,Laboratory & Scientific Supplies > Labware & Consumables > Microplates & Accessories,3,10.0,True,True,0.20305555555555554
Staples::Laboratory & Scientific Supplies > Labware & Consumables > Pipet Tips,Staples,Pipet Tips,Laboratory & Scientific Supplies > Labware & Consumables > Pipet Tips,3,10.0,True,True,0.20305555555555554
Staples::Laboratory & Scientific Supplies > Labware & Consumables > Pipets & Pipettors,Staples,Pipets & Pipettors,Laboratory & Scientific Supplies > Labware & Consumables > Pipets & Pipettors,3,10.0,True,True,0.20305555555555554
"Staples::Laboratory & Scientific Supplies > Labware & Consumables > Racks, Baskets & Boxes",Staples,"Racks, Baskets & Boxes","Laboratory & Scientific Supplies > Labware & Consumables > Racks, Baskets & Boxes",3,3.0,True,True,0.18909722222222222
Staples::Laboratory & Scientific Supplies > Labware & Consumables > Specialty Glassware,Staples,Specialty Glassware,Laboratory & Scientific Supplies > Labware & Consumables > Specialty Glassware,3,10.0,True,True,0.20305555555555554
Staples::Laboratory & Scientific Supplies > Labware & Consumables > Vials & Vial Inserts,Staples,Vials & Vial Inserts,Laboratory & Scientific Supplies > Labware & Consumables > Vials & Vial Inserts,3,10.0,True,True,0.20305555555555554
Staples::Laboratory & Scientific Supplies > PH & Electrochemistry,Staples,PH & Electrochemistry,Laboratory & Scientific Supplies > PH & Electrochemistry,2,51.0,True,True,0.2179527559055118
Staples::Networking & WiFi,Staples,Networking & WiFi,Networking & WiFi,1,1701.0,False,True,0.3769230769230769
Staples::Networking & WiFi > Ethernet Switches,Staples,Ethernet Switches,Networking & WiFi > Ethernet Switches,2,382.0,True,True,0.42283464566929135
Staples::Networking & WiFi > Firewall Devices,Staples,Firewall Devices,Networking & WiFi > Firewall Devices,2,62.0,True,True,0.3679790026246719
Staples::Networking & WiFi > Mesh WiFi Systems,Staples,Mesh WiFi Systems,Networking & WiFi > Mesh WiFi Systems,2,37.0,True,True,0.3530183727034121
Staples::Networking & WiFi > Modem/Router Combos,Staples,Modem/Router Combos,Networking & WiFi > Modem/Router Combos,2,9.0,True,True,0.326509186351706
Staples::Networking & WiFi > Modems,Staples,Modems,Networking & WiFi > Modems,2,15.0,True,True,0.336745406824147
Staples::Networking & WiFi > Network Adapters,Staples,Network Adapters,Networking & WiFi > Network Adapters,2,201.0,True,True,0.4023622047244094
Staples::Networking & WiFi > Network Testing Tools,Staples,Network Testing Tools,Networking & WiFi > Network Testing Tools,2,49.0,True,True,0.3606299212598425
Staples::Networking & WiFi > Network Transceivers,Staples,Network Transceivers,Networking & WiFi > Network Transceivers,2,332.0,True,True,0.41758530183727033
Staples::Networking & WiFi > Networking Accessories,Staples,Networking Accessories,Networking & WiFi > Networking Accessories,2,349.0,True,True,0.4199475065616798
Staples::Networking & WiFi > Routers,Staples,Routers,Networking & WiFi > Routers,2,106.0,True,True,0.3863517060367454
Staples::Networking & WiFi > WiFi Extenders & Repeaters,Staples,WiFi Extenders & Repeaters,Networking & WiFi > WiFi Extenders & Repeaters,2,49.0,True,True,0.3606299212598425
Staples::Networking & WiFi > Wireless Access Points,Staples,Wireless Access Points,Networking & WiFi > Wireless Access Points,2,110.0,True,True,0.38766404199475063
Staples::Office Supplies,Staples,Office Supplies,Office Supplies,1,33472.0,False,True,0.9897435897435898
Staples::Office Supplies > Binder Accessories,Staples,Binder Accessories,Office Supplies > Binder Accessories,2,520.0,True,True,0.8729658792650918
Staples::Office Supplies > Binders,Staples,Binders,Office Supplies > Binders,2,875.0,True,True,0.9118110236220472
Staples::Office Supplies > Calendars & Planners,Staples,Calendars & Planners,Office Supplies > Calendars & Planners,2,2315.0,False,True,0.9674540682414698
Staples::Office Supplies > Calendars & Planners > Calendars,Staples,Calendars,Office Supplies > Calendars & Planners > Calendars,3,1234.0,True,True,0.9662037037037037
Staples::Office Supplies > Calendars & Planners > Organizer Refills & Accessories,Staples,Organizer Refills & Accessories,Office Supplies > Calendars & Planners > Organizer Refills & Accessories,3,44.0,True,True,0.7835648148148148
Staples::Office Supplies > Calendars & Planners > Planners & Personal Organizers,Staples,Planners & Personal Organizers,Office Supplies > Calendars & Planners > Planners & Personal Organizers,3,1037.0,True,True,0.9648148148148148
"Staples::Office Supplies > Clips, Fasteners & Rubber Bands",Staples,"Clips, Fasteners & Rubber Bands","Office Supplies > Clips, Fasteners & Rubber Bands",2,494.0,False,True,0.863517060367454
"Staples::Office Supplies > Clips, Fasteners & Rubber Bands > Binder & Paper Clips",Staples,Binder & Paper Clips,"Office Supplies > Clips, Fasteners & Rubber Bands > Binder & Paper Clips",3,182.0,True,True,0.8858796296296296
"Staples::Office Supplies > Clips, Fasteners & Rubber Bands > Magnets",Staples,Magnets,"Office Supplies > Clips, Fasteners & Rubber Bands > Magnets",3,81.0,True,True,0.8266203703703704
"Staples::Office Supplies > Clips, Fasteners & Rubber Bands > Paper Fasteners",Staples,Paper Fasteners,"Office Supplies > Clips, Fasteners & Rubber Bands > Paper Fasteners",3,60.0,True,True,0.8037037037037037
"Staples::Office Supplies > Clips, Fasteners & Rubber Bands > Rubber Bands",Staples,Rubber Bands,"Office Supplies > Clips, Fasteners & Rubber Bands > Rubber Bands",3,128.0,True,True,0.8555555555555555
"Staples::Office Supplies > Clips, Fasteners & Rubber Bands > Thumb Tacks & Push Pins",Staples,Thumb Tacks & Push Pins,"Office Supplies > Clips, Fasteners & Rubber Bands > Thumb Tacks & Push Pins",3,43.0,True,True,0.7817129629629629
Staples::Office Supplies > Copy & Printer Paper,Staples,Copy & Printer Paper,Office Supplies > Copy & Printer Paper,2,902.0,True,True,0.9139107611548556
Staples::Office Supplies > Custom Marketing Materials,Staples,Custom Marketing Materials,Office Supplies > Custom Marketing Materials,2,33472.0,True,True,1.0
Staples::Office Supplies > Desk Organizers & Accessories,Staples,Desk Organizers & Accessories,Office Supplies > Desk Organizers & Accessories,2,1159.0,False,True,0.9307086614173228
Staples::Office Supplies > Desk Organizers & Accessories > Book & Document Holders,Staples,Book & Document Holders,Office Supplies > Desk Organizers & Accessories > Book & Document Holders,3,29.0,True,True,0.7520833333333333
Staples::Office Supplies > Desk Organizers & Accessories > Bookends,Staples,Bookends,Office Supplies > Desk Organizers & Accessories > Bookends,3,27.0,True,True,0.7462962962962962
Staples::Office Supplies > Desk Organizers & Accessories > Business Card Holders & Files,Staples,Business Card Holders & Files,Office Supplies > Desk Organizers & Accessories > Business Card Holders & Files,3,81.0,True,True,0.8266203703703704
Staples::Office Supplies > Desk Organizers & Accessories > Desk Organizer Sets,Staples,Desk Organizer Sets,Office Supplies > Desk Organizers & Accessories > Desk Organizer Sets,3,51.0,True,True,0.7914351851851852
Staples::Office Supplies > Desk Organizers & Accessories > Desk Organizers,Staples,Desk Organizers,Office Supplies > Desk Organizers & Accessories > Desk Organizers,3,342.0,True,True,0.9208333333333334
Staples::Office Supplies > Desk Organizers & Accessories > Desk Pads,Staples,Desk Pads,Office Supplies > Desk Organizers & Accessories > Desk Pads,3,82.0,True,True,0.8280092592592593
Staples::Office Supplies > Desk Organizers & Accessories > Drawer Organizers,Staples,Drawer Organizers,Office Supplies > Desk Organizers & Accessories > Drawer Organizers,3,51.0,True,True,0.7914351851851852
Staples::Office Supplies > Desk Organizers & Accessories > File Organizers,Staples,File Organizers,Office Supplies > Desk Organizers & Accessories > File Organizers,3,165.0,True,True,0.8810185185185184
Staples::Office Supplies > Desk Organizers & Accessories > File Sorters,Staples,File Sorters,Office Supplies > Desk Organizers & Accessories > File Sorters,3,21.0,True,True,0.7210648148148148
Staples::Office Supplies > Desk Organizers & Accessories > Letter & Desktop Trays,Staples,Letter & Desktop Trays,Office Supplies > Desk Organizers & Accessories > Letter & Desktop Trays,3,172.0,True,True,0.8837962962962962
Staples::Office Supplies > Desk Organizers & Accessories > Magazine Holders,Staples,Magazine Holders,Office Supplies > Desk Organizers & Accessories > Magazine Holders,3,41.0,True,True,0.7775462962962962
Staples::Office Supplies > Desk Organizers & Accessories > Wall Files,Staples,Wall Files,Office Supplies > Desk Organizers & Accessories > Wall Files,3,97.0,True,True,0.8368055555555556
Staples::Office Supplies > Folders & Filing,Staples,Folders & Filing,Office Supplies > Folders & Filing,2,3596.0,False,True,0.9727034120734908
Staples::Office Supplies > Folders & Filing > Accordion Folders,Staples,Accordion Folders,Office Supplies > Folders & Filing > Accordion Folders,3,595.0,True,True,0.9449074074074074
Staples::Office Supplies > Folders & Filing > Classification Folders,Staples,Classification Folders,Office Supplies > Folders & Filing > Classification Folders,3,458.0,True,True,0.9356481481481481
Staples::Office Supplies > Folders & Filing > File Folders,Staples,File Folders,Office Supplies > Folders & Filing > File Folders,3,902.0,True,True,0.9606481481481481
Staples::Office Supplies > Folders & Filing > File Pockets & Jackets,Staples,File Pockets & Jackets,Office Supplies > Folders & Filing > File Pockets & Jackets,3,410.0,True,True,0.9319444444444445
Staples::Office Supplies > Folders & Filing > File Storage,Staples,File Storage,Office Supplies > Folders & Filing > File Storage,3,204.0,True,True,0.8960648148148148
Staples::Office Supplies > Folders & Filing > Filing Accessories,Staples,Filing Accessories,Office Supplies > Folders & Filing > Filing Accessories,3,111.0,True,True,0.8458333333333333
Staples::Office Supplies > Folders & Filing > Hanging File Folders,Staples,Hanging File Folders,Office Supplies > Folders & Filing > Hanging File Folders,3,292.0,True,True,0.9152777777777777
Staples::Office Supplies > Folders & Filing > Pocket & Presentation Folders,Staples,Pocket & Presentation Folders,Office Supplies > Folders & Filing > Pocket & Presentation Folders,3,603.0,False,True,0.9465277777777777
Staples::Office Supplies > Folders & Filing > Pocket & Presentation Folders > Pocket Folders,Staples,Pocket Folders,Office Supplies > Folders & Filing > Pocket & Presentation Folders > Pocket Folders,4,447.0,True,True,0.9749565217391305
Staples::Office Supplies > Folders & Filing > Pocket & Presentation Folders > Presentation Books,Staples,Presentation Books,Office Supplies > Folders & Filing > Pocket & Presentation Folders > Presentation Books,4,19.0,True,True,0.8083478260869565
Staples::Office Supplies > Folders & Filing > Pocket & Presentation Folders > Report Covers,Staples,Report Covers,Office Supplies > Folders & Filing > Pocket & Presentation Folders > Report Covers,4,137.0,True,True,0.936695652173913
Staples::Office Supplies > Forms & Recordkeeping,Staples,Forms & Recordkeeping,Office Supplies > Forms & Recordkeeping,2,611.0,False,True,0.8824146981627297
Staples::Office Supplies > Forms & Recordkeeping > Accounting & Record Journals,Staples,Accounting & Record Journals,Office Supplies > Forms & Recordkeeping > Accounting & Record Journals,3,144.0,True,True,0.8680555555555556
Staples::Office Supplies > Forms & Recordkeeping > Business Forms,Staples,Business Forms,Office Supplies > Forms & Recordkeeping > Business Forms,3,143.0,True,True,0.8668981481481481
Staples::Office Supplies > Forms & Recordkeeping > Digital Legal Forms,Staples,Digital Legal Forms,Office Supplies > Forms & Recordkeeping > Digital Legal Forms,3,6.0,True,True,0.6543981481481481
Staples::Office Supplies > Forms & Recordkeeping > HR Forms,Staples,HR Forms,Office Supplies > Forms & Recordkeeping > HR Forms,3,112.0,True,True,0.8467592592592592
Staples::Office Supplies > Forms & Recordkeeping > Medical Forms,Staples,Medical Forms,Office Supplies > Forms & Recordkeeping > Medical Forms,3,62.0,True,True,0.80625
Staples::Office Supplies > Forms & Recordkeeping > Tax Forms,Staples,Tax Forms,Office Supplies > Forms & Recordkeeping > Tax Forms,3,144.0,True,True,0.8680555555555556
Staples::Office Supplies > Label Makers & Tapes,Staples,Label Makers & Tapes,Office Supplies > Label Makers & Tapes,2,660.0,False,True,0.8908136482939633
Staples::Office Supplies > Label Makers & Tapes > ID Card Printers & Accessories,Staples,ID Card Printers & Accessories,Office Supplies > Label Makers & Tapes > ID Card Printers & Accessories,3,85.0,True,True,0.8293981481481482
Staples::Office Supplies > Label Makers & Tapes > Label Maker Tapes & Printer Labels,Staples,Label Maker Tapes & Printer Labels,Office Supplies > Label Makers & Tapes > Label Maker Tapes & Printer Labels,3,427.0,True,True,0.9324074074074074
Staples::Office Supplies > Label Makers & Tapes > Label Makers,Staples,Label Makers,Office Supplies > Label Makers & Tapes > Label Makers,3,148.0,True,True,0.8733796296296297
Staples::Office Supplies > Labels,Staples,Labels,Office Supplies > Labels,2,11493.0,True,True,0.9926509186351706
Staples::Office Supplies > Laminators & Supplies,Staples,Laminators & Supplies,Office Supplies > Laminators & Supplies,2,166.0,False,True,0.794750656167979
Staples::Office Supplies > Laminators & Supplies > Laminating Machines,Staples,Laminating Machines,Office Supplies > Laminators & Supplies > Laminating Machines,3,31.0,True,True,0.7560185185185185
Staples::Office Supplies > Laminators & Supplies > Laminating Pouches & Sheets,Staples,Laminating Pouches & Sheets,Office Supplies > Laminators & Supplies > Laminating Pouches & Sheets,3,135.0,True,True,0.8622685185185185
Staples::Office Supplies > Notebooks & Notepads,Staples,Notebooks & Notepads,Office Supplies > Notebooks & Notepads,2,1612.0,False,True,0.9590551181102362
Staples::Office Supplies > Notebooks & Notepads > Journals & Diaries,Staples,Journals & Diaries,Office Supplies > Notebooks & Notepads > Journals & Diaries,3,253.0,True,True,0.9094907407407408
Staples::Office Supplies > Notebooks & Notepads > Notepads,Staples,Notepads,Office Supplies > Notebooks & Notepads > Notepads,3,529.0,True,True,0.9398148148148149
Staples::Office Supplies > Office Basics,Staples,Office Basics,Office Supplies > Office Basics,2,842.0,False,True,0.9097112860892389
Staples::Office Supplies > Office Basics > Clipboards,Staples,Clipboards,Office Supplies > Office Basics > Clipboards,3,124.0,True,True,0.8541666666666666
Staples::Office Supplies > Office Basics > Office Supply Kits,Staples,Office Supply Kits,Office Supplies > Office Basics > Office Supply Kits,3,15.0,True,True,0.7041666666666666
Staples::Office Supplies > Office Basics > Post-it® & Sticky Notes,Staples,Post-it® & Sticky Notes,Office Supplies > Office Basics > Post-it® & Sticky Notes,3,340.0,True,True,0.9203703703703704
Staples::Office Supplies > Office Basics > Post-it® / Sticky Flags & Tabs,Staples,Post-it® / Sticky Flags & Tabs,Office Supplies > Office Basics > Post-it® / Sticky Flags & Tabs,3,143.0,True,True,0.8668981481481481
Staples::Office Supplies > Office Basics > Post-it® and Sticky Notes Dispensers,Staples,Post-it® and Sticky Notes Dispensers,Office Supplies > Office Basics > Post-it® and Sticky Notes Dispensers,3,18.0,True,True,0.7157407407407408
Staples::Office Supplies > Office Basics > Rulers & Measuring Devices,Staples,Rulers & Measuring Devices,Office Supplies > Office Basics > Rulers & Measuring Devices,3,97.0,True,True,0.8368055555555556
"Staples::Office Supplies > Scissors, Hole Punches & Paper Cutters",Staples,"Scissors, Hole Punches & Paper Cutters","Office Supplies > Scissors, Hole Punches & Paper Cutters",2,285.0,False,True,0.8278215223097113
"Staples::Office Supplies > Scissors, Hole Punches & Paper Cutters > Hole Punches",Staples,Hole Punches,"Office Supplies > Scissors, Hole Punches & Paper Cutters > Hole Punches",3,74.0,True,True,0.8206018518518519
"Staples::Office Supplies > Scissors, Hole Punches & Paper Cutters > Paper Cutters",Staples,Paper Cutters,"Office Supplies > Scissors, Hole Punches & Paper Cutters > Paper Cutters",3,77.0,True,True,0.8222222222222222
"Staples::Office Supplies > Scissors, Hole Punches & Paper Cutters > Scissors",Staples,Scissors,"Office Supplies > Scissors, Hole Punches & Paper Cutters > Scissors",3,134.0,True,True,0.861574074074074
Staples::Office Supplies > Sheet Protectors,Staples,Sheet Protectors,Office Supplies > Sheet Protectors,2,196.0,True,True,0.8026246719160105
Staples::Office Supplies > Stamps & Stamp Pads,Staples,Stamps & Stamp Pads,Office Supplies > Stamps & Stamp Pads,2,200.0,True,True,0.8036745406824147
Staples::Office Supplies > Staplers & Staples,Staples,Staplers & Staples,Office Supplies > Staplers & Staples,2,265.0,False,True,0.8236220472440945
Staples::Office Supplies > Staplers & Staples > Staple Removers,Staples,Staple Removers,Office Supplies > Staplers & Staples > Staple Removers,3,11.0,True,True,0.6837962962962962
Staples::Office Supplies > Staplers & Staples > Staplers,Staples,Staplers,Office Supplies > Staplers & Staples > Staplers,3,186.0,True,True,0.887962962962963
Staples::Office Supplies > Staplers & Staples > Staples,Staples,Staples,Office Supplies > Staplers & Staples > Staples,3,68.0,True,True,0.8164351851851852
Staples::Office Supplies > Storage & Organization,Staples,Storage & Organization,Office Supplies > Storage & Organization,2,1476.0,False,True,0.952755905511811
Staples::Office Supplies > Storage & Organization > Storage Baskets,Staples,Storage Baskets,Office Supplies > Storage & Organization > Storage Baskets,3,95.0,True,True,0.8356481481481481
Staples::Office Supplies > Storage & Organization > Storage Bins,Staples,Storage Bins,Office Supplies > Storage & Organization > Storage Bins,3,660.0,True,True,0.950462962962963
Staples::Office Supplies > Storage & Organization > Storage Containers & Boxes,Staples,Storage Containers & Boxes,Office Supplies > Storage & Organization > Storage Containers & Boxes,3,428.0,True,True,0.9328703703703703
Staples::Office Supplies > Storage & Organization > Storage Drawers,Staples,Storage Drawers,Office Supplies > Storage & Organization > Storage Drawers,3,89.0,True,True,0.8326388888888889
Staples::Office Supplies > Storage & Organization > Storage Furniture,Staples,Storage Furniture,Office Supplies > Storage & Organization > Storage Furniture,3,0.0,True,True,0.6023148148148147
"Staples::Office Supplies > Tape, Fasteners & Adhesives",Staples,"Tape, Fasteners & Adhesives","Office Supplies > Tape, Fasteners & Adhesives",2,1753.0,False,True,0.9611548556430446
"Staples::Office Supplies > Tape, Fasteners & Adhesives > Adhesive Dots & Tape Runners",Staples,Adhesive Dots & Tape Runners,"Office Supplies > Tape, Fasteners & Adhesives > Adhesive Dots & Tape Runners",3,36.0,True,True,0.762962962962963
"Staples::Office Supplies > Tape, Fasteners & Adhesives > Glue & Glue Sticks",Staples,Glue & Glue Sticks,"Office Supplies > Tape, Fasteners & Adhesives > Glue & Glue Sticks",3,185.0,True,True,0.8870370370370371
"Staples::Office Supplies > Tape, Fasteners & Adhesives > Hot Glue Sticks & Guns",Staples,Hot Glue Sticks & Guns,"Office Supplies > Tape, Fasteners & Adhesives > Hot Glue Sticks & Guns",3,42.0,True,True,0.7796296296296297
"Staples::Office Supplies > Tape, Fasteners & Adhesives > Mounting",Staples,Mounting,"Office Supplies > Tape, Fasteners & Adhesives > Mounting",3,281.0,False,True,0.912962962962963
"Staples::Office Supplies > Tape, Fasteners & Adhesives > Mounting > Hook and Loop Fasteners",Staples,Hook and Loop Fasteners,"Office Supplies > Tape, Fasteners & Adhesives > Mounting > Hook and Loop Fasteners",4,99.0,True,True,0.9248695652173913
"Staples::Office Supplies > Tape, Fasteners & Adhesives > Mounting > Hooks & Hanging Strips",Staples,Hooks & Hanging Strips,"Office Supplies > Tape, Fasteners & Adhesives > Mounting > Hooks & Hanging Strips",4,165.0,True,True,0.9436521739130435
"Staples::Office Supplies > Tape, Fasteners & Adhesives > Mounting > Putty",Staples,Putty,"Office Supplies > Tape, Fasteners & Adhesives > Mounting > Putty",4,17.0,True,True,0.7982608695652174
"Staples::Office Supplies > Tape, Fasteners & Adhesives > Tape",Staples,Tape,"Office Supplies > Tape, Fasteners & Adhesives > Tape",3,1209.0,False,True,0.9657407407407408
"Staples::Office Supplies > Tape, Fasteners & Adhesives > Tape > Arts & Crafts Tape",Staples,Arts & Crafts Tape,"Office Supplies > Tape, Fasteners & Adhesives > Tape > Arts & Crafts Tape",4,32.0,True,True,0.8386086956521739
"Staples::Office Supplies > Tape, Fasteners & Adhesives > Tape > Duct Tape",Staples,Duct Tape,"Office Supplies > Tape, Fasteners & Adhesives > Tape > Duct Tape",4,100.0,True,True,0.9255652173913044
"Staples::Office Supplies > Tape, Fasteners & Adhesives > Tape > Electrical Tape",Staples,Electrical Tape,"Office Supplies > Tape, Fasteners & Adhesives > Tape > Electrical Tape",4,22.0,True,True,0.8160000000000001
"Staples::Office Supplies > Tape, Fasteners & Adhesives > Tape > Filament & Strapping Tape",Staples,Filament & Strapping Tape,"Office Supplies > Tape, Fasteners & Adhesives > Tape > Filament & Strapping Tape",4,52.0,True,True,0.8820869565217391
"Staples::Office Supplies > Tape, Fasteners & Adhesives > Tape > Gaffers Tape",Staples,Gaffers Tape,"Office Supplies > Tape, Fasteners & Adhesives > Tape > Gaffers Tape",4,26.0,True,True,0.8271304347826087
"Staples::Office Supplies > Tape, Fasteners & Adhesives > Tape > Masking Tape",Staples,Masking Tape,"Office Supplies > Tape, Fasteners & Adhesives > Tape > Masking Tape",4,149.0,True,True,0.9401739130434783
"Staples::Office Supplies > Tape, Fasteners & Adhesives > Tape > Mounting Tape",Staples,Mounting Tape,"Office Supplies > Tape, Fasteners & Adhesives > Tape > Mounting Tape",4,45.0,True,True,0.8667826086956522
"Staples::Office Supplies > Tape, Fasteners & Adhesives > Tape > Packing Tape",Staples,Packing Tape,"Office Supplies > Tape, Fasteners & Adhesives > Tape > Packing Tape",4,271.0,True,True,0.9676521739130435
"Staples::Office Supplies > Tape, Fasteners & Adhesives > Tape > Safety & Reflective Tape",Staples,Safety & Reflective Tape,"Office Supplies > Tape, Fasteners & Adhesives > Tape > Safety & Reflective Tape",4,226.0,True,True,0.9575652173913043
"Staples::Office Supplies > Tape, Fasteners & Adhesives > Tape > Security Tape",Staples,Security Tape,"Office Supplies > Tape, Fasteners & Adhesives > Tape > Security Tape",4,38.0,True,True,0.8528695652173912
"Staples::Office Supplies > Tape, Fasteners & Adhesives > Tape > Specialty Tape",Staples,Specialty Tape,"Office Supplies > Tape, Fasteners & Adhesives > Tape > Specialty Tape",4,80.0,True,True,0.9109565217391304
"Staples::Office Supplies > Tape, Fasteners & Adhesives > Tape Dispensers",Staples,Tape Dispensers,"Office Supplies > Tape, Fasteners & Adhesives > Tape Dispensers",3,28.0,True,True,0.75
Staples::Office Supplies > Writing Supplies & Instruments,Staples,Writing Supplies & Instruments,Office Supplies > Writing Supplies & Instruments,2,2835.0,False,True,0.9706036745406824
Staples::Office Supplies > Writing Supplies & Instruments > Correction & White Out,Staples,Correction & White Out,Office Supplies > Writing Supplies & Instruments > Correction & White Out,3,63.0,True,True,0.8081018518518519
Staples::Office Supplies > Writing Supplies & Instruments > Erasers,Staples,Erasers,Office Supplies > Writing Supplies & Instruments > Erasers,3,66.0,True,True,0.8134259259259259
Staples::Office Supplies > Writing Supplies & Instruments > Highlighters,Staples,Highlighters,Office Supplies > Writing Supplies & Instruments > Highlighters,3,154.0,True,True,0.8782407407407407
Staples::Office Supplies > Writing Supplies & Instruments > Markers,Staples,Markers,Office Supplies > Writing Supplies & Instruments > Markers,3,470.0,True,True,0.9375
Staples::Office Supplies > Writing Supplies & Instruments > Pencil Accessories,Staples,Pencil Accessories,Office Supplies > Writing Supplies & Instruments > Pencil Accessories,3,202.0,False,True,0.8944444444444444
Staples::Office Supplies > Writing Supplies & Instruments > Pencil Accessories > Pencil Accessories,Staples,Pencil Accessories,Office Supplies > Writing Supplies & Instruments > Pencil Accessories > Pencil Accessories,4,26.0,True,True,0.8271304347826087
Staples::Office Supplies > Writing Supplies & Instruments > Pencil Accessories > Pencil Cases & Pouches,Staples,Pencil Cases & Pouches,Office Supplies > Writing Supplies & Instruments > Pencil Accessories > Pencil Cases & Pouches,4,107.0,True,True,0.9276521739130434
Staples::Office Supplies > Writing Supplies & Instruments > Pencil Accessories > Pencil Sharpeners,Staples,Pencil Sharpeners,Office Supplies > Writing Supplies & Instruments > Pencil Accessories > Pencil Sharpeners,4,69.0,True,True,0.904
Staples::Office Supplies > Writing Supplies & Instruments > Pencils,Staples,Pencils,Office Supplies > Writing Supplies & Instruments > Pencils,3,376.0,True,True,0.9273148148148148
Staples::Office Supplies > Writing Supplies & Instruments > Pens,Staples,Pens,Office Supplies > Writing Supplies & Instruments > Pens,3,1504.0,True,True,0.9680555555555556
Staples::Paper,Staples,Paper,Paper,1,12881.0,False,True,0.9487179487179487
Staples::Paper > Business & Loyalty Cards,Staples,Business & Loyalty Cards,Paper > Business & Loyalty Cards,2,826.0,True,True,0.9065616797900262
Staples::Paper > Card Stock,Staples,Card Stock,Paper > Card Stock,2,634.0,True,True,0.8834645669291339
Staples::Paper > Certificates & Holders,Staples,Certificates & Holders,Paper > Certificates & Holders,2,223.0,True,True,0.8152230971128609
Staples::Paper > Classroom Paper,Staples,Classroom Paper,Paper > Classroom Paper,2,146.0,True,True,0.7853018372703412
Staples::Paper > Construction Paper,Staples,Construction Paper,Paper > Construction Paper,2,301.0,True,True,0.8320209973753281
Staples::Paper > Easel Pads,Staples,Easel Pads,Paper > Easel Pads,2,62.0,True,True,0.7359580052493438
Staples::Paper > Envelopes,Staples,Envelopes,Paper > Envelopes,2,4854.0,False,True,0.9811023622047244
Staples::Paper > Envelopes > Envelopes,Staples,Envelopes,Paper > Envelopes > Envelopes,3,4812.0,True,True,0.9777777777777777
Staples::Paper > Envelopes > Finger Pads & Moisteners,Staples,Finger Pads & Moisteners,Paper > Envelopes > Finger Pads & Moisteners,3,42.0,True,True,0.7796296296296297
Staples::Paper > Fine Business & Resume Papers,Staples,Fine Business & Resume Papers,Paper > Fine Business & Resume Papers,2,89.0,True,True,0.7553805774278215
Staples::Paper > Index Cards,Staples,Index Cards,Paper > Index Cards,2,105.0,True,True,0.7700787401574803
Staples::Paper > Loose Leaf & Graph Paper,Staples,Loose Leaf & Graph Paper,Paper > Loose Leaf & Graph Paper,2,72.0,True,True,0.7443569553805774
Staples::Paper > Notebooks,Staples,Notebooks,Paper > Notebooks,2,830.0,True,True,0.9081364829396326
Staples::Paper > Post-it® & Sticky Notes,Staples,Post-it® & Sticky Notes,Paper > Post-it® & Sticky Notes,2,501.0,True,True,0.8677165354330709
Staples::Paper > Specialty Paper Products,Staples,Specialty Paper Products,Paper > Specialty Paper Products,2,340.0,False,True,0.8362204724409449
Staples::Paper > Specialty Paper Products > POS Paper,Staples,POS Paper,Paper > Specialty Paper Products > POS Paper,3,173.0,True,True,0.8844907407407407
Staples::Paper > Specialty Paper Products > Presentation & Photo Paper,Staples,Presentation & Photo Paper,Paper > Specialty Paper Products > Presentation & Photo Paper,3,130.0,True,True,0.856712962962963
Staples::Paper > Specialty Paper Products > Security & Carbon Paper,Staples,Security & Carbon Paper,Paper > Specialty Paper Products > Security & Carbon Paper,3,37.0,True,True,0.7652777777777777
Staples::Paper > Stationery & Invitations,Staples,Stationery & Invitations,Paper > Stationery & Invitations,2,1427.0,True,True,0.9501312335958005
Staples::Paper > Thermal Fax Paper Rolls,Staples,Thermal Fax Paper Rolls,Paper > Thermal Fax Paper Rolls,2,2.0,True,True,0.6157480314960629
Staples::Paper > Wide Format Paper,Staples,Wide Format Paper,Paper > Wide Format Paper,2,174.0,True,True,0.7963254593175852
Staples::Party Supplies,Staples,Party Supplies,Party Supplies,1,4545.0,False,True,0.3384615384615385
Staples::Party Supplies > Anniversary Supplies,Staples,Anniversary Supplies,Party Supplies > Anniversary Supplies,2,13.0,True,True,0.26750656167979003
Staples::Party Supplies > Balloons & Accessories,Staples,Balloons & Accessories,Party Supplies > Balloons & Accessories,2,466.0,False,True,0.3445669291338582
Staples::Party Supplies > Balloons & Accessories > Balloon Accessories,Staples,Balloon Accessories,Party Supplies > Balloons & Accessories > Balloon Accessories,3,12.0,True,True,0.2752777777777778
Staples::Party Supplies > Balloons & Accessories > Balloons,Staples,Balloons,Party Supplies > Balloons & Accessories > Balloons,3,454.0,True,True,0.37407407407407406
Staples::Party Supplies > Disposable Bowls,Staples,Disposable Bowls,Party Supplies > Disposable Bowls,2,35.0,True,True,0.2805249343832021
Staples::Party Supplies > Disposable Cup Lids & Sleeves,Staples,Disposable Cup Lids & Sleeves,Party Supplies > Disposable Cup Lids & Sleeves,2,47.0,True,True,0.287244094488189
Staples::Party Supplies > Disposable Cups,Staples,Disposable Cups,Party Supplies > Disposable Cups,2,217.0,True,True,0.32440944881889766
Staples::Party Supplies > Disposable Cutlery & Dispensers,Staples,Disposable Cutlery & Dispensers,Party Supplies > Disposable Cutlery & Dispensers,2,146.0,True,True,0.3141207349081365
Staples::Party Supplies > Disposable Plates,Staples,Disposable Plates,Party Supplies > Disposable Plates,2,251.0,True,True,0.3290288713910761
Staples::Party Supplies > Napkins,Staples,Napkins,Party Supplies > Napkins,2,224.0,True,True,0.32650918635170606
Staples::Party Supplies > Party Décor,Staples,Party Décor,Party Supplies > Party Décor,2,319.0,True,True,0.3336482939632546
Staples::Party Supplies > Party Favors & Costumes,Staples,Party Favors & Costumes,Party Supplies > Party Favors & Costumes,2,439.0,False,True,0.34330708661417325
Staples::Party Supplies > Party Favors & Costumes > Costumes & Accessories,Staples,Costumes & Accessories,Party Supplies > Party Favors & Costumes > Costumes & Accessories,3,121.0,True,True,0.3408333333333333
Staples::Party Supplies > Party Favors & Costumes > Favor Bags & Boxes,Staples,Favor Bags & Boxes,Party Supplies > Party Favors & Costumes > Favor Bags & Boxes,3,33.0,True,True,0.3035185185185185
Staples::Party Supplies > Party Favors & Costumes > Party Favors,Staples,Party Favors,Party Supplies > Party Favors & Costumes > Party Favors,3,131.0,True,True,0.34305555555555556
Staples::Party Supplies > Party Favors & Costumes > Party Hats,Staples,Party Hats,Party Supplies > Party Favors & Costumes > Party Hats,3,439.0,True,True,0.3735185185185185
Staples::Party Supplies > Party Supply Kits,Staples,Party Supply Kits,Party Supplies > Party Supply Kits,2,64.0,True,True,0.29501312335958
"Staples::Party Supplies > Ribbon, Bows & Wrapping Supplies",Staples,"Ribbon, Bows & Wrapping Supplies","Party Supplies > Ribbon, Bows & Wrapping Supplies",2,191.0,True,True,0.3206299212598425
Staples::Party Supplies > Stirrers & Straws,Staples,Stirrers & Straws,Party Supplies > Stirrers & Straws,2,23.0,True,True,0.27443569553805774
Staples::Party Supplies > Wedding Supplies,Staples,Wedding Supplies,Party Supplies > Wedding Supplies,2,71.0,False,True,0.2969028871391076
Staples::Party Supplies > Wedding Supplies > Wedding Decorations & Supplies,Staples,Wedding Decorations & Supplies,Party Supplies > Wedding Supplies > Wedding Decorations & Supplies,3,46.0,True,True,0.31444444444444447
Staples::Party Supplies > Wedding Supplies > Wedding Favors,Staples,Wedding Favors,Party Supplies > Wedding Supplies > Wedding Favors,3,15.0,True,True,0.2816666666666667
Staples::Party Supplies > Wedding Supplies > Wedding Glassware,Staples,Wedding Glassware,Party Supplies > Wedding Supplies > Wedding Glassware,3,5.0,True,True,0.25842592592592595
Staples::Party Supplies > Wrapping Supplies,Staples,Wrapping Supplies,Party Supplies > Wrapping Supplies,2,808.0,False,True,0.36136482939632547
Staples::Party Supplies > Wrapping Supplies > Clear Tape,Staples,Clear Tape,Party Supplies > Wrapping Supplies > Clear Tape,3,103.0,True,True,0.33666666666666667
Staples::Party Supplies > Wrapping Supplies > Double Sided Tape,Staples,Double Sided Tape,Party Supplies > Wrapping Supplies > Double Sided Tape,3,37.0,True,True,0.3061111111111111
Staples::Party Supplies > Wrapping Supplies > Gift Boxes & Bags,Staples,Gift Boxes & Bags,Party Supplies > Wrapping Supplies > Gift Boxes & Bags,3,123.0,True,True,0.3412962962962963
Staples::Party Supplies > Wrapping Supplies > Gift Wrap & Wrapping Paper,Staples,Gift Wrap & Wrapping Paper,Party Supplies > Wrapping Supplies > Gift Wrap & Wrapping Paper,3,149.0,True,True,0.3498148148148148
Staples::Party Supplies > Wrapping Supplies > Tissue Paper,Staples,Tissue Paper,Party Supplies > Wrapping Supplies > Tissue Paper,3,71.0,True,True,0.3274074074074074
"Staples::Phones, Cameras & Electronics",Staples,"Phones, Cameras & Electronics","Phones, Cameras & Electronics",1,3331.0,False,True,0.3220512820512821
"Staples::Phones, Cameras & Electronics > Cameras, Camcorders & Accessories",Staples,"Cameras, Camcorders & Accessories","Phones, Cameras & Electronics > Cameras, Camcorders & Accessories",2,373.0,False,True,0.3374278215223097
"Staples::Phones, Cameras & Electronics > Cameras, Camcorders & Accessories > Camera & Camcorder Accessories",Staples,Camera & Camcorder Accessories,"Phones, Cameras & Electronics > Cameras, Camcorders & Accessories > Camera & Camcorder Accessories",3,129.0,True,True,0.34240740740740744
"Staples::Phones, Cameras & Electronics > Cameras, Camcorders & Accessories > Cameras & Camcorders",Staples,Cameras & Camcorders,"Phones, Cameras & Electronics > Cameras, Camcorders & Accessories > Cameras & Camcorders",3,220.0,True,True,0.36129629629629634
"Staples::Phones, Cameras & Electronics > Cameras, Camcorders & Accessories > Digital Picture Frames",Staples,Digital Picture Frames,"Phones, Cameras & Electronics > Cameras, Camcorders & Accessories > Digital Picture Frames",3,24.0,True,True,0.2938888888888889
"Staples::Phones, Cameras & Electronics > Cell Phone Accessories",Staples,Cell Phone Accessories,"Phones, Cameras & Electronics > Cell Phone Accessories",2,227.0,True,True,0.3269291338582678
"Staples::Phones, Cameras & Electronics > Cell Phone Cases",Staples,Cell Phone Cases,"Phones, Cameras & Electronics > Cell Phone Cases",2,1065.0,True,True,0.3689238845144357
"Staples::Phones, Cameras & Electronics > Cell Phone Mounts & Holders",Staples,Cell Phone Mounts & Holders,"Phones, Cameras & Electronics > Cell Phone Mounts & Holders",2,84.0,True,True,0.3011023622047244
"Staples::Phones, Cameras & Electronics > Cell Phone Screen Protectors",Staples,Cell Phone Screen Protectors,"Phones, Cameras & Electronics > Cell Phone Screen Protectors",2,243.0,True,True,0.3281889763779528
"Staples::Phones, Cameras & Electronics > Cell Phones",Staples,Cell Phones,"Phones, Cameras & Electronics > Cell Phones",2,22.0,True,True,0.27380577427821523
"Staples::Phones, Cameras & Electronics > Chargers & Charging Cables",Staples,Chargers & Charging Cables,"Phones, Cameras & Electronics > Chargers & Charging Cables",2,778.0,True,True,0.3596850393700788
"Staples::Phones, Cameras & Electronics > Drones & UAV",Staples,Drones & UAV,"Phones, Cameras & Electronics > Drones & UAV",2,9.0,True,True,0.26120734908136484
"Staples::Phones, Cameras & Electronics > GPS",Staples,GPS,"Phones, Cameras & Electronics > GPS",2,33.0,False,True,0.2794750656167979
"Staples::Phones, Cameras & Electronics > GPS > GPS Accessories",Staples,GPS Accessories,"Phones, Cameras & Electronics > GPS > GPS Accessories",3,5.0,True,True,0.25842592592592595
"Staples::Phones, Cameras & Electronics > GPS > GPS Navigation Units",Staples,GPS Navigation Units,"Phones, Cameras & Electronics > GPS > GPS Navigation Units",3,28.0,True,True,0.30000000000000004
"Staples::Phones, Cameras & Electronics > Phones & Accessories",Staples,Phones & Accessories,"Phones, Cameras & Electronics > Phones & Accessories",2,1508.0,False,True,0.38236220472440946
"Staples::Phones, Cameras & Electronics > Phones & Accessories > Landline Phones",Staples,Landline Phones,"Phones, Cameras & Electronics > Phones & Accessories > Landline Phones",3,52.0,True,True,0.3175
"Staples::Phones, Cameras & Electronics > Phones & Accessories > Office Phones",Staples,Office Phones,"Phones, Cameras & Electronics > Phones & Accessories > Office Phones",3,142.0,True,True,0.3462962962962963
"Staples::Phones, Cameras & Electronics > Phones & Accessories > Phone Accessories",Staples,Phone Accessories,"Phones, Cameras & Electronics > Phones & Accessories > Phone Accessories",3,227.0,True,True,0.3616666666666667
"Staples::Phones, Cameras & Electronics > Stylus & Smart Pens",Staples,Stylus & Smart Pens,"Phones, Cameras & Electronics > Stylus & Smart Pens",2,76.0,True,True,0.2992125984251969
Staples::Printers & Scanners,Staples,Printers & Scanners,Printers & Scanners,1,1037.0,False,True,0.6323076923076922
Staples::Printers & Scanners > 3D Printer Parts & Accessories,Staples,3D Printer Parts & Accessories,Printers & Scanners > 3D Printer Parts & Accessories,2,25.0,True,True,0.6203149606299213
Staples::Printers & Scanners > 3D Printers,Staples,3D Printers,Printers & Scanners > 3D Printers,2,4.0,True,True,0.5650393700787402
Staples::Printers & Scanners > Printer Accessories & Replacement Parts,Staples,Printer Accessories & Replacement Parts,Printers & Scanners > Printer Accessories & Replacement Parts,2,422.0,True,True,0.7705511811023622
Staples::Printers & Scanners > Printers,Staples,Printers,Printers & Scanners > Printers,2,341.0,True,True,0.7535433070866142
Staples::Printers & Scanners > Scanners & Scanner Accessories,Staples,Scanners & Scanner Accessories,Printers & Scanners > Scanners & Scanner Accessories,2,245.0,False,True,0.7393700787401575
Staples::Printers & Scanners > Scanners & Scanner Accessories > Scanner Accessories & Replacement Parts,Staples,Scanner Accessories & Replacement Parts,Printers & Scanners > Scanners & Scanner Accessories > Scanner Accessories & Replacement Parts,3,70.0,True,True,0.7358333333333335
Staples::Printers & Scanners > Scanners & Scanner Accessories > Scanners,Staples,Scanners,Printers & Scanners > Scanners & Scanner Accessories > Scanners,3,175.0,True,True,0.7966666666666666
Staples::Restaurant & Foodservice Supplies,Staples,Restaurant & Foodservice Supplies,Restaurant & Foodservice Supplies,1,647.0,False,True,0.20461538461538462
Staples::Restaurant & Foodservice Supplies > Bar Supplies,Staples,Bar Supplies,Restaurant & Foodservice Supplies > Bar Supplies,2,29.0,True,True,0.20834645669291335
Staples::Restaurant & Foodservice Supplies > Commercial Restaurant Equipment,Staples,Commercial Restaurant Equipment,Restaurant & Foodservice Supplies > Commercial Restaurant Equipment,2,647.0,False,True,0.2666141732283464
Staples::Restaurant & Foodservice Supplies > Commercial Restaurant Equipment > Delivery Options,Staples,Delivery Options,Restaurant & Foodservice Supplies > Commercial Restaurant Equipment > Delivery Options,3,647.0,True,True,0.2847222222222222
Staples::Restaurant & Foodservice Supplies > Commercial Restaurant Equipment > Equipment Parts & Accessories,Staples,Equipment Parts & Accessories,Restaurant & Foodservice Supplies > Commercial Restaurant Equipment > Equipment Parts & Accessories,3,2.0,True,True,0.18666666666666668
Staples::Restaurant & Foodservice Supplies > Commercial Restaurant Equipment > Food Display & Merchandising,Staples,Food Display & Merchandising,Restaurant & Foodservice Supplies > Commercial Restaurant Equipment > Food Display & Merchandising,3,645.0,True,True,0.28430555555555553
Staples::Restaurant & Foodservice Supplies > Commercial Restaurant Equipment > Kitchen Work & Prep Tables,Staples,Kitchen Work & Prep Tables,Restaurant & Foodservice Supplies > Commercial Restaurant Equipment > Kitchen Work & Prep Tables,3,647.0,True,True,0.2847222222222222
Staples::Restaurant & Foodservice Supplies > Commercial Restaurant Equipment > Refrigerated Prep Tables,Staples,Refrigerated Prep Tables,Restaurant & Foodservice Supplies > Commercial Restaurant Equipment > Refrigerated Prep Tables,3,647.0,True,True,0.2847222222222222
Staples::Restaurant & Foodservice Supplies > Concession Stand Supplies,Staples,Concession Stand Supplies,Restaurant & Foodservice Supplies > Concession Stand Supplies,2,9.0,True,True,0.19590551181102359
Staples::Restaurant & Foodservice Supplies > Custom Restaurant Supplies,Staples,Custom Restaurant Supplies,Restaurant & Foodservice Supplies > Custom Restaurant Supplies,2,645.0,True,True,0.2659842519685039
Staples::Restaurant & Foodservice Supplies > Disposable Food Packaging,Staples,Disposable Food Packaging,Restaurant & Foodservice Supplies > Disposable Food Packaging,2,91.0,False,True,0.22708661417322834
Staples::Restaurant & Foodservice Supplies > Disposable Food Packaging > Disposable Bags,Staples,Disposable Bags,Restaurant & Foodservice Supplies > Disposable Food Packaging > Disposable Bags,3,36.0,False,True,0.22888888888888886
Staples::Restaurant & Foodservice Supplies > Disposable Food Packaging > Disposable Bags > Food Storage Bags,Staples,Food Storage Bags,Restaurant & Foodservice Supplies > Disposable Food Packaging > Disposable Bags > Food Storage Bags,4,36.0,True,True,0.25439999999999996
Staples::Restaurant & Foodservice Supplies > Disposable Food Packaging > Food Packaging Wrap,Staples,Food Packaging Wrap,Restaurant & Foodservice Supplies > Disposable Food Packaging > Food Packaging Wrap,3,31.0,False,True,0.22680555555555554
Staples::Restaurant & Foodservice Supplies > Disposable Food Packaging > Food Packaging Wrap > Butcher & Freezer Paper,Staples,Butcher & Freezer Paper,Restaurant & Foodservice Supplies > Disposable Food Packaging > Food Packaging Wrap > Butcher & Freezer Paper,4,22.0,True,True,0.24480000000000002
Staples::Restaurant & Foodservice Supplies > Disposable Food Packaging > Food Packaging Wrap > Food Wrap & Foils,Staples,Food Wrap & Foils,Restaurant & Foodservice Supplies > Disposable Food Packaging > Food Packaging Wrap > Food Wrap & Foils,4,9.0,True,True,0.22351304347826087
Staples::Restaurant & Foodservice Supplies > Disposable Food Packaging > Single-Use Food Containers,Staples,Single-Use Food Containers,Restaurant & Foodservice Supplies > Disposable Food Packaging > Single-Use Food Containers,3,24.0,False,True,0.22041666666666668
Staples::Restaurant & Foodservice Supplies > Disposable Food Packaging > Single-Use Food Containers > Carryout Containers & Boxes,Staples,Carryout Containers & Boxes,Restaurant & Foodservice Supplies > Disposable Food Packaging > Single-Use Food Containers > Carryout Containers & Boxes,4,24.0,True,True,0.2464695652173913
Staples::Restaurant & Foodservice Supplies > Pizza Supplies,Staples,Pizza Supplies,Restaurant & Foodservice Supplies > Pizza Supplies,2,19.0,True,True,0.20440944881889764
Staples::Restaurant & Foodservice Supplies > Restaurant Apparel,Staples,Restaurant Apparel,Restaurant & Foodservice Supplies > Restaurant Apparel,2,4.0,False,True,0.18834645669291336
Staples::Restaurant & Foodservice Supplies > Restaurant Apparel > Restaurant Apparel,Staples,Restaurant Apparel,Restaurant & Foodservice Supplies > Restaurant Apparel > Restaurant Apparel,3,4.0,False,True,0.1913888888888889
Staples::Restaurant & Foodservice Supplies > Restaurant Apparel > Restaurant Apparel > Aprons & Gloves,Staples,Aprons & Gloves,Restaurant & Foodservice Supplies > Restaurant Apparel > Restaurant Apparel > Aprons & Gloves,4,4.0,True,True,0.20827826086956522
Staples::Restaurant & Foodservice Supplies > Restaurant Apparel > Restaurant Apparel > Chef Coats,Staples,Chef Coats,Restaurant & Foodservice Supplies > Restaurant Apparel > Restaurant Apparel > Chef Coats,4,4.0,True,True,0.20827826086956522
Staples::Restaurant & Foodservice Supplies > Restaurant Apparel > Restaurant Apparel > Chef Hats & Headwear,Staples,Chef Hats & Headwear,Restaurant & Foodservice Supplies > Restaurant Apparel > Restaurant Apparel > Chef Hats & Headwear,4,4.0,True,True,0.20827826086956522
Staples::Restaurant & Foodservice Supplies > Restaurant Apparel > Restaurant Apparel > Chef Pants,Staples,Chef Pants,Restaurant & Foodservice Supplies > Restaurant Apparel > Restaurant Apparel > Chef Pants,4,4.0,True,True,0.20827826086956522
Staples::Restaurant & Foodservice Supplies > Restaurant Apparel > Restaurant Apparel > Chef Shirts & Vests,Staples,Chef Shirts & Vests,Restaurant & Foodservice Supplies > Restaurant Apparel > Restaurant Apparel > Chef Shirts & Vests,4,4.0,True,True,0.20827826086956522
Staples::Restaurant & Foodservice Supplies > Restaurant Apparel > Restaurant Apparel > Restaurant Worker Shoes,Staples,Restaurant Worker Shoes,Restaurant & Foodservice Supplies > Restaurant Apparel > Restaurant Apparel > Restaurant Worker Shoes,4,0.0,True,True,0.18281739130434782
Staples::Restaurant & Foodservice Supplies > Restaurant Apparel > Restaurant Apparel > Staff Shirts,Staples,Staff Shirts,Restaurant & Foodservice Supplies > Restaurant Apparel > Restaurant Apparel > Staff Shirts,4,4.0,True,True,0.20827826086956522
Staples::Restaurant & Foodservice Supplies > Restaurant Janitorial,Staples,Restaurant Janitorial,Restaurant & Foodservice Supplies > Restaurant Janitorial,2,647.0,True,True,0.2666141732283464
Staples::Restaurant & Foodservice Supplies > Restaurant Storage & Transport,Staples,Restaurant Storage & Transport,Restaurant & Foodservice Supplies > Restaurant Storage & Transport,2,205.0,False,True,0.2417322834645669
Staples::Restaurant & Foodservice Supplies > Restaurant Storage & Transport > Catering & Buffet Supplies,Staples,Catering & Buffet Supplies,Restaurant & Foodservice Supplies > Restaurant Storage & Transport > Catering & Buffet Supplies,3,41.0,True,True,0.23326388888888885
Staples::Restaurant & Foodservice Supplies > Restaurant Storage & Transport > Chafing Dishes & Buffet Accessories,Staples,Chafing Dishes & Buffet Accessories,Restaurant & Foodservice Supplies > Restaurant Storage & Transport > Chafing Dishes & Buffet Accessories,3,205.0,True,True,0.2690972222222222
Staples::Restaurant & Foodservice Supplies > Restaurant Storage & Transport > Food Storage & Containers,Staples,Food Storage & Containers,Restaurant & Foodservice Supplies > Restaurant Storage & Transport > Food Storage & Containers,3,149.0,True,True,0.2623611111111111
Staples::Restaurant & Foodservice Supplies > Restaurant Storage & Transport > Kitchen Racks,Staples,Kitchen Racks,Restaurant & Foodservice Supplies > Restaurant Storage & Transport > Kitchen Racks,3,9.0,True,True,0.20097222222222222
Staples::Restaurant & Foodservice Supplies > Restaurant Storage & Transport > Restaurant Carts & Dollies,Staples,Restaurant Carts & Dollies,Restaurant & Foodservice Supplies > Restaurant Storage & Transport > Restaurant Carts & Dollies,3,6.0,True,True,0.19631944444444444
Staples::Restaurant & Foodservice Supplies > Restaurant Systems,Staples,Restaurant Systems,Restaurant & Foodservice Supplies > Restaurant Systems,2,647.0,True,True,0.2666141732283464
Staples::Restaurant & Foodservice Supplies > Smallwares,Staples,Smallwares,Restaurant & Foodservice Supplies > Smallwares,2,70.0,False,True,0.22220472440944883
Staples::Restaurant & Foodservice Supplies > Smallwares > Commercial Baking Tools,Staples,Commercial Baking Tools,Restaurant & Foodservice Supplies > Smallwares > Commercial Baking Tools,3,6.0,True,True,0.19631944444444444
Staples::Restaurant & Foodservice Supplies > Smallwares > Commercial Cookware,Staples,Commercial Cookware,Restaurant & Foodservice Supplies > Smallwares > Commercial Cookware,3,2.0,True,True,0.18666666666666668
Staples::Restaurant & Foodservice Supplies > Smallwares > Commercial Cutlery,Staples,Commercial Cutlery,Restaurant & Foodservice Supplies > Smallwares > Commercial Cutlery,3,17.0,True,True,0.21381944444444442
Staples::Restaurant & Foodservice Supplies > Smallwares > Commercial Food Prep,Staples,Commercial Food Prep,Restaurant & Foodservice Supplies > Smallwares > Commercial Food Prep,3,12.0,True,True,0.20645833333333333
Staples::Restaurant & Foodservice Supplies > Smallwares > Commercial Kitchen Tools,Staples,Commercial Kitchen Tools,Restaurant & Foodservice Supplies > Smallwares > Commercial Kitchen Tools,3,25.0,True,True,0.2223611111111111
Staples::Restaurant & Foodservice Supplies > Smallwares > Food Safety,Staples,Food Safety,Restaurant & Foodservice Supplies > Smallwares > Food Safety,3,7.0,True,True,0.19840277777777776
Staples::Restaurant & Foodservice Supplies > Smallwares > Wine Stands & Chiller Buckets,Staples,Wine Stands & Chiller Buckets,Restaurant & Foodservice Supplies > Smallwares > Wine Stands & Chiller Buckets,3,1.0,True,True,0.18333333333333332
Staples::Restaurant & Foodservice Supplies > Tabletop,Staples,Tabletop,Restaurant & Foodservice Supplies > Tabletop,2,218.0,False,True,0.24377952755905513
Staples::Restaurant & Foodservice Supplies > Tabletop > Bar Glassware,Staples,Bar Glassware,Restaurant & Foodservice Supplies > Tabletop > Bar Glassware,3,218.0,True,True,0.270625
Staples::Restaurant & Foodservice Supplies > Tabletop > Dinnerware,Staples,Dinnerware,Restaurant & Foodservice Supplies > Tabletop > Dinnerware,3,23.0,True,True,0.21798611111111113
Staples::Restaurant & Foodservice Supplies > Tabletop > Drinkware,Staples,Drinkware,Restaurant & Foodservice Supplies > Tabletop > Drinkware,3,1.0,True,True,0.18333333333333332
Staples::Restaurant & Foodservice Supplies > Tabletop > Flatware,Staples,Flatware,Restaurant & Foodservice Supplies > Tabletop > Flatware,3,10.0,True,True,0.20305555555555554
Staples::Restaurant & Foodservice Supplies > Tabletop > Glassware,Staples,Glassware,Restaurant & Foodservice Supplies > Tabletop > Glassware,3,218.0,True,True,0.270625
Staples::Restaurant & Foodservice Supplies > Tabletop > Host & Server Supplies,Staples,Host & Server Supplies,Restaurant & Foodservice Supplies > Tabletop > Host & Server Supplies,3,13.0,True,True,0.20791666666666667
Staples::Restaurant & Foodservice Supplies > Tabletop > Placemats & Tablecloths,Staples,Placemats & Tablecloths,Restaurant & Foodservice Supplies > Tabletop > Placemats & Tablecloths,3,115.0,True,True,0.25458333333333333
Staples::Restaurant & Foodservice Supplies > Tabletop > Serveware,Staples,Serveware,Restaurant & Foodservice Supplies > Tabletop > Serveware,3,56.0,True,True,0.23965277777777777
Staples::Retail Store Supplies,Staples,Retail Store Supplies,Retail Store Supplies,1,7917.0,False,True,0.45384615384615384
Staples::Retail Store Supplies > Backroom Retail Supplies,Staples,Backroom Retail Supplies,Retail Store Supplies > Backroom Retail Supplies,2,747.0,False,True,0.4469816272965879
Staples::Retail Store Supplies > Backroom Retail Supplies > Backroom Storage,Staples,Backroom Storage,Retail Store Supplies > Backroom Retail Supplies > Backroom Storage,3,1.0,True,True,0.3055555555555555
Staples::Retail Store Supplies > Backroom Retail Supplies > Clothing Hangers & Accessories,Staples,Clothing Hangers & Accessories,Retail Store Supplies > Backroom Retail Supplies > Clothing Hangers & Accessories,3,541.0,True,True,0.4703703703703704
Staples::Retail Store Supplies > Backroom Retail Supplies > Dressing Room Supplies & Try-On Accessories,Staples,Dressing Room Supplies & Try-On Accessories,Retail Store Supplies > Backroom Retail Supplies > Dressing Room Supplies & Try-On Accessories,3,5.0,True,True,0.3230324074074074
Staples::Retail Store Supplies > Cash Handling,Staples,Cash Handling,Retail Store Supplies > Cash Handling,2,284.0,False,True,0.41338582677165353
"Staples::Retail Store Supplies > Cash Handling > Cash Boxes, Drawers & Trays",Staples,"Cash Boxes, Drawers & Trays","Retail Store Supplies > Cash Handling > Cash Boxes, Drawers & Trays",3,71.0,True,True,0.40925925925925927
Staples::Retail Store Supplies > Cash Handling > Cash Handling,Staples,Cash Handling,Retail Store Supplies > Cash Handling > Cash Handling,3,131.0,True,True,0.4288194444444444
Staples::Retail Store Supplies > Cash Handling > Cash-Counting Machines,Staples,Cash-Counting Machines,Retail Store Supplies > Cash Handling > Cash-Counting Machines,3,52.0,True,True,0.396875
Staples::Retail Store Supplies > Cash Handling > Counterfeit Money Detectors,Staples,Counterfeit Money Detectors,Retail Store Supplies > Cash Handling > Counterfeit Money Detectors,3,30.0,True,True,0.3769675925925926
Staples::Retail Store Supplies > Point of Sale (POS) Equipment,Staples,Point of Sale (POS) Equipment,Retail Store Supplies > Point of Sale (POS) Equipment,2,1648.0,False,True,0.48005249343832024
Staples::Retail Store Supplies > Point of Sale (POS) Equipment > Barcode Scanners & Readers,Staples,Barcode Scanners & Readers,Retail Store Supplies > Point of Sale (POS) Equipment > Barcode Scanners & Readers,3,209.0,True,True,0.4493055555555555
Staples::Retail Store Supplies > Point of Sale (POS) Equipment > Cash Register Ribbons,Staples,Cash Register Ribbons,Retail Store Supplies > Point of Sale (POS) Equipment > Cash Register Ribbons,3,35.0,True,True,0.38067129629629626
Staples::Retail Store Supplies > Point of Sale (POS) Equipment > Cash Registers,Staples,Cash Registers,Retail Store Supplies > Point of Sale (POS) Equipment > Cash Registers,3,11.0,True,True,0.3418981481481481
Staples::Retail Store Supplies > Point of Sale (POS) Equipment > Credit Card Readers,Staples,Credit Card Readers,Retail Store Supplies > Point of Sale (POS) Equipment > Credit Card Readers,3,11.0,True,True,0.3418981481481481
Staples::Retail Store Supplies > Point of Sale (POS) Equipment > POS Computers & Accessories,Staples,POS Computers & Accessories,Retail Store Supplies > Point of Sale (POS) Equipment > POS Computers & Accessories,3,232.0,True,True,0.4530092592592593
Staples::Retail Store Supplies > Point of Sale (POS) Equipment > POS Receipt Printers,Staples,POS Receipt Printers,Retail Store Supplies > Point of Sale (POS) Equipment > POS Receipt Printers,3,154.0,True,True,0.4391203703703703
Staples::Retail Store Supplies > Point of Sale (POS) Equipment > POS Software,Staples,POS Software,Retail Store Supplies > Point of Sale (POS) Equipment > POS Software,3,2.0,False,True,0.3111111111111111
Staples::Retail Store Supplies > Point of Sale (POS) Equipment > POS Software > POS Systems & Software,Staples,POS Systems & Software,Retail Store Supplies > Point of Sale (POS) Equipment > POS Software > POS Systems & Software,4,2.0,True,True,0.3297391304347826
Staples::Retail Store Supplies > Point of Sale (POS) Equipment > Restaurant Pagers & Communication,Staples,Restaurant Pagers & Communication,Retail Store Supplies > Point of Sale (POS) Equipment > Restaurant Pagers & Communication,3,647.0,True,True,0.47453703703703703
Staples::Retail Store Supplies > Pricing & Tagging,Staples,Pricing & Tagging,Retail Store Supplies > Pricing & Tagging,2,417.0,False,True,0.4275590551181102
Staples::Retail Store Supplies > Pricing & Tagging > Inventory Tags,Staples,Inventory Tags,Retail Store Supplies > Pricing & Tagging > Inventory Tags,3,132.0,True,True,0.4296296296296296
Staples::Retail Store Supplies > Pricing & Tagging > Pricing & Tagging Guns,Staples,Pricing & Tagging Guns,Retail Store Supplies > Pricing & Tagging > Pricing & Tagging Guns,3,64.0,True,True,0.40509259259259256
Staples::Retail Store Supplies > Pricing & Tagging > Pricing Tags & Retail Tags,Staples,Pricing Tags & Retail Tags,Retail Store Supplies > Pricing & Tagging > Pricing Tags & Retail Tags,3,194.0,True,True,0.4458333333333333
Staples::Retail Store Supplies > Promotional Products,Staples,Promotional Products,Retail Store Supplies > Promotional Products,2,8.0,True,True,0.3244094488188976
Staples::Retail Store Supplies > Retail Packaging,Staples,Retail Packaging,Retail Store Supplies > Retail Packaging,2,1563.0,False,True,0.4784776902887139
Staples::Retail Store Supplies > Retail Packaging > Apparel Boxes & Garment Bags,Staples,Apparel Boxes & Garment Bags,Retail Store Supplies > Retail Packaging > Apparel Boxes & Garment Bags,3,1.0,True,True,0.3055555555555555
Staples::Retail Store Supplies > Retail Packaging > Decorative Shipping Boxes,Staples,Decorative Shipping Boxes,Retail Store Supplies > Retail Packaging > Decorative Shipping Boxes,3,6.0,True,True,0.32719907407407406
Staples::Retail Store Supplies > Retail Packaging > Food Boxes & Bags,Staples,Food Boxes & Bags,Retail Store Supplies > Retail Packaging > Food Boxes & Bags,3,4.0,True,True,0.3189814814814815
Staples::Retail Store Supplies > Retail Packaging > Mailers & Shipping Boxes,Staples,Mailers & Shipping Boxes,Retail Store Supplies > Retail Packaging > Mailers & Shipping Boxes,3,7.0,True,True,0.33067129629629627
Staples::Retail Store Supplies > Retail Packaging > Retail Boxes & Bags,Staples,Retail Boxes & Bags,Retail Store Supplies > Retail Packaging > Retail Boxes & Bags,3,99.0,True,True,0.4189814814814815
Staples::Retail Store Supplies > Retail Packaging > Shopping Bags,Staples,Shopping Bags,Retail Store Supplies > Retail Packaging > Shopping Bags,3,19.0,True,True,0.358912037037037
Staples::Retail Store Supplies > Retail Signage,Staples,Retail Signage,Retail Store Supplies > Retail Signage,2,918.0,False,True,0.458005249343832
Staples::Retail Store Supplies > Retail Signage > Custom Retail Signage,Staples,Custom Retail Signage,Retail Store Supplies > Retail Signage > Custom Retail Signage,3,1.0,True,True,0.3055555555555555
Staples::Retail Store Supplies > Retail Signage > Indoor & Outdoor Retail Signage,Staples,Indoor & Outdoor Retail Signage,Retail Store Supplies > Retail Signage > Indoor & Outdoor Retail Signage,3,155.0,True,True,0.43969907407407405
Staples::Retail Store Supplies > Retail Signage > Literature & Sign Holders,Staples,Literature & Sign Holders,Retail Store Supplies > Retail Signage > Literature & Sign Holders,3,729.0,True,True,0.47662037037037036
Staples::Retail Store Supplies > Retail Signage > Sign Materials,Staples,Sign Materials,Retail Store Supplies > Retail Signage > Sign Materials,3,5.0,True,True,0.3230324074074074
Staples::Retail Store Supplies > Retail Signage > Suggestion & Ballot Boxes,Staples,Suggestion & Ballot Boxes,Retail Store Supplies > Retail Signage > Suggestion & Ballot Boxes,3,28.0,True,True,0.375
Staples::Retail Store Supplies > Sewing & Tailoring,Staples,Sewing & Tailoring,Retail Store Supplies > Sewing & Tailoring,2,349.0,False,True,0.4199475065616798
Staples::Retail Store Supplies > Sewing & Tailoring > Elastic,Staples,Elastic,Retail Store Supplies > Sewing & Tailoring > Elastic,3,344.0,True,True,0.46122685185185186
Staples::Retail Store Supplies > Sewing & Tailoring > Fabric,Staples,Fabric,Retail Store Supplies > Sewing & Tailoring > Fabric,3,7.0,True,True,0.33067129629629627
Staples::Retail Store Supplies > Sewing & Tailoring > Fasteners,Staples,Fasteners,Retail Store Supplies > Sewing & Tailoring > Fasteners,3,5.0,True,True,0.3230324074074074
Staples::Retail Store Supplies > Sewing & Tailoring > Garment Steamers & Irons,Staples,Garment Steamers & Irons,Retail Store Supplies > Sewing & Tailoring > Garment Steamers & Irons,3,26.0,True,True,0.371412037037037
Staples::Retail Store Supplies > Sewing & Tailoring > Handbag Hardware,Staples,Handbag Hardware,Retail Store Supplies > Sewing & Tailoring > Handbag Hardware,3,344.0,True,True,0.46122685185185186
Staples::Retail Store Supplies > Sewing & Tailoring > Knit & Crochet Supplies,Staples,Knit & Crochet Supplies,Retail Store Supplies > Sewing & Tailoring > Knit & Crochet Supplies,3,3.0,True,True,0.31516203703703705
Staples::Retail Store Supplies > Sewing & Tailoring > Needle Arts,Staples,Needle Arts,Retail Store Supplies > Sewing & Tailoring > Needle Arts,3,344.0,True,True,0.46122685185185186
Staples::Retail Store Supplies > Sewing & Tailoring > Needles & Pins,Staples,Needles & Pins,Retail Store Supplies > Sewing & Tailoring > Needles & Pins,3,1.0,True,True,0.3055555555555555
Staples::Retail Store Supplies > Sewing & Tailoring > Patterns & Sewing Books,Staples,Patterns & Sewing Books,Retail Store Supplies > Sewing & Tailoring > Patterns & Sewing Books,3,344.0,True,True,0.46122685185185186
Staples::Retail Store Supplies > Sewing & Tailoring > Safety Pins,Staples,Safety Pins,Retail Store Supplies > Sewing & Tailoring > Safety Pins,3,7.0,True,True,0.33067129629629627
Staples::Retail Store Supplies > Sewing & Tailoring > Sewing Machines,Staples,Sewing Machines,Retail Store Supplies > Sewing & Tailoring > Sewing Machines,3,64.0,True,True,0.40509259259259256
Staples::Retail Store Supplies > Sewing & Tailoring > Sewing Rulers,Staples,Sewing Rulers,Retail Store Supplies > Sewing & Tailoring > Sewing Rulers,3,344.0,True,True,0.46122685185185186
Staples::Retail Store Supplies > Sewing & Tailoring > Sewing Tools,Staples,Sewing Tools,Retail Store Supplies > Sewing & Tailoring > Sewing Tools,3,9.0,True,True,0.3349537037037037
Staples::Retail Store Supplies > Sewing & Tailoring > Thread,Staples,Thread,Retail Store Supplies > Sewing & Tailoring > Thread,3,9.0,True,True,0.3349537037037037
Staples::Retail Store Supplies > Sewing & Tailoring > Trim & Embellishments,Staples,Trim & Embellishments,Retail Store Supplies > Sewing & Tailoring > Trim & Embellishments,3,344.0,True,True,0.46122685185185186
Staples::Retail Store Supplies > Sewing & Tailoring > Yarn,Staples,Yarn,Retail Store Supplies > Sewing & Tailoring > Yarn,3,6.0,True,True,0.32719907407407406
Staples::Retail Store Supplies > Spa & Salon,Staples,Spa & Salon,Retail Store Supplies > Spa & Salon,2,150.0,False,True,0.39448818897637794
Staples::Retail Store Supplies > Spa & Salon > Bath & Body,Staples,Bath & Body,Retail Store Supplies > Spa & Salon > Bath & Body,3,9.0,False,True,0.3349537037037037
Staples::Retail Store Supplies > Spa & Salon > Bath & Body > Body Treatments,Staples,Body Treatments,Retail Store Supplies > Spa & Salon > Bath & Body > Body Treatments,4,5.0,True,True,0.3546086956521739
Staples::Retail Store Supplies > Spa & Salon > Bath & Body > Shower Caps,Staples,Shower Caps,Retail Store Supplies > Spa & Salon > Bath & Body > Shower Caps,4,1.0,True,True,0.3177391304347826
Staples::Retail Store Supplies > Spa & Salon > Bath & Body > Tanning,Staples,Tanning,Retail Store Supplies > Spa & Salon > Bath & Body > Tanning,4,9.0,True,True,0.3725217391304348
Staples::Retail Store Supplies > Spa & Salon > Cosmetics,Staples,Cosmetics,Retail Store Supplies > Spa & Salon > Cosmetics,3,3.0,True,True,0.31516203703703705
Staples::Retail Store Supplies > Spa & Salon > Hair,Staples,Hair,Retail Store Supplies > Spa & Salon > Hair,3,46.0,False,True,0.39305555555555555
"Staples::Retail Store Supplies > Spa & Salon > Hair > Brushes, Combs & Piks",Staples,"Brushes, Combs & Piks","Retail Store Supplies > Spa & Salon > Hair > Brushes, Combs & Piks",4,8.0,True,True,0.3690434782608696
Staples::Retail Store Supplies > Spa & Salon > Hair > Clippers & Buzzers,Staples,Clippers & Buzzers,Retail Store Supplies > Spa & Salon > Hair > Clippers & Buzzers,4,3.0,True,True,0.3377391304347826
Staples::Retail Store Supplies > Spa & Salon > Hair > Hair Color & Supplies,Staples,Hair Color & Supplies,Retail Store Supplies > Spa & Salon > Hair > Hair Color & Supplies,4,46.0,True,True,0.43495652173913046
Staples::Retail Store Supplies > Spa & Salon > Hair > Hair Styling Products,Staples,Hair Styling Products,Retail Store Supplies > Spa & Salon > Hair > Hair Styling Products,4,2.0,True,True,0.3297391304347826
Staples::Retail Store Supplies > Spa & Salon > Hair > Hair Styling Tools,Staples,Hair Styling Tools,Retail Store Supplies > Spa & Salon > Hair > Hair Styling Tools,4,7.0,True,True,0.36591304347826087
Staples::Retail Store Supplies > Spa & Salon > Hair > Hair Treatment,Staples,Hair Treatment,Retail Store Supplies > Spa & Salon > Hair > Hair Treatment,4,46.0,True,True,0.43495652173913046
Staples::Retail Store Supplies > Spa & Salon > Hair > Salon Capes,Staples,Salon Capes,Retail Store Supplies > Spa & Salon > Hair > Salon Capes,4,46.0,True,True,0.43495652173913046
Staples::Retail Store Supplies > Spa & Salon > Hair > Shampoo & Conditioner,Staples,Shampoo & Conditioner,Retail Store Supplies > Spa & Salon > Hair > Shampoo & Conditioner,4,26.0,True,True,0.41356521739130436
Staples::Retail Store Supplies > Spa & Salon > Nails,Staples,Nails,Retail Store Supplies > Spa & Salon > Nails,3,6.0,False,True,0.32719907407407406
Staples::Retail Store Supplies > Spa & Salon > Nails > Artificial Nails & Supplies,Staples,Artificial Nails & Supplies,Retail Store Supplies > Spa & Salon > Nails > Artificial Nails & Supplies,4,1.0,True,True,0.3177391304347826
Staples::Retail Store Supplies > Spa & Salon > Nails > Manicure & Pedicure Supplies,Staples,Manicure & Pedicure Supplies,Retail Store Supplies > Spa & Salon > Nails > Manicure & Pedicure Supplies,4,3.0,True,True,0.3377391304347826
Staples::Retail Store Supplies > Spa & Salon > Nails > Nail Clippers,Staples,Nail Clippers,Retail Store Supplies > Spa & Salon > Nails > Nail Clippers,4,1.0,True,True,0.3177391304347826
Staples::Retail Store Supplies > Spa & Salon > Nails > Nail Kits,Staples,Nail Kits,Retail Store Supplies > Spa & Salon > Nails > Nail Kits,4,6.0,True,True,0.36086956521739133
Staples::Retail Store Supplies > Spa & Salon > Nails > Nail Polish,Staples,Nail Polish,Retail Store Supplies > Spa & Salon > Nails > Nail Polish,4,6.0,True,True,0.36086956521739133
Staples::Retail Store Supplies > Spa & Salon > Nails > Nail Stickers & Appliques,Staples,Nail Stickers & Appliques,Retail Store Supplies > Spa & Salon > Nails > Nail Stickers & Appliques,4,6.0,True,True,0.36086956521739133
Staples::Retail Store Supplies > Spa & Salon > Nails > Nail Treatment & Remover,Staples,Nail Treatment & Remover,Retail Store Supplies > Spa & Salon > Nails > Nail Treatment & Remover,4,1.0,True,True,0.3177391304347826
Staples::Retail Store Supplies > Spa & Salon > Shaving,Staples,Shaving,Retail Store Supplies > Spa & Salon > Shaving,3,19.0,False,True,0.358912037037037
Staples::Retail Store Supplies > Spa & Salon > Shaving > Aftershave,Staples,Aftershave,Retail Store Supplies > Spa & Salon > Shaving > Aftershave,4,1.0,True,True,0.3177391304347826
Staples::Retail Store Supplies > Spa & Salon > Shaving > Disposable Razors,Staples,Disposable Razors,Retail Store Supplies > Spa & Salon > Shaving > Disposable Razors,4,11.0,True,True,0.38052173913043474
Staples::Retail Store Supplies > Spa & Salon > Shaving > Hair Removal & Shaving Products,Staples,Hair Removal & Shaving Products,Retail Store Supplies > Spa & Salon > Shaving > Hair Removal & Shaving Products,4,5.0,True,True,0.3546086956521739
Staples::Retail Store Supplies > Spa & Salon > Shaving > Razors,Staples,Razors,Retail Store Supplies > Spa & Salon > Shaving > Razors,4,19.0,True,True,0.4041739130434783
Staples::Retail Store Supplies > Spa & Salon > Spa & Massage,Staples,Spa & Massage,Retail Store Supplies > Spa & Salon > Spa & Massage,3,67.0,False,True,0.40752314814814816
Staples::Retail Store Supplies > Spa & Salon > Spa & Massage > Heating & Warming Pads,Staples,Heating & Warming Pads,Retail Store Supplies > Spa & Salon > Spa & Massage > Heating & Warming Pads,4,1.0,True,True,0.3177391304347826
Staples::Retail Store Supplies > Spa & Salon > Spa & Massage > Massage & Recovery Tools,Staples,Massage & Recovery Tools,Retail Store Supplies > Spa & Salon > Spa & Massage > Massage & Recovery Tools,4,53.0,True,True,0.4420869565217391
Staples::Retail Store Supplies > Spa & Salon > Spa & Massage > Massage Stools,Staples,Massage Stools,Retail Store Supplies > Spa & Salon > Spa & Massage > Massage Stools,4,4.0,True,True,0.3471304347826087
Staples::Retail Store Supplies > Spa & Salon > Spa & Massage > Massage Tables,Staples,Massage Tables,Retail Store Supplies > Spa & Salon > Spa & Massage > Massage Tables,4,6.0,True,True,0.36086956521739133
"Staples::Retail Store Supplies > Spa & Salon > Spa & Massage > Oils, Creams, Lotions",Staples,"Oils, Creams, Lotions","Retail Store Supplies > Spa & Salon > Spa & Massage > Oils, Creams, Lotions",4,1.0,True,True,0.3177391304347826
Staples::Retail Store Supplies > Spa & Salon > Spa & Massage > Pillows & Pillow Cover,Staples,Pillows & Pillow Cover,Retail Store Supplies > Spa & Salon > Spa & Massage > Pillows & Pillow Cover,4,2.0,True,True,0.3297391304347826
Staples::Retail Store Supplies > Spa & Salon > Spa & Massage > Sheets & Linens,Staples,Sheets & Linens,Retail Store Supplies > Spa & Salon > Spa & Massage > Sheets & Linens,4,67.0,True,True,0.4507826086956522
Staples::Retail Store Supplies > Store Fixtures & Retail Displays,Staples,Store Fixtures & Retail Displays,Retail Store Supplies > Store Fixtures & Retail Displays,2,1017.0,False,True,0.4601049868766404
Staples::Retail Store Supplies > Store Fixtures & Retail Displays > Costumers,Staples,Costumers,Retail Store Supplies > Store Fixtures & Retail Displays > Costumers,3,1017.0,True,True,0.4820601851851852
Staples::Retail Store Supplies > Store Fixtures & Retail Displays > Dress Forms,Staples,Dress Forms,Retail Store Supplies > Store Fixtures & Retail Displays > Dress Forms,3,1.0,True,True,0.3055555555555555
Staples::Retail Store Supplies > Store Fixtures & Retail Displays > Floor & Wall Mirrors,Staples,Floor & Wall Mirrors,Retail Store Supplies > Store Fixtures & Retail Displays > Floor & Wall Mirrors,3,85.0,True,True,0.4146990740740741
Staples::Retail Store Supplies > Store Fixtures & Retail Displays > Hangrails & Accessories,Staples,Hangrails & Accessories,Retail Store Supplies > Store Fixtures & Retail Displays > Hangrails & Accessories,3,4.0,True,True,0.3189814814814815
Staples::Retail Store Supplies > Store Fixtures & Retail Displays > Mannequins,Staples,Mannequins,Retail Store Supplies > Store Fixtures & Retail Displays > Mannequins,3,7.0,True,True,0.33067129629629627
Staples::Retail Store Supplies > Store Fixtures & Retail Displays > Merchandisers,Staples,Merchandisers,Retail Store Supplies > Store Fixtures & Retail Displays > Merchandisers,3,16.0,True,True,0.35509259259259257
Staples::Retail Store Supplies > Store Fixtures & Retail Displays > Pegboard & Accessories,Staples,Pegboard & Accessories,Retail Store Supplies > Store Fixtures & Retail Displays > Pegboard & Accessories,3,531.0,True,True,0.4701388888888889
Staples::Retail Store Supplies > Store Fixtures & Retail Displays > Retail Displays,Staples,Retail Displays,Retail Store Supplies > Store Fixtures & Retail Displays > Retail Displays,3,290.0,True,True,0.45740740740740743
Staples::Retail Store Supplies > Store Fixtures & Retail Displays > Slat-Grid Panels & Accessories,Staples,Slat-Grid Panels & Accessories,Retail Store Supplies > Store Fixtures & Retail Displays > Slat-Grid Panels & Accessories,3,4.0,True,True,0.3189814814814815
Staples::Retail Store Supplies > Store Fixtures & Retail Displays > Slatwall Panels & Accessories,Staples,Slatwall Panels & Accessories,Retail Store Supplies > Store Fixtures & Retail Displays > Slatwall Panels & Accessories,3,51.0,True,True,0.3957175925925926
Staples::Retail Store Supplies > Store Fixtures & Retail Displays > Store Shelving,Staples,Store Shelving,Retail Store Supplies > Store Fixtures & Retail Displays > Store Shelving,3,1017.0,True,True,0.4820601851851852
Staples::Retail Store Supplies > Store Fixtures & Retail Displays > Wire Grid Panels & Accessories,Staples,Wire Grid Panels & Accessories,Retail Store Supplies > Store Fixtures & Retail Displays > Wire Grid Panels & Accessories,3,10.0,True,True,0.3384259259259259
Staples::Retail Store Supplies > Store Security & Operations,Staples,Store Security & Operations,Retail Store Supplies > Store Security & Operations,2,816.0,False,True,0.452755905511811
Staples::Retail Store Supplies > Store Security & Operations > Gift Certificates,Staples,Gift Certificates,Retail Store Supplies > Store Security & Operations > Gift Certificates,3,6.0,True,True,0.32719907407407406
Staples::Retail Store Supplies > Store Security & Operations > Motion Detectors,Staples,Motion Detectors,Retail Store Supplies > Store Security & Operations > Motion Detectors,3,2.0,True,True,0.3111111111111111
Staples::Retail Store Supplies > Store Security & Operations > Name Tags & Badges,Staples,Name Tags & Badges,Retail Store Supplies > Store Security & Operations > Name Tags & Badges,3,351.0,True,True,0.462037037037037
Staples::Retail Store Supplies > Store Security & Operations > Shopping Baskets & Carts,Staples,Shopping Baskets & Carts,Retail Store Supplies > Store Security & Operations > Shopping Baskets & Carts,3,27.0,True,True,0.3731481481481481
Staples::Retail Store Supplies > Time Clock Cards & Racks,Staples,Time Clock Cards & Racks,Retail Store Supplies > Time Clock Cards & Racks,2,82.0,True,True,0.37559055118110235
Staples::Retail Store Supplies > Time Clock Ribbons & Batteries,Staples,Time Clock Ribbons & Batteries,Retail Store Supplies > Time Clock Ribbons & Batteries,2,18.0,True,True,0.3391076115485564
Staples::Retail Store Supplies > Time Clock Systems,Staples,Time Clock Systems,Retail Store Supplies > Time Clock Systems,2,36.0,True,True,0.3517060367454068
Staples::Safety Supplies,Staples,Safety Supplies,Safety Supplies,1,4138.0,False,True,0.5851282051282051
Staples::Safety Supplies > Crowd Control Accessories,Staples,Crowd Control Accessories,Safety Supplies > Crowd Control Accessories,2,50.0,True,True,0.5063517060367454
"Staples::Safety Supplies > Fall Protection Kits, Parts & Accessories",Staples,"Fall Protection Kits, Parts & Accessories","Safety Supplies > Fall Protection Kits, Parts & Accessories",2,73.0,True,True,0.5221522309711285
Staples::Safety Supplies > Fire Protection,Staples,Fire Protection,Safety Supplies > Fire Protection,2,34.0,False,True,0.4898162729658792
Staples::Safety Supplies > Fire Protection > Fire Extinguishers,Staples,Fire Extinguishers,Safety Supplies > Fire Protection > Fire Extinguishers,3,16.0,True,True,0.4971296296296296
Staples::Safety Supplies > Fire Protection > Smoke Alarms & Carbon Monoxide Detectors,Staples,Smoke Alarms & Carbon Monoxide Detectors,Safety Supplies > Fire Protection > Smoke Alarms & Carbon Monoxide Detectors,3,18.0,True,True,0.5010185185185185
Staples::Safety Supplies > Generators,Staples,Generators,Safety Supplies > Generators,2,10.0,True,True,0.4618897637795275
Staples::Safety Supplies > Ice Melt,Staples,Ice Melt,Safety Supplies > Ice Melt,2,41.0,True,True,0.49863517060367446
Staples::Safety Supplies > Personal Protective Equipment (PPE),Staples,Personal Protective Equipment (PPE),Safety Supplies > Personal Protective Equipment (PPE),2,1604.0,False,True,0.6706036745406824
Staples::Safety Supplies > Personal Protective Equipment (PPE) > Ear Protection,Staples,Ear Protection,Safety Supplies > Personal Protective Equipment (PPE) > Ear Protection,3,67.0,True,True,0.5705324074074074
Staples::Safety Supplies > Personal Protective Equipment (PPE) > Ergonomic Support,Staples,Ergonomic Support,Safety Supplies > Personal Protective Equipment (PPE) > Ergonomic Support,3,31.0,True,True,0.5292129629629629
Staples::Safety Supplies > Personal Protective Equipment (PPE) > Eye Protection,Staples,Eye Protection,Safety Supplies > Personal Protective Equipment (PPE) > Eye Protection,3,206.0,False,True,0.6285416666666667
Staples::Safety Supplies > Personal Protective Equipment (PPE) > Eye Protection > Eyewash Stations & Showers,Staples,Eyewash Stations & Showers,Safety Supplies > Personal Protective Equipment (PPE) > Eye Protection > Eyewash Stations & Showers,4,38.0,True,True,0.5970086956521738
"Staples::Safety Supplies > Personal Protective Equipment (PPE) > Eye Protection > Safety Glasses, Goggles & Accessories",Staples,"Safety Glasses, Goggles & Accessories","Safety Supplies > Personal Protective Equipment (PPE) > Eye Protection > Safety Glasses, Goggles & Accessories",4,168.0,True,True,0.6620173913043478
Staples::Safety Supplies > Personal Protective Equipment (PPE) > Face Masks & Respirators,Staples,Face Masks & Respirators,Safety Supplies > Personal Protective Equipment (PPE) > Face Masks & Respirators,3,132.0,True,True,0.6014814814814814
Staples::Safety Supplies > Personal Protective Equipment (PPE) > Gloves & Hand Protection,Staples,Gloves & Hand Protection,Safety Supplies > Personal Protective Equipment (PPE) > Gloves & Hand Protection,3,566.0,False,True,0.6594907407407408
Staples::Safety Supplies > Personal Protective Equipment (PPE) > Gloves & Hand Protection > Disposable Gloves,Staples,Disposable Gloves,Safety Supplies > Personal Protective Equipment (PPE) > Gloves & Hand Protection > Disposable Gloves,4,218.0,True,True,0.6690782608695651
Staples::Safety Supplies > Personal Protective Equipment (PPE) > Gloves & Hand Protection > Work Gloves,Staples,Work Gloves,Safety Supplies > Personal Protective Equipment (PPE) > Gloves & Hand Protection > Work Gloves,4,348.0,True,True,0.6810086956521739
Staples::Safety Supplies > Personal Protective Equipment (PPE) > Head & Face Protection,Staples,Head & Face Protection,Safety Supplies > Personal Protective Equipment (PPE) > Head & Face Protection,3,373.0,False,True,0.6481481481481481
"Staples::Safety Supplies > Personal Protective Equipment (PPE) > Head & Face Protection > Bandanas, Headbands & Headwear",Staples,"Bandanas, Headbands & Headwear","Safety Supplies > Personal Protective Equipment (PPE) > Head & Face Protection > Bandanas, Headbands & Headwear",4,181.0,True,True,0.6654260869565217
Staples::Safety Supplies > Personal Protective Equipment (PPE) > Head & Face Protection > Beard & Hair Nets,Staples,Beard & Hair Nets,Safety Supplies > Personal Protective Equipment (PPE) > Head & Face Protection > Beard & Hair Nets,4,10.0,True,True,0.5273739130434782
Staples::Safety Supplies > Personal Protective Equipment (PPE) > Head & Face Protection > Face Shields & Visors,Staples,Face Shields & Visors,Safety Supplies > Personal Protective Equipment (PPE) > Head & Face Protection > Face Shields & Visors,4,25.0,True,True,0.5765565217391304
Staples::Safety Supplies > Personal Protective Equipment (PPE) > Head & Face Protection > Hard Hat & Safety Helmet Accessories,Staples,Hard Hat & Safety Helmet Accessories,Safety Supplies > Personal Protective Equipment (PPE) > Head & Face Protection > Hard Hat & Safety Helmet Accessories,4,69.0,True,True,0.6328
Staples::Safety Supplies > Personal Protective Equipment (PPE) > Head & Face Protection > Hard Hats & Safety Helmets,Staples,Hard Hats & Safety Helmets,Safety Supplies > Personal Protective Equipment (PPE) > Head & Face Protection > Hard Hats & Safety Helmets,4,88.0,True,True,0.6425391304347826
Staples::Safety Supplies > Personal Protective Equipment (PPE) > Life Vests,Staples,Life Vests,Safety Supplies > Personal Protective Equipment (PPE) > Life Vests,3,1604.0,True,True,0.678287037037037
Staples::Safety Supplies > Personal Protective Equipment (PPE) > Personal Protective Equipment (PPE) Kits,Staples,Personal Protective Equipment (PPE) Kits,Safety Supplies > Personal Protective Equipment (PPE) > Personal Protective Equipment (PPE) Kits,3,4.0,True,True,0.446574074074074
Staples::Safety Supplies > Personal Protective Equipment (PPE) > Shoe Covers,Staples,Shoe Covers,Safety Supplies > Personal Protective Equipment (PPE) > Shoe Covers,3,9.0,True,True,0.4689351851851851
Staples::Safety Supplies > Personal Protective Equipment (PPE) > Shoe Insoles,Staples,Shoe Insoles,Safety Supplies > Personal Protective Equipment (PPE) > Shoe Insoles,3,4.0,True,True,0.446574074074074
Staples::Safety Supplies > Personal Protective Equipment (PPE) > Shoe Traction,Staples,Shoe Traction,Safety Supplies > Personal Protective Equipment (PPE) > Shoe Traction,3,23.0,True,True,0.5086342592592593
Staples::Safety Supplies > Personal Protective Equipment (PPE) > Workwear & Rainwear,Staples,Workwear & Rainwear,Safety Supplies > Personal Protective Equipment (PPE) > Workwear & Rainwear,3,189.0,False,True,0.6238425925925926
Staples::Safety Supplies > Personal Protective Equipment (PPE) > Workwear & Rainwear > Coats & Jackets,Staples,Coats & Jackets,Safety Supplies > Personal Protective Equipment (PPE) > Workwear & Rainwear > Coats & Jackets,4,12.0,True,True,0.5371130434782608
Staples::Safety Supplies > Personal Protective Equipment (PPE) > Workwear & Rainwear > Coveralls & Overalls,Staples,Coveralls & Overalls,Safety Supplies > Personal Protective Equipment (PPE) > Workwear & Rainwear > Coveralls & Overalls,4,36.0,True,True,0.5935999999999999
Staples::Safety Supplies > Personal Protective Equipment (PPE) > Workwear & Rainwear > Hand Warmers & Pads,Staples,Hand Warmers & Pads,Safety Supplies > Personal Protective Equipment (PPE) > Workwear & Rainwear > Hand Warmers & Pads,4,6.0,True,True,0.5052173913043478
Staples::Safety Supplies > Personal Protective Equipment (PPE) > Workwear & Rainwear > Jackets & Vests,Staples,Jackets & Vests,Safety Supplies > Personal Protective Equipment (PPE) > Workwear & Rainwear > Jackets & Vests,4,12.0,True,True,0.5371130434782608
Staples::Safety Supplies > Personal Protective Equipment (PPE) > Workwear & Rainwear > Pants & Jeans,Staples,Pants & Jeans,Safety Supplies > Personal Protective Equipment (PPE) > Workwear & Rainwear > Pants & Jeans,4,40.0,True,True,0.6006608695652172
Staples::Safety Supplies > Personal Protective Equipment (PPE) > Workwear & Rainwear > Protective Clothing,Staples,Protective Clothing,Safety Supplies > Personal Protective Equipment (PPE) > Workwear & Rainwear > Protective Clothing,4,16.0,True,True,0.554886956521739
Staples::Safety Supplies > Personal Protective Equipment (PPE) > Workwear & Rainwear > Raincoats & Rainwear,Staples,Raincoats & Rainwear,Safety Supplies > Personal Protective Equipment (PPE) > Workwear & Rainwear > Raincoats & Rainwear,4,15.0,True,True,0.5509913043478261
Staples::Safety Supplies > Personal Protective Equipment (PPE) > Workwear & Rainwear > Reflective Shirts,Staples,Reflective Shirts,Safety Supplies > Personal Protective Equipment (PPE) > Workwear & Rainwear > Reflective Shirts,4,189.0,True,True,0.6666434782608696
Staples::Safety Supplies > Personal Protective Equipment (PPE) > Workwear & Rainwear > Shirts,Staples,Shirts,Safety Supplies > Personal Protective Equipment (PPE) > Workwear & Rainwear > Shirts,4,189.0,True,True,0.6666434782608696
Staples::Safety Supplies > Personal Protective Equipment (PPE) > Workwear & Rainwear > Sleeves & Bibs,Staples,Sleeves & Bibs,Safety Supplies > Personal Protective Equipment (PPE) > Workwear & Rainwear > Sleeves & Bibs,4,33.0,True,True,0.5894608695652174
Staples::Safety Supplies > Personal Protective Equipment (PPE) > Workwear & Rainwear > Winter Hoods & Balaclavas,Staples,Winter Hoods & Balaclavas,Safety Supplies > Personal Protective Equipment (PPE) > Workwear & Rainwear > Winter Hoods & Balaclavas,4,13.0,True,True,0.5422260869565217
Staples::Safety Supplies > Personal Protective Equipment (PPE) > Workwear & Rainwear > Workwear Accessories,Staples,Workwear Accessories,Safety Supplies > Personal Protective Equipment (PPE) > Workwear & Rainwear > Workwear Accessories,4,6.0,True,True,0.5052173913043478
Staples::Safety Supplies > Safety Harnesses,Staples,Safety Harnesses,Safety Supplies > Safety Harnesses,2,4.0,True,True,0.43947506561679783
Staples::Safety Supplies > Safety Lanyards,Staples,Safety Lanyards,Safety Supplies > Safety Lanyards,2,5.0,True,True,0.4460892388451443
Staples::Safety Supplies > Safety Storage,Staples,Safety Storage,Safety Supplies > Safety Storage,2,119.0,False,True,0.5445669291338583
Staples::Safety Supplies > Safety Storage > Flammables Storage Cabinets,Staples,Flammables Storage Cabinets,Safety Supplies > Safety Storage > Flammables Storage Cabinets,3,119.0,True,True,0.595648148148148
Staples::Safety Supplies > Safety Storage > Safety Cabinets & Shelves,Staples,Safety Cabinets & Shelves,Safety Supplies > Safety Storage > Safety Cabinets & Shelves,3,15.0,True,True,0.4929166666666666
Staples::Safety Supplies > Safety Storage > Safety Cans & Drums,Staples,Safety Cans & Drums,Safety Supplies > Safety Storage > Safety Cans & Drums,3,2.0,True,True,0.43555555555555553
Staples::Safety Supplies > Safety Vests & High Visibility Clothing,Staples,Safety Vests & High Visibility Clothing,Safety Supplies > Safety Vests & High Visibility Clothing,2,1093.0,True,True,0.6485564304461943
Staples::Safety Supplies > Security Mirrors,Staples,Security Mirrors,Safety Supplies > Security Mirrors,2,9.0,True,True,0.4571128608923884
Staples::Safety Supplies > Stanchions & Barricades,Staples,Stanchions & Barricades,Safety Supplies > Stanchions & Barricades,2,542.0,True,True,0.6125459317585301
"Staples::Safety Supplies > Test Instruments, Meters & Precision Tools",Staples,"Test Instruments, Meters & Precision Tools","Safety Supplies > Test Instruments, Meters & Precision Tools",2,72.0,True,True,0.5210498687664041
Staples::Safety Supplies > Traffic Cones,Staples,Traffic Cones,Safety Supplies > Traffic Cones,2,37.0,True,True,0.49422572178477686
Staples::Safety Supplies > Traffic Signs,Staples,Traffic Signs,Safety Supplies > Traffic Signs,2,186.0,True,True,0.5596325459317585
Staples::School Supplies,Staples,School Supplies,School Supplies,1,29861.0,False,True,0.6856410256410256
Staples::School Supplies > Classroom Essentials,Staples,Classroom Essentials,School Supplies > Classroom Essentials,2,29861.0,True,True,0.698530183727034
Staples::School Supplies > College Supplies,Staples,College Supplies,School Supplies > College Supplies,2,7248.0,False,True,0.6926509186351705
Staples::School Supplies > College Supplies > School Masks,Staples,School Masks,School Supplies > College Supplies > School Masks,3,5865.0,True,True,0.6993518518518519
Staples::School Supplies > Elementary School Supplies,Staples,Elementary School Supplies,School Supplies > Elementary School Supplies,2,6645.0,False,True,0.6919160104986877
Staples::School Supplies > Elementary School Supplies > Classroom Snacks,Staples,Classroom Snacks,School Supplies > Elementary School Supplies > Classroom Snacks,3,5467.0,True,True,0.6990277777777777
Staples::School Supplies > Elementary School Supplies > Display Boards,Staples,Display Boards,School Supplies > Elementary School Supplies > Display Boards,3,183.0,True,True,0.6206018518518518
Staples::School Supplies > High School Supplies,Staples,High School Supplies,School Supplies > High School Supplies,2,830.0,True,True,0.6356955380577427
Staples::School Supplies > Learning at Home,Staples,Learning at Home,School Supplies > Learning at Home,2,29861.0,False,True,0.698530183727034
Staples::School Supplies > Learning at Home > Board & Card Games,Staples,Board & Card Games,School Supplies > Learning at Home > Board & Card Games,3,133.0,True,True,0.6026157407407406
Staples::School Supplies > Learning at Home > Building Sets,Staples,Building Sets,School Supplies > Learning at Home > Building Sets,3,831.0,True,True,0.6698611111111111
Staples::School Supplies > Learning at Home > Educational & STEM Toys,Staples,Educational & STEM Toys,School Supplies > Learning at Home > Educational & STEM Toys,3,887.0,True,True,0.6721296296296295
Staples::School Supplies > Learning at Home > Home School Furniture,Staples,Home School Furniture,School Supplies > Learning at Home > Home School Furniture,3,764.0,True,True,0.6682407407407407
Staples::School Supplies > Learning at Home > Home School Supplies,Staples,Home School Supplies,School Supplies > Learning at Home > Home School Supplies,3,29097.0,True,True,0.7
Staples::School Supplies > Learning at Home > Learning & Development Toys,Staples,Learning & Development Toys,School Supplies > Learning at Home > Learning & Development Toys,3,754.0,True,True,0.6679166666666666
Staples::School Supplies > Learning at Home > Learning Games,Staples,Learning Games,School Supplies > Learning at Home > Learning Games,3,563.0,True,True,0.6591666666666666
Staples::School Supplies > Learning at Home > Musical Instruments,Staples,Musical Instruments,School Supplies > Learning at Home > Musical Instruments,3,39.0,True,True,0.5390972222222222
Staples::School Supplies > Learning at Home > Pretend Play,Staples,Pretend Play,School Supplies > Learning at Home > Pretend Play,3,440.0,False,True,0.6539814814814814
Staples::School Supplies > Learning at Home > Pretend Play > Dolls & Dollhouses,Staples,Dolls & Dollhouses,School Supplies > Learning at Home > Pretend Play > Dolls & Dollhouses,4,118.0,True,True,0.6508173913043478
Staples::School Supplies > Learning at Home > Pretend Play > Stuffed Animals & Puppets,Staples,Stuffed Animals & Puppets,School Supplies > Learning at Home > Pretend Play > Stuffed Animals & Puppets,4,61.0,True,True,0.6269565217391303
Staples::School Supplies > Learning at Home > Pretend Play > Toy Vehicles,Staples,Toy Vehicles,School Supplies > Learning at Home > Pretend Play > Toy Vehicles,4,65.0,True,True,0.6291478260869564
Staples::School Supplies > Learning at Home > Puzzles,Staples,Puzzles,School Supplies > Learning at Home > Puzzles,3,150.0,True,True,0.612824074074074
Staples::School Supplies > Middle School Supplies,Staples,Middle School Supplies,School Supplies > Middle School Supplies,2,183.0,True,True,0.5588976377952756
Staples::School Supplies > Preschool Supplies,Staples,Preschool Supplies,School Supplies > Preschool Supplies,2,1267.0,False,True,0.6544356955380577
Staples::School Supplies > Preschool Supplies > Classroom Posters & Charts,Staples,Classroom Posters & Charts,School Supplies > Preschool Supplies > Classroom Posters & Charts,3,296.0,True,True,0.6410185185185184
Staples::School Supplies > Preschool Supplies > Pretend Play & Dress Up,Staples,Pretend Play & Dress Up,School Supplies > Preschool Supplies > Pretend Play & Dress Up,3,196.0,True,True,0.6244907407407407
Staples::School Supplies > School Art Supplies,Staples,School Art Supplies,School Supplies > School Art Supplies,2,699.0,False,True,0.6243044619422572
Staples::School Supplies > School Art Supplies > Art & School Markers,Staples,Art & School Markers,School Supplies > School Art Supplies > Art & School Markers,3,699.0,True,True,0.6666203703703704
Staples::School Supplies > School Bags & Lunch Boxes,Staples,School Bags & Lunch Boxes,School Supplies > School Bags & Lunch Boxes,2,0.0,True,True,0.4211023622047244
Staples::School Supplies > School Tech,Staples,School Tech,School Supplies > School Tech,2,501.0,False,True,0.6074015748031496
Staples::School Supplies > School Tech > Computers & Accessories for School,Staples,Computers & Accessories for School,School Supplies > School Tech > Computers & Accessories for School,3,501.0,False,True,0.6575462962962962
Staples::School Supplies > School Tech > Computers & Accessories for School > School Computer Monitors,Staples,School Computer Monitors,School Supplies > School Tech > Computers & Accessories for School > School Computer Monitors,4,501.0,True,True,0.6836869565217392
Staples::School Supplies > School Tech > Computers & Accessories for School > School Keyboards,Staples,School Keyboards,School Supplies > School Tech > Computers & Accessories for School > School Keyboards,4,501.0,True,True,0.6836869565217392
Staples::School Supplies > School Tech > Computers & Accessories for School > School Laptops,Staples,School Laptops,School Supplies > School Tech > Computers & Accessories for School > School Laptops,4,501.0,True,True,0.6836869565217392
Staples::School Supplies > School Tech > Computers & Accessories for School > Student Power Banks,Staples,Student Power Banks,School Supplies > School Tech > Computers & Accessories for School > Student Power Banks,4,501.0,True,True,0.6836869565217392
Staples::School Supplies > School Tech > Printers & Scanners for School,Staples,Printers & Scanners for School,School Supplies > School Tech > Printers & Scanners for School,3,0.0,False,True,0.4216203703703703
Staples::School Supplies > School Tech > Printers & Scanners for School > Document Scanners,Staples,Document Scanners,School Supplies > School Tech > Printers & Scanners for School > Document Scanners,4,0.0,True,True,0.42657391304347825
Staples::School Supplies > School Tech > Printers & Scanners for School > School Printers,Staples,School Printers,School Supplies > School Tech > Printers & Scanners for School > School Printers,4,0.0,True,True,0.42657391304347825
Staples::School Supplies > Shop by Subject,Staples,Shop by Subject,School Supplies > Shop by Subject,2,29861.0,True,True,0.698530183727034
Staples::School Supplies > Teacher Supplies,Staples,Teacher Supplies,School Supplies > Teacher Supplies,2,15968.0,False,True,0.6955905511811024
Staples::School Supplies > Teacher Supplies > Classroom Books & Digital Media,Staples,Classroom Books & Digital Media,School Supplies > Teacher Supplies > Classroom Books & Digital Media,3,857.0,False,True,0.6708333333333333
Staples::School Supplies > Teacher Supplies > Classroom Books & Digital Media > CDs & DVDs,Staples,CDs & DVDs,School Supplies > Teacher Supplies > Classroom Books & Digital Media > CDs & DVDs,4,4.0,True,True,0.48598260869565213
Staples::School Supplies > Teacher Supplies > Classroom Books & Digital Media > Classroom Books,Staples,Classroom Books,School Supplies > Teacher Supplies > Classroom Books & Digital Media > Classroom Books,4,853.0,True,True,0.6897739130434782
Staples::School Supplies > Teacher Supplies > Classroom Decorations,Staples,Classroom Decorations,School Supplies > Teacher Supplies > Classroom Decorations,3,1735.0,False,True,0.6789351851851851
Staples::School Supplies > Teacher Supplies > Classroom Decorations > Borders & Trims,Staples,Borders & Trims,School Supplies > Teacher Supplies > Classroom Decorations > Borders & Trims,4,548.0,True,True,0.6849043478260869
Staples::School Supplies > Teacher Supplies > Classroom Decorations > Classroom Name Plates & Name Tags,Staples,Classroom Name Plates & Name Tags,School Supplies > Teacher Supplies > Classroom Decorations > Classroom Name Plates & Name Tags,4,247.0,True,True,0.6761391304347826
Staples::School Supplies > Teacher Supplies > Classroom Decorations > Decorative Accents & Board Sets,Staples,Decorative Accents & Board Sets,School Supplies > Teacher Supplies > Classroom Decorations > Decorative Accents & Board Sets,4,607.0,True,True,0.196104347826087
Staples::School Supplies > Teacher Supplies > Classroom Decorations > Flags,Staples,Flags,School Supplies > Teacher Supplies > Classroom Decorations > Flags,4,32.0,True,True,0.5870260869565217
Staples::School Supplies > Teacher Supplies > Classroom Decorations > Letters & Numbers,Staples,Letters & Numbers,School Supplies > Teacher Supplies > Classroom Decorations > Letters & Numbers,4,301.0,True,True,0.6790608695652174
Staples::School Supplies > Teacher Supplies > Classroom Storage & Organization,Staples,Classroom Storage & Organization,School Supplies > Teacher Supplies > Classroom Storage & Organization,3,284.0,True,True,0.6398842592592593
"Staples::School Supplies > Teacher Supplies > Games, Puzzles & Toys",Staples,"Games, Puzzles & Toys","School Supplies > Teacher Supplies > Games, Puzzles & Toys",3,3797.0,True,True,0.6831481481481481
Staples::School Supplies > Teacher Supplies > Locker Accessories,Staples,Locker Accessories,School Supplies > Teacher Supplies > Locker Accessories,3,31.0,True,True,0.5292129629629629
Staples::School Supplies > Teacher Supplies > Physical Education & Recreation,Staples,Physical Education & Recreation,School Supplies > Teacher Supplies > Physical Education & Recreation,3,459.0,False,True,0.6552777777777777
"Staples::School Supplies > Teacher Supplies > Physical Education & Recreation > Bicycles, Tricycles & Accessories",Staples,"Bicycles, Tricycles & Accessories","School Supplies > Teacher Supplies > Physical Education & Recreation > Bicycles, Tricycles & Accessories",4,50.0,True,True,0.6150260869565217
Staples::School Supplies > Teacher Supplies > Physical Education & Recreation > Outdoor Games,Staples,Outdoor Games,School Supplies > Teacher Supplies > Physical Education & Recreation > Outdoor Games,4,78.0,True,True,0.6371826086956521
Staples::School Supplies > Teacher Supplies > Physical Education & Recreation > Physical Education Equipment,Staples,Physical Education Equipment,School Supplies > Teacher Supplies > Physical Education & Recreation > Physical Education Equipment,4,136.0,True,True,0.6551999999999999
Staples::School Supplies > Teacher Supplies > Physical Education & Recreation > Playground Equipment,Staples,Playground Equipment,School Supplies > Teacher Supplies > Physical Education & Recreation > Playground Equipment,4,11.0,True,True,0.5327304347826086
Staples::School Supplies > Teacher Supplies > Physical Education & Recreation > Riding Toys & Wagons,Staples,Riding Toys & Wagons,School Supplies > Teacher Supplies > Physical Education & Recreation > Riding Toys & Wagons,4,26.0,True,True,0.5789913043478261
Staples::School Supplies > Teacher Supplies > Physical Education & Recreation > Sporting Goods,Staples,Sporting Goods,School Supplies > Teacher Supplies > Physical Education & Recreation > Sporting Goods,4,158.0,True,True,0.6590956521739131
Staples::School Supplies > Teacher Supplies > Teacher Resources,Staples,Teacher Resources,School Supplies > Teacher Supplies > Teacher Resources,3,2213.0,False,True,0.6808796296296296
Staples::School Supplies > Teacher Supplies > Teacher Resources > Bookmarks,Staples,Bookmarks,School Supplies > Teacher Supplies > Teacher Resources > Bookmarks,4,22.0,True,True,0.5712
Staples::School Supplies > Teacher Supplies > Teacher Resources > Flash Cards,Staples,Flash Cards,School Supplies > Teacher Supplies > Teacher Resources > Flash Cards,4,187.0,True,True,0.6659130434782609
Staples::School Supplies > Teacher Supplies > Teacher Resources > Hall Passes & Library Cards,Staples,Hall Passes & Library Cards,School Supplies > Teacher Supplies > Teacher Resources > Hall Passes & Library Cards,4,70.0,True,True,0.6340173913043478
Staples::School Supplies > Teacher Supplies > Teacher Resources > Lesson Plans & Grade Books,Staples,Lesson Plans & Grade Books,School Supplies > Teacher Supplies > Teacher Resources > Lesson Plans & Grade Books,4,60.0,True,True,0.6257391304347826
Staples::School Supplies > Teacher Supplies > Teacher Resources > Maps & Globes,Staples,Maps & Globes,School Supplies > Teacher Supplies > Teacher Resources > Maps & Globes,4,32.0,True,True,0.5870260869565217
Staples::School Supplies > Teacher Supplies > Teacher Resources > Rewards & Incentives,Staples,Rewards & Incentives,School Supplies > Teacher Supplies > Teacher Resources > Rewards & Incentives,4,569.0,True,True,0.685391304347826
Staples::School Supplies > Teacher Supplies > Teacher Resources > Teaching Resources,Staples,Teaching Resources,School Supplies > Teacher Supplies > Teacher Resources > Teaching Resources,4,912.0,True,True,0.6907478260869565
Staples::School Supplies > Teacher Supplies > Teacher Resources > Timers & Buzzers,Staples,Timers & Buzzers,School Supplies > Teacher Supplies > Teacher Resources > Timers & Buzzers,4,65.0,True,True,0.6291478260869564
"Staples::Security, Banking & Cash",Staples,"Security, Banking & Cash","Security, Banking & Cash",1,2121.0,False,True,0.4707692307692307
"Staples::Security, Banking & Cash > Call Bells",Staples,Call Bells,"Security, Banking & Cash > Call Bells",2,6.0,True,True,0.38551181102362203
"Staples::Security, Banking & Cash > Shredders & Accessories",Staples,Shredders & Accessories,"Security, Banking & Cash > Shredders & Accessories",2,207.0,False,True,0.4847244094488189
"Staples::Security, Banking & Cash > Shredders & Accessories > Shredder Accessories",Staples,Shredder Accessories,"Security, Banking & Cash > Shredders & Accessories > Shredder Accessories",3,39.0,True,True,0.46208333333333335
"Staples::Security, Banking & Cash > Shredders & Accessories > Shredders",Staples,Shredders,"Security, Banking & Cash > Shredders & Accessories > Shredders",3,168.0,True,True,0.5297222222222222
"Staples::Security, Banking & Cash > Tickets & Tags",Staples,Tickets & Tags,"Security, Banking & Cash > Tickets & Tags",2,27.0,True,True,0.415748031496063
"Staples::Shipping, Packing & Mailing Supplies",Staples,"Shipping, Packing & Mailing Supplies","Shipping, Packing & Mailing Supplies",1,22014.0,False,True,0.9692307692307692
"Staples::Shipping, Packing & Mailing Supplies > Mailing Supplies",Staples,Mailing Supplies,"Shipping, Packing & Mailing Supplies > Mailing Supplies",2,766.0,False,True,0.8971128608923884
"Staples::Shipping, Packing & Mailing Supplies > Mailing Supplies > Letter Openers",Staples,Letter Openers,"Shipping, Packing & Mailing Supplies > Mailing Supplies > Letter Openers",3,12.0,True,True,0.6881944444444444
"Staples::Shipping, Packing & Mailing Supplies > Mailing Supplies > Literature & Mail Sorters",Staples,Literature & Mail Sorters,"Shipping, Packing & Mailing Supplies > Mailing Supplies > Literature & Mail Sorters",3,74.0,True,True,0.8206018518518519
"Staples::Shipping, Packing & Mailing Supplies > Mailing Supplies > Mailers",Staples,Mailers,"Shipping, Packing & Mailing Supplies > Mailing Supplies > Mailers",3,396.0,True,True,0.9303240740740741
"Staples::Shipping, Packing & Mailing Supplies > Mailing Supplies > Mailing Tubes",Staples,Mailing Tubes,"Shipping, Packing & Mailing Supplies > Mailing Supplies > Mailing Tubes",3,168.0,False,True,0.8828703703703704
"Staples::Shipping, Packing & Mailing Supplies > Mailing Supplies > Mailing Tubes > Mailing Tubes",Staples,Mailing Tubes,"Shipping, Packing & Mailing Supplies > Mailing Supplies > Mailing Tubes > Mailing Tubes",4,168.0,True,True,0.9457391304347826
"Staples::Shipping, Packing & Mailing Supplies > Mailing Supplies > Paper Folding Machines & Joggers",Staples,Paper Folding Machines & Joggers,"Shipping, Packing & Mailing Supplies > Mailing Supplies > Paper Folding Machines & Joggers",3,23.0,True,True,0.7266203703703704
"Staples::Shipping, Packing & Mailing Supplies > Mailing Supplies > Postage Stamps",Staples,Postage Stamps,"Shipping, Packing & Mailing Supplies > Mailing Supplies > Postage Stamps",3,23.0,True,True,0.7266203703703704
"Staples::Shipping, Packing & Mailing Supplies > Mailing Supplies > Postal Scales & Meters",Staples,Postal Scales & Meters,"Shipping, Packing & Mailing Supplies > Mailing Supplies > Postal Scales & Meters",3,28.0,True,True,0.75
"Staples::Shipping, Packing & Mailing Supplies > Shipping Supplies",Staples,Shipping Supplies,"Shipping, Packing & Mailing Supplies > Shipping Supplies",2,16436.0,False,True,0.994750656167979
"Staples::Shipping, Packing & Mailing Supplies > Shipping Supplies > Corrugated Boxes & Pads",Staples,Corrugated Boxes & Pads,"Shipping, Packing & Mailing Supplies > Shipping Supplies > Corrugated Boxes & Pads",3,2042.0,False,True,0.9717592592592592
"Staples::Shipping, Packing & Mailing Supplies > Shipping Supplies > Corrugated Boxes & Pads > Corrugated Mailers",Staples,Corrugated Mailers,"Shipping, Packing & Mailing Supplies > Shipping Supplies > Corrugated Boxes & Pads > Corrugated Mailers",4,420.0,True,True,0.9742608695652174
"Staples::Shipping, Packing & Mailing Supplies > Shipping Supplies > Corrugated Boxes & Pads > Layer Pads",Staples,Layer Pads,"Shipping, Packing & Mailing Supplies > Shipping Supplies > Corrugated Boxes & Pads > Layer Pads",4,113.0,True,True,0.928695652173913
"Staples::Shipping, Packing & Mailing Supplies > Shipping Supplies > Corrugated Boxes & Pads > Shippers",Staples,Shippers,"Shipping, Packing & Mailing Supplies > Shipping Supplies > Corrugated Boxes & Pads > Shippers",4,33.0,True,True,0.8420869565217391
"Staples::Shipping, Packing & Mailing Supplies > Shipping Supplies > Corrugated Boxes & Pads > Shipping Boxes",Staples,Shipping Boxes,"Shipping, Packing & Mailing Supplies > Shipping Supplies > Corrugated Boxes & Pads > Shipping Boxes",4,1476.0,True,True,0.9916521739130435
"Staples::Shipping, Packing & Mailing Supplies > Shipping Supplies > Cushioning & Void Fill",Staples,Cushioning & Void Fill,"Shipping, Packing & Mailing Supplies > Shipping Supplies > Cushioning & Void Fill",3,306.0,False,True,0.9175925925925926
"Staples::Shipping, Packing & Mailing Supplies > Shipping Supplies > Cushioning & Void Fill > Air Pillows & Inflatable Packaging",Staples,Air Pillows & Inflatable Packaging,"Shipping, Packing & Mailing Supplies > Shipping Supplies > Cushioning & Void Fill > Air Pillows & Inflatable Packaging",4,6.0,True,True,0.7217391304347827
"Staples::Shipping, Packing & Mailing Supplies > Shipping Supplies > Cushioning & Void Fill > Bubble Rolls",Staples,Bubble Rolls,"Shipping, Packing & Mailing Supplies > Shipping Supplies > Cushioning & Void Fill > Bubble Rolls",4,52.0,True,True,0.8820869565217391
"Staples::Shipping, Packing & Mailing Supplies > Shipping Supplies > Cushioning & Void Fill > Cushioning Bags & Sleeves",Staples,Cushioning Bags & Sleeves,"Shipping, Packing & Mailing Supplies > Shipping Supplies > Cushioning & Void Fill > Cushioning Bags & Sleeves",4,82.0,True,True,0.9130434782608696
"Staples::Shipping, Packing & Mailing Supplies > Shipping Supplies > Cushioning & Void Fill > Cushioning Sheets",Staples,Cushioning Sheets,"Shipping, Packing & Mailing Supplies > Shipping Supplies > Cushioning & Void Fill > Cushioning Sheets",4,12.0,True,True,0.7673043478260869
"Staples::Shipping, Packing & Mailing Supplies > Shipping Supplies > Cushioning & Void Fill > Foam Rolls",Staples,Foam Rolls,"Shipping, Packing & Mailing Supplies > Shipping Supplies > Cushioning & Void Fill > Foam Rolls",4,27.0,True,True,0.8309565217391304
"Staples::Shipping, Packing & Mailing Supplies > Shipping Supplies > Cushioning & Void Fill > Packing Paper Rolls",Staples,Packing Paper Rolls,"Shipping, Packing & Mailing Supplies > Shipping Supplies > Cushioning & Void Fill > Packing Paper Rolls",4,91.0,True,True,0.92
"Staples::Shipping, Packing & Mailing Supplies > Shipping Supplies > Cushioning & Void Fill > Packing Paper Sheets",Staples,Packing Paper Sheets,"Shipping, Packing & Mailing Supplies > Shipping Supplies > Cushioning & Void Fill > Packing Paper Sheets",4,32.0,True,True,0.8386086956521739
"Staples::Shipping, Packing & Mailing Supplies > Shipping Supplies > Desiccants & Cold Packs",Staples,Desiccants & Cold Packs,"Shipping, Packing & Mailing Supplies > Shipping Supplies > Desiccants & Cold Packs",3,37.0,False,True,0.7652777777777777
"Staples::Shipping, Packing & Mailing Supplies > Shipping Supplies > Desiccants & Cold Packs > Desiccants",Staples,Desiccants,"Shipping, Packing & Mailing Supplies > Shipping Supplies > Desiccants & Cold Packs > Desiccants",4,4.0,True,True,0.6942608695652174
"Staples::Shipping, Packing & Mailing Supplies > Shipping Supplies > Desiccants & Cold Packs > Shipping Cold Packs",Staples,Shipping Cold Packs,"Shipping, Packing & Mailing Supplies > Shipping Supplies > Desiccants & Cold Packs > Shipping Cold Packs",4,33.0,True,True,0.8420869565217391
"Staples::Shipping, Packing & Mailing Supplies > Shipping Supplies > Moving Supplies",Staples,Moving Supplies,"Shipping, Packing & Mailing Supplies > Shipping Supplies > Moving Supplies",3,61.0,True,True,0.8050925925925926
"Staples::Shipping, Packing & Mailing Supplies > Shipping Supplies > Package Identification & Indicators",Staples,Package Identification & Indicators,"Shipping, Packing & Mailing Supplies > Shipping Supplies > Package Identification & Indicators",3,387.0,False,True,0.9289351851851851
"Staples::Shipping, Packing & Mailing Supplies > Shipping Supplies > Package Identification & Indicators > Damage Indicators",Staples,Damage Indicators,"Shipping, Packing & Mailing Supplies > Shipping Supplies > Package Identification & Indicators > Damage Indicators",4,3.0,True,True,0.6754782608695652
"Staples::Shipping, Packing & Mailing Supplies > Shipping Supplies > Package Identification & Indicators > Packing List Envelopes",Staples,Packing List Envelopes,"Shipping, Packing & Mailing Supplies > Shipping Supplies > Package Identification & Indicators > Packing List Envelopes",4,113.0,True,True,0.928695652173913
"Staples::Shipping, Packing & Mailing Supplies > Shipping Supplies > Package Identification & Indicators > Shipping Tags & Seals",Staples,Shipping Tags & Seals,"Shipping, Packing & Mailing Supplies > Shipping Supplies > Package Identification & Indicators > Shipping Tags & Seals",4,271.0,True,True,0.9676521739130435
"Staples::Shipping, Packing & Mailing Supplies > Shipping Supplies > Packing Peanuts",Staples,Packing Peanuts,"Shipping, Packing & Mailing Supplies > Shipping Supplies > Packing Peanuts",3,4.0,True,True,0.637962962962963
"Staples::Shipping, Packing & Mailing Supplies > Shipping Supplies > Packing Tape & Dispensers",Staples,Packing Tape & Dispensers,"Shipping, Packing & Mailing Supplies > Shipping Supplies > Packing Tape & Dispensers",3,318.0,False,True,0.91875
"Staples::Shipping, Packing & Mailing Supplies > Shipping Supplies > Packing Tape & Dispensers > Packing Tape Dispensers",Staples,Packing Tape Dispensers,"Shipping, Packing & Mailing Supplies > Shipping Supplies > Packing Tape & Dispensers > Packing Tape Dispensers",4,47.0,True,True,0.8733913043478261
"Staples::Shipping, Packing & Mailing Supplies > Shipping Supplies > Poly Bags & Tubing",Staples,Poly Bags & Tubing,"Shipping, Packing & Mailing Supplies > Shipping Supplies > Poly Bags & Tubing",3,1523.0,False,True,0.9685185185185186
"Staples::Shipping, Packing & Mailing Supplies > Shipping Supplies > Poly Bags & Tubing > Impulse Sealers",Staples,Impulse Sealers,"Shipping, Packing & Mailing Supplies > Shipping Supplies > Poly Bags & Tubing > Impulse Sealers",4,16.0,True,True,0.792695652173913
"Staples::Shipping, Packing & Mailing Supplies > Shipping Supplies > Poly Bags & Tubing > Pallet Covers & Sheeting",Staples,Pallet Covers & Sheeting,"Shipping, Packing & Mailing Supplies > Shipping Supplies > Poly Bags & Tubing > Pallet Covers & Sheeting",4,81.0,True,True,0.912
"Staples::Shipping, Packing & Mailing Supplies > Shipping Supplies > Poly Bags & Tubing > Poly Bags",Staples,Poly Bags,"Shipping, Packing & Mailing Supplies > Shipping Supplies > Poly Bags & Tubing > Poly Bags",4,1301.0,True,True,0.9895652173913043
"Staples::Shipping, Packing & Mailing Supplies > Shipping Supplies > Poly Bags & Tubing > Poly Tubing",Staples,Poly Tubing,"Shipping, Packing & Mailing Supplies > Shipping Supplies > Poly Bags & Tubing > Poly Tubing",4,72.0,True,True,0.9067826086956522
"Staples::Shipping, Packing & Mailing Supplies > Shipping Supplies > Poly Bags & Tubing > Twist Ties & Bag Tape",Staples,Twist Ties & Bag Tape,"Shipping, Packing & Mailing Supplies > Shipping Supplies > Poly Bags & Tubing > Twist Ties & Bag Tape",4,53.0,True,True,0.8841739130434783
"Staples::Shipping, Packing & Mailing Supplies > Shipping Supplies > Shipping & Packing Dispensers",Staples,Shipping & Packing Dispensers,"Shipping, Packing & Mailing Supplies > Shipping Supplies > Shipping & Packing Dispensers",3,24.0,True,True,0.7347222222222223
"Staples::Shipping, Packing & Mailing Supplies > Shipping Supplies > Strapping & Strapping Equipment",Staples,Strapping & Strapping Equipment,"Shipping, Packing & Mailing Supplies > Shipping Supplies > Strapping & Strapping Equipment",3,144.0,False,True,0.8680555555555556
"Staples::Shipping, Packing & Mailing Supplies > Shipping Supplies > Strapping & Strapping Equipment > Edge Protectors",Staples,Edge Protectors,"Shipping, Packing & Mailing Supplies > Shipping Supplies > Strapping & Strapping Equipment > Edge Protectors",4,49.0,True,True,0.8765217391304347
"Staples::Shipping, Packing & Mailing Supplies > Shipping Supplies > Strapping & Strapping Equipment > Pallet Cones",Staples,Pallet Cones,"Shipping, Packing & Mailing Supplies > Shipping Supplies > Strapping & Strapping Equipment > Pallet Cones",4,144.0,True,True,0.9380869565217391
"Staples::Shipping, Packing & Mailing Supplies > Shipping Supplies > Strapping & Strapping Equipment > Rope, String & Twine",Staples,"Rope, String & Twine","Shipping, Packing & Mailing Supplies > Shipping Supplies > Strapping & Strapping Equipment > Rope, String & Twine",4,45.0,True,True,0.8667826086956522
"Staples::Shipping, Packing & Mailing Supplies > Shipping Supplies > Strapping & Strapping Equipment > Seals & Buckles",Staples,Seals & Buckles,"Shipping, Packing & Mailing Supplies > Shipping Supplies > Strapping & Strapping Equipment > Seals & Buckles",4,10.0,True,True,0.7533913043478261
"Staples::Shipping, Packing & Mailing Supplies > Shipping Supplies > Strapping & Strapping Equipment > Strapping",Staples,Strapping,"Shipping, Packing & Mailing Supplies > Shipping Supplies > Strapping & Strapping Equipment > Strapping",4,30.0,True,True,0.8351304347826087
"Staples::Shipping, Packing & Mailing Supplies > Shipping Supplies > Strapping & Strapping Equipment > Strapping Carts",Staples,Strapping Carts,"Shipping, Packing & Mailing Supplies > Shipping Supplies > Strapping & Strapping Equipment > Strapping Carts",4,144.0,True,True,0.9380869565217391
"Staples::Shipping, Packing & Mailing Supplies > Shipping Supplies > Strapping & Strapping Equipment > Strapping Machines",Staples,Strapping Machines,"Shipping, Packing & Mailing Supplies > Shipping Supplies > Strapping & Strapping Equipment > Strapping Machines",4,144.0,True,True,0.9380869565217391
"Staples::Shipping, Packing & Mailing Supplies > Shipping Supplies > Strapping & Strapping Equipment > Strapping Tools",Staples,Strapping Tools,"Shipping, Packing & Mailing Supplies > Shipping Supplies > Strapping & Strapping Equipment > Strapping Tools",4,10.0,True,True,0.7533913043478261
"Staples::Shipping, Packing & Mailing Supplies > Shipping Supplies > Stretch & Shrink Film",Staples,Stretch & Shrink Film,"Shipping, Packing & Mailing Supplies > Shipping Supplies > Stretch & Shrink Film",3,101.0,False,True,0.8395833333333333
"Staples::Shipping, Packing & Mailing Supplies > Shipping Supplies > Stretch & Shrink Film > Shrink Film",Staples,Shrink Film,"Shipping, Packing & Mailing Supplies > Shipping Supplies > Stretch & Shrink Film > Shrink Film",4,9.0,True,True,0.7450434782608696
"Staples::Shipping, Packing & Mailing Supplies > Shipping Supplies > Stretch & Shrink Film > Stretch Wrap",Staples,Stretch Wrap,"Shipping, Packing & Mailing Supplies > Shipping Supplies > Stretch & Shrink Film > Stretch Wrap",4,92.0,True,True,0.9210434782608696
"Staples::Shredders, Projectors & Office Machines",Staples,"Shredders, Projectors & Office Machines","Shredders, Projectors & Office Machines",1,5115.0,False,True,0.6933333333333334
"Staples::Shredders, Projectors & Office Machines > Binding Equipment",Staples,Binding Equipment,"Shredders, Projectors & Office Machines > Binding Equipment",2,140.0,False,True,0.6261417322834646
"Staples::Shredders, Projectors & Office Machines > Binding Equipment > Binding Combs & Spines",Staples,Binding Combs & Spines,"Shredders, Projectors & Office Machines > Binding Equipment > Binding Combs & Spines",3,58.0,True,True,0.6407407407407408
"Staples::Shredders, Projectors & Office Machines > Binding Equipment > Binding Covers & Accessories",Staples,Binding Covers & Accessories,"Shredders, Projectors & Office Machines > Binding Equipment > Binding Covers & Accessories",3,59.0,True,True,0.6414814814814815
"Staples::Shredders, Projectors & Office Machines > Binding Equipment > Binding Machines",Staples,Binding Machines,"Shredders, Projectors & Office Machines > Binding Equipment > Binding Machines",3,23.0,True,True,0.5812962962962963
"Staples::Shredders, Projectors & Office Machines > Calculators",Staples,Calculators,"Shredders, Projectors & Office Machines > Calculators",2,220.0,False,True,0.6513385826771654
"Staples::Shredders, Projectors & Office Machines > Calculators > Basic Calculators",Staples,Basic Calculators,"Shredders, Projectors & Office Machines > Calculators > Basic Calculators",3,81.0,True,True,0.6612962962962964
"Staples::Shredders, Projectors & Office Machines > Calculators > Calculator Accessories",Staples,Calculator Accessories,"Shredders, Projectors & Office Machines > Calculators > Calculator Accessories",3,29.0,True,True,0.6016666666666667
"Staples::Shredders, Projectors & Office Machines > Calculators > Financial Calculators",Staples,Financial Calculators,"Shredders, Projectors & Office Machines > Calculators > Financial Calculators",3,8.0,True,True,0.5325925925925926
"Staples::Shredders, Projectors & Office Machines > Calculators > Graphing Calculators",Staples,Graphing Calculators,"Shredders, Projectors & Office Machines > Calculators > Graphing Calculators",3,29.0,True,True,0.6016666666666667
"Staples::Shredders, Projectors & Office Machines > Calculators > Industry Specific Calculators",Staples,Industry Specific Calculators,"Shredders, Projectors & Office Machines > Calculators > Industry Specific Calculators",3,7.0,True,True,0.529074074074074
"Staples::Shredders, Projectors & Office Machines > Calculators > Printing Calculators",Staples,Printing Calculators,"Shredders, Projectors & Office Machines > Calculators > Printing Calculators",3,34.0,True,True,0.6081481481481482
"Staples::Shredders, Projectors & Office Machines > Calculators > Scientific Calculators",Staples,Scientific Calculators,"Shredders, Projectors & Office Machines > Calculators > Scientific Calculators",3,32.0,True,True,0.6061111111111112
"Staples::Shredders, Projectors & Office Machines > Copiers",Staples,Copiers,"Shredders, Projectors & Office Machines > Copiers",2,5115.0,True,True,0.7857217847769029
"Staples::Shredders, Projectors & Office Machines > Fax Machines",Staples,Fax Machines,"Shredders, Projectors & Office Machines > Fax Machines",2,7.0,True,True,0.5169553805774278
"Staples::Shredders, Projectors & Office Machines > Projectors & Accessories",Staples,Projectors & Accessories,"Shredders, Projectors & Office Machines > Projectors & Accessories",2,505.0,False,True,0.6958530183727034
"Staples::Shredders, Projectors & Office Machines > Projectors & Accessories > Document Cameras",Staples,Document Cameras,"Shredders, Projectors & Office Machines > Projectors & Accessories > Document Cameras",3,21.0,True,True,0.5768518518518518
"Staples::Shredders, Projectors & Office Machines > Projectors & Accessories > Laser Pointers & Remotes",Staples,Laser Pointers & Remotes,"Shredders, Projectors & Office Machines > Projectors & Accessories > Laser Pointers & Remotes",3,37.0,True,True,0.6122222222222222
"Staples::Shredders, Projectors & Office Machines > Projectors & Accessories > Projector Parts & Accessories",Staples,Projector Parts & Accessories,"Shredders, Projectors & Office Machines > Projectors & Accessories > Projector Parts & Accessories",3,274.0,True,True,0.7288888888888889
"Staples::Shredders, Projectors & Office Machines > Projectors & Accessories > Projector Screens",Staples,Projector Screens,"Shredders, Projectors & Office Machines > Projectors & Accessories > Projector Screens",3,14.0,True,True,0.5581481481481482
"Staples::Shredders, Projectors & Office Machines > Projectors & Accessories > Projectors",Staples,Projectors,"Shredders, Projectors & Office Machines > Projectors & Accessories > Projectors",3,159.0,True,True,0.7040740740740742
"Staples::Shredders, Projectors & Office Machines > Typewriters & Typewriter Supplies",Staples,Typewriters & Typewriter Supplies,"Shredders, Projectors & Office Machines > Typewriters & Typewriter Supplies",2,26.0,True,True,0.5526509186351707
Staples::Smart Home & Security,Staples,Smart Home & Security,Smart Home & Security,1,501.0,False,True,0.19846153846153844
Staples::Smart Home & Security > Security Cameras & Systems,Staples,Security Cameras & Systems,Smart Home & Security > Security Cameras & Systems,2,216.0,True,True,0.24299212598425196
Staples::Smart Home & Security > Security System Accessories,Staples,Security System Accessories,Smart Home & Security > Security System Accessories,2,106.0,True,True,0.23181102362204722
Staples::Smart Home & Security > Smart Bulbs,Staples,Smart Bulbs,Smart Home & Security > Smart Bulbs,2,61.0,True,True,0.22031496062992126
Staples::Smart Home & Security > Smart Doorbells,Staples,Smart Doorbells,Smart Home & Security > Smart Doorbells,2,31.0,True,True,0.20881889763779526
Staples::Smart Home & Security > Smart Light Switches & Dimmers,Staples,Smart Light Switches & Dimmers,Smart Home & Security > Smart Light Switches & Dimmers,2,4.0,True,True,0.18834645669291336
Staples::Smart Home & Security > Smart Locks,Staples,Smart Locks,Smart Home & Security > Smart Locks,2,4.0,True,True,0.18834645669291336
Staples::Smart Home & Security > Smart Plugs & Outlets,Staples,Smart Plugs & Outlets,Smart Home & Security > Smart Plugs & Outlets,2,10.0,True,True,0.1979527559055118
Staples::Smart Home & Security > Smart Sensors,Staples,Smart Sensors,Smart Home & Security > Smart Sensors,2,10.0,True,True,0.1979527559055118
Staples::Smart Home & Security > Smart Speakers & Displays,Staples,Smart Speakers & Displays,Smart Home & Security > Smart Speakers & Displays,2,50.0,True,True,0.21700787401574803
Staples::Smart Home & Security > Smart Thermostats,Staples,Smart Thermostats,Smart Home & Security > Smart Thermostats,2,9.0,True,True,0.19590551181102359
Staples::Tablets & iPads,Staples,Tablets & iPads,Tablets & iPads,1,1694.0,False,True,0.29743589743589743
Staples::Tablets & iPads > Digital Notebooks & Accessories,Staples,Digital Notebooks & Accessories,Tablets & iPads > Digital Notebooks & Accessories,2,45.0,True,True,0.2866141732283464
Staples::Tablets & iPads > E-Readers,Staples,E-Readers,Tablets & iPads > E-Readers,2,12.0,True,True,0.2664566929133858
"Staples::Tablets & iPads > Tablet & iPad Cases, Covers & Keyboards",Staples,"Tablet & iPad Cases, Covers & Keyboards","Tablets & iPads > Tablet & iPad Cases, Covers & Keyboards",2,768.0,True,True,0.35926509186351707
Staples::Tablets & iPads > Tablet Screen Protectors,Staples,Tablet Screen Protectors,Tablets & iPads > Tablet Screen Protectors,2,103.0,True,True,0.30635170603674544
Staples::Tablets & iPads > Tablet Stands & Mounts,Staples,Tablet Stands & Mounts,Tablets & iPads > Tablet Stands & Mounts,2,130.0,True,True,0.31265091863517064
Staples::Tablets & iPads > Tablets & iPads,Staples,Tablets & iPads,Tablets & iPads > Tablets & iPads,2,402.0,True,True,0.34036745406824154
"Staples::Tools, Parts & Supplies",Staples,"Tools, Parts & Supplies","Tools, Parts & Supplies",1,1547.0,False,True,0.21999999999999997
"Staples::Tools, Parts & Supplies > Anchors: Screw & Wedge",Staples,Anchors: Screw & Wedge,"Tools, Parts & Supplies > Anchors: Screw & Wedge",2,1.0,True,True,0.18236220472440942
"Staples::Tools, Parts & Supplies > Automotive",Staples,Automotive,"Tools, Parts & Supplies > Automotive",2,188.0,False,True,0.24015748031496065
"Staples::Tools, Parts & Supplies > Automotive > Auto & Auto Part Cleaners",Staples,Auto & Auto Part Cleaners,"Tools, Parts & Supplies > Automotive > Auto & Auto Part Cleaners",3,7.0,True,True,0.19840277777777776
"Staples::Tools, Parts & Supplies > Automotive > Automotive Accessories",Staples,Automotive Accessories,"Tools, Parts & Supplies > Automotive > Automotive Accessories",3,111.0,True,True,0.25375
"Staples::Tools, Parts & Supplies > Automotive > Booster Cables, Battery Clamps & Chargers",Staples,"Booster Cables, Battery Clamps & Chargers","Tools, Parts & Supplies > Automotive > Booster Cables, Battery Clamps & Chargers",3,40.0,True,True,0.23215277777777776
"Staples::Tools, Parts & Supplies > Automotive > Jack & Jack Stands",Staples,Jack & Jack Stands,"Tools, Parts & Supplies > Automotive > Jack & Jack Stands",3,1.0,True,True,0.18333333333333332
"Staples::Tools, Parts & Supplies > Automotive > Liquid Transfer Tanks",Staples,Liquid Transfer Tanks,"Tools, Parts & Supplies > Automotive > Liquid Transfer Tanks",3,188.0,True,True,0.2670138888888889
"Staples::Tools, Parts & Supplies > Automotive > Oil Drain Pans, Measuring Cans & Funnels",Staples,"Oil Drain Pans, Measuring Cans & Funnels","Tools, Parts & Supplies > Automotive > Oil Drain Pans, Measuring Cans & Funnels",3,188.0,True,True,0.2670138888888889
"Staples::Tools, Parts & Supplies > Automotive > Plugs & Receptacles",Staples,Plugs & Receptacles,"Tools, Parts & Supplies > Automotive > Plugs & Receptacles",3,188.0,True,True,0.2670138888888889
"Staples::Tools, Parts & Supplies > Automotive > Roadside Emergency Tool Kit",Staples,Roadside Emergency Tool Kit,"Tools, Parts & Supplies > Automotive > Roadside Emergency Tool Kit",3,8.0,True,True,0.19972222222222222
"Staples::Tools, Parts & Supplies > Automotive > Tarps & Plastic Sheeting",Staples,Tarps & Plastic Sheeting,"Tools, Parts & Supplies > Automotive > Tarps & Plastic Sheeting",3,17.0,True,True,0.21381944444444442
"Staples::Tools, Parts & Supplies > Automotive > Tires & Wheels",Staples,Tires & Wheels,"Tools, Parts & Supplies > Automotive > Tires & Wheels",3,188.0,True,True,0.2670138888888889
"Staples::Tools, Parts & Supplies > Automotive > Windshield Wiper Fluid",Staples,Windshield Wiper Fluid,"Tools, Parts & Supplies > Automotive > Windshield Wiper Fluid",3,3.0,True,True,0.18909722222222222
"Staples::Tools, Parts & Supplies > Buckles, Bands & Straps",Staples,"Buckles, Bands & Straps","Tools, Parts & Supplies > Buckles, Bands & Straps",2,4.0,True,True,0.18834645669291336
"Staples::Tools, Parts & Supplies > Cable Ties & Tie Guns",Staples,Cable Ties & Tie Guns,"Tools, Parts & Supplies > Cable Ties & Tie Guns",2,157.0,True,True,0.23732283464566928
"Staples::Tools, Parts & Supplies > Chalk Reels & Marking Tools",Staples,Chalk Reels & Marking Tools,"Tools, Parts & Supplies > Chalk Reels & Marking Tools",2,26.0,False,True,0.20724409448818898
"Staples::Tools, Parts & Supplies > Chalk Reels & Marking Tools > Chalk Line Reels & Marking Chalk",Staples,Chalk Line Reels & Marking Chalk,"Tools, Parts & Supplies > Chalk Reels & Marking Tools > Chalk Line Reels & Marking Chalk",3,3.0,True,True,0.18909722222222222
"Staples::Tools, Parts & Supplies > Chalk Reels & Marking Tools > Crayons: Lumber, Paint, Marking",Staples,"Crayons: Lumber, Paint, Marking","Tools, Parts & Supplies > Chalk Reels & Marking Tools > Crayons: Lumber, Paint, Marking",3,6.0,True,True,0.19631944444444444
"Staples::Tools, Parts & Supplies > Chalk Reels & Marking Tools > Labeling Tool Ribbons",Staples,Labeling Tool Ribbons,"Tools, Parts & Supplies > Chalk Reels & Marking Tools > Labeling Tool Ribbons",3,1.0,True,True,0.18333333333333332
"Staples::Tools, Parts & Supplies > Chalk Reels & Marking Tools > Markers: Metal, Paint, China",Staples,"Markers: Metal, Paint, China","Tools, Parts & Supplies > Chalk Reels & Marking Tools > Markers: Metal, Paint, China",3,4.0,True,True,0.1913888888888889
"Staples::Tools, Parts & Supplies > Chalk Reels & Marking Tools > Pencils: Welders, Carpenters, Art",Staples,"Pencils: Welders, Carpenters, Art","Tools, Parts & Supplies > Chalk Reels & Marking Tools > Pencils: Welders, Carpenters, Art",3,3.0,True,True,0.18909722222222222
"Staples::Tools, Parts & Supplies > Chalk Reels & Marking Tools > Soapstones & Holders",Staples,Soapstones & Holders,"Tools, Parts & Supplies > Chalk Reels & Marking Tools > Soapstones & Holders",3,4.0,True,True,0.1913888888888889
"Staples::Tools, Parts & Supplies > Chalk Reels & Marking Tools > Steel Hand Stamp Sets",Staples,Steel Hand Stamp Sets,"Tools, Parts & Supplies > Chalk Reels & Marking Tools > Steel Hand Stamp Sets",3,26.0,True,True,0.2228472222222222
"Staples::Tools, Parts & Supplies > Chalk Reels & Marking Tools > Stencil Sets",Staples,Stencil Sets,"Tools, Parts & Supplies > Chalk Reels & Marking Tools > Stencil Sets",3,5.0,True,True,0.19381944444444443
"Staples::Tools, Parts & Supplies > Chalk Reels & Marking Tools > Temperature Indicators",Staples,Temperature Indicators,"Tools, Parts & Supplies > Chalk Reels & Marking Tools > Temperature Indicators",3,26.0,True,True,0.2228472222222222
"Staples::Tools, Parts & Supplies > Chemicals, Lubricants & Paints",Staples,"Chemicals, Lubricants & Paints","Tools, Parts & Supplies > Chemicals, Lubricants & Paints",2,24.0,False,True,0.20629921259842518
"Staples::Tools, Parts & Supplies > Chemicals, Lubricants & Paints > Anti-Seize Compounds",Staples,Anti-Seize Compounds,"Tools, Parts & Supplies > Chemicals, Lubricants & Paints > Anti-Seize Compounds",3,24.0,True,True,0.22041666666666668
"Staples::Tools, Parts & Supplies > Chemicals, Lubricants & Paints > Corrosion Inhibitors",Staples,Corrosion Inhibitors,"Tools, Parts & Supplies > Chemicals, Lubricants & Paints > Corrosion Inhibitors",3,24.0,True,True,0.22041666666666668
"Staples::Tools, Parts & Supplies > Chemicals, Lubricants & Paints > Grease Guns & Fittings",Staples,Grease Guns & Fittings,"Tools, Parts & Supplies > Chemicals, Lubricants & Paints > Grease Guns & Fittings",3,6.0,True,True,0.19631944444444444
"Staples::Tools, Parts & Supplies > Chemicals, Lubricants & Paints > Lubricants",Staples,Lubricants,"Tools, Parts & Supplies > Chemicals, Lubricants & Paints > Lubricants",3,18.0,True,True,0.21472222222222223
"Staples::Tools, Parts & Supplies > Chemicals, Lubricants & Paints > Magnetic Particles",Staples,Magnetic Particles,"Tools, Parts & Supplies > Chemicals, Lubricants & Paints > Magnetic Particles",3,24.0,True,True,0.22041666666666668
"Staples::Tools, Parts & Supplies > Chemicals, Lubricants & Paints > Oilers & Sprayers",Staples,Oilers & Sprayers,"Tools, Parts & Supplies > Chemicals, Lubricants & Paints > Oilers & Sprayers",3,24.0,True,True,0.22041666666666668
"Staples::Tools, Parts & Supplies > Chemicals, Lubricants & Paints > Penetrants",Staples,Penetrants,"Tools, Parts & Supplies > Chemicals, Lubricants & Paints > Penetrants",3,24.0,True,True,0.22041666666666668
"Staples::Tools, Parts & Supplies > Clips, Rings & Pins",Staples,"Clips, Rings & Pins","Tools, Parts & Supplies > Clips, Rings & Pins",2,3.0,True,True,0.1859842519685039
"Staples::Tools, Parts & Supplies > Coated Disc Abrasives",Staples,Coated Disc Abrasives,"Tools, Parts & Supplies > Coated Disc Abrasives",2,3.0,True,True,0.1859842519685039
"Staples::Tools, Parts & Supplies > Coated Flap Disc Abrasives",Staples,Coated Flap Disc Abrasives,"Tools, Parts & Supplies > Coated Flap Disc Abrasives",2,4.0,True,True,0.18834645669291336
"Staples::Tools, Parts & Supplies > Coated Flap Wheel Abrasives",Staples,Coated Flap Wheel Abrasives,"Tools, Parts & Supplies > Coated Flap Wheel Abrasives",2,1.0,True,True,0.18236220472440942
"Staples::Tools, Parts & Supplies > Coated Roll Abrasives",Staples,Coated Roll Abrasives,"Tools, Parts & Supplies > Coated Roll Abrasives",2,1.0,True,True,0.18236220472440942
"Staples::Tools, Parts & Supplies > Coated Sheet Abrasives",Staples,Coated Sheet Abrasives,"Tools, Parts & Supplies > Coated Sheet Abrasives",2,1373.0,True,True,0.2825196850393701
"Staples::Tools, Parts & Supplies > Cup Brushes",Staples,Cup Brushes,"Tools, Parts & Supplies > Cup Brushes",2,1373.0,True,True,0.2825196850393701
"Staples::Tools, Parts & Supplies > Drill Rods",Staples,Drill Rods,"Tools, Parts & Supplies > Drill Rods",2,1373.0,True,True,0.2825196850393701
"Staples::Tools, Parts & Supplies > End Brushes",Staples,End Brushes,"Tools, Parts & Supplies > End Brushes",2,4.0,True,True,0.18834645669291336
"Staples::Tools, Parts & Supplies > Fittings",Staples,Fittings,"Tools, Parts & Supplies > Fittings",2,1.0,True,True,0.18236220472440942
"Staples::Tools, Parts & Supplies > Flashlights, Lanterns & Work Lights",Staples,"Flashlights, Lanterns & Work Lights","Tools, Parts & Supplies > Flashlights, Lanterns & Work Lights",2,1373.0,True,True,0.2825196850393701
"Staples::Tools, Parts & Supplies > Floor Scrapers",Staples,Floor Scrapers,"Tools, Parts & Supplies > Floor Scrapers",2,1373.0,True,True,0.2825196850393701
"Staples::Tools, Parts & Supplies > Hand Tools",Staples,Hand Tools,"Tools, Parts & Supplies > Hand Tools",2,147.0,False,True,0.23606299212598425
"Staples::Tools, Parts & Supplies > Hand Tools > All Hand Tools",Staples,All Hand Tools,"Tools, Parts & Supplies > Hand Tools > All Hand Tools",3,55.0,True,True,0.23902777777777778
"Staples::Tools, Parts & Supplies > Hand Tools > Bending & Flaring Tools",Staples,Bending & Flaring Tools,"Tools, Parts & Supplies > Hand Tools > Bending & Flaring Tools",3,147.0,True,True,0.26125
"Staples::Tools, Parts & Supplies > Hand Tools > Chisels, Punches & Pins",Staples,"Chisels, Punches & Pins","Tools, Parts & Supplies > Hand Tools > Chisels, Punches & Pins",3,8.0,True,True,0.19972222222222222
"Staples::Tools, Parts & Supplies > Hand Tools > Concrete & Masonry Tools",Staples,Concrete & Masonry Tools,"Tools, Parts & Supplies > Hand Tools > Concrete & Masonry Tools",3,2.0,True,True,0.18666666666666668
"Staples::Tools, Parts & Supplies > Hand Tools > Cutters & Cutter Wheels",Staples,Cutters & Cutter Wheels,"Tools, Parts & Supplies > Hand Tools > Cutters & Cutter Wheels",3,8.0,True,True,0.19972222222222222
"Staples::Tools, Parts & Supplies > Hand Tools > Electrical Tools, Meters & Fish Tape",Staples,"Electrical Tools, Meters & Fish Tape","Tools, Parts & Supplies > Hand Tools > Electrical Tools, Meters & Fish Tape",3,147.0,True,True,0.26125
"Staples::Tools, Parts & Supplies > Hand Tools > Electrical Tools: Wire Pulling Grips",Staples,Electrical Tools: Wire Pulling Grips,"Tools, Parts & Supplies > Hand Tools > Electrical Tools: Wire Pulling Grips",3,147.0,True,True,0.26125
"Staples::Tools, Parts & Supplies > Hand Tools > Files & Handles",Staples,Files & Handles,"Tools, Parts & Supplies > Hand Tools > Files & Handles",3,10.0,True,True,0.20305555555555554
"Staples::Tools, Parts & Supplies > Hand Tools > Hand Pumps",Staples,Hand Pumps,"Tools, Parts & Supplies > Hand Tools > Hand Pumps",3,147.0,True,True,0.26125
"Staples::Tools, Parts & Supplies > Hand Tools > Magnetic Pickups & Retrieving Tools",Staples,Magnetic Pickups & Retrieving Tools,"Tools, Parts & Supplies > Hand Tools > Magnetic Pickups & Retrieving Tools",3,9.0,True,True,0.20097222222222222
"Staples::Tools, Parts & Supplies > Hand Tools > Pipe Threaders",Staples,Pipe Threaders,"Tools, Parts & Supplies > Hand Tools > Pipe Threaders",3,147.0,True,True,0.26125
"Staples::Tools, Parts & Supplies > Hand Tools > Pullers & Accessories",Staples,Pullers & Accessories,"Tools, Parts & Supplies > Hand Tools > Pullers & Accessories",3,147.0,True,True,0.26125
"Staples::Tools, Parts & Supplies > Hand Tools > Putty Knives & Scrapers",Staples,Putty Knives & Scrapers,"Tools, Parts & Supplies > Hand Tools > Putty Knives & Scrapers",3,30.0,True,True,0.22618055555555555
"Staples::Tools, Parts & Supplies > Hand Tools > Reamers & Deburring Tools",Staples,Reamers & Deburring Tools,"Tools, Parts & Supplies > Hand Tools > Reamers & Deburring Tools",3,147.0,True,True,0.26125
"Staples::Tools, Parts & Supplies > Hand Tools > Scribers & Scratch Awls",Staples,Scribers & Scratch Awls,"Tools, Parts & Supplies > Hand Tools > Scribers & Scratch Awls",3,7.0,True,True,0.19840277777777776
"Staples::Tools, Parts & Supplies > Hand Tools > Sockets & Accessories",Staples,Sockets & Accessories,"Tools, Parts & Supplies > Hand Tools > Sockets & Accessories",3,4.0,True,True,0.1913888888888889
"Staples::Tools, Parts & Supplies > Hand Tools > Staplers & Riveters",Staples,Staplers & Riveters,"Tools, Parts & Supplies > Hand Tools > Staplers & Riveters",3,9.0,True,True,0.20097222222222222
"Staples::Tools, Parts & Supplies > Hand Tools > Tap Wrenches & Dies",Staples,Tap Wrenches & Dies,"Tools, Parts & Supplies > Hand Tools > Tap Wrenches & Dies",3,3.0,True,True,0.18909722222222222
"Staples::Tools, Parts & Supplies > Hand Tools > Wedges",Staples,Wedges,"Tools, Parts & Supplies > Hand Tools > Wedges",3,2.0,True,True,0.18666666666666668
"Staples::Tools, Parts & Supplies > Hardware",Staples,Hardware,"Tools, Parts & Supplies > Hardware",2,2.0,True,True,0.18472440944881888
"Staples::Tools, Parts & Supplies > Hose Clamps",Staples,Hose Clamps,"Tools, Parts & Supplies > Hose Clamps",2,5.0,True,True,0.1911811023622047
"Staples::Tools, Parts & Supplies > Industrial Adhesives, Sealants & Tapes",Staples,"Industrial Adhesives, Sealants & Tapes","Tools, Parts & Supplies > Industrial Adhesives, Sealants & Tapes",2,1373.0,True,True,0.2825196850393701
"Staples::Tools, Parts & Supplies > Keystocks, Shims & Valves",Staples,"Keystocks, Shims & Valves","Tools, Parts & Supplies > Keystocks, Shims & Valves",2,8.0,True,True,0.19464566929133856
"Staples::Tools, Parts & Supplies > Measuring & Leveling Tools",Staples,Measuring & Leveling Tools,"Tools, Parts & Supplies > Measuring & Leveling Tools",2,55.0,False,True,0.21921259842519683
"Staples::Tools, Parts & Supplies > Measuring & Leveling Tools > Compasses, Protractors and Markers",Staples,"Compasses, Protractors and Markers","Tools, Parts & Supplies > Measuring & Leveling Tools > Compasses, Protractors and Markers",3,11.0,True,True,0.20513888888888887
"Staples::Tools, Parts & Supplies > Measuring & Leveling Tools > Dial & Digital Indicators",Staples,Dial & Digital Indicators,"Tools, Parts & Supplies > Measuring & Leveling Tools > Dial & Digital Indicators",3,55.0,True,True,0.23902777777777778
"Staples::Tools, Parts & Supplies > Measuring & Leveling Tools > Flange Pins",Staples,Flange Pins,"Tools, Parts & Supplies > Measuring & Leveling Tools > Flange Pins",3,1.0,True,True,0.18333333333333332
"Staples::Tools, Parts & Supplies > Measuring & Leveling Tools > Gauges / Gages",Staples,Gauges / Gages,"Tools, Parts & Supplies > Measuring & Leveling Tools > Gauges / Gages",3,2.0,True,True,0.18666666666666668
"Staples::Tools, Parts & Supplies > Measuring & Leveling Tools > Industrial Tape",Staples,Industrial Tape,"Tools, Parts & Supplies > Measuring & Leveling Tools > Industrial Tape",3,2.0,True,True,0.18666666666666668
"Staples::Tools, Parts & Supplies > Measuring & Leveling Tools > Medical Thermometers",Staples,Medical Thermometers,"Tools, Parts & Supplies > Measuring & Leveling Tools > Medical Thermometers",3,32.0,True,True,0.22729166666666664
"Staples::Tools, Parts & Supplies > Measuring & Leveling Tools > Plumb Bobs",Staples,Plumb Bobs,"Tools, Parts & Supplies > Measuring & Leveling Tools > Plumb Bobs",3,55.0,True,True,0.23902777777777778
"Staples::Tools, Parts & Supplies > Measuring & Leveling Tools > Ruler",Staples,Ruler,"Tools, Parts & Supplies > Measuring & Leveling Tools > Ruler",3,7.0,True,True,0.19840277777777776
"Staples::Tools, Parts & Supplies > Non Woven Disc Abrasives",Staples,Non Woven Disc Abrasives,"Tools, Parts & Supplies > Non Woven Disc Abrasives",2,1.0,True,True,0.18236220472440942
"Staples::Tools, Parts & Supplies > Non Woven Pad Abrasives",Staples,Non Woven Pad Abrasives,"Tools, Parts & Supplies > Non Woven Pad Abrasives",2,1.0,True,True,0.18236220472440942
"Staples::Tools, Parts & Supplies > Non Woven Roll Abrasive Parts & Accessories",Staples,Non Woven Roll Abrasive Parts & Accessories,"Tools, Parts & Supplies > Non Woven Roll Abrasive Parts & Accessories",2,1373.0,True,True,0.2825196850393701
"Staples::Tools, Parts & Supplies > Non Woven Wheel Abrasives",Staples,Non Woven Wheel Abrasives,"Tools, Parts & Supplies > Non Woven Wheel Abrasives",2,1.0,True,True,0.18236220472440942
"Staples::Tools, Parts & Supplies > Power Tools",Staples,Power Tools,"Tools, Parts & Supplies > Power Tools",2,27.0,False,True,0.2078740157480315
"Staples::Tools, Parts & Supplies > Power Tools > All Power Tools",Staples,All Power Tools,"Tools, Parts & Supplies > Power Tools > All Power Tools",3,27.0,True,True,0.22388888888888886
"Staples::Tools, Parts & Supplies > Power Tools > Concrete Tools",Staples,Concrete Tools,"Tools, Parts & Supplies > Power Tools > Concrete Tools",3,27.0,True,True,0.22388888888888886
"Staples::Tools, Parts & Supplies > Power Tools > Drilling and Fastening Tools",Staples,Drilling and Fastening Tools,"Tools, Parts & Supplies > Power Tools > Drilling and Fastening Tools",3,27.0,True,True,0.22388888888888886
"Staples::Tools, Parts & Supplies > Power Tools > Finishing Tools",Staples,Finishing Tools,"Tools, Parts & Supplies > Power Tools > Finishing Tools",3,27.0,True,True,0.22388888888888886
"Staples::Tools, Parts & Supplies > Power Tools > Heat Guns & Torches",Staples,Heat Guns & Torches,"Tools, Parts & Supplies > Power Tools > Heat Guns & Torches",3,1.0,True,True,0.18333333333333332
"Staples::Tools, Parts & Supplies > Power Tools > Hydraulic Drivers & Punch Kits",Staples,Hydraulic Drivers & Punch Kits,"Tools, Parts & Supplies > Power Tools > Hydraulic Drivers & Punch Kits",3,27.0,True,True,0.22388888888888886
"Staples::Tools, Parts & Supplies > Power Tools > Metal Detectors",Staples,Metal Detectors,"Tools, Parts & Supplies > Power Tools > Metal Detectors",3,6.0,True,True,0.19631944444444444
"Staples::Tools, Parts & Supplies > Power Tools > Pressure Washer Accessories / Attachments",Staples,Pressure Washer Accessories / Attachments,"Tools, Parts & Supplies > Power Tools > Pressure Washer Accessories / Attachments",3,27.0,True,True,0.22388888888888886
"Staples::Tools, Parts & Supplies > Power Tools > Sanders & Accessories",Staples,Sanders & Accessories,"Tools, Parts & Supplies > Power Tools > Sanders & Accessories",3,3.0,True,True,0.18909722222222222
"Staples::Tools, Parts & Supplies > Power Tools > Sheet Sander Parts & Accessories",Staples,Sheet Sander Parts & Accessories,"Tools, Parts & Supplies > Power Tools > Sheet Sander Parts & Accessories",3,27.0,True,True,0.22388888888888886
"Staples::Tools, Parts & Supplies > Power Tools > Soldering Guns & Irons",Staples,Soldering Guns & Irons,"Tools, Parts & Supplies > Power Tools > Soldering Guns & Irons",3,2.0,True,True,0.18666666666666668
"Staples::Tools, Parts & Supplies > Resin Bonded Abrasives",Staples,Resin Bonded Abrasives,"Tools, Parts & Supplies > Resin Bonded Abrasives",2,4.0,True,True,0.18834645669291336
"Staples::Tools, Parts & Supplies > Scratch Brushes",Staples,Scratch Brushes,"Tools, Parts & Supplies > Scratch Brushes",2,10.0,True,True,0.1979527559055118
"Staples::Tools, Parts & Supplies > Steel Wool",Staples,Steel Wool,"Tools, Parts & Supplies > Steel Wool",2,1373.0,True,True,0.2825196850393701
"Staples::Tools, Parts & Supplies > Tie Wire",Staples,Tie Wire,"Tools, Parts & Supplies > Tie Wire",2,1373.0,True,True,0.2825196850393701
"Staples::Tools, Parts & Supplies > Tool & Garage Organization",Staples,Tool & Garage Organization,"Tools, Parts & Supplies > Tool & Garage Organization",2,84.0,False,True,0.2258267716535433
"Staples::Tools, Parts & Supplies > Tool & Garage Organization > Garage Storage Equipment",Staples,Garage Storage Equipment,"Tools, Parts & Supplies > Tool & Garage Organization > Garage Storage Equipment",3,84.0,True,True,0.24861111111111112
"Staples::Tools, Parts & Supplies > Tube Brushes",Staples,Tube Brushes,"Tools, Parts & Supplies > Tube Brushes",2,5.0,True,True,0.1911811023622047
"Staples::Tools, Parts & Supplies > Vitrified Abrasives",Staples,Vitrified Abrasives,"Tools, Parts & Supplies > Vitrified Abrasives",2,1.0,True,True,0.18236220472440942
"Staples::Tools, Parts & Supplies > Welding Tools",Staples,Welding Tools,"Tools, Parts & Supplies > Welding Tools",2,1373.0,True,True,0.2825196850393701
"Staples::Tools, Parts & Supplies > Wheel Brushes",Staples,Wheel Brushes,"Tools, Parts & Supplies > Wheel Brushes",2,4.0,True,True,0.18834645669291336
Staples::TV & Streaming Media,Staples,TV & Streaming Media,TV & Streaming Media,1,1756.0,False,True,0.2292307692307692
Staples::TV & Streaming Media > DJ Equipment & Musical Instruments,Staples,DJ Equipment & Musical Instruments,TV & Streaming Media > DJ Equipment & Musical Instruments,2,104.0,False,True,0.23039370078740157
"Staples::TV & Streaming Media > DJ Equipment & Musical Instruments > Drums, Keyboards, & Guitars",Staples,"Drums, Keyboards, & Guitars","TV & Streaming Media > DJ Equipment & Musical Instruments > Drums, Keyboards, & Guitars",3,104.0,True,True,0.2529166666666667
Staples::TV & Streaming Media > DJ Equipment & Musical Instruments > Equalizers & Mixers,Staples,Equalizers & Mixers,TV & Streaming Media > DJ Equipment & Musical Instruments > Equalizers & Mixers,3,5.0,True,True,0.19381944444444443
Staples::TV & Streaming Media > DJ Equipment & Musical Instruments > Karaoke Machines,Staples,Karaoke Machines,TV & Streaming Media > DJ Equipment & Musical Instruments > Karaoke Machines,3,9.0,True,True,0.20097222222222222
Staples::TV & Streaming Media > DJ Equipment & Musical Instruments > Music Cases,Staples,Music Cases,TV & Streaming Media > DJ Equipment & Musical Instruments > Music Cases,3,104.0,True,True,0.2529166666666667
Staples::TV & Streaming Media > DJ Equipment & Musical Instruments > Stage Equipment,Staples,Stage Equipment,TV & Streaming Media > DJ Equipment & Musical Instruments > Stage Equipment,3,11.0,True,True,0.20513888888888887
Staples::TV & Streaming Media > DJ Equipment & Musical Instruments > Turn Tables & DJ Equipment,Staples,Turn Tables & DJ Equipment,TV & Streaming Media > DJ Equipment & Musical Instruments > Turn Tables & DJ Equipment,3,79.0,True,True,0.24729166666666663
Staples::TV & Streaming Media > Streaming Media Players,Staples,Streaming Media Players,TV & Streaming Media > Streaming Media Players,2,39.0,False,True,0.21244094488188975
Staples::TV & Streaming Media > Streaming Media Players > Streaming Media Players,Staples,Streaming Media Players,TV & Streaming Media > Streaming Media Players > Streaming Media Players,3,39.0,True,True,0.23104166666666667
Staples::TV & Streaming Media > TV & Video,Staples,TV & Video,TV & Streaming Media > TV & Video,2,1108.0,False,True,0.27858267716535434
Staples::TV & Streaming Media > TV & Video > Car CD Players & Monitors,Staples,Car CD Players & Monitors,TV & Streaming Media > TV & Video > Car CD Players & Monitors,3,5.0,True,True,0.19381944444444443
Staples::TV & Streaming Media > TV & Video > Digital Signage,Staples,Digital Signage,TV & Streaming Media > TV & Video > Digital Signage,3,233.0,True,True,0.27194444444444443
Staples::TV & Streaming Media > TV & Video > DVD & Blu-Ray Players,Staples,DVD & Blu-Ray Players,TV & Streaming Media > TV & Video > DVD & Blu-Ray Players,3,14.0,True,True,0.20930555555555555
Staples::TV & Streaming Media > TV & Video > Smart Boards,Staples,Smart Boards,TV & Streaming Media > TV & Video > Smart Boards,3,27.0,True,True,0.22388888888888886
Staples::TV & Streaming Media > TV & Video > TV Accessories,Staples,TV Accessories,TV & Streaming Media > TV & Video > TV Accessories,3,152.0,True,True,0.263125
Staples::TV & Streaming Media > TV & Video > TV Wall Mounts,Staples,TV Wall Mounts,TV & Streaming Media > TV & Video > TV Wall Mounts,3,275.0,True,True,0.2734722222222222
Staples::TV & Streaming Media > TV & Video > TVs,Staples,TVs,TV & Streaming Media > TV & Video > TVs,3,167.0,True,True,0.26458333333333334
Staples::Wearable Technology,Staples,Wearable Technology,Wearable Technology,1,617.0,False,True,0.20153846153846153
Staples::Wearable Technology > Action Cameras,Staples,Action Cameras,Wearable Technology > Action Cameras,2,7.0,True,True,0.19385826771653542
Staples::Wearable Technology > Camera Glasses,Staples,Camera Glasses,Wearable Technology > Camera Glasses,2,2.0,True,True,0.18472440944881888
Staples::Wearable Technology > Heart Rate Monitors,Staples,Heart Rate Monitors,Wearable Technology > Heart Rate Monitors,2,2.0,True,True,0.18472440944881888
Staples::Wearable Technology > Pedometers & Fitness Trackers,Staples,Pedometers & Fitness Trackers,Wearable Technology > Pedometers & Fitness Trackers,2,6.0,True,True,0.19275590551181102
Staples::Wearable Technology > Smart Rings,Staples,Smart Rings,Wearable Technology > Smart Rings,2,71.0,True,True,0.2226771653543307
Staples::Wearable Technology > Smart Watches,Staples,Smart Watches,Wearable Technology > Smart Watches,2,519.0,True,True,0.2615748031496063
Staples::Wearable Technology > Sports & Handheld GPS,Staples,Sports & Handheld GPS,Wearable Technology > Sports & Handheld GPS,2,10.0,True,True,0.1979527559055118
Staples::Workwear,Staples,Workwear,Workwear,1,407.0,False,True,0.19538461538461538
Staples::Workwear > Flame Resistant Clothing,Staples,Flame Resistant Clothing,Workwear > Flame Resistant Clothing,2,407.0,True,True,0.25622047244094487
Staples::Workwear > Occupational Workwear,Staples,Occupational Workwear,Workwear > Occupational Workwear,2,218.0,False,True,0.24377952755905513
Staples::Workwear > Occupational Workwear > Healthcare Apparel,Staples,Healthcare Apparel,Workwear > Occupational Workwear > Healthcare Apparel,3,214.0,False,True,0.2701388888888889
Staples::Workwear > Occupational Workwear > Healthcare Apparel > Lab Coats,Staples,Lab Coats,Workwear > Occupational Workwear > Healthcare Apparel > Lab Coats,4,7.0,True,True,0.21954782608695653
Staples::Workwear > Occupational Workwear > Healthcare Apparel > Medical Gowns & Aprons,Staples,Medical Gowns & Aprons,Workwear > Occupational Workwear > Healthcare Apparel > Medical Gowns & Aprons,4,21.0,True,True,0.24386086956521738
Staples::Workwear > Occupational Workwear > Healthcare Apparel > Patient Apparel,Staples,Patient Apparel,Workwear > Occupational Workwear > Healthcare Apparel > Patient Apparel,4,10.0,True,True,0.2260173913043478
Staples::Workwear > Occupational Workwear > Healthcare Apparel > Scrubs & Medical Staff Apparel,Staples,Scrubs & Medical Staff Apparel,Workwear > Occupational Workwear > Healthcare Apparel > Scrubs & Medical Staff Apparel,4,176.0,True,True,0.28486956521739126
Staples::Workwear > Occupational Workwear > Painters Apparel,Staples,Painters Apparel,Workwear > Occupational Workwear > Painters Apparel,3,218.0,True,True,0.270625
Staples::Workwear > Occupational Workwear > Safety,Staples,Safety,Workwear > Occupational Workwear > Safety,3,218.0,True,True,0.270625
OfficeDepot::Breakroom,OfficeDepot,Breakroom,Breakroom,1,4187.0,False,True,
OfficeDepot::Breakroom > Appliances,OfficeDepot,Appliances,Breakroom > Appliances,2,1104.0,False,True,
OfficeDepot::Breakroom > Appliances > Heating & Cooling,OfficeDepot,Heating & Cooling,Breakroom > Appliances > Heating & Cooling,3,383.0,False,True,
OfficeDepot::Breakroom > Appliances > Heating & Cooling > Air Conditioners & Accessories,OfficeDepot,Air Conditioners & Accessories,Breakroom > Appliances > Heating & Cooling > Air Conditioners & Accessories,4,122.0,True,True,
OfficeDepot::Breakroom > Appliances > Heating & Cooling > Air Purifiers & Filters,OfficeDepot,Air Purifiers & Filters,Breakroom > Appliances > Heating & Cooling > Air Purifiers & Filters,4,54.0,True,True,
OfficeDepot::Breakroom > Appliances > Heating & Cooling > Fans,OfficeDepot,Fans,Breakroom > Appliances > Heating & Cooling > Fans,4,99.0,True,True,
OfficeDepot::Breakroom > Appliances > Heating & Cooling > Heaters,OfficeDepot,Heaters,Breakroom > Appliances > Heating & Cooling > Heaters,4,86.0,True,True,
OfficeDepot::Breakroom > Appliances > Heating & Cooling > Humidifiers,OfficeDepot,Humidifiers,Breakroom > Appliances > Heating & Cooling > Humidifiers,4,22.0,True,True,
OfficeDepot::Breakroom > Appliances > Kitchen,OfficeDepot,Kitchen,Breakroom > Appliances > Kitchen,3,675.0,False,True,
OfficeDepot::Breakroom > Appliances > Kitchen > Blenders,OfficeDepot,Blenders,Breakroom > Appliances > Kitchen > Blenders,4,90.0,True,True,
OfficeDepot::Breakroom > Appliances > Kitchen > Can Openers,OfficeDepot,Can Openers,Breakroom > Appliances > Kitchen > Can Openers,4,13.0,True,True,
OfficeDepot::Breakroom > Appliances > Kitchen > Coffee Grinders,OfficeDepot,Coffee Grinders,Breakroom > Appliances > Kitchen > Coffee Grinders,4,3.0,True,True,
OfficeDepot::Breakroom > Appliances > Kitchen > Coffee Makers,OfficeDepot,Coffee Makers,Breakroom > Appliances > Kitchen > Coffee Makers,4,115.0,True,True,
OfficeDepot::Breakroom > Appliances > Kitchen > Cookers,OfficeDepot,Cookers,Breakroom > Appliances > Kitchen > Cookers,4,67.0,True,True,
OfficeDepot::Breakroom > Appliances > Kitchen > Dishwashers,OfficeDepot,Dishwashers,Breakroom > Appliances > Kitchen > Dishwashers,4,7.0,True,True,
OfficeDepot::Breakroom > Appliances > Kitchen > Food Processors,OfficeDepot,Food Processors,Breakroom > Appliances > Kitchen > Food Processors,4,20.0,True,True,
OfficeDepot::Breakroom > Appliances > Kitchen > Food Slicers,OfficeDepot,Food Slicers,Breakroom > Appliances > Kitchen > Food Slicers,4,3.0,True,True,
OfficeDepot::Breakroom > Appliances > Kitchen > Grills,OfficeDepot,Grills,Breakroom > Appliances > Kitchen > Grills,4,30.0,True,True,
OfficeDepot::Breakroom > Appliances > Kitchen > Ice Makers,OfficeDepot,Ice Makers,Breakroom > Appliances > Kitchen > Ice Makers,4,27.0,True,True,
OfficeDepot::Breakroom > Appliances > Kitchen > Microwaves,OfficeDepot,Microwaves,Breakroom > Appliances > Kitchen > Microwaves,4,71.0,True,True,
OfficeDepot::Breakroom > Appliances > Kitchen > Refrigerators,OfficeDepot,Refrigerators,Breakroom > Appliances > Kitchen > Refrigerators,4,111.0,True,True,
OfficeDepot::Breakroom > Appliances > Kitchen > Stoves,OfficeDepot,Stoves,Breakroom > Appliances > Kitchen > Stoves,4,28.0,True,True,
OfficeDepot::Breakroom > Appliances > Kitchen > Toasters & Toaster Ovens,OfficeDepot,Toasters & Toaster Ovens,Breakroom > Appliances > Kitchen > Toasters & Toaster Ovens,4,44.0,True,True,
OfficeDepot::Breakroom > Appliances > Kitchen > Water Filters & Dispensers,OfficeDepot,Water Filters & Dispensers,Breakroom > Appliances > Kitchen > Water Filters & Dispensers,4,46.0,True,True,
OfficeDepot::Breakroom > Appliances > Laundry,OfficeDepot,Laundry,Breakroom > Appliances > Laundry,3,47.0,False,True,
OfficeDepot::Breakroom > Appliances > Laundry > Dryers,OfficeDepot,Dryers,Breakroom > Appliances > Laundry > Dryers,4,6.0,True,True,
OfficeDepot::Breakroom > Appliances > Laundry > Fabric Steamers,OfficeDepot,Fabric Steamers,Breakroom > Appliances > Laundry > Fabric Steamers,4,12.0,True,True,
OfficeDepot::Breakroom > Appliances > Laundry > Irons,OfficeDepot,Irons,Breakroom > Appliances > Laundry > Irons,4,7.0,True,True,
OfficeDepot::Breakroom > Appliances > Laundry > Sewing Machines,OfficeDepot,Sewing Machines,Breakroom > Appliances > Laundry > Sewing Machines,4,18.0,True,True,
OfficeDepot::Breakroom > Appliances > Laundry > Washers,OfficeDepot,Washers,Breakroom > Appliances > Laundry > Washers,4,4.0,True,True,
OfficeDepot::Breakroom > Beverages,OfficeDepot,Beverages,Breakroom > Beverages,2,290.0,False,True,
OfficeDepot::Breakroom > Beverages > Energy & Nutrition Drinks,OfficeDepot,Energy & Nutrition Drinks,Breakroom > Beverages > Energy & Nutrition Drinks,3,59.0,True,True,
OfficeDepot::Breakroom > Beverages > Hot Chocolate,OfficeDepot,Hot Chocolate,Breakroom > Beverages > Hot Chocolate,3,18.0,True,True,
OfficeDepot::Breakroom > Beverages > Juice,OfficeDepot,Juice,Breakroom > Beverages > Juice,3,43.0,True,True,
OfficeDepot::Breakroom > Beverages > Soda,OfficeDepot,Soda,Breakroom > Beverages > Soda,3,35.0,True,True,
OfficeDepot::Breakroom > Beverages > Tea,OfficeDepot,Tea,Breakroom > Beverages > Tea,3,76.0,True,True,
OfficeDepot::Breakroom > Beverages > Water,OfficeDepot,Water,Breakroom > Beverages > Water,3,59.0,True,True,
OfficeDepot::Breakroom > Candy & Snacks,OfficeDepot,Candy & Snacks,Breakroom > Candy & Snacks,2,802.0,False,True,
OfficeDepot::Breakroom > Candy & Snacks > Chips & Pretzels,OfficeDepot,Chips & Pretzels,Breakroom > Candy & Snacks > Chips & Pretzels,3,117.0,True,True,
OfficeDepot::Breakroom > Candy & Snacks > Chocolate & Caramels,OfficeDepot,Chocolate & Caramels,Breakroom > Candy & Snacks > Chocolate & Caramels,3,137.0,True,True,
OfficeDepot::Breakroom > Candy & Snacks > Cookies,OfficeDepot,Cookies,Breakroom > Candy & Snacks > Cookies,3,74.0,True,True,
OfficeDepot::Breakroom > Candy & Snacks > Crackers,OfficeDepot,Crackers,Breakroom > Candy & Snacks > Crackers,3,57.0,True,True,
OfficeDepot::Breakroom > Candy & Snacks > Gift Baskets,OfficeDepot,Gift Baskets,Breakroom > Candy & Snacks > Gift Baskets,3,4.0,True,True,
OfficeDepot::Breakroom > Candy & Snacks > Gum & Mints,OfficeDepot,Gum & Mints,Breakroom > Candy & Snacks > Gum & Mints,3,60.0,True,True,
OfficeDepot::Breakroom > Candy & Snacks > Hard Candy,OfficeDepot,Hard Candy,Breakroom > Candy & Snacks > Hard Candy,3,32.0,True,True,
OfficeDepot::Breakroom > Candy & Snacks > Licorice & Gummy Snacks,OfficeDepot,Licorice & Gummy Snacks,Breakroom > Candy & Snacks > Licorice & Gummy Snacks,3,73.0,True,True,
OfficeDepot::Breakroom > Candy & Snacks > Nuts & Bars,OfficeDepot,Nuts & Bars,Breakroom > Candy & Snacks > Nuts & Bars,3,216.0,True,True,
OfficeDepot::Breakroom > Candy & Snacks > Popcorn,OfficeDepot,Popcorn,Breakroom > Candy & Snacks > Popcorn,3,32.0,True,True,
OfficeDepot::Breakroom > Coffee & Coffee Supplies,OfficeDepot,Coffee & Coffee Supplies,Breakroom > Coffee & Coffee Supplies,2,728.0,False,True,
OfficeDepot::Breakroom > Coffee & Coffee Supplies > Carafes,OfficeDepot,Carafes,Breakroom > Coffee & Coffee Supplies > Carafes,3,14.0,True,True,
OfficeDepot::Breakroom > Coffee & Coffee Supplies > Coffee,OfficeDepot,Coffee,Breakroom > Coffee & Coffee Supplies > Coffee,3,434.0,True,True,
OfficeDepot::Breakroom > Coffee & Coffee Supplies > Coffee Filters,OfficeDepot,Coffee Filters,Breakroom > Coffee & Coffee Supplies > Coffee Filters,3,16.0,True,True,
OfficeDepot::Breakroom > Coffee & Coffee Supplies > Coffee Organizers,OfficeDepot,Coffee Organizers,Breakroom > Coffee & Coffee Supplies > Coffee Organizers,3,7.0,True,True,
OfficeDepot::Breakroom > Coffee & Coffee Supplies > Coffee Pots,OfficeDepot,Coffee Pots,Breakroom > Coffee & Coffee Supplies > Coffee Pots,3,8.0,True,True,
OfficeDepot::Breakroom > Coffee & Coffee Supplies > Creamers,OfficeDepot,Creamers,Breakroom > Coffee & Coffee Supplies > Creamers,3,83.0,True,True,
OfficeDepot::Breakroom > Coffee & Coffee Supplies > Hot Cups & Lids,OfficeDepot,Hot Cups & Lids,Breakroom > Coffee & Coffee Supplies > Hot Cups & Lids,3,125.0,True,True,
OfficeDepot::Breakroom > Coffee & Coffee Supplies > Stir Sticks,OfficeDepot,Stir Sticks,Breakroom > Coffee & Coffee Supplies > Stir Sticks,3,13.0,True,True,
OfficeDepot::Breakroom > Coffee & Coffee Supplies > Sugar & Sweeteners,OfficeDepot,Sugar & Sweeteners,Breakroom > Coffee & Coffee Supplies > Sugar & Sweeteners,3,36.0,True,True,
OfficeDepot::Breakroom > Cookware,OfficeDepot,Cookware,Breakroom > Cookware,2,114.0,False,True,
OfficeDepot::Breakroom > Cookware > Bakeware,OfficeDepot,Bakeware,Breakroom > Cookware > Bakeware,3,32.0,True,True,
OfficeDepot::Breakroom > Cookware > Kitchen Scales,OfficeDepot,Kitchen Scales,Breakroom > Cookware > Kitchen Scales,3,7.0,True,True,
OfficeDepot::Breakroom > Cookware > Pots & Pans,OfficeDepot,Pots & Pans,Breakroom > Cookware > Pots & Pans,3,59.0,True,True,
OfficeDepot::Breakroom > Cookware > Teapots & Kettles,OfficeDepot,Teapots & Kettles,Breakroom > Cookware > Teapots & Kettles,3,16.0,True,True,
"OfficeDepot::Breakroom > Cups, Plates & Cutlery",OfficeDepot,"Cups, Plates & Cutlery","Breakroom > Cups, Plates & Cutlery",2,911.0,False,True,
"OfficeDepot::Breakroom > Cups, Plates & Cutlery > Bowls",OfficeDepot,Bowls,"Breakroom > Cups, Plates & Cutlery > Bowls",3,18.0,True,True,
"OfficeDepot::Breakroom > Cups, Plates & Cutlery > Cooking Utensils",OfficeDepot,Cooking Utensils,"Breakroom > Cups, Plates & Cutlery > Cooking Utensils",3,28.0,True,True,
"OfficeDepot::Breakroom > Cups, Plates & Cutlery > Cups",OfficeDepot,Cups,"Breakroom > Cups, Plates & Cutlery > Cups",3,272.0,True,True,
"OfficeDepot::Breakroom > Cups, Plates & Cutlery > Cutlery",OfficeDepot,Cutlery,"Breakroom > Cups, Plates & Cutlery > Cutlery",3,150.0,True,True,
"OfficeDepot::Breakroom > Cups, Plates & Cutlery > Dinnerware",OfficeDepot,Dinnerware,"Breakroom > Cups, Plates & Cutlery > Dinnerware",3,5.0,True,True,
"OfficeDepot::Breakroom > Cups, Plates & Cutlery > Food Storage",OfficeDepot,Food Storage,"Breakroom > Cups, Plates & Cutlery > Food Storage",3,206.0,True,True,
"OfficeDepot::Breakroom > Cups, Plates & Cutlery > Napkins",OfficeDepot,Napkins,"Breakroom > Cups, Plates & Cutlery > Napkins",3,43.0,True,True,
"OfficeDepot::Breakroom > Cups, Plates & Cutlery > Plates",OfficeDepot,Plates,"Breakroom > Cups, Plates & Cutlery > Plates",3,57.0,True,True,
"OfficeDepot::Breakroom > Cups, Plates & Cutlery > Serveware",OfficeDepot,Serveware,"Breakroom > Cups, Plates & Cutlery > Serveware",3,55.0,True,True,
"OfficeDepot::Breakroom > Cups, Plates & Cutlery > Tablecloths",OfficeDepot,Tablecloths,"Breakroom > Cups, Plates & Cutlery > Tablecloths",3,10.0,True,True,
"OfficeDepot::Breakroom > Cups, Plates & Cutlery > Water Bottles",OfficeDepot,Water Bottles,"Breakroom > Cups, Plates & Cutlery > Water Bottles",3,67.0,True,True,
OfficeDepot::Breakroom > First Aid,OfficeDepot,First Aid,Breakroom > First Aid,2,117.0,False,True,
OfficeDepot::Breakroom > First Aid > Bandages,OfficeDepot,Bandages,Breakroom > First Aid > Bandages,3,26.0,True,True,
OfficeDepot::Breakroom > First Aid > First Aid Kits,OfficeDepot,First Aid Kits,Breakroom > First Aid > First Aid Kits,3,46.0,True,True,
OfficeDepot::Breakroom > First Aid > Medicine,OfficeDepot,Medicine,Breakroom > First Aid > Medicine,3,44.0,False,True,
OfficeDepot::Breakroom > First Aid > Medicine > Antacids,OfficeDepot,Antacids,Breakroom > First Aid > Medicine > Antacids,4,5.0,True,True,
OfficeDepot::Breakroom > First Aid > Medicine > Aspirin & Pain Relievers,OfficeDepot,Aspirin & Pain Relievers,Breakroom > First Aid > Medicine > Aspirin & Pain Relievers,4,25.0,True,True,
OfficeDepot::Breakroom > First Aid > Medicine > Cold & Sinus Medicine,OfficeDepot,Cold & Sinus Medicine,Breakroom > First Aid > Medicine > Cold & Sinus Medicine,4,15.0,True,True,
OfficeDepot::Breakroom > Fresh & Frozen Foods,OfficeDepot,Fresh & Frozen Foods,Breakroom > Fresh & Frozen Foods,2,113.0,False,True,
OfficeDepot::Breakroom > Fresh & Frozen Foods > Bakery & Breads,OfficeDepot,Bakery & Breads,Breakroom > Fresh & Frozen Foods > Bakery & Breads,3,10.0,True,True,
OfficeDepot::Breakroom > Fresh & Frozen Foods > Breakfast & Cereal,OfficeDepot,Breakfast & Cereal,Breakroom > Fresh & Frozen Foods > Breakfast & Cereal,3,13.0,True,True,
OfficeDepot::Breakroom > Fresh & Frozen Foods > Dairy,OfficeDepot,Dairy,Breakroom > Fresh & Frozen Foods > Dairy,3,10.0,True,True,
OfficeDepot::Breakroom > Fresh & Frozen Foods > Frozen Meals & Snacks,OfficeDepot,Frozen Meals & Snacks,Breakroom > Fresh & Frozen Foods > Frozen Meals & Snacks,3,9.0,True,True,
OfficeDepot::Breakroom > Fresh & Frozen Foods > Fruits & Vegetables,OfficeDepot,Fruits & Vegetables,Breakroom > Fresh & Frozen Foods > Fruits & Vegetables,3,1.0,True,True,
OfficeDepot::Breakroom > Fresh & Frozen Foods > Meats & Deli,OfficeDepot,Meats & Deli,Breakroom > Fresh & Frozen Foods > Meats & Deli,3,3.0,True,True,
OfficeDepot::Breakroom > Fresh & Frozen Foods > Pantry,OfficeDepot,Pantry,Breakroom > Fresh & Frozen Foods > Pantry,3,67.0,True,True,
OfficeDepot::Breakroom > Party Supplies,OfficeDepot,Party Supplies,Breakroom > Party Supplies,2,136.0,False,True,
"OfficeDepot::Breakroom > Party Supplies > Gift Wrap, Bags, & Tissue Paper",OfficeDepot,"Gift Wrap, Bags, & Tissue Paper","Breakroom > Party Supplies > Gift Wrap, Bags, & Tissue Paper",3,18.0,True,True,
OfficeDepot::Breakroom > Party Supplies > Party Decorations,OfficeDepot,Party Decorations,Breakroom > Party Supplies > Party Decorations,3,118.0,True,True,
OfficeDepot::Cleaning,OfficeDepot,Cleaning,Cleaning,1,4139.0,False,True,
OfficeDepot::Cleaning > Air Fresheners,OfficeDepot,Air Fresheners,Cleaning > Air Fresheners,2,137.0,True,True,
OfficeDepot::Cleaning > Cleaning Supplies,OfficeDepot,Cleaning Supplies,Cleaning > Cleaning Supplies,2,837.0,False,True,
OfficeDepot::Cleaning > Cleaning Supplies > All-Purpose Cleaners,OfficeDepot,All-Purpose Cleaners,Cleaning > Cleaning Supplies > All-Purpose Cleaners,3,321.0,True,True,
OfficeDepot::Cleaning > Cleaning Supplies > Bathroom Cleaners,OfficeDepot,Bathroom Cleaners,Cleaning > Cleaning Supplies > Bathroom Cleaners,3,221.0,True,True,
OfficeDepot::Cleaning > Cleaning Supplies > Car Cleaners,OfficeDepot,Car Cleaners,Cleaning > Cleaning Supplies > Car Cleaners,3,4.0,True,True,
OfficeDepot::Cleaning > Cleaning Supplies > Cleaning Wipes,OfficeDepot,Cleaning Wipes,Cleaning > Cleaning Supplies > Cleaning Wipes,3,179.0,True,True,
OfficeDepot::Cleaning > Cleaning Supplies > Dish Detergents,OfficeDepot,Dish Detergents,Cleaning > Cleaning Supplies > Dish Detergents,3,64.0,True,True,
OfficeDepot::Cleaning > Cleaning Supplies > Floor Cleaners,OfficeDepot,Floor Cleaners,Cleaning > Cleaning Supplies > Floor Cleaners,3,68.0,True,True,
OfficeDepot::Cleaning > Cleaning Supplies > Furniture Cleaners,OfficeDepot,Furniture Cleaners,Cleaning > Cleaning Supplies > Furniture Cleaners,3,7.0,True,True,
OfficeDepot::Cleaning > Cleaning Supplies > Glass Cleaners,OfficeDepot,Glass Cleaners,Cleaning > Cleaning Supplies > Glass Cleaners,3,44.0,True,True,
OfficeDepot::Cleaning > Cleaning Supplies > Kitchen Cleaners,OfficeDepot,Kitchen Cleaners,Cleaning > Cleaning Supplies > Kitchen Cleaners,3,318.0,True,True,
OfficeDepot::Cleaning > Cleaning Supplies > Natural Cleaners,OfficeDepot,Natural Cleaners,Cleaning > Cleaning Supplies > Natural Cleaners,3,16.0,True,True,
OfficeDepot::Cleaning > Cleaning Tools,OfficeDepot,Cleaning Tools,Cleaning > Cleaning Tools,2,579.0,False,True,
OfficeDepot::Cleaning > Cleaning Tools > Cloths,OfficeDepot,Cloths,Cleaning > Cleaning Tools > Cloths,3,15.0,True,True,
OfficeDepot::Cleaning > Cleaning Tools > Dusters,OfficeDepot,Dusters,Cleaning > Cleaning Tools > Dusters,3,32.0,True,True,
OfficeDepot::Cleaning > Cleaning Tools > Floor Care,OfficeDepot,Floor Care,Cleaning > Cleaning Tools > Floor Care,3,409.0,True,True,
OfficeDepot::Cleaning > Cleaning Tools > Laundry Organizers,OfficeDepot,Laundry Organizers,Cleaning > Cleaning Tools > Laundry Organizers,3,23.0,True,True,
OfficeDepot::Cleaning > Cleaning Tools > Sponges,OfficeDepot,Sponges,Cleaning > Cleaning Tools > Sponges,3,54.0,True,True,
OfficeDepot::Cleaning > Cleaning Tools > Spray Bottles,OfficeDepot,Spray Bottles,Cleaning > Cleaning Tools > Spray Bottles,3,40.0,True,True,
OfficeDepot::Cleaning > Cleaning Tools > Squeegees,OfficeDepot,Squeegees,Cleaning > Cleaning Tools > Squeegees,3,6.0,True,True,
OfficeDepot::Cleaning > Facial Tissues,OfficeDepot,Facial Tissues,Cleaning > Facial Tissues,2,35.0,True,True,
OfficeDepot::Cleaning > Facility Supplies,OfficeDepot,Facility Supplies,Cleaning > Facility Supplies,2,281.0,False,True,
OfficeDepot::Cleaning > Facility Supplies > Electrical Switches,OfficeDepot,Electrical Switches,Cleaning > Facility Supplies > Electrical Switches,3,7.0,True,True,
OfficeDepot::Cleaning > Facility Supplies > Flashlights & Emergency Products,OfficeDepot,Flashlights & Emergency Products,Cleaning > Facility Supplies > Flashlights & Emergency Products,3,55.0,True,True,
OfficeDepot::Cleaning > Facility Supplies > Housekeeping Carts,OfficeDepot,Housekeeping Carts,Cleaning > Facility Supplies > Housekeeping Carts,3,9.0,True,True,
OfficeDepot::Cleaning > Facility Supplies > Janitorial Carts,OfficeDepot,Janitorial Carts,Cleaning > Facility Supplies > Janitorial Carts,3,6.0,True,True,
OfficeDepot::Cleaning > Facility Supplies > Key Control & Locks,OfficeDepot,Key Control & Locks,Cleaning > Facility Supplies > Key Control & Locks,3,54.0,True,True,
OfficeDepot::Cleaning > Facility Supplies > Ladders & Step Stools,OfficeDepot,Ladders & Step Stools,Cleaning > Facility Supplies > Ladders & Step Stools,3,9.0,True,True,
OfficeDepot::Cleaning > Facility Supplies > Lighting,OfficeDepot,Lighting,Cleaning > Facility Supplies > Lighting,3,12.0,False,True,
OfficeDepot::Cleaning > Facility Supplies > Lighting > Light Bulbs,OfficeDepot,Light Bulbs,Cleaning > Facility Supplies > Lighting > Light Bulbs,4,12.0,True,True,
OfficeDepot::Cleaning > Facility Supplies > Mats,OfficeDepot,Mats,Cleaning > Facility Supplies > Mats,3,88.0,True,True,
OfficeDepot::Cleaning > Facility Supplies > Pesticides & Repellents,OfficeDepot,Pesticides & Repellents,Cleaning > Facility Supplies > Pesticides & Repellents,3,13.0,True,True,
OfficeDepot::Cleaning > Facility Supplies > Sealants,OfficeDepot,Sealants,Cleaning > Facility Supplies > Sealants,3,11.0,True,True,
OfficeDepot::Cleaning > Facility Supplies > Smoking Receptacles,OfficeDepot,Smoking Receptacles,Cleaning > Facility Supplies > Smoking Receptacles,3,3.0,True,True,
OfficeDepot::Cleaning > Facility Supplies > Striping Paint & Tape,OfficeDepot,Striping Paint & Tape,Cleaning > Facility Supplies > Striping Paint & Tape,3,5.0,True,True,
OfficeDepot::Cleaning > Facility Supplies > Surface Protectors,OfficeDepot,Surface Protectors,Cleaning > Facility Supplies > Surface Protectors,3,8.0,True,True,
OfficeDepot::Cleaning > Facility Supplies > Workplace Posters,OfficeDepot,Workplace Posters,Cleaning > Facility Supplies > Workplace Posters,3,1.0,True,True,
OfficeDepot::Cleaning > Hand Sanitizers,OfficeDepot,Hand Sanitizers,Cleaning > Hand Sanitizers,2,136.0,True,True,
OfficeDepot::Cleaning > Hand Soap,OfficeDepot,Hand Soap,Cleaning > Hand Soap,2,256.0,True,True,
OfficeDepot::Cleaning > Material Handling,OfficeDepot,Material Handling,Cleaning > Material Handling,2,21.0,False,True,
OfficeDepot::Cleaning > Material Handling > Carts & Trucks,OfficeDepot,Carts & Trucks,Cleaning > Material Handling > Carts & Trucks,3,11.0,False,True,
OfficeDepot::Cleaning > Material Handling > Carts & Trucks > Hand Trucks,OfficeDepot,Hand Trucks,Cleaning > Material Handling > Carts & Trucks > Hand Trucks,4,10.0,True,True,
OfficeDepot::Cleaning > Material Handling > Carts & Trucks > Truck Wheels,OfficeDepot,Truck Wheels,Cleaning > Material Handling > Carts & Trucks > Truck Wheels,4,1.0,True,True,
"OfficeDepot::Cleaning > Material Handling > Chain, Cable, Rope & Accessories",OfficeDepot,"Chain, Cable, Rope & Accessories","Cleaning > Material Handling > Chain, Cable, Rope & Accessories",3,10.0,False,True,
"OfficeDepot::Cleaning > Material Handling > Chain, Cable, Rope & Accessories > Rope, Line & Twine",OfficeDepot,"Rope, Line & Twine","Cleaning > Material Handling > Chain, Cable, Rope & Accessories > Rope, Line & Twine",4,2.0,True,True,
"OfficeDepot::Cleaning > Material Handling > Chain, Cable, Rope & Accessories > Straps & Bungee Cords",OfficeDepot,Straps & Bungee Cords,"Cleaning > Material Handling > Chain, Cable, Rope & Accessories > Straps & Bungee Cords",4,8.0,True,True,
OfficeDepot::Cleaning > Medical Supplies,OfficeDepot,Medical Supplies,Cleaning > Medical Supplies,2,479.0,False,True,
OfficeDepot::Cleaning > Medical Supplies > Baby Supplies,OfficeDepot,Baby Supplies,Cleaning > Medical Supplies > Baby Supplies,3,9.0,False,True,
OfficeDepot::Cleaning > Medical Supplies > Baby Supplies > Baby High Chairs,OfficeDepot,Baby High Chairs,Cleaning > Medical Supplies > Baby Supplies > Baby High Chairs,4,1.0,True,True,
OfficeDepot::Cleaning > Medical Supplies > Baby Supplies > Baby Wipes,OfficeDepot,Baby Wipes,Cleaning > Medical Supplies > Baby Supplies > Baby Wipes,4,4.0,True,True,
OfficeDepot::Cleaning > Medical Supplies > Baby Supplies > Changing Stations,OfficeDepot,Changing Stations,Cleaning > Medical Supplies > Baby Supplies > Changing Stations,4,1.0,True,True,
OfficeDepot::Cleaning > Medical Supplies > Baby Supplies > Sound Machines,OfficeDepot,Sound Machines,Cleaning > Medical Supplies > Baby Supplies > Sound Machines,4,3.0,True,True,
OfficeDepot::Cleaning > Medical Supplies > Diagnostic,OfficeDepot,Diagnostic,Cleaning > Medical Supplies > Diagnostic,3,25.0,False,True,
OfficeDepot::Cleaning > Medical Supplies > Diagnostic > Blood Pressure Supplies,OfficeDepot,Blood Pressure Supplies,Cleaning > Medical Supplies > Diagnostic > Blood Pressure Supplies,4,8.0,True,True,
OfficeDepot::Cleaning > Medical Supplies > Diagnostic > Defibrillators,OfficeDepot,Defibrillators,Cleaning > Medical Supplies > Diagnostic > Defibrillators,4,3.0,True,True,
OfficeDepot::Cleaning > Medical Supplies > Diagnostic > Health Screenings,OfficeDepot,Health Screenings,Cleaning > Medical Supplies > Diagnostic > Health Screenings,4,2.0,True,True,
OfficeDepot::Cleaning > Medical Supplies > Diagnostic > Lab Supplies,OfficeDepot,Lab Supplies,Cleaning > Medical Supplies > Diagnostic > Lab Supplies,4,2.0,True,True,
OfficeDepot::Cleaning > Medical Supplies > Diagnostic > Measuring Devices,OfficeDepot,Measuring Devices,Cleaning > Medical Supplies > Diagnostic > Measuring Devices,4,6.0,True,True,
OfficeDepot::Cleaning > Medical Supplies > Diagnostic > Thermometers,OfficeDepot,Thermometers,Cleaning > Medical Supplies > Diagnostic > Thermometers,4,4.0,True,True,
OfficeDepot::Cleaning > Medical Supplies > Incontinence,OfficeDepot,Incontinence,Cleaning > Medical Supplies > Incontinence,3,1.0,False,True,
OfficeDepot::Cleaning > Medical Supplies > Incontinence > Briefs & Underwear,OfficeDepot,Briefs & Underwear,Cleaning > Medical Supplies > Incontinence > Briefs & Underwear,4,1.0,True,True,
OfficeDepot::Cleaning > Medical Supplies > Incontinence > Pads,OfficeDepot,Pads,Cleaning > Medical Supplies > Incontinence > Pads,4,1.0,True,True,
OfficeDepot::Cleaning > Medical Supplies > Infection Control,OfficeDepot,Infection Control,Cleaning > Medical Supplies > Infection Control,3,188.0,False,True,
OfficeDepot::Cleaning > Medical Supplies > Infection Control > Antibacterial Wipes,OfficeDepot,Antibacterial Wipes,Cleaning > Medical Supplies > Infection Control > Antibacterial Wipes,4,74.0,True,True,
OfficeDepot::Cleaning > Medical Supplies > Infection Control > Biohazard Supplies,OfficeDepot,Biohazard Supplies,Cleaning > Medical Supplies > Infection Control > Biohazard Supplies,4,5.0,True,True,
OfficeDepot::Cleaning > Medical Supplies > Infection Control > Sharps Containers,OfficeDepot,Sharps Containers,Cleaning > Medical Supplies > Infection Control > Sharps Containers,4,1.0,True,True,
OfficeDepot::Cleaning > Medical Supplies > Medical Furniture,OfficeDepot,Medical Furniture,Cleaning > Medical Supplies > Medical Furniture,3,23.0,False,True,
OfficeDepot::Cleaning > Medical Supplies > Medical Furniture > Exam Room,OfficeDepot,Exam Room,Cleaning > Medical Supplies > Medical Furniture > Exam Room,4,10.0,True,True,
OfficeDepot::Cleaning > Medical Supplies > Medical Furniture > Linens,OfficeDepot,Linens,Cleaning > Medical Supplies > Medical Furniture > Linens,4,2.0,True,True,
OfficeDepot::Cleaning > Medical Supplies > Medical Furniture > Medical Carts,OfficeDepot,Medical Carts,Cleaning > Medical Supplies > Medical Furniture > Medical Carts,4,2.0,True,True,
OfficeDepot::Cleaning > Medical Supplies > Medical Furniture > Medical Chairs,OfficeDepot,Medical Chairs,Cleaning > Medical Supplies > Medical Furniture > Medical Chairs,4,1.0,True,True,
OfficeDepot::Cleaning > Medical Supplies > Medical Furniture > Pillows & Bed Pads,OfficeDepot,Pillows & Bed Pads,Cleaning > Medical Supplies > Medical Furniture > Pillows & Bed Pads,4,9.0,True,True,
OfficeDepot::Cleaning > Medical Supplies > Medical Wear,OfficeDepot,Medical Wear,Cleaning > Medical Supplies > Medical Wear,3,9.0,False,True,
OfficeDepot::Cleaning > Medical Supplies > Medical Wear > Gowns,OfficeDepot,Gowns,Cleaning > Medical Supplies > Medical Wear > Gowns,4,2.0,True,True,
OfficeDepot::Cleaning > Medical Supplies > Medical Wear > Head Covers,OfficeDepot,Head Covers,Cleaning > Medical Supplies > Medical Wear > Head Covers,4,3.0,True,True,
OfficeDepot::Cleaning > Medical Supplies > Medical Wear > Procedural Masks,OfficeDepot,Procedural Masks,Cleaning > Medical Supplies > Medical Wear > Procedural Masks,4,1.0,True,True,
OfficeDepot::Cleaning > Medical Supplies > Medical Wear > Scrub Pants,OfficeDepot,Scrub Pants,Cleaning > Medical Supplies > Medical Wear > Scrub Pants,4,2.0,True,True,
OfficeDepot::Cleaning > Medical Supplies > Medical Wear > Shoe Covers,OfficeDepot,Shoe Covers,Cleaning > Medical Supplies > Medical Wear > Shoe Covers,4,1.0,True,True,
OfficeDepot::Cleaning > Medical Supplies > Mobility Aids,OfficeDepot,Mobility Aids,Cleaning > Medical Supplies > Mobility Aids,3,27.0,False,True,
OfficeDepot::Cleaning > Medical Supplies > Mobility Aids > Bathroom Safety,OfficeDepot,Bathroom Safety,Cleaning > Medical Supplies > Mobility Aids > Bathroom Safety,4,23.0,True,True,
OfficeDepot::Cleaning > Medical Supplies > Mobility Aids > Walkers & Canes,OfficeDepot,Walkers & Canes,Cleaning > Medical Supplies > Mobility Aids > Walkers & Canes,4,2.0,True,True,
OfficeDepot::Cleaning > Medical Supplies > Mobility Aids > Wheelchairs,OfficeDepot,Wheelchairs,Cleaning > Medical Supplies > Mobility Aids > Wheelchairs,4,2.0,True,True,
OfficeDepot::Cleaning > Medical Supplies > Orthopedic,OfficeDepot,Orthopedic,Cleaning > Medical Supplies > Orthopedic,3,7.0,False,True,
OfficeDepot::Cleaning > Medical Supplies > Orthopedic > Braces,OfficeDepot,Braces,Cleaning > Medical Supplies > Orthopedic > Braces,4,7.0,True,True,
OfficeDepot::Cleaning > Medical Supplies > Patient Care,OfficeDepot,Patient Care,Cleaning > Medical Supplies > Patient Care,3,105.0,False,True,
OfficeDepot::Cleaning > Medical Supplies > Patient Care > Cleansers,OfficeDepot,Cleansers,Cleaning > Medical Supplies > Patient Care > Cleansers,4,10.0,True,True,
OfficeDepot::Cleaning > Medical Supplies > Patient Care > Cotton Balls & Swabs,OfficeDepot,Cotton Balls & Swabs,Cleaning > Medical Supplies > Patient Care > Cotton Balls & Swabs,4,2.0,True,True,
OfficeDepot::Cleaning > Medical Supplies > Patient Care > Feminine Hygiene,OfficeDepot,Feminine Hygiene,Cleaning > Medical Supplies > Patient Care > Feminine Hygiene,4,15.0,True,True,
OfficeDepot::Cleaning > Medical Supplies > Patient Care > Hot & Cold Therapy,OfficeDepot,Hot & Cold Therapy,Cleaning > Medical Supplies > Patient Care > Hot & Cold Therapy,4,11.0,True,True,
OfficeDepot::Cleaning > Medical Supplies > Patient Care > Medical Wristbands,OfficeDepot,Medical Wristbands,Cleaning > Medical Supplies > Patient Care > Medical Wristbands,4,2.0,True,True,
OfficeDepot::Cleaning > Medical Supplies > Patient Care > Nursing Supplies,OfficeDepot,Nursing Supplies,Cleaning > Medical Supplies > Patient Care > Nursing Supplies,4,3.0,True,True,
OfficeDepot::Cleaning > Medical Supplies > Patient Care > Over-the-Counter Medicine,OfficeDepot,Over-the-Counter Medicine,Cleaning > Medical Supplies > Patient Care > Over-the-Counter Medicine,4,60.0,True,True,
OfficeDepot::Cleaning > Medical Supplies > Patient Care > Pill Organizers,OfficeDepot,Pill Organizers,Cleaning > Medical Supplies > Patient Care > Pill Organizers,4,2.0,True,True,
OfficeDepot::Cleaning > Medical Supplies > Rehabilitation,OfficeDepot,Rehabilitation,Cleaning > Medical Supplies > Rehabilitation,3,20.0,False,True,
OfficeDepot::Cleaning > Medical Supplies > Rehabilitation > Back Support,OfficeDepot,Back Support,Cleaning > Medical Supplies > Rehabilitation > Back Support,4,2.0,True,True,
OfficeDepot::Cleaning > Medical Supplies > Rehabilitation > Exercise Equipment,OfficeDepot,Exercise Equipment,Cleaning > Medical Supplies > Rehabilitation > Exercise Equipment,4,6.0,True,True,
OfficeDepot::Cleaning > Medical Supplies > Rehabilitation > Pain Management Devices,OfficeDepot,Pain Management Devices,Cleaning > Medical Supplies > Rehabilitation > Pain Management Devices,4,12.0,True,True,
OfficeDepot::Cleaning > Medical Supplies > Respiratory,OfficeDepot,Respiratory,Cleaning > Medical Supplies > Respiratory,3,1.0,False,True,
OfficeDepot::Cleaning > Medical Supplies > Respiratory > Breathing Tubes,OfficeDepot,Breathing Tubes,Cleaning > Medical Supplies > Respiratory > Breathing Tubes,4,1.0,True,True,
OfficeDepot::Cleaning > Medical Supplies > Surgical Supplies,OfficeDepot,Surgical Supplies,Cleaning > Medical Supplies > Surgical Supplies,3,4.0,False,True,
OfficeDepot::Cleaning > Medical Supplies > Surgical Supplies > Medical Tools,OfficeDepot,Medical Tools,Cleaning > Medical Supplies > Surgical Supplies > Medical Tools,4,3.0,True,True,
OfficeDepot::Cleaning > Medical Supplies > Surgical Supplies > Skin Prep,OfficeDepot,Skin Prep,Cleaning > Medical Supplies > Surgical Supplies > Skin Prep,4,1.0,True,True,
OfficeDepot::Cleaning > Medical Supplies > Wound Care,OfficeDepot,Wound Care,Cleaning > Medical Supplies > Wound Care,3,63.0,False,True,
OfficeDepot::Cleaning > Medical Supplies > Wound Care > Dressings,OfficeDepot,Dressings,Cleaning > Medical Supplies > Wound Care > Dressings,4,37.0,True,True,
OfficeDepot::Cleaning > Medical Supplies > Wound Care > Gauze Sponges,OfficeDepot,Gauze Sponges,Cleaning > Medical Supplies > Wound Care > Gauze Sponges,4,10.0,True,True,
OfficeDepot::Cleaning > Medical Supplies > Wound Care > Medical Tape,OfficeDepot,Medical Tape,Cleaning > Medical Supplies > Wound Care > Medical Tape,4,2.0,True,True,
OfficeDepot::Cleaning > Medical Supplies > Wound Care > Ointments,OfficeDepot,Ointments,Cleaning > Medical Supplies > Wound Care > Ointments,4,10.0,True,True,
OfficeDepot::Cleaning > Medical Supplies > Wound Care > Wound Cleansing,OfficeDepot,Wound Cleansing,Cleaning > Medical Supplies > Wound Care > Wound Cleansing,4,3.0,True,True,
OfficeDepot::Cleaning > Paper Towels,OfficeDepot,Paper Towels,Cleaning > Paper Towels,2,182.0,True,True,
OfficeDepot::Cleaning > Personal Care,OfficeDepot,Personal Care,Cleaning > Personal Care,2,354.0,False,True,
OfficeDepot::Cleaning > Personal Care > Dental Care,OfficeDepot,Dental Care,Cleaning > Personal Care > Dental Care,3,10.0,True,True,
OfficeDepot::Cleaning > Personal Care > Deodorant & Powders,OfficeDepot,Deodorant & Powders,Cleaning > Personal Care > Deodorant & Powders,3,8.0,True,True,
OfficeDepot::Cleaning > Personal Care > Grooming,OfficeDepot,Grooming,Cleaning > Personal Care > Grooming,3,44.0,True,True,
OfficeDepot::Cleaning > Personal Care > Hair Care,OfficeDepot,Hair Care,Cleaning > Personal Care > Hair Care,3,44.0,True,True,
OfficeDepot::Cleaning > Personal Care > Lint Rollers,OfficeDepot,Lint Rollers,Cleaning > Personal Care > Lint Rollers,3,12.0,True,True,
OfficeDepot::Cleaning > Personal Care > Lotion,OfficeDepot,Lotion,Cleaning > Personal Care > Lotion,3,21.0,True,True,
OfficeDepot::Cleaning > Personal Care > Nail Care,OfficeDepot,Nail Care,Cleaning > Personal Care > Nail Care,3,3.0,True,True,
OfficeDepot::Cleaning > Personal Care > Pet Supplies,OfficeDepot,Pet Supplies,Cleaning > Personal Care > Pet Supplies,3,212.0,True,True,
OfficeDepot::Cleaning > Restroom Supplies,OfficeDepot,Restroom Supplies,Cleaning > Restroom Supplies,2,212.0,False,True,
OfficeDepot::Cleaning > Restroom Supplies > Automatic Dispenser Systems,OfficeDepot,Automatic Dispenser Systems,Cleaning > Restroom Supplies > Automatic Dispenser Systems,3,27.0,True,True,
OfficeDepot::Cleaning > Restroom Supplies > Bath Tissue Dispensers,OfficeDepot,Bath Tissue Dispensers,Cleaning > Restroom Supplies > Bath Tissue Dispensers,3,7.0,True,True,
OfficeDepot::Cleaning > Restroom Supplies > Bathroom Tissue,OfficeDepot,Bathroom Tissue,Cleaning > Restroom Supplies > Bathroom Tissue,3,82.0,True,True,
OfficeDepot::Cleaning > Restroom Supplies > Paper Towel Dispensers,OfficeDepot,Paper Towel Dispensers,Cleaning > Restroom Supplies > Paper Towel Dispensers,3,14.0,True,True,
OfficeDepot::Cleaning > Restroom Supplies > Plungers,OfficeDepot,Plungers,Cleaning > Restroom Supplies > Plungers,3,3.0,True,True,
OfficeDepot::Cleaning > Restroom Supplies > Sanitary Napkin Dispensers & Receptacles,OfficeDepot,Sanitary Napkin Dispensers & Receptacles,Cleaning > Restroom Supplies > Sanitary Napkin Dispensers & Receptacles,3,1.0,True,True,
OfficeDepot::Cleaning > Restroom Supplies > Sanitary Napkins & Tampons,OfficeDepot,Sanitary Napkins & Tampons,Cleaning > Restroom Supplies > Sanitary Napkins & Tampons,3,15.0,True,True,
OfficeDepot::Cleaning > Restroom Supplies > Toilet Bowl Brushes,OfficeDepot,Toilet Bowl Brushes,Cleaning > Restroom Supplies > Toilet Bowl Brushes,3,22.0,True,True,
OfficeDepot::Cleaning > Restroom Supplies > Toilet Seat Covers,OfficeDepot,Toilet Seat Covers,Cleaning > Restroom Supplies > Toilet Seat Covers,3,16.0,True,True,
OfficeDepot::Cleaning > Restroom Supplies > Urinal Screens & Dispensers,OfficeDepot,Urinal Screens & Dispensers,Cleaning > Restroom Supplies > Urinal Screens & Dispensers,3,31.0,True,True,
OfficeDepot::Cleaning > Safety & Security,OfficeDepot,Safety & Security,Cleaning > Safety & Security,2,503.0,False,True,
OfficeDepot::Cleaning > Safety & Security > Alarms,OfficeDepot,Alarms,Cleaning > Safety & Security > Alarms,3,1.0,True,True,
OfficeDepot::Cleaning > Safety & Security > Clothing Protection & Workwear,OfficeDepot,Clothing Protection & Workwear,Cleaning > Safety & Security > Clothing Protection & Workwear,3,4.0,False,True,
OfficeDepot::Cleaning > Safety & Security > Clothing Protection & Workwear > Aprons,OfficeDepot,Aprons,Cleaning > Safety & Security > Clothing Protection & Workwear > Aprons,4,3.0,True,True,
OfficeDepot::Cleaning > Safety & Security > Clothing Protection & Workwear > Sleeves & Bibs,OfficeDepot,Sleeves & Bibs,Cleaning > Safety & Security > Clothing Protection & Workwear > Sleeves & Bibs,4,1.0,True,True,
OfficeDepot::Cleaning > Safety & Security > Ergonomic Protection,OfficeDepot,Ergonomic Protection,Cleaning > Safety & Security > Ergonomic Protection,3,1.0,False,True,
OfficeDepot::Cleaning > Safety & Security > Ergonomic Protection > Knee Pads,OfficeDepot,Knee Pads,Cleaning > Safety & Security > Ergonomic Protection > Knee Pads,4,1.0,True,True,
OfficeDepot::Cleaning > Safety & Security > Eye Protection,OfficeDepot,Eye Protection,Cleaning > Safety & Security > Eye Protection,3,134.0,False,True,
OfficeDepot::Cleaning > Safety & Security > Eye Protection > Eyeglasses,OfficeDepot,Eyeglasses,Cleaning > Safety & Security > Eye Protection > Eyeglasses,4,104.0,True,True,
OfficeDepot::Cleaning > Safety & Security > Eye Protection > Magnifiers,OfficeDepot,Magnifiers,Cleaning > Safety & Security > Eye Protection > Magnifiers,4,13.0,True,True,
OfficeDepot::Cleaning > Safety & Security > Eye Protection > Safety Glass Parts & Accessories,OfficeDepot,Safety Glass Parts & Accessories,Cleaning > Safety & Security > Eye Protection > Safety Glass Parts & Accessories,4,1.0,True,True,
OfficeDepot::Cleaning > Safety & Security > Eye Protection > Safety Glasses,OfficeDepot,Safety Glasses,Cleaning > Safety & Security > Eye Protection > Safety Glasses,4,8.0,True,True,
OfficeDepot::Cleaning > Safety & Security > Eye Protection > Safety Goggles,OfficeDepot,Safety Goggles,Cleaning > Safety & Security > Eye Protection > Safety Goggles,4,2.0,True,True,
OfficeDepot::Cleaning > Safety & Security > Facility Safety,OfficeDepot,Facility Safety,Cleaning > Safety & Security > Facility Safety,3,19.0,False,True,
OfficeDepot::Cleaning > Safety & Security > Facility Safety > Facility Safety Signs,OfficeDepot,Facility Safety Signs,Cleaning > Safety & Security > Facility Safety > Facility Safety Signs,4,18.0,True,True,
OfficeDepot::Cleaning > Safety & Security > Facility Safety > Sneeze Guards & Plexiglass Shields,OfficeDepot,Sneeze Guards & Plexiglass Shields,Cleaning > Safety & Security > Facility Safety > Sneeze Guards & Plexiglass Shields,4,1.0,True,True,
OfficeDepot::Cleaning > Safety & Security > Fall Protection,OfficeDepot,Fall Protection,Cleaning > Safety & Security > Fall Protection,3,1.0,False,True,
OfficeDepot::Cleaning > Safety & Security > Fall Protection > Harness Parts & Accessories,OfficeDepot,Harness Parts & Accessories,Cleaning > Safety & Security > Fall Protection > Harness Parts & Accessories,4,1.0,True,True,
"OfficeDepot::Cleaning > Safety & Security > Fire, Gas & Water Protection",OfficeDepot,"Fire, Gas & Water Protection","Cleaning > Safety & Security > Fire, Gas & Water Protection",3,21.0,False,True,
"OfficeDepot::Cleaning > Safety & Security > Fire, Gas & Water Protection > Detectors",OfficeDepot,Detectors,"Cleaning > Safety & Security > Fire, Gas & Water Protection > Detectors",4,15.0,True,True,
"OfficeDepot::Cleaning > Safety & Security > Fire, Gas & Water Protection > Fire Extinguishers",OfficeDepot,Fire Extinguishers,"Cleaning > Safety & Security > Fire, Gas & Water Protection > Fire Extinguishers",4,6.0,True,True,
OfficeDepot::Cleaning > Safety & Security > First Aid Safety,OfficeDepot,First Aid Safety,Cleaning > Safety & Security > First Aid Safety,3,148.0,False,True,
OfficeDepot::Cleaning > Safety & Security > First Aid Safety > Bandages & Dressings,OfficeDepot,Bandages & Dressings,Cleaning > Safety & Security > First Aid Safety > Bandages & Dressings,4,29.0,True,True,
OfficeDepot::Cleaning > Safety & Security > First Aid Safety > Cold Packs,OfficeDepot,Cold Packs,Cleaning > Safety & Security > First Aid Safety > Cold Packs,4,6.0,True,True,
OfficeDepot::Cleaning > Safety & Security > First Aid Safety > Eye Wash,OfficeDepot,Eye Wash,Cleaning > Safety & Security > First Aid Safety > Eye Wash,4,6.0,True,True,
OfficeDepot::Cleaning > Safety & Security > First Aid Safety > Insect Repellent & Sunscreen,OfficeDepot,Insect Repellent & Sunscreen,Cleaning > Safety & Security > First Aid Safety > Insect Repellent & Sunscreen,4,13.0,True,True,
OfficeDepot::Cleaning > Safety & Security > First Aid Safety > Pain Relievers,OfficeDepot,Pain Relievers,Cleaning > Safety & Security > First Aid Safety > Pain Relievers,4,31.0,True,True,
OfficeDepot::Cleaning > Safety & Security > Gloves & Hand Protection,OfficeDepot,Gloves & Hand Protection,Cleaning > Safety & Security > Gloves & Hand Protection,3,102.0,False,True,
OfficeDepot::Cleaning > Safety & Security > Gloves & Hand Protection > Chemical Resistant Gloves,OfficeDepot,Chemical Resistant Gloves,Cleaning > Safety & Security > Gloves & Hand Protection > Chemical Resistant Gloves,4,46.0,True,True,
OfficeDepot::Cleaning > Safety & Security > Gloves & Hand Protection > Coated Gloves,OfficeDepot,Coated Gloves,Cleaning > Safety & Security > Gloves & Hand Protection > Coated Gloves,4,33.0,True,True,
OfficeDepot::Cleaning > Safety & Security > Gloves & Hand Protection > Foodservice Gloves,OfficeDepot,Foodservice Gloves,Cleaning > Safety & Security > Gloves & Hand Protection > Foodservice Gloves,4,9.0,True,True,
OfficeDepot::Cleaning > Safety & Security > Gloves & Hand Protection > General Purpose Gloves,OfficeDepot,General Purpose Gloves,Cleaning > Safety & Security > Gloves & Hand Protection > General Purpose Gloves,4,90.0,True,True,
OfficeDepot::Cleaning > Safety & Security > Gloves & Hand Protection > Glove Parts & Accessories,OfficeDepot,Glove Parts & Accessories,Cleaning > Safety & Security > Gloves & Hand Protection > Glove Parts & Accessories,4,2.0,True,True,
OfficeDepot::Cleaning > Safety & Security > Gloves & Hand Protection > Work Gloves,OfficeDepot,Work Gloves,Cleaning > Safety & Security > Gloves & Hand Protection > Work Gloves,4,2.0,True,True,
OfficeDepot::Cleaning > Safety & Security > Head & Face Protection,OfficeDepot,Head & Face Protection,Cleaning > Safety & Security > Head & Face Protection,3,17.0,False,True,
OfficeDepot::Cleaning > Safety & Security > Head & Face Protection > Face Masks,OfficeDepot,Face Masks,Cleaning > Safety & Security > Head & Face Protection > Face Masks,4,6.0,True,True,
OfficeDepot::Cleaning > Safety & Security > Head & Face Protection > Face Shields & Visors,OfficeDepot,Face Shields & Visors,Cleaning > Safety & Security > Head & Face Protection > Face Shields & Visors,4,1.0,True,True,
"OfficeDepot::Cleaning > Safety & Security > Head & Face Protection > Hard Hat, Cap Parts & Accessories",OfficeDepot,"Hard Hat, Cap Parts & Accessories","Cleaning > Safety & Security > Head & Face Protection > Hard Hat, Cap Parts & Accessories",4,1.0,True,True,
OfficeDepot::Cleaning > Safety & Security > Head & Face Protection > Hard Hats & Caps,OfficeDepot,Hard Hats & Caps,Cleaning > Safety & Security > Head & Face Protection > Hard Hats & Caps,4,8.0,True,True,
OfficeDepot::Cleaning > Safety & Security > Head & Face Protection > Winter Liners & Hoods,OfficeDepot,Winter Liners & Hoods,Cleaning > Safety & Security > Head & Face Protection > Winter Liners & Hoods,4,1.0,True,True,
OfficeDepot::Cleaning > Safety & Security > Hearing Protection,OfficeDepot,Hearing Protection,Cleaning > Safety & Security > Hearing Protection,3,4.0,False,True,
OfficeDepot::Cleaning > Safety & Security > Hearing Protection > Ear Plugs,OfficeDepot,Ear Plugs,Cleaning > Safety & Security > Hearing Protection > Ear Plugs,4,3.0,True,True,
OfficeDepot::Cleaning > Safety & Security > Hearing Protection > Earmuffs,OfficeDepot,Earmuffs,Cleaning > Safety & Security > Hearing Protection > Earmuffs,4,1.0,True,True,
OfficeDepot::Cleaning > Safety & Security > Lockout & Locks,OfficeDepot,Lockout & Locks,Cleaning > Safety & Security > Lockout & Locks,3,19.0,False,True,
OfficeDepot::Cleaning > Safety & Security > Lockout & Locks > Lock Boxes,OfficeDepot,Lock Boxes,Cleaning > Safety & Security > Lockout & Locks > Lock Boxes,4,12.0,True,True,
OfficeDepot::Cleaning > Safety & Security > Lockout & Locks > Lockout & Hasps,OfficeDepot,Lockout & Hasps,Cleaning > Safety & Security > Lockout & Locks > Lockout & Hasps,4,1.0,True,True,
OfficeDepot::Cleaning > Safety & Security > Lockout & Locks > Padlocks & Cables,OfficeDepot,Padlocks & Cables,Cleaning > Safety & Security > Lockout & Locks > Padlocks & Cables,4,6.0,True,True,
OfficeDepot::Cleaning > Safety & Security > Respiratory Protection,OfficeDepot,Respiratory Protection,Cleaning > Safety & Security > Respiratory Protection,3,8.0,False,True,
OfficeDepot::Cleaning > Safety & Security > Respiratory Protection > Disposable Respirators & Dust Masks,OfficeDepot,Disposable Respirators & Dust Masks,Cleaning > Safety & Security > Respiratory Protection > Disposable Respirators & Dust Masks,4,8.0,True,True,
OfficeDepot::Cleaning > Safety & Security > Spill Control Safety,OfficeDepot,Spill Control Safety,Cleaning > Safety & Security > Spill Control Safety,3,4.0,False,True,
OfficeDepot::Cleaning > Safety & Security > Spill Control Safety > Sorbents,OfficeDepot,Sorbents,Cleaning > Safety & Security > Spill Control Safety > Sorbents,4,4.0,True,True,
OfficeDepot::Cleaning > Safety & Security > Traffic Safety,OfficeDepot,Traffic Safety,Cleaning > Safety & Security > Traffic Safety,3,28.0,False,True,
OfficeDepot::Cleaning > Safety & Security > Traffic Safety > Safety Cones,OfficeDepot,Safety Cones,Cleaning > Safety & Security > Traffic Safety > Safety Cones,4,5.0,True,True,
OfficeDepot::Cleaning > Safety & Security > Traffic Safety > Safety Tape,OfficeDepot,Safety Tape,Cleaning > Safety & Security > Traffic Safety > Safety Tape,4,15.0,True,True,
OfficeDepot::Cleaning > Safety & Security > Traffic Safety > Safety Vests,OfficeDepot,Safety Vests,Cleaning > Safety & Security > Traffic Safety > Safety Vests,4,8.0,True,True,
OfficeDepot::Cleaning > Toilet Paper,OfficeDepot,Toilet Paper,Cleaning > Toilet Paper,2,78.0,True,True,
OfficeDepot::Cleaning > Tools & Equipment,OfficeDepot,Tools & Equipment,Cleaning > Tools & Equipment,2,235.0,False,True,
OfficeDepot::Cleaning > Tools & Equipment > Electrical Tools,OfficeDepot,Electrical Tools,Cleaning > Tools & Equipment > Electrical Tools,3,2.0,False,True,
OfficeDepot::Cleaning > Tools & Equipment > Electrical Tools > Wire Pulling Grips,OfficeDepot,Wire Pulling Grips,Cleaning > Tools & Equipment > Electrical Tools > Wire Pulling Grips,4,2.0,True,True,
OfficeDepot::Cleaning > Tools & Equipment > Hand Tools,OfficeDepot,Hand Tools,Cleaning > Tools & Equipment > Hand Tools,3,195.0,False,True,
"OfficeDepot::Cleaning > Tools & Equipment > Hand Tools > Hammers, Sledges, Mallets & Axes",OfficeDepot,"Hammers, Sledges, Mallets & Axes","Cleaning > Tools & Equipment > Hand Tools > Hammers, Sledges, Mallets & Axes",4,1.0,True,True,
OfficeDepot::Cleaning > Tools & Equipment > Hand Tools > Hand Tool Organizers & Belts,OfficeDepot,Hand Tool Organizers & Belts,Cleaning > Tools & Equipment > Hand Tools > Hand Tool Organizers & Belts,4,1.0,True,True,
OfficeDepot::Cleaning > Tools & Equipment > Hand Tools > Handsaws & Sets,OfficeDepot,Handsaws & Sets,Cleaning > Tools & Equipment > Hand Tools > Handsaws & Sets,4,1.0,True,True,
"OfficeDepot::Cleaning > Tools & Equipment > Hand Tools > Hex, Torx & Spline Keys",OfficeDepot,"Hex, Torx & Spline Keys","Cleaning > Tools & Equipment > Hand Tools > Hex, Torx & Spline Keys",4,1.0,True,True,
OfficeDepot::Cleaning > Tools & Equipment > Hand Tools > Knives & Multipurpose Tools,OfficeDepot,Knives & Multipurpose Tools,Cleaning > Tools & Equipment > Hand Tools > Knives & Multipurpose Tools,4,33.0,True,True,
OfficeDepot::Cleaning > Tools & Equipment > Hand Tools > Lawn & Garden Tools,OfficeDepot,Lawn & Garden Tools,Cleaning > Tools & Equipment > Hand Tools > Lawn & Garden Tools,4,8.0,True,True,
OfficeDepot::Cleaning > Tools & Equipment > Hand Tools > Multipurpose Hand Tool Sets,OfficeDepot,Multipurpose Hand Tool Sets,Cleaning > Tools & Equipment > Hand Tools > Multipurpose Hand Tool Sets,4,11.0,True,True,
OfficeDepot::Cleaning > Tools & Equipment > Hand Tools > Pliers & Cutters,OfficeDepot,Pliers & Cutters,Cleaning > Tools & Equipment > Hand Tools > Pliers & Cutters,4,16.0,True,True,
OfficeDepot::Cleaning > Tools & Equipment > Hand Tools > Putty Knives & Scrapers,OfficeDepot,Putty Knives & Scrapers,Cleaning > Tools & Equipment > Hand Tools > Putty Knives & Scrapers,4,2.0,True,True,
OfficeDepot::Cleaning > Tools & Equipment > Hand Tools > Retrieving Tools,OfficeDepot,Retrieving Tools,Cleaning > Tools & Equipment > Hand Tools > Retrieving Tools,4,3.0,True,True,
OfficeDepot::Cleaning > Tools & Equipment > Hand Tools > Screwdrivers & Nutdrivers,OfficeDepot,Screwdrivers & Nutdrivers,Cleaning > Tools & Equipment > Hand Tools > Screwdrivers & Nutdrivers,4,4.0,True,True,
"OfficeDepot::Cleaning > Tools & Equipment > Hand Tools > Shears, Scissors & Snips",OfficeDepot,"Shears, Scissors & Snips","Cleaning > Tools & Equipment > Hand Tools > Shears, Scissors & Snips",4,77.0,True,True,
OfficeDepot::Cleaning > Tools & Equipment > Hand Tools > Sheet Sander Parts & Accessories,OfficeDepot,Sheet Sander Parts & Accessories,Cleaning > Tools & Equipment > Hand Tools > Sheet Sander Parts & Accessories,4,26.0,True,True,
OfficeDepot::Cleaning > Tools & Equipment > Hand Tools > Staplers & Riveters,OfficeDepot,Staplers & Riveters,Cleaning > Tools & Equipment > Hand Tools > Staplers & Riveters,4,2.0,True,True,
OfficeDepot::Cleaning > Tools & Equipment > Hand Tools > Tool Storage,OfficeDepot,Tool Storage,Cleaning > Tools & Equipment > Hand Tools > Tool Storage,4,11.0,True,True,
OfficeDepot::Cleaning > Tools & Equipment > Lubricants,OfficeDepot,Lubricants,Cleaning > Tools & Equipment > Lubricants,3,6.0,True,True,
OfficeDepot::Cleaning > Tools & Equipment > Measuring & Marking Tools,OfficeDepot,Measuring & Marking Tools,Cleaning > Tools & Equipment > Measuring & Marking Tools,3,22.0,False,True,
OfficeDepot::Cleaning > Tools & Equipment > Measuring & Marking Tools > Levels,OfficeDepot,Levels,Cleaning > Tools & Equipment > Measuring & Marking Tools > Levels,4,1.0,True,True,
OfficeDepot::Cleaning > Tools & Equipment > Measuring & Marking Tools > Protractors,OfficeDepot,Protractors,Cleaning > Tools & Equipment > Measuring & Marking Tools > Protractors,4,1.0,True,True,
OfficeDepot::Cleaning > Tools & Equipment > Measuring & Marking Tools > Temperature Measurement,OfficeDepot,Temperature Measurement,Cleaning > Tools & Equipment > Measuring & Marking Tools > Temperature Measurement,4,8.0,True,True,
OfficeDepot::Cleaning > Tools & Equipment > Measuring & Marking Tools > Thermostats,OfficeDepot,Thermostats,Cleaning > Tools & Equipment > Measuring & Marking Tools > Thermostats,4,3.0,True,True,
OfficeDepot::Cleaning > Tools & Equipment > Plumbing Equipment,OfficeDepot,Plumbing Equipment,Cleaning > Tools & Equipment > Plumbing Equipment,3,10.0,False,True,
OfficeDepot::Cleaning > Tools & Equipment > Plumbing Equipment > Drain Cleaning & Inspection Equipment,OfficeDepot,Drain Cleaning & Inspection Equipment,Cleaning > Tools & Equipment > Plumbing Equipment > Drain Cleaning & Inspection Equipment,4,4.0,True,True,
OfficeDepot::Cleaning > Tools & Equipment > Plumbing Equipment > Tips & Nozzles,OfficeDepot,Tips & Nozzles,Cleaning > Tools & Equipment > Plumbing Equipment > Tips & Nozzles,4,8.0,True,True,
OfficeDepot::Cleaning > Tools & Equipment > Pneumatic Tools,OfficeDepot,Pneumatic Tools,Cleaning > Tools & Equipment > Pneumatic Tools,3,1.0,False,True,
OfficeDepot::Cleaning > Tools & Equipment > Pneumatic Tools > Finishing Tools,OfficeDepot,Finishing Tools,Cleaning > Tools & Equipment > Pneumatic Tools > Finishing Tools,4,1.0,True,True,
OfficeDepot::Cleaning > Tools & Equipment > Power Tools,OfficeDepot,Power Tools,Cleaning > Tools & Equipment > Power Tools,3,4.0,False,True,
OfficeDepot::Cleaning > Tools & Equipment > Power Tools > Drilling & Fastening Tools,OfficeDepot,Drilling & Fastening Tools,Cleaning > Tools & Equipment > Power Tools > Drilling & Fastening Tools,4,4.0,True,True,
OfficeDepot::Cleaning > Trash Cans & Bags,OfficeDepot,Trash Cans & Bags,Cleaning > Trash Cans & Bags,2,438.0,False,True,
OfficeDepot::Cleaning > Trash Cans & Bags > Recycle Bins,OfficeDepot,Recycle Bins,Cleaning > Trash Cans & Bags > Recycle Bins,3,18.0,True,True,
OfficeDepot::Cleaning > Trash Cans & Bags > Trash Bags,OfficeDepot,Trash Bags,Cleaning > Trash Cans & Bags > Trash Bags,3,268.0,True,True,
OfficeDepot::Cleaning > Trash Cans & Bags > Trash Cans,OfficeDepot,Trash Cans,Cleaning > Trash Cans & Bags > Trash Cans,3,152.0,True,True,
OfficeDepot::Computers & Accessories,OfficeDepot,Computers & Accessories,Computers & Accessories,1,7960.0,False,True,
OfficeDepot::Computers & Accessories > Computer Accessories,OfficeDepot,Computer Accessories,Computers & Accessories > Computer Accessories,2,1326.0,False,True,
OfficeDepot::Computers & Accessories > Computer Accessories > CPU Stands,OfficeDepot,CPU Stands,Computers & Accessories > Computer Accessories > CPU Stands,3,5.0,True,True,
OfficeDepot::Computers & Accessories > Computer Accessories > Computer Cleaning Supplies,OfficeDepot,Computer Cleaning Supplies,Computers & Accessories > Computer Accessories > Computer Cleaning Supplies,3,45.0,False,True,
OfficeDepot::Computers & Accessories > Computer Accessories > Computer Cleaning Supplies > Cleaning Equipment & Kits,OfficeDepot,Cleaning Equipment & Kits,Computers & Accessories > Computer Accessories > Computer Cleaning Supplies > Cleaning Equipment & Kits,4,22.0,True,True,
OfficeDepot::Computers & Accessories > Computer Accessories > Computer Cleaning Supplies > Compressed Air Dusters,OfficeDepot,Compressed Air Dusters,Computers & Accessories > Computer Accessories > Computer Cleaning Supplies > Compressed Air Dusters,4,21.0,True,True,
OfficeDepot::Computers & Accessories > Computer Accessories > Computer Cleaning Supplies > Computer Tools,OfficeDepot,Computer Tools,Computers & Accessories > Computer Accessories > Computer Cleaning Supplies > Computer Tools,4,2.0,True,True,
OfficeDepot::Computers & Accessories > Computer Accessories > Computer Speakers & Headsets,OfficeDepot,Computer Speakers & Headsets,Computers & Accessories > Computer Accessories > Computer Speakers & Headsets,3,419.0,False,True,
OfficeDepot::Computers & Accessories > Computer Accessories > Computer Speakers & Headsets > Computer Headsets,OfficeDepot,Computer Headsets,Computers & Accessories > Computer Accessories > Computer Speakers & Headsets > Computer Headsets,4,401.0,True,True,
OfficeDepot::Computers & Accessories > Computer Accessories > Computer Speakers & Headsets > Computer Speakers,OfficeDepot,Computer Speakers,Computers & Accessories > Computer Accessories > Computer Speakers & Headsets > Computer Speakers,4,18.0,True,True,
OfficeDepot::Computers & Accessories > Computer Accessories > Laptop Accessories,OfficeDepot,Laptop Accessories,Computers & Accessories > Computer Accessories > Laptop Accessories,3,200.0,False,True,
OfficeDepot::Computers & Accessories > Computer Accessories > Laptop Accessories > Laptop Chargers & Adapters,OfficeDepot,Laptop Chargers & Adapters,Computers & Accessories > Computer Accessories > Laptop Accessories > Laptop Chargers & Adapters,4,25.0,True,True,
OfficeDepot::Computers & Accessories > Computer Accessories > Laptop Accessories > Laptop Cooling Devices,OfficeDepot,Laptop Cooling Devices,Computers & Accessories > Computer Accessories > Laptop Accessories > Laptop Cooling Devices,4,14.0,True,True,
OfficeDepot::Computers & Accessories > Computer Accessories > Laptop Accessories > Laptop Docking Stations,OfficeDepot,Laptop Docking Stations,Computers & Accessories > Computer Accessories > Laptop Accessories > Laptop Docking Stations,4,90.0,True,True,
OfficeDepot::Computers & Accessories > Computer Accessories > Laptop Accessories > Laptop Stands & Lap Desks,OfficeDepot,Laptop Stands & Lap Desks,Computers & Accessories > Computer Accessories > Laptop Accessories > Laptop Stands & Lap Desks,4,57.0,True,True,
OfficeDepot::Computers & Accessories > Computer Accessories > Laptop Accessories > Security Cable Locks,OfficeDepot,Security Cable Locks,Computers & Accessories > Computer Accessories > Laptop Accessories > Security Cable Locks,4,14.0,True,True,
OfficeDepot::Computers & Accessories > Computer Accessories > Mice & Keyboards,OfficeDepot,Mice & Keyboards,Computers & Accessories > Computer Accessories > Mice & Keyboards,3,549.0,False,True,
OfficeDepot::Computers & Accessories > Computer Accessories > Mice & Keyboards > Gaming Keyboards,OfficeDepot,Gaming Keyboards,Computers & Accessories > Computer Accessories > Mice & Keyboards > Gaming Keyboards,4,14.0,True,True,
OfficeDepot::Computers & Accessories > Computer Accessories > Mice & Keyboards > Gaming Mice,OfficeDepot,Gaming Mice,Computers & Accessories > Computer Accessories > Mice & Keyboards > Gaming Mice,4,18.0,True,True,
OfficeDepot::Computers & Accessories > Computer Accessories > Mice & Keyboards > Keyboard & Mouse Combos,OfficeDepot,Keyboard & Mouse Combos,Computers & Accessories > Computer Accessories > Mice & Keyboards > Keyboard & Mouse Combos,4,63.0,True,True,
OfficeDepot::Computers & Accessories > Computer Accessories > Mice & Keyboards > Keyboard Accessories,OfficeDepot,Keyboard Accessories,Computers & Accessories > Computer Accessories > Mice & Keyboards > Keyboard Accessories,4,30.0,True,True,
OfficeDepot::Computers & Accessories > Computer Accessories > Mice & Keyboards > Mousepads & Wrist Rests,OfficeDepot,Mousepads & Wrist Rests,Computers & Accessories > Computer Accessories > Mice & Keyboards > Mousepads & Wrist Rests,4,123.0,True,True,
OfficeDepot::Computers & Accessories > Computer Accessories > Mice & Keyboards > Wired Keyboards,OfficeDepot,Wired Keyboards,Computers & Accessories > Computer Accessories > Mice & Keyboards > Wired Keyboards,4,62.0,True,True,
OfficeDepot::Computers & Accessories > Computer Accessories > Mice & Keyboards > Wired Mice,OfficeDepot,Wired Mice,Computers & Accessories > Computer Accessories > Mice & Keyboards > Wired Mice,4,40.0,True,True,
OfficeDepot::Computers & Accessories > Computer Accessories > Mice & Keyboards > Wireless Keyboards,OfficeDepot,Wireless Keyboards,Computers & Accessories > Computer Accessories > Mice & Keyboards > Wireless Keyboards,4,85.0,True,True,
OfficeDepot::Computers & Accessories > Computer Accessories > Mice & Keyboards > Wireless Mice,OfficeDepot,Wireless Mice,Computers & Accessories > Computer Accessories > Mice & Keyboards > Wireless Mice,4,153.0,True,True,
OfficeDepot::Computers & Accessories > Computer Accessories > Server Accessories,OfficeDepot,Server Accessories,Computers & Accessories > Computer Accessories > Server Accessories,3,48.0,False,True,
OfficeDepot::Computers & Accessories > Computer Accessories > Server Accessories > Server Connector Faceplates,OfficeDepot,Server Connector Faceplates,Computers & Accessories > Computer Accessories > Server Accessories > Server Connector Faceplates,4,6.0,True,True,
OfficeDepot::Computers & Accessories > Computer Accessories > Server Accessories > Server Racks & Mounts,OfficeDepot,Server Racks & Mounts,Computers & Accessories > Computer Accessories > Server Accessories > Server Racks & Mounts,4,42.0,True,True,
OfficeDepot::Computers & Accessories > Computer Accessories > Webcams,OfficeDepot,Webcams,Computers & Accessories > Computer Accessories > Webcams,3,60.0,True,True,
OfficeDepot::Computers & Accessories > Computer Cards & Components,OfficeDepot,Computer Cards & Components,Computers & Accessories > Computer Cards & Components,2,24.0,False,True,
OfficeDepot::Computers & Accessories > Computer Cards & Components > Computer Cases,OfficeDepot,Computer Cases,Computers & Accessories > Computer Cards & Components > Computer Cases,3,6.0,True,True,
OfficeDepot::Computers & Accessories > Computer Cards & Components > Computer Cooling,OfficeDepot,Computer Cooling,Computers & Accessories > Computer Cards & Components > Computer Cooling,3,1.0,False,True,
OfficeDepot::Computers & Accessories > Computer Cards & Components > Computer Cooling > Computer Fans,OfficeDepot,Computer Fans,Computers & Accessories > Computer Cards & Components > Computer Cooling > Computer Fans,4,1.0,True,True,
OfficeDepot::Computers & Accessories > Computer Cards & Components > Computer Power Supplies,OfficeDepot,Computer Power Supplies,Computers & Accessories > Computer Cards & Components > Computer Power Supplies,3,4.0,False,True,
OfficeDepot::Computers & Accessories > Computer Cards & Components > Computer Power Supplies > Internal PC Power Supplies,OfficeDepot,Internal PC Power Supplies,Computers & Accessories > Computer Cards & Components > Computer Power Supplies > Internal PC Power Supplies,4,4.0,True,True,
OfficeDepot::Computers & Accessories > Computer Cards & Components > Graphic & Sound Cards,OfficeDepot,Graphic & Sound Cards,Computers & Accessories > Computer Cards & Components > Graphic & Sound Cards,3,5.0,False,True,
OfficeDepot::Computers & Accessories > Computer Cards & Components > Graphic & Sound Cards > Graphic Cards,OfficeDepot,Graphic Cards,Computers & Accessories > Computer Cards & Components > Graphic & Sound Cards > Graphic Cards,4,5.0,True,True,
OfficeDepot::Computers & Accessories > Computer Cards & Components > Memory,OfficeDepot,Memory,Computers & Accessories > Computer Cards & Components > Memory,3,4.0,False,True,
OfficeDepot::Computers & Accessories > Computer Cards & Components > Memory > Cache Memory,OfficeDepot,Cache Memory,Computers & Accessories > Computer Cards & Components > Memory > Cache Memory,4,1.0,True,True,
OfficeDepot::Computers & Accessories > Computer Cards & Components > Memory > Desktop Computer Memory,OfficeDepot,Desktop Computer Memory,Computers & Accessories > Computer Cards & Components > Memory > Desktop Computer Memory,4,1.0,True,True,
OfficeDepot::Computers & Accessories > Computer Cards & Components > Memory > Laptop Memory,OfficeDepot,Laptop Memory,Computers & Accessories > Computer Cards & Components > Memory > Laptop Memory,4,2.0,True,True,
OfficeDepot::Computers & Accessories > Computer Cards & Components > Memory > Workstation Memory,OfficeDepot,Workstation Memory,Computers & Accessories > Computer Cards & Components > Memory > Workstation Memory,4,1.0,True,True,
OfficeDepot::Computers & Accessories > Computer Cards & Components > Motherboards,OfficeDepot,Motherboards,Computers & Accessories > Computer Cards & Components > Motherboards,3,1.0,True,True,
OfficeDepot::Computers & Accessories > Computer Cards & Components > Processors,OfficeDepot,Processors,Computers & Accessories > Computer Cards & Components > Processors,3,3.0,True,True,
OfficeDepot::Computers & Accessories > Data Storage & Media,OfficeDepot,Data Storage & Media,Computers & Accessories > Data Storage & Media,2,439.0,False,True,
OfficeDepot::Computers & Accessories > Data Storage & Media > CD & DVD Drives,OfficeDepot,CD & DVD Drives,Computers & Accessories > Data Storage & Media > CD & DVD Drives,3,13.0,False,True,
OfficeDepot::Computers & Accessories > Data Storage & Media > CD & DVD Drives > Blu-ray Drives,OfficeDepot,Blu-ray Drives,Computers & Accessories > Data Storage & Media > CD & DVD Drives > Blu-ray Drives,4,3.0,True,True,
OfficeDepot::Computers & Accessories > Data Storage & Media > CD & DVD Drives > External CD & DVD Drives,OfficeDepot,External CD & DVD Drives,Computers & Accessories > Data Storage & Media > CD & DVD Drives > External CD & DVD Drives,4,12.0,True,True,
OfficeDepot::Computers & Accessories > Data Storage & Media > Duplicator Disk Drives,OfficeDepot,Duplicator Disk Drives,Computers & Accessories > Data Storage & Media > Duplicator Disk Drives,3,5.0,True,True,
OfficeDepot::Computers & Accessories > Data Storage & Media > Hard Drive Accessories,OfficeDepot,Hard Drive Accessories,Computers & Accessories > Data Storage & Media > Hard Drive Accessories,3,8.0,True,True,
OfficeDepot::Computers & Accessories > Data Storage & Media > Hard Drives,OfficeDepot,Hard Drives,Computers & Accessories > Data Storage & Media > Hard Drives,3,116.0,False,True,
OfficeDepot::Computers & Accessories > Data Storage & Media > Hard Drives > External Hard Drives,OfficeDepot,External Hard Drives,Computers & Accessories > Data Storage & Media > Hard Drives > External Hard Drives,4,44.0,True,True,
OfficeDepot::Computers & Accessories > Data Storage & Media > Hard Drives > Internal Hard Drives,OfficeDepot,Internal Hard Drives,Computers & Accessories > Data Storage & Media > Hard Drives > Internal Hard Drives,4,7.0,True,True,
OfficeDepot::Computers & Accessories > Data Storage & Media > Hard Drives > Network Storage Systems,OfficeDepot,Network Storage Systems,Computers & Accessories > Data Storage & Media > Hard Drives > Network Storage Systems,4,12.0,True,True,
OfficeDepot::Computers & Accessories > Data Storage & Media > Hard Drives > Solid-State Drives,OfficeDepot,Solid-State Drives,Computers & Accessories > Data Storage & Media > Hard Drives > Solid-State Drives,4,53.0,True,True,
OfficeDepot::Computers & Accessories > Data Storage & Media > Media,OfficeDepot,Media,Computers & Accessories > Data Storage & Media > Media,3,87.0,False,True,
OfficeDepot::Computers & Accessories > Data Storage & Media > Media > Backup Data Cartridges,OfficeDepot,Backup Data Cartridges,Computers & Accessories > Data Storage & Media > Media > Backup Data Cartridges,4,3.0,True,True,
OfficeDepot::Computers & Accessories > Data Storage & Media > Media > CD-R Printable Discs,OfficeDepot,CD-R Printable Discs,Computers & Accessories > Data Storage & Media > Media > CD-R Printable Discs,4,13.0,True,True,
OfficeDepot::Computers & Accessories > Data Storage & Media > Media > CD-R Recordable Discs,OfficeDepot,CD-R Recordable Discs,Computers & Accessories > Data Storage & Media > Media > CD-R Recordable Discs,4,21.0,True,True,
OfficeDepot::Computers & Accessories > Data Storage & Media > Media > CD-RW Rewritable Discs,OfficeDepot,CD-RW Rewritable Discs,Computers & Accessories > Data Storage & Media > Media > CD-RW Rewritable Discs,4,1.0,True,True,
OfficeDepot::Computers & Accessories > Data Storage & Media > Media > DVD+R Printable Discs,OfficeDepot,DVD+R Printable Discs,Computers & Accessories > Data Storage & Media > Media > DVD+R Printable Discs,4,6.0,True,True,
OfficeDepot::Computers & Accessories > Data Storage & Media > Media > DVD+R Recordable Discs,OfficeDepot,DVD+R Recordable Discs,Computers & Accessories > Data Storage & Media > Media > DVD+R Recordable Discs,4,10.0,True,True,
OfficeDepot::Computers & Accessories > Data Storage & Media > Media > DVD+RW Rewritable Discs,OfficeDepot,DVD+RW Rewritable Discs,Computers & Accessories > Data Storage & Media > Media > DVD+RW Rewritable Discs,4,4.0,True,True,
OfficeDepot::Computers & Accessories > Data Storage & Media > Media > Jewel Cases & Sleeves,OfficeDepot,Jewel Cases & Sleeves,Computers & Accessories > Data Storage & Media > Media > Jewel Cases & Sleeves,4,32.0,True,True,
OfficeDepot::Computers & Accessories > Data Storage & Media > Media > Multimedia Storage,OfficeDepot,Multimedia Storage,Computers & Accessories > Data Storage & Media > Media > Multimedia Storage,4,32.0,True,True,
OfficeDepot::Computers & Accessories > Data Storage & Media > Media > Optical Discs,OfficeDepot,Optical Discs,Computers & Accessories > Data Storage & Media > Media > Optical Discs,4,52.0,True,True,
OfficeDepot::Computers & Accessories > Data Storage & Media > Media > Tape Drive Media,OfficeDepot,Tape Drive Media,Computers & Accessories > Data Storage & Media > Media > Tape Drive Media,4,3.0,True,True,
OfficeDepot::Computers & Accessories > Data Storage & Media > USB Flash Drives,OfficeDepot,USB Flash Drives,Computers & Accessories > Data Storage & Media > USB Flash Drives,3,210.0,True,True,
OfficeDepot::Computers & Accessories > Desktop Computers,OfficeDepot,Desktop Computers,Computers & Accessories > Desktop Computers,2,89.0,False,True,
OfficeDepot::Computers & Accessories > Desktop Computers > All-In-One Computers,OfficeDepot,All-In-One Computers,Computers & Accessories > Desktop Computers > All-In-One Computers,3,11.0,True,True,
OfficeDepot::Computers & Accessories > Desktop Computers > Barebones Computers,OfficeDepot,Barebones Computers,Computers & Accessories > Desktop Computers > Barebones Computers,3,1.0,True,True,
OfficeDepot::Computers & Accessories > Desktop Computers > Business Desktops,OfficeDepot,Business Desktops,Computers & Accessories > Desktop Computers > Business Desktops,3,56.0,True,True,
OfficeDepot::Computers & Accessories > Desktop Computers > Computer Towers,OfficeDepot,Computer Towers,Computers & Accessories > Desktop Computers > Computer Towers,3,80.0,True,True,
OfficeDepot::Computers & Accessories > Desktop Computers > Mini PCs,OfficeDepot,Mini PCs,Computers & Accessories > Desktop Computers > Mini PCs,3,4.0,True,True,
OfficeDepot::Computers & Accessories > Desktop Computers > Refurbished Desktops,OfficeDepot,Refurbished Desktops,Computers & Accessories > Desktop Computers > Refurbished Desktops,3,9.0,True,True,
OfficeDepot::Computers & Accessories > Gaming,OfficeDepot,Gaming,Computers & Accessories > Gaming,2,71.0,False,True,
OfficeDepot::Computers & Accessories > Gaming > PC Games Accessories,OfficeDepot,PC Games Accessories,Computers & Accessories > Gaming > PC Games Accessories,3,71.0,False,True,
OfficeDepot::Computers & Accessories > Gaming > PC Games Accessories > PC Gaming Controllers & Mice,OfficeDepot,PC Gaming Controllers & Mice,Computers & Accessories > Gaming > PC Games Accessories > PC Gaming Controllers & Mice,4,18.0,True,True,
OfficeDepot::Computers & Accessories > Gaming > PC Games Accessories > PC Headsets & Glasses,OfficeDepot,PC Headsets & Glasses,Computers & Accessories > Gaming > PC Games Accessories > PC Headsets & Glasses,4,53.0,True,True,
OfficeDepot::Computers & Accessories > Gaming > PlayStation,OfficeDepot,PlayStation,Computers & Accessories > Gaming > PlayStation,3,2.0,False,True,
OfficeDepot::Computers & Accessories > Gaming > PlayStation > PlayStation Accessories,OfficeDepot,PlayStation Accessories,Computers & Accessories > Gaming > PlayStation > PlayStation Accessories,4,2.0,True,True,
OfficeDepot::Computers & Accessories > Laptop Computers,OfficeDepot,Laptop Computers,Computers & Accessories > Laptop Computers,2,131.0,False,True,
OfficeDepot::Computers & Accessories > Laptop Computers > 2-In-1 Laptops,OfficeDepot,2-In-1 Laptops,Computers & Accessories > Laptop Computers > 2-In-1 Laptops,3,5.0,True,True,
OfficeDepot::Computers & Accessories > Laptop Computers > Business Laptops,OfficeDepot,Business Laptops,Computers & Accessories > Laptop Computers > Business Laptops,3,71.0,True,True,
OfficeDepot::Computers & Accessories > Laptop Computers > Chromebooks,OfficeDepot,Chromebooks,Computers & Accessories > Laptop Computers > Chromebooks,3,15.0,True,True,
OfficeDepot::Computers & Accessories > Laptop Computers > PC Laptops,OfficeDepot,PC Laptops,Computers & Accessories > Laptop Computers > PC Laptops,3,40.0,True,True,
OfficeDepot::Computers & Accessories > Laptop Computers > Rugged Laptops,OfficeDepot,Rugged Laptops,Computers & Accessories > Laptop Computers > Rugged Laptops,3,6.0,True,True,
OfficeDepot::Computers & Accessories > Monitors & Accessories,OfficeDepot,Monitors & Accessories,Computers & Accessories > Monitors & Accessories,2,576.0,False,True,
OfficeDepot::Computers & Accessories > Monitors & Accessories > Computer Monitors,OfficeDepot,Computer Monitors,Computers & Accessories > Monitors & Accessories > Computer Monitors,3,221.0,True,True,
OfficeDepot::Computers & Accessories > Monitors & Accessories > Digital Signage,OfficeDepot,Digital Signage,Computers & Accessories > Monitors & Accessories > Digital Signage,3,13.0,True,True,
OfficeDepot::Computers & Accessories > Monitors & Accessories > Gaming Monitors,OfficeDepot,Gaming Monitors,Computers & Accessories > Monitors & Accessories > Gaming Monitors,3,126.0,True,True,
OfficeDepot::Computers & Accessories > Monitors & Accessories > Monitor Mounts & Arms,OfficeDepot,Monitor Mounts & Arms,Computers & Accessories > Monitors & Accessories > Monitor Mounts & Arms,3,157.0,True,True,
OfficeDepot::Computers & Accessories > Monitors & Accessories > Monitor Stands,OfficeDepot,Monitor Stands,Computers & Accessories > Monitors & Accessories > Monitor Stands,3,113.0,True,True,
OfficeDepot::Computers & Accessories > Monitors & Accessories > Privacy Screen Filters,OfficeDepot,Privacy Screen Filters,Computers & Accessories > Monitors & Accessories > Privacy Screen Filters,3,72.0,True,True,
OfficeDepot::Computers & Accessories > Printers,OfficeDepot,Printers,Computers & Accessories > Printers,2,444.0,False,True,
OfficeDepot::Computers & Accessories > Printers > All-In-One Printers,OfficeDepot,All-In-One Printers,Computers & Accessories > Printers > All-In-One Printers,3,191.0,True,True,
OfficeDepot::Computers & Accessories > Printers > Dot Matrix Printers,OfficeDepot,Dot Matrix Printers,Computers & Accessories > Printers > Dot Matrix Printers,3,9.0,True,True,
OfficeDepot::Computers & Accessories > Printers > Inkjet Printers,OfficeDepot,Inkjet Printers,Computers & Accessories > Printers > Inkjet Printers,3,134.0,True,True,
OfficeDepot::Computers & Accessories > Printers > LED Printers,OfficeDepot,LED Printers,Computers & Accessories > Printers > LED Printers,3,8.0,True,True,
OfficeDepot::Computers & Accessories > Printers > Large Format Printers,OfficeDepot,Large Format Printers,Computers & Accessories > Printers > Large Format Printers,3,9.0,True,True,
OfficeDepot::Computers & Accessories > Printers > Laser Printers,OfficeDepot,Laser Printers,Computers & Accessories > Printers > Laser Printers,3,156.0,True,True,
OfficeDepot::Computers & Accessories > Printers > Photo Printers,OfficeDepot,Photo Printers,Computers & Accessories > Printers > Photo Printers,3,81.0,True,True,
OfficeDepot::Computers & Accessories > Printers > Printer Accessories,OfficeDepot,Printer Accessories,Computers & Accessories > Printers > Printer Accessories,3,114.0,True,True,
OfficeDepot::Computers & Accessories > Printers > Supertank Printers,OfficeDepot,Supertank Printers,Computers & Accessories > Printers > Supertank Printers,3,33.0,True,True,
OfficeDepot::Computers & Accessories > Printers > Thermal Printers,OfficeDepot,Thermal Printers,Computers & Accessories > Printers > Thermal Printers,3,22.0,True,True,
OfficeDepot::Computers & Accessories > Software,OfficeDepot,Software,Computers & Accessories > Software,2,448.0,False,True,
"OfficeDepot::Computers & Accessories > Software > Antivirus, Security & Utilities Software",OfficeDepot,"Antivirus, Security & Utilities Software","Computers & Accessories > Software > Antivirus, Security & Utilities Software",3,130.0,False,True,
"OfficeDepot::Computers & Accessories > Software > Antivirus, Security & Utilities Software > Antivirus Software",OfficeDepot,Antivirus Software,"Computers & Accessories > Software > Antivirus, Security & Utilities Software > Antivirus Software",4,56.0,True,True,
"OfficeDepot::Computers & Accessories > Software > Antivirus, Security & Utilities Software > Backup Software",OfficeDepot,Backup Software,"Computers & Accessories > Software > Antivirus, Security & Utilities Software > Backup Software",4,1.0,True,True,
"OfficeDepot::Computers & Accessories > Software > Antivirus, Security & Utilities Software > Internet Security Software",OfficeDepot,Internet Security Software,"Computers & Accessories > Software > Antivirus, Security & Utilities Software > Internet Security Software",4,55.0,True,True,
"OfficeDepot::Computers & Accessories > Software > Antivirus, Security & Utilities Software > System Maintenance Software",OfficeDepot,System Maintenance Software,"Computers & Accessories > Software > Antivirus, Security & Utilities Software > System Maintenance Software",4,9.0,True,True,
"OfficeDepot::Computers & Accessories > Software > Antivirus, Security & Utilities Software > Utilities Software",OfficeDepot,Utilities Software,"Computers & Accessories > Software > Antivirus, Security & Utilities Software > Utilities Software",4,28.0,True,True,
OfficeDepot::Computers & Accessories > Software > Business Software,OfficeDepot,Business Software,Computers & Accessories > Software > Business Software,3,58.0,False,True,
OfficeDepot::Computers & Accessories > Software > Business Software > Business Management Software,OfficeDepot,Business Management Software,Computers & Accessories > Software > Business Software > Business Management Software,4,15.0,True,True,
OfficeDepot::Computers & Accessories > Software > Business Software > Document Management,OfficeDepot,Document Management,Computers & Accessories > Software > Business Software > Document Management,4,17.0,True,True,
OfficeDepot::Computers & Accessories > Software > Business Software > Microsoft Office Software,OfficeDepot,Microsoft Office Software,Computers & Accessories > Software > Business Software > Microsoft Office Software,4,21.0,True,True,
OfficeDepot::Computers & Accessories > Software > Business Software > Voice Recognition Software,OfficeDepot,Voice Recognition Software,Computers & Accessories > Software > Business Software > Voice Recognition Software,4,5.0,True,True,
OfficeDepot::Computers & Accessories > Software > Editing Software,OfficeDepot,Editing Software,Computers & Accessories > Software > Editing Software,3,73.0,False,True,
OfficeDepot::Computers & Accessories > Software > Editing Software > Audio Editing Software,OfficeDepot,Audio Editing Software,Computers & Accessories > Software > Editing Software > Audio Editing Software,4,7.0,True,True,
OfficeDepot::Computers & Accessories > Software > Editing Software > Digital Editing Suites Software,OfficeDepot,Digital Editing Suites Software,Computers & Accessories > Software > Editing Software > Digital Editing Suites Software,4,11.0,True,True,
OfficeDepot::Computers & Accessories > Software > Editing Software > Photo Editing Software,OfficeDepot,Photo Editing Software,Computers & Accessories > Software > Editing Software > Photo Editing Software,4,31.0,True,True,
OfficeDepot::Computers & Accessories > Software > Editing Software > Video Editing Software,OfficeDepot,Video Editing Software,Computers & Accessories > Software > Editing Software > Video Editing Software,4,24.0,True,True,
OfficeDepot::Computers & Accessories > Software > Education Software,OfficeDepot,Education Software,Computers & Accessories > Software > Education Software,3,14.0,False,True,
OfficeDepot::Computers & Accessories > Software > Education Software > Instructional Software,OfficeDepot,Instructional Software,Computers & Accessories > Software > Education Software > Instructional Software,4,14.0,True,True,
OfficeDepot::Computers & Accessories > Software > Finance & Legal Software,OfficeDepot,Finance & Legal Software,Computers & Accessories > Software > Finance & Legal Software,3,114.0,False,True,
OfficeDepot::Computers & Accessories > Software > Finance & Legal Software > Legal Forms Software,OfficeDepot,Legal Forms Software,Computers & Accessories > Software > Finance & Legal Software > Legal Forms Software,4,9.0,True,True,
OfficeDepot::Computers & Accessories > Software > Finance & Legal Software > Personal Finance Software,OfficeDepot,Personal Finance Software,Computers & Accessories > Software > Finance & Legal Software > Personal Finance Software,4,26.0,True,True,
OfficeDepot::Computers & Accessories > Software > Finance & Legal Software > Small Business Finance Software,OfficeDepot,Small Business Finance Software,Computers & Accessories > Software > Finance & Legal Software > Small Business Finance Software,4,61.0,True,True,
OfficeDepot::Computers & Accessories > Software > Finance & Legal Software > Tax Preparation Software,OfficeDepot,Tax Preparation Software,Computers & Accessories > Software > Finance & Legal Software > Tax Preparation Software,4,18.0,True,True,
OfficeDepot::Computers & Accessories > Software > Graphic Design Software,OfficeDepot,Graphic Design Software,Computers & Accessories > Software > Graphic Design Software,3,50.0,False,True,
OfficeDepot::Computers & Accessories > Software > Graphic Design Software > CAD Design Software,OfficeDepot,CAD Design Software,Computers & Accessories > Software > Graphic Design Software > CAD Design Software,4,8.0,True,True,
OfficeDepot::Computers & Accessories > Software > Graphic Design Software > Desktop Publishing Software,OfficeDepot,Desktop Publishing Software,Computers & Accessories > Software > Graphic Design Software > Desktop Publishing Software,4,12.0,True,True,
OfficeDepot::Computers & Accessories > Software > Graphic Design Software > Home Design Software,OfficeDepot,Home Design Software,Computers & Accessories > Software > Graphic Design Software > Home Design Software,4,3.0,True,True,
OfficeDepot::Computers & Accessories > Software > Graphic Design Software > Web Design Software,OfficeDepot,Web Design Software,Computers & Accessories > Software > Graphic Design Software > Web Design Software,4,4.0,True,True,
OfficeDepot::Computers & Accessories > Software > Video Games,OfficeDepot,Video Games,Computers & Accessories > Software > Video Games,3,9.0,False,True,
OfficeDepot::Computers & Accessories > Software > Video Games > Mobile Gaming,OfficeDepot,Mobile Gaming,Computers & Accessories > Software > Video Games > Mobile Gaming,4,9.0,True,True,
OfficeDepot::Computers & Accessories > Tablets & Accessories,OfficeDepot,Tablets & Accessories,Computers & Accessories > Tablets & Accessories,2,454.0,False,True,
OfficeDepot::Computers & Accessories > Tablets & Accessories > Apple Accessories,OfficeDepot,Apple Accessories,Computers & Accessories > Tablets & Accessories > Apple Accessories,3,136.0,True,True,
OfficeDepot::Computers & Accessories > Tablets & Accessories > Tablet Accessories,OfficeDepot,Tablet Accessories,Computers & Accessories > Tablets & Accessories > Tablet Accessories,3,422.0,True,True,
OfficeDepot::Computers & Accessories > Tablets & Accessories > Tablets,OfficeDepot,Tablets,Computers & Accessories > Tablets & Accessories > Tablets,3,28.0,True,True,
OfficeDepot::Electronics,OfficeDepot,Electronics,Electronics,1,3986.0,False,True,
OfficeDepot::Electronics > Audio,OfficeDepot,Audio,Electronics > Audio,2,566.0,False,True,
OfficeDepot::Electronics > Audio > Audio Accessories,OfficeDepot,Audio Accessories,Electronics > Audio > Audio Accessories,3,87.0,False,True,
OfficeDepot::Electronics > Audio > Audio Accessories > AV Receivers & Amplifiers,OfficeDepot,AV Receivers & Amplifiers,Electronics > Audio > Audio Accessories > AV Receivers & Amplifiers,4,3.0,True,True,
OfficeDepot::Electronics > Audio > Audio Accessories > Audio Cables & Adapters,OfficeDepot,Audio Cables & Adapters,Electronics > Audio > Audio Accessories > Audio Cables & Adapters,4,2.0,True,True,
OfficeDepot::Electronics > Audio > Audio Accessories > FM Transmitters & Receivers,OfficeDepot,FM Transmitters & Receivers,Electronics > Audio > Audio Accessories > FM Transmitters & Receivers,4,6.0,True,True,
OfficeDepot::Electronics > Audio > Audio Accessories > Microphone Accessories,OfficeDepot,Microphone Accessories,Electronics > Audio > Audio Accessories > Microphone Accessories,4,5.0,True,True,
OfficeDepot::Electronics > Audio > Audio Accessories > Microphones,OfficeDepot,Microphones,Electronics > Audio > Audio Accessories > Microphones,4,19.0,True,True,
OfficeDepot::Electronics > Audio > Audio Accessories > Radio & Stereo Antennas,OfficeDepot,Radio & Stereo Antennas,Electronics > Audio > Audio Accessories > Radio & Stereo Antennas,4,7.0,True,True,
OfficeDepot::Electronics > Audio > Audio Accessories > iPad Accessories,OfficeDepot,iPad Accessories,Electronics > Audio > Audio Accessories > iPad Accessories,4,44.0,True,True,
OfficeDepot::Electronics > Audio > Docks & Radios,OfficeDepot,Docks & Radios,Electronics > Audio > Docks & Radios,3,106.0,False,True,
OfficeDepot::Electronics > Audio > Docks & Radios > Clock Radios & Alarm Clocks,OfficeDepot,Clock Radios & Alarm Clocks,Electronics > Audio > Docks & Radios > Clock Radios & Alarm Clocks,4,6.0,True,True,
OfficeDepot::Electronics > Audio > Docks & Radios > Docking Stations,OfficeDepot,Docking Stations,Electronics > Audio > Docks & Radios > Docking Stations,4,66.0,True,True,
OfficeDepot::Electronics > Audio > Docks & Radios > MP3 Players,OfficeDepot,MP3 Players,Electronics > Audio > Docks & Radios > MP3 Players,4,31.0,True,True,
OfficeDepot::Electronics > Audio > Docks & Radios > Public Address Systems,OfficeDepot,Public Address Systems,Electronics > Audio > Docks & Radios > Public Address Systems,4,3.0,True,True,
OfficeDepot::Electronics > Audio > Headphones,OfficeDepot,Headphones,Electronics > Audio > Headphones,3,299.0,False,True,
OfficeDepot::Electronics > Audio > Headphones > Earbuds & In-Ear Headphones,OfficeDepot,Earbuds & In-Ear Headphones,Electronics > Audio > Headphones > Earbuds & In-Ear Headphones,4,141.0,True,True,
OfficeDepot::Electronics > Audio > Headphones > Gaming Headsets,OfficeDepot,Gaming Headsets,Electronics > Audio > Headphones > Gaming Headsets,4,29.0,True,True,
OfficeDepot::Electronics > Audio > Headphones > On-Ear Headphones,OfficeDepot,On-Ear Headphones,Electronics > Audio > Headphones > On-Ear Headphones,4,79.0,True,True,
OfficeDepot::Electronics > Audio > Headphones > Over-The-Ear Headphones,OfficeDepot,Over-The-Ear Headphones,Electronics > Audio > Headphones > Over-The-Ear Headphones,4,45.0,True,True,
OfficeDepot::Electronics > Audio > Headphones > Wireless Headphones,OfficeDepot,Wireless Headphones,Electronics > Audio > Headphones > Wireless Headphones,4,129.0,True,True,
OfficeDepot::Electronics > Audio > Home Audio,OfficeDepot,Home Audio,Electronics > Audio > Home Audio,3,49.0,False,True,
OfficeDepot::Electronics > Audio > Home Audio > Ceiling & Wall Speakers,OfficeDepot,Ceiling & Wall Speakers,Electronics > Audio > Home Audio > Ceiling & Wall Speakers,4,3.0,True,True,
OfficeDepot::Electronics > Audio > Home Audio > Home Speakers,OfficeDepot,Home Speakers,Electronics > Audio > Home Audio > Home Speakers,4,23.0,True,True,
OfficeDepot::Electronics > Audio > Home Audio > Stereos & Boomboxes,OfficeDepot,Stereos & Boomboxes,Electronics > Audio > Home Audio > Stereos & Boomboxes,4,10.0,True,True,
OfficeDepot::Electronics > Audio > Home Audio > Voice Recorders,OfficeDepot,Voice Recorders,Electronics > Audio > Home Audio > Voice Recorders,4,13.0,True,True,
OfficeDepot::Electronics > Audio > Wireless & Bluetooth Speakers,OfficeDepot,Wireless & Bluetooth Speakers,Electronics > Audio > Wireless & Bluetooth Speakers,3,50.0,True,True,
OfficeDepot::Electronics > Batteries & Power Protection,OfficeDepot,Batteries & Power Protection,Electronics > Batteries & Power Protection,2,849.0,False,True,
OfficeDepot::Electronics > Batteries & Power Protection > AV Batteries,OfficeDepot,AV Batteries,Electronics > Batteries & Power Protection > AV Batteries,3,20.0,False,True,
OfficeDepot::Electronics > Batteries & Power Protection > AV Batteries > Camcorder Batteries,OfficeDepot,Camcorder Batteries,Electronics > Batteries & Power Protection > AV Batteries > Camcorder Batteries,4,1.0,True,True,
OfficeDepot::Electronics > Batteries & Power Protection > AV Batteries > Camera Batteries,OfficeDepot,Camera Batteries,Electronics > Batteries & Power Protection > AV Batteries > Camera Batteries,4,10.0,True,True,
OfficeDepot::Electronics > Batteries & Power Protection > AV Batteries > Cordless Phone Batteries,OfficeDepot,Cordless Phone Batteries,Electronics > Batteries & Power Protection > AV Batteries > Cordless Phone Batteries,4,6.0,True,True,
OfficeDepot::Electronics > Batteries & Power Protection > AV Batteries > Two-Way Radio Batteries,OfficeDepot,Two-Way Radio Batteries,Electronics > Batteries & Power Protection > AV Batteries > Two-Way Radio Batteries,4,1.0,True,True,
OfficeDepot::Electronics > Batteries & Power Protection > Alkaline Batteries,OfficeDepot,Alkaline Batteries,Electronics > Batteries & Power Protection > Alkaline Batteries,3,37.0,False,True,
OfficeDepot::Electronics > Batteries & Power Protection > Alkaline Batteries > 9-Volt Alkaline Batteries,OfficeDepot,9-Volt Alkaline Batteries,Electronics > Batteries & Power Protection > Alkaline Batteries > 9-Volt Alkaline Batteries,4,6.0,True,True,
OfficeDepot::Electronics > Batteries & Power Protection > Alkaline Batteries > AA Alkaline Batteries,OfficeDepot,AA Alkaline Batteries,Electronics > Batteries & Power Protection > Alkaline Batteries > AA Alkaline Batteries,4,10.0,True,True,
OfficeDepot::Electronics > Batteries & Power Protection > Alkaline Batteries > AAA Alkaline Batteries,OfficeDepot,AAA Alkaline Batteries,Electronics > Batteries & Power Protection > Alkaline Batteries > AAA Alkaline Batteries,4,11.0,True,True,
OfficeDepot::Electronics > Batteries & Power Protection > Alkaline Batteries > C & D Alkaline Batteries,OfficeDepot,C & D Alkaline Batteries,Electronics > Batteries & Power Protection > Alkaline Batteries > C & D Alkaline Batteries,4,10.0,True,True,
OfficeDepot::Electronics > Batteries & Power Protection > Chargers & Adapters,OfficeDepot,Chargers & Adapters,Electronics > Batteries & Power Protection > Chargers & Adapters,3,369.0,True,True,
OfficeDepot::Electronics > Batteries & Power Protection > Lithium Batteries,OfficeDepot,Lithium Batteries,Electronics > Batteries & Power Protection > Lithium Batteries,3,32.0,True,True,
OfficeDepot::Electronics > Batteries & Power Protection > Mobile Printer Batteries,OfficeDepot,Mobile Printer Batteries,Electronics > Batteries & Power Protection > Mobile Printer Batteries,3,1.0,True,True,
OfficeDepot::Electronics > Batteries & Power Protection > Power & Surge Protectors,OfficeDepot,Power & Surge Protectors,Electronics > Batteries & Power Protection > Power & Surge Protectors,3,156.0,False,True,
OfficeDepot::Electronics > Batteries & Power Protection > Power & Surge Protectors > Extension Cords,OfficeDepot,Extension Cords,Electronics > Batteries & Power Protection > Power & Surge Protectors > Extension Cords,4,23.0,True,True,
OfficeDepot::Electronics > Batteries & Power Protection > Power & Surge Protectors > Power & Surge Strips,OfficeDepot,Power & Surge Strips,Electronics > Batteries & Power Protection > Power & Surge Protectors > Power & Surge Strips,4,133.0,True,True,
OfficeDepot::Electronics > Batteries & Power Protection > Power Inverters,OfficeDepot,Power Inverters,Electronics > Batteries & Power Protection > Power Inverters,3,3.0,True,True,
OfficeDepot::Electronics > Batteries & Power Protection > Rechargeable Batteries,OfficeDepot,Rechargeable Batteries,Electronics > Batteries & Power Protection > Rechargeable Batteries,3,8.0,False,True,
OfficeDepot::Electronics > Batteries & Power Protection > Rechargeable Batteries > AA Rechargeable Batteries,OfficeDepot,AA Rechargeable Batteries,Electronics > Batteries & Power Protection > Rechargeable Batteries > AA Rechargeable Batteries,4,5.0,True,True,
OfficeDepot::Electronics > Batteries & Power Protection > Rechargeable Batteries > AAA Rechargeable Batteries,OfficeDepot,AAA Rechargeable Batteries,Electronics > Batteries & Power Protection > Rechargeable Batteries > AAA Rechargeable Batteries,4,7.0,True,True,
OfficeDepot::Electronics > Batteries & Power Protection > UPS Battery Backup,OfficeDepot,UPS Battery Backup,Electronics > Batteries & Power Protection > UPS Battery Backup,3,165.0,False,True,
OfficeDepot::Electronics > Batteries & Power Protection > UPS Battery Backup > Rack-Mounted UPS,OfficeDepot,Rack-Mounted UPS,Electronics > Batteries & Power Protection > UPS Battery Backup > Rack-Mounted UPS,4,42.0,True,True,
OfficeDepot::Electronics > Batteries & Power Protection > UPS Battery Backup > Standalone UPS,OfficeDepot,Standalone UPS,Electronics > Batteries & Power Protection > UPS Battery Backup > Standalone UPS,4,123.0,True,True,
OfficeDepot::Electronics > Batteries & Power Protection > UPS Battery Backup Accessories,OfficeDepot,UPS Battery Backup Accessories,Electronics > Batteries & Power Protection > UPS Battery Backup Accessories,3,69.0,False,True,
OfficeDepot::Electronics > Batteries & Power Protection > UPS Battery Backup Accessories > Power Distribution Units,OfficeDepot,Power Distribution Units,Electronics > Batteries & Power Protection > UPS Battery Backup Accessories > Power Distribution Units,4,19.0,True,True,
OfficeDepot::Electronics > Batteries & Power Protection > UPS Battery Backup Accessories > UPS Backplate Kits,OfficeDepot,UPS Backplate Kits,Electronics > Batteries & Power Protection > UPS Battery Backup Accessories > UPS Backplate Kits,4,1.0,True,True,
OfficeDepot::Electronics > Batteries & Power Protection > UPS Battery Backup Accessories > UPS Battery Cartridges,OfficeDepot,UPS Battery Cartridges,Electronics > Batteries & Power Protection > UPS Battery Backup Accessories > UPS Battery Cartridges,4,48.0,True,True,
OfficeDepot::Electronics > Batteries & Power Protection > UPS Battery Backup Accessories > UPS Remote Management Cards,OfficeDepot,UPS Remote Management Cards,Electronics > Batteries & Power Protection > UPS Battery Backup Accessories > UPS Remote Management Cards,4,1.0,True,True,
"OfficeDepot::Electronics > Batteries & Power Protection > Watch, Calculator & Specialty Batteries",OfficeDepot,"Watch, Calculator & Specialty Batteries","Electronics > Batteries & Power Protection > Watch, Calculator & Specialty Batteries",3,30.0,True,True,
OfficeDepot::Electronics > Cameras & Camcorders,OfficeDepot,Cameras & Camcorders,Electronics > Cameras & Camcorders,2,171.0,False,True,
OfficeDepot::Electronics > Cameras & Camcorders > Binoculars,OfficeDepot,Binoculars,Electronics > Cameras & Camcorders > Binoculars,3,2.0,True,True,
OfficeDepot::Electronics > Cameras & Camcorders > Camcorder Accessories,OfficeDepot,Camcorder Accessories,Electronics > Cameras & Camcorders > Camcorder Accessories,3,2.0,False,True,
OfficeDepot::Electronics > Cameras & Camcorders > Camcorder Accessories > Camcorder Attachments,OfficeDepot,Camcorder Attachments,Electronics > Cameras & Camcorders > Camcorder Accessories > Camcorder Attachments,4,1.0,True,True,
OfficeDepot::Electronics > Cameras & Camcorders > Camcorder Accessories > Camcorder Kits,OfficeDepot,Camcorder Kits,Electronics > Cameras & Camcorders > Camcorder Accessories > Camcorder Kits,4,1.0,True,True,
OfficeDepot::Electronics > Cameras & Camcorders > Camcorders,OfficeDepot,Camcorders,Electronics > Cameras & Camcorders > Camcorders,3,5.0,False,True,
OfficeDepot::Electronics > Cameras & Camcorders > Camcorders > Action Cameras,OfficeDepot,Action Cameras,Electronics > Cameras & Camcorders > Camcorders > Action Cameras,4,5.0,True,True,
OfficeDepot::Electronics > Cameras & Camcorders > Camcorders > Flash Memory Camcorders,OfficeDepot,Flash Memory Camcorders,Electronics > Cameras & Camcorders > Camcorders > Flash Memory Camcorders,4,5.0,True,True,
OfficeDepot::Electronics > Cameras & Camcorders > Camera Accessories,OfficeDepot,Camera Accessories,Electronics > Cameras & Camcorders > Camera Accessories,3,38.0,False,True,
OfficeDepot::Electronics > Cameras & Camcorders > Camera Accessories > Camera Attachments,OfficeDepot,Camera Attachments,Electronics > Cameras & Camcorders > Camera Accessories > Camera Attachments,4,20.0,True,True,
OfficeDepot::Electronics > Cameras & Camcorders > Camera Accessories > Camera Cases & Bags,OfficeDepot,Camera Cases & Bags,Electronics > Cameras & Camcorders > Camera Accessories > Camera Cases & Bags,4,7.0,True,True,
"OfficeDepot::Electronics > Cameras & Camcorders > Camera Accessories > Camera Chargers, Docks & Adapters",OfficeDepot,"Camera Chargers, Docks & Adapters","Electronics > Cameras & Camcorders > Camera Accessories > Camera Chargers, Docks & Adapters",4,4.0,True,True,
OfficeDepot::Electronics > Cameras & Camcorders > Camera Accessories > Camera Film,OfficeDepot,Camera Film,Electronics > Cameras & Camcorders > Camera Accessories > Camera Film,4,8.0,True,True,
OfficeDepot::Electronics > Cameras & Camcorders > Camera Accessories > Camera Lenses & Flashes,OfficeDepot,Camera Lenses & Flashes,Electronics > Cameras & Camcorders > Camera Accessories > Camera Lenses & Flashes,4,2.0,True,True,
OfficeDepot::Electronics > Cameras & Camcorders > Camera Accessories > Protectants & Cleaners,OfficeDepot,Protectants & Cleaners,Electronics > Cameras & Camcorders > Camera Accessories > Protectants & Cleaners,4,5.0,True,True,
OfficeDepot::Electronics > Cameras & Camcorders > Camera Accessories > Tripods,OfficeDepot,Tripods,Electronics > Cameras & Camcorders > Camera Accessories > Tripods,4,3.0,True,True,
OfficeDepot::Electronics > Cameras & Camcorders > Camera Memory Cards,OfficeDepot,Camera Memory Cards,Electronics > Cameras & Camcorders > Camera Memory Cards,3,73.0,False,True,
OfficeDepot::Electronics > Cameras & Camcorders > Camera Memory Cards > Compact Flash Memory Cards,OfficeDepot,Compact Flash Memory Cards,Electronics > Cameras & Camcorders > Camera Memory Cards > Compact Flash Memory Cards,4,2.0,True,True,
OfficeDepot::Electronics > Cameras & Camcorders > Camera Memory Cards > Memory Card Readers & Adapters,OfficeDepot,Memory Card Readers & Adapters,Electronics > Cameras & Camcorders > Camera Memory Cards > Memory Card Readers & Adapters,4,18.0,True,True,
OfficeDepot::Electronics > Cameras & Camcorders > Camera Memory Cards > Secure Digital Memory Cards,OfficeDepot,Secure Digital Memory Cards,Electronics > Cameras & Camcorders > Camera Memory Cards > Secure Digital Memory Cards,4,55.0,True,True,
OfficeDepot::Electronics > Cameras & Camcorders > Digital Cameras,OfficeDepot,Digital Cameras,Electronics > Cameras & Camcorders > Digital Cameras,3,15.0,False,True,
OfficeDepot::Electronics > Cameras & Camcorders > Digital Cameras > DSLR Cameras,OfficeDepot,DSLR Cameras,Electronics > Cameras & Camcorders > Digital Cameras > DSLR Cameras,4,9.0,True,True,
OfficeDepot::Electronics > Cameras & Camcorders > Digital Cameras > Point & Shoot Cameras,OfficeDepot,Point & Shoot Cameras,Electronics > Cameras & Camcorders > Digital Cameras > Point & Shoot Cameras,4,6.0,True,True,
OfficeDepot::Electronics > Cameras & Camcorders > Digital Picture Frames,OfficeDepot,Digital Picture Frames,Electronics > Cameras & Camcorders > Digital Picture Frames,3,4.0,True,True,
OfficeDepot::Electronics > Cameras & Camcorders > Security Cameras & Surveillance,OfficeDepot,Security Cameras & Surveillance,Electronics > Cameras & Camcorders > Security Cameras & Surveillance,3,37.0,False,True,
OfficeDepot::Electronics > Cameras & Camcorders > Security Cameras & Surveillance > Security Camera Accessories,OfficeDepot,Security Camera Accessories,Electronics > Cameras & Camcorders > Security Cameras & Surveillance > Security Camera Accessories,4,10.0,True,True,
OfficeDepot::Electronics > Cameras & Camcorders > Security Cameras & Surveillance > Security Camera Bundles,OfficeDepot,Security Camera Bundles,Electronics > Cameras & Camcorders > Security Cameras & Surveillance > Security Camera Bundles,4,14.0,True,True,
OfficeDepot::Electronics > Cameras & Camcorders > Security Cameras & Surveillance > Security Cameras,OfficeDepot,Security Cameras,Electronics > Cameras & Camcorders > Security Cameras & Surveillance > Security Cameras,4,21.0,True,True,
OfficeDepot::Electronics > Car Electronics & GPS,OfficeDepot,Car Electronics & GPS,Electronics > Car Electronics & GPS,2,4.0,False,True,
OfficeDepot::Electronics > Car Electronics & GPS > GPS Accessories,OfficeDepot,GPS Accessories,Electronics > Car Electronics & GPS > GPS Accessories,3,3.0,True,True,
OfficeDepot::Electronics > Car Electronics & GPS > Vehicle GPS,OfficeDepot,Vehicle GPS,Electronics > Car Electronics & GPS > Vehicle GPS,3,1.0,True,True,
OfficeDepot::Electronics > Drones & Accessories,OfficeDepot,Drones & Accessories,Electronics > Drones & Accessories,2,1.0,False,True,
OfficeDepot::Electronics > Drones & Accessories > Drones,OfficeDepot,Drones,Electronics > Drones & Accessories > Drones,3,1.0,True,True,
OfficeDepot::Electronics > Networking & Cables,OfficeDepot,Networking & Cables,Electronics > Networking & Cables,2,1162.0,False,True,
OfficeDepot::Electronics > Networking & Cables > Cable Boxes,OfficeDepot,Cable Boxes,Electronics > Networking & Cables > Cable Boxes,3,6.0,True,True,
OfficeDepot::Electronics > Networking & Cables > Cables,OfficeDepot,Cables,Electronics > Networking & Cables > Cables,3,768.0,False,True,
OfficeDepot::Electronics > Networking & Cables > Cables > Audio Cables,OfficeDepot,Audio Cables,Electronics > Networking & Cables > Cables > Audio Cables,4,18.0,True,True,
OfficeDepot::Electronics > Networking & Cables > Cables > Cable Management,OfficeDepot,Cable Management,Electronics > Networking & Cables > Cables > Cable Management,4,77.0,True,True,
OfficeDepot::Electronics > Networking & Cables > Cables > Computer Cables,OfficeDepot,Computer Cables,Electronics > Networking & Cables > Cables > Computer Cables,4,328.0,True,True,
OfficeDepot::Electronics > Networking & Cables > Cables > Ethernet Cables,OfficeDepot,Ethernet Cables,Electronics > Networking & Cables > Cables > Ethernet Cables,4,20.0,True,True,
OfficeDepot::Electronics > Networking & Cables > Cables > HDMI Cables,OfficeDepot,HDMI Cables,Electronics > Networking & Cables > Cables > HDMI Cables,4,54.0,True,True,
OfficeDepot::Electronics > Networking & Cables > Cables > Networking Tools,OfficeDepot,Networking Tools,Electronics > Networking & Cables > Cables > Networking Tools,4,2.0,True,True,
OfficeDepot::Electronics > Networking & Cables > Cables > Peripheral Device Cables,OfficeDepot,Peripheral Device Cables,Electronics > Networking & Cables > Cables > Peripheral Device Cables,4,34.0,True,True,
OfficeDepot::Electronics > Networking & Cables > Cables > Photo/Video Cables,OfficeDepot,Photo/Video Cables,Electronics > Networking & Cables > Cables > Photo/Video Cables,4,82.0,True,True,
OfficeDepot::Electronics > Networking & Cables > Cables > Portable Device Cables,OfficeDepot,Portable Device Cables,Electronics > Networking & Cables > Cables > Portable Device Cables,4,300.0,True,True,
OfficeDepot::Electronics > Networking & Cables > Cables > Power Cables,OfficeDepot,Power Cables,Electronics > Networking & Cables > Cables > Power Cables,4,40.0,True,True,
OfficeDepot::Electronics > Networking & Cables > Cables > Serial Cables,OfficeDepot,Serial Cables,Electronics > Networking & Cables > Cables > Serial Cables,4,7.0,True,True,
OfficeDepot::Electronics > Networking & Cables > Cables > Storage Device Cables,OfficeDepot,Storage Device Cables,Electronics > Networking & Cables > Cables > Storage Device Cables,4,1.0,True,True,
OfficeDepot::Electronics > Networking & Cables > Cables > USB Cables,OfficeDepot,USB Cables,Electronics > Networking & Cables > Cables > USB Cables,4,39.0,True,True,
OfficeDepot::Electronics > Networking & Cables > KVM Switches & Accessories,OfficeDepot,KVM Switches & Accessories,Electronics > Networking & Cables > KVM Switches & Accessories,3,5.0,False,True,
OfficeDepot::Electronics > Networking & Cables > KVM Switches & Accessories > KVM Modules,OfficeDepot,KVM Modules,Electronics > Networking & Cables > KVM Switches & Accessories > KVM Modules,4,5.0,True,True,
OfficeDepot::Electronics > Networking & Cables > Modems,OfficeDepot,Modems,Electronics > Networking & Cables > Modems,3,13.0,False,True,
OfficeDepot::Electronics > Networking & Cables > Modems > Analog Modems,OfficeDepot,Analog Modems,Electronics > Networking & Cables > Modems > Analog Modems,4,1.0,True,True,
OfficeDepot::Electronics > Networking & Cables > Modems > Cable Modems,OfficeDepot,Cable Modems,Electronics > Networking & Cables > Modems > Cable Modems,4,11.0,True,True,
OfficeDepot::Electronics > Networking & Cables > Modems > Modem Accessories,OfficeDepot,Modem Accessories,Electronics > Networking & Cables > Modems > Modem Accessories,4,1.0,True,True,
OfficeDepot::Electronics > Networking & Cables > Network Switches & Hubs,OfficeDepot,Network Switches & Hubs,Electronics > Networking & Cables > Network Switches & Hubs,3,68.0,False,True,
OfficeDepot::Electronics > Networking & Cables > Network Switches & Hubs > Managed Switches,OfficeDepot,Managed Switches,Electronics > Networking & Cables > Network Switches & Hubs > Managed Switches,4,60.0,True,True,
OfficeDepot::Electronics > Networking & Cables > Network Switches & Hubs > Unmanaged Switches,OfficeDepot,Unmanaged Switches,Electronics > Networking & Cables > Network Switches & Hubs > Unmanaged Switches,4,8.0,True,True,
OfficeDepot::Electronics > Networking & Cables > Networking Transceivers & Converters,OfficeDepot,Networking Transceivers & Converters,Electronics > Networking & Cables > Networking Transceivers & Converters,3,13.0,True,True,
OfficeDepot::Electronics > Networking & Cables > Patch Panels,OfficeDepot,Patch Panels,Electronics > Networking & Cables > Patch Panels,3,3.0,True,True,
OfficeDepot::Electronics > Networking & Cables > Print Servers,OfficeDepot,Print Servers,Electronics > Networking & Cables > Print Servers,3,6.0,True,True,
OfficeDepot::Electronics > Networking & Cables > Security Hardware,OfficeDepot,Security Hardware,Electronics > Networking & Cables > Security Hardware,3,8.0,False,True,
OfficeDepot::Electronics > Networking & Cables > Security Hardware > Firewall Devices,OfficeDepot,Firewall Devices,Electronics > Networking & Cables > Security Hardware > Firewall Devices,4,1.0,True,True,
OfficeDepot::Electronics > Networking & Cables > Security Hardware > Security Tokens,OfficeDepot,Security Tokens,Electronics > Networking & Cables > Security Hardware > Security Tokens,4,7.0,True,True,
OfficeDepot::Electronics > Networking & Cables > Terminal Servers,OfficeDepot,Terminal Servers,Electronics > Networking & Cables > Terminal Servers,3,4.0,True,True,
"OfficeDepot::Electronics > Networking & Cables > USB Hubs, Adapters & Switches",OfficeDepot,"USB Hubs, Adapters & Switches","Electronics > Networking & Cables > USB Hubs, Adapters & Switches",3,77.0,True,True,
OfficeDepot::Electronics > Networking & Cables > Wired Adapters & Routers,OfficeDepot,Wired Adapters & Routers,Electronics > Networking & Cables > Wired Adapters & Routers,3,94.0,False,True,
OfficeDepot::Electronics > Networking & Cables > Wired Adapters & Routers > Wired Adapters,OfficeDepot,Wired Adapters,Electronics > Networking & Cables > Wired Adapters & Routers > Wired Adapters,4,89.0,True,True,
OfficeDepot::Electronics > Networking & Cables > Wired Adapters & Routers > Wired Routers,OfficeDepot,Wired Routers,Electronics > Networking & Cables > Wired Adapters & Routers > Wired Routers,4,5.0,True,True,
OfficeDepot::Electronics > Networking & Cables > Wireless Networking,OfficeDepot,Wireless Networking,Electronics > Networking & Cables > Wireless Networking,3,97.0,False,True,
OfficeDepot::Electronics > Networking & Cables > Wireless Networking > Wifi Adapters,OfficeDepot,Wifi Adapters,Electronics > Networking & Cables > Wireless Networking > Wifi Adapters,4,13.0,True,True,
OfficeDepot::Electronics > Networking & Cables > Wireless Networking > Wifi Antennas,OfficeDepot,Wifi Antennas,Electronics > Networking & Cables > Wireless Networking > Wifi Antennas,4,1.0,True,True,
OfficeDepot::Electronics > Networking & Cables > Wireless Networking > Wifi Extenders,OfficeDepot,Wifi Extenders,Electronics > Networking & Cables > Wireless Networking > Wifi Extenders,4,14.0,True,True,
OfficeDepot::Electronics > Networking & Cables > Wireless Networking > Wifi Routers,OfficeDepot,Wifi Routers,Electronics > Networking & Cables > Wireless Networking > Wifi Routers,4,50.0,True,True,
OfficeDepot::Electronics > Networking & Cables > Wireless Networking > Wireless Access Points,OfficeDepot,Wireless Access Points,Electronics > Networking & Cables > Wireless Networking > Wireless Access Points,4,8.0,True,True,
OfficeDepot::Electronics > Networking & Cables > Wireless Networking > Wireless Networking Accessories,OfficeDepot,Wireless Networking Accessories,Electronics > Networking & Cables > Wireless Networking > Wireless Networking Accessories,4,12.0,True,True,
OfficeDepot::Electronics > Networking & Cables > Wireless Networking > Wireless Tools,OfficeDepot,Wireless Tools,Electronics > Networking & Cables > Wireless Networking > Wireless Tools,4,48.0,True,True,
OfficeDepot::Electronics > Office Equipment,OfficeDepot,Office Equipment,Electronics > Office Equipment,2,672.0,False,True,
OfficeDepot::Electronics > Office Equipment > Binding Equipment,OfficeDepot,Binding Equipment,Electronics > Office Equipment > Binding Equipment,3,46.0,False,True,
OfficeDepot::Electronics > Office Equipment > Binding Equipment > Binding Combs & Spines,OfficeDepot,Binding Combs & Spines,Electronics > Office Equipment > Binding Equipment > Binding Combs & Spines,4,14.0,True,True,
OfficeDepot::Electronics > Office Equipment > Binding Equipment > Binding Covers,OfficeDepot,Binding Covers,Electronics > Office Equipment > Binding Equipment > Binding Covers,4,23.0,True,True,
OfficeDepot::Electronics > Office Equipment > Binding Equipment > Binding Systems,OfficeDepot,Binding Systems,Electronics > Office Equipment > Binding Equipment > Binding Systems,4,9.0,True,True,
OfficeDepot::Electronics > Office Equipment > Calculators,OfficeDepot,Calculators,Electronics > Office Equipment > Calculators,3,112.0,False,True,
OfficeDepot::Electronics > Office Equipment > Calculators > Basic Calculators,OfficeDepot,Basic Calculators,Electronics > Office Equipment > Calculators > Basic Calculators,4,34.0,True,True,
OfficeDepot::Electronics > Office Equipment > Calculators > Calculator Supplies,OfficeDepot,Calculator Supplies,Electronics > Office Equipment > Calculators > Calculator Supplies,4,23.0,True,True,
OfficeDepot::Electronics > Office Equipment > Calculators > Financial Calculators,OfficeDepot,Financial Calculators,Electronics > Office Equipment > Calculators > Financial Calculators,4,4.0,True,True,
OfficeDepot::Electronics > Office Equipment > Calculators > Graphing Calculators,OfficeDepot,Graphing Calculators,Electronics > Office Equipment > Calculators > Graphing Calculators,4,13.0,True,True,
OfficeDepot::Electronics > Office Equipment > Calculators > Printing Calculators,OfficeDepot,Printing Calculators,Electronics > Office Equipment > Calculators > Printing Calculators,4,21.0,True,True,
OfficeDepot::Electronics > Office Equipment > Calculators > Scientific Calculators,OfficeDepot,Scientific Calculators,Electronics > Office Equipment > Calculators > Scientific Calculators,4,30.0,True,True,
OfficeDepot::Electronics > Office Equipment > Cash Registers & Supplies,OfficeDepot,Cash Registers & Supplies,Electronics > Office Equipment > Cash Registers & Supplies,3,21.0,False,True,
OfficeDepot::Electronics > Office Equipment > Cash Registers & Supplies > Cash Register Supplies,OfficeDepot,Cash Register Supplies,Electronics > Office Equipment > Cash Registers & Supplies > Cash Register Supplies,4,16.0,True,True,
OfficeDepot::Electronics > Office Equipment > Fax Machines,OfficeDepot,Fax Machines,Electronics > Office Equipment > Fax Machines,3,1.0,True,True,
OfficeDepot::Electronics > Office Equipment > Paper-Folding Machines,OfficeDepot,Paper-Folding Machines,Electronics > Office Equipment > Paper-Folding Machines,3,23.0,True,True,
OfficeDepot::Electronics > Office Equipment > Point of Sale Systems,OfficeDepot,Point of Sale Systems,Electronics > Office Equipment > Point of Sale Systems,3,2.0,False,True,
OfficeDepot::Electronics > Office Equipment > Point of Sale Systems > Point of Sale Terminal Accessories,OfficeDepot,Point of Sale Terminal Accessories,Electronics > Office Equipment > Point of Sale Systems > Point of Sale Terminal Accessories,4,2.0,True,True,
OfficeDepot::Electronics > Office Equipment > Projector Accessories,OfficeDepot,Projector Accessories,Electronics > Office Equipment > Projector Accessories,3,46.0,False,True,
OfficeDepot::Electronics > Office Equipment > Projector Accessories > Projector Lamps,OfficeDepot,Projector Lamps,Electronics > Office Equipment > Projector Accessories > Projector Lamps,4,5.0,True,True,
OfficeDepot::Electronics > Office Equipment > Projector Accessories > Projector Mounts,OfficeDepot,Projector Mounts,Electronics > Office Equipment > Projector Accessories > Projector Mounts,4,7.0,True,True,
OfficeDepot::Electronics > Office Equipment > Projector Accessories > Projector Remotes,OfficeDepot,Projector Remotes,Electronics > Office Equipment > Projector Accessories > Projector Remotes,4,13.0,True,True,
OfficeDepot::Electronics > Office Equipment > Projector Accessories > Projector Screens,OfficeDepot,Projector Screens,Electronics > Office Equipment > Projector Accessories > Projector Screens,4,21.0,True,True,
OfficeDepot::Electronics > Office Equipment > Projectors,OfficeDepot,Projectors,Electronics > Office Equipment > Projectors,3,70.0,True,True,
OfficeDepot::Electronics > Office Equipment > Scanners & Accessories,OfficeDepot,Scanners & Accessories,Electronics > Office Equipment > Scanners & Accessories,3,107.0,False,True,
OfficeDepot::Electronics > Office Equipment > Scanners & Accessories > Scanner Accessories,OfficeDepot,Scanner Accessories,Electronics > Office Equipment > Scanners & Accessories > Scanner Accessories,4,10.0,True,True,
OfficeDepot::Electronics > Office Equipment > Scanners & Accessories > Scanners,OfficeDepot,Scanners,Electronics > Office Equipment > Scanners & Accessories > Scanners,4,97.0,True,True,
OfficeDepot::Electronics > Office Equipment > Shredders,OfficeDepot,Shredders,Electronics > Office Equipment > Shredders,3,144.0,False,True,
OfficeDepot::Electronics > Office Equipment > Shredders > Shredder Accessories,OfficeDepot,Shredder Accessories,Electronics > Office Equipment > Shredders > Shredder Accessories,4,21.0,True,True,
OfficeDepot::Electronics > Office Equipment > Time Clocks,OfficeDepot,Time Clocks,Electronics > Office Equipment > Time Clocks,3,93.0,False,True,
OfficeDepot::Electronics > Office Equipment > Time Clocks > Time Card Racks,OfficeDepot,Time Card Racks,Electronics > Office Equipment > Time Clocks > Time Card Racks,4,4.0,True,True,
OfficeDepot::Electronics > Office Equipment > Time Clocks > Time Cards & Badges,OfficeDepot,Time Cards & Badges,Electronics > Office Equipment > Time Clocks > Time Cards & Badges,4,46.0,True,True,
OfficeDepot::Electronics > Office Equipment > Time Clocks > Time Clock Supplies,OfficeDepot,Time Clock Supplies,Electronics > Office Equipment > Time Clocks > Time Clock Supplies,4,13.0,True,True,
OfficeDepot::Electronics > Office Equipment > Time Clocks > Time Clock Systems,OfficeDepot,Time Clock Systems,Electronics > Office Equipment > Time Clocks > Time Clock Systems,4,30.0,True,True,
OfficeDepot::Electronics > Office Equipment > Typewriters & Accessories,OfficeDepot,Typewriters & Accessories,Electronics > Office Equipment > Typewriters & Accessories,3,7.0,False,True,
OfficeDepot::Electronics > Office Equipment > Typewriters & Accessories > Correctable Typewriter Ribbons,OfficeDepot,Correctable Typewriter Ribbons,Electronics > Office Equipment > Typewriters & Accessories > Correctable Typewriter Ribbons,4,4.0,True,True,
OfficeDepot::Electronics > Office Equipment > Typewriters & Accessories > Typewriter Ribbons,OfficeDepot,Typewriter Ribbons,Electronics > Office Equipment > Typewriters & Accessories > Typewriter Ribbons,4,6.0,True,True,
OfficeDepot::Electronics > Office Equipment > Typewriters & Accessories > Typewriters,OfficeDepot,Typewriters,Electronics > Office Equipment > Typewriters & Accessories > Typewriters,4,1.0,True,True,
OfficeDepot::Electronics > Phones & Accessories,OfficeDepot,Phones & Accessories,Electronics > Phones & Accessories,2,840.0,False,True,
OfficeDepot::Electronics > Phones & Accessories > Cell Phone Accessories,OfficeDepot,Cell Phone Accessories,Electronics > Phones & Accessories > Cell Phone Accessories,3,557.0,False,True,
OfficeDepot::Electronics > Phones & Accessories > Cell Phone Accessories > Bluetooth Headsets,OfficeDepot,Bluetooth Headsets,Electronics > Phones & Accessories > Cell Phone Accessories > Bluetooth Headsets,4,118.0,True,True,
OfficeDepot::Electronics > Phones & Accessories > Cell Phone Accessories > Cell Phone Cases,OfficeDepot,Cell Phone Cases,Electronics > Phones & Accessories > Cell Phone Accessories > Cell Phone Cases,4,139.0,True,True,
OfficeDepot::Electronics > Phones & Accessories > Cell Phone Accessories > Cell Phone Chargers & Adapters,OfficeDepot,Cell Phone Chargers & Adapters,Electronics > Phones & Accessories > Cell Phone Accessories > Cell Phone Chargers & Adapters,4,206.0,True,True,
OfficeDepot::Electronics > Phones & Accessories > Cell Phone Accessories > Cell Phone Corded Headsets,OfficeDepot,Cell Phone Corded Headsets,Electronics > Phones & Accessories > Cell Phone Accessories > Cell Phone Corded Headsets,4,6.0,True,True,
OfficeDepot::Electronics > Phones & Accessories > Cell Phone Accessories > Cell Phone Grips,OfficeDepot,Cell Phone Grips,Electronics > Phones & Accessories > Cell Phone Accessories > Cell Phone Grips,4,7.0,True,True,
OfficeDepot::Electronics > Phones & Accessories > Cell Phone Accessories > Cell Phone Kits,OfficeDepot,Cell Phone Kits,Electronics > Phones & Accessories > Cell Phone Accessories > Cell Phone Kits,4,14.0,True,True,
OfficeDepot::Electronics > Phones & Accessories > Cell Phone Accessories > Cell Phone Screen Protectors,OfficeDepot,Cell Phone Screen Protectors,Electronics > Phones & Accessories > Cell Phone Accessories > Cell Phone Screen Protectors,4,46.0,True,True,
OfficeDepot::Electronics > Phones & Accessories > Cell Phone Accessories > Cell Phone Signal Boosters,OfficeDepot,Cell Phone Signal Boosters,Electronics > Phones & Accessories > Cell Phone Accessories > Cell Phone Signal Boosters,4,3.0,True,True,
OfficeDepot::Electronics > Phones & Accessories > Cell Phone Accessories > Cell Phone Stands,OfficeDepot,Cell Phone Stands,Electronics > Phones & Accessories > Cell Phone Accessories > Cell Phone Stands,4,32.0,True,True,
OfficeDepot::Electronics > Phones & Accessories > Cell Phone Accessories > Selfie Sticks,OfficeDepot,Selfie Sticks,Electronics > Phones & Accessories > Cell Phone Accessories > Selfie Sticks,4,2.0,True,True,
OfficeDepot::Electronics > Phones & Accessories > Cell Phone Accessories > UV Phone Sanitizers,OfficeDepot,UV Phone Sanitizers,Electronics > Phones & Accessories > Cell Phone Accessories > UV Phone Sanitizers,4,3.0,True,True,
OfficeDepot::Electronics > Phones & Accessories > Cell Phones,OfficeDepot,Cell Phones,Electronics > Phones & Accessories > Cell Phones,3,1.0,False,True,
OfficeDepot::Electronics > Phones & Accessories > Cell Phones > Smartphones,OfficeDepot,Smartphones,Electronics > Phones & Accessories > Cell Phones > Smartphones,4,1.0,True,True,
OfficeDepot::Electronics > Phones & Accessories > Conferencing,OfficeDepot,Conferencing,Electronics > Phones & Accessories > Conferencing,3,89.0,False,True,
OfficeDepot::Electronics > Phones & Accessories > Conferencing > Teleconferencing,OfficeDepot,Teleconferencing,Electronics > Phones & Accessories > Conferencing > Teleconferencing,4,89.0,True,True,
OfficeDepot::Electronics > Phones & Accessories > Conferencing > Video Conferencing,OfficeDepot,Video Conferencing,Electronics > Phones & Accessories > Conferencing > Video Conferencing,4,23.0,True,True,
OfficeDepot::Electronics > Phones & Accessories > Multi-Line Phones,OfficeDepot,Multi-Line Phones,Electronics > Phones & Accessories > Multi-Line Phones,3,34.0,False,True,
OfficeDepot::Electronics > Phones & Accessories > Multi-Line Phones > Multi-Line Corded Phones,OfficeDepot,Multi-Line Corded Phones,Electronics > Phones & Accessories > Multi-Line Phones > Multi-Line Corded Phones,4,8.0,True,True,
OfficeDepot::Electronics > Phones & Accessories > Multi-Line Phones > Multi-Line Cordless Phones,OfficeDepot,Multi-Line Cordless Phones,Electronics > Phones & Accessories > Multi-Line Phones > Multi-Line Cordless Phones,4,10.0,True,True,
OfficeDepot::Electronics > Phones & Accessories > Multi-Line Phones > Multi-Line Handset Systems,OfficeDepot,Multi-Line Handset Systems,Electronics > Phones & Accessories > Multi-Line Phones > Multi-Line Handset Systems,4,16.0,True,True,
OfficeDepot::Electronics > Phones & Accessories > PDA Accessories,OfficeDepot,PDA Accessories,Electronics > Phones & Accessories > PDA Accessories,3,6.0,False,True,
OfficeDepot::Electronics > Phones & Accessories > PDA Accessories > PDA Chargers,OfficeDepot,PDA Chargers,Electronics > Phones & Accessories > PDA Accessories > PDA Chargers,4,6.0,True,True,
OfficeDepot::Electronics > Phones & Accessories > Phone Accessories,OfficeDepot,Phone Accessories,Electronics > Phones & Accessories > Phone Accessories,3,96.0,False,True,
OfficeDepot::Electronics > Phones & Accessories > Phone Accessories > Expansion Handsets,OfficeDepot,Expansion Handsets,Electronics > Phones & Accessories > Phone Accessories > Expansion Handsets,4,18.0,True,True,
OfficeDepot::Electronics > Phones & Accessories > Phone Accessories > Line Conditioners,OfficeDepot,Line Conditioners,Electronics > Phones & Accessories > Phone Accessories > Line Conditioners,4,6.0,True,True,
OfficeDepot::Electronics > Phones & Accessories > Phone Accessories > Phone Cord Detanglers,OfficeDepot,Phone Cord Detanglers,Electronics > Phones & Accessories > Phone Accessories > Phone Cord Detanglers,4,4.0,True,True,
OfficeDepot::Electronics > Phones & Accessories > Phone Accessories > Phone Cords,OfficeDepot,Phone Cords,Electronics > Phones & Accessories > Phone Accessories > Phone Cords,4,18.0,True,True,
"OfficeDepot::Electronics > Phones & Accessories > Phone Accessories > Phone Couplers, Adapters & Routers",OfficeDepot,"Phone Couplers, Adapters & Routers","Electronics > Phones & Accessories > Phone Accessories > Phone Couplers, Adapters & Routers",4,10.0,True,True,
OfficeDepot::Electronics > Phones & Accessories > Phone Accessories > Phone Headsets & Chargers,OfficeDepot,Phone Headsets & Chargers,Electronics > Phones & Accessories > Phone Accessories > Phone Headsets & Chargers,4,15.0,True,True,
OfficeDepot::Electronics > Phones & Accessories > Phone Accessories > Phone Stands & Shoulder Rests,OfficeDepot,Phone Stands & Shoulder Rests,Electronics > Phones & Accessories > Phone Accessories > Phone Stands & Shoulder Rests,4,15.0,True,True,
OfficeDepot::Electronics > Phones & Accessories > Phone Accessories > Replacement Headset Parts,OfficeDepot,Replacement Headset Parts,Electronics > Phones & Accessories > Phone Accessories > Replacement Headset Parts,4,10.0,True,True,
OfficeDepot::Electronics > Phones & Accessories > Single-Line Phones,OfficeDepot,Single-Line Phones,Electronics > Phones & Accessories > Single-Line Phones,3,62.0,False,True,
OfficeDepot::Electronics > Phones & Accessories > Single-Line Phones > Single-Line Corded Phones,OfficeDepot,Single-Line Corded Phones,Electronics > Phones & Accessories > Single-Line Phones > Single-Line Corded Phones,4,14.0,True,True,
OfficeDepot::Electronics > Phones & Accessories > Single-Line Phones > Single-Line Cordless Phones,OfficeDepot,Single-Line Cordless Phones,Electronics > Phones & Accessories > Single-Line Phones > Single-Line Cordless Phones,4,19.0,True,True,
OfficeDepot::Electronics > Phones & Accessories > Single-Line Phones > Single-Line Handset Systems,OfficeDepot,Single-Line Handset Systems,Electronics > Phones & Accessories > Single-Line Phones > Single-Line Handset Systems,4,37.0,True,True,
OfficeDepot::Electronics > Phones & Accessories > Telecom Gateways & Routers,OfficeDepot,Telecom Gateways & Routers,Electronics > Phones & Accessories > Telecom Gateways & Routers,3,5.0,True,True,
OfficeDepot::Electronics > Phones & Accessories > VoIP,OfficeDepot,VoIP,Electronics > Phones & Accessories > VoIP,3,78.0,False,True,
OfficeDepot::Electronics > Phones & Accessories > VoIP > VoIP Accessories,OfficeDepot,VoIP Accessories,Electronics > Phones & Accessories > VoIP > VoIP Accessories,4,14.0,True,True,
OfficeDepot::Electronics > Phones & Accessories > VoIP > VoIP Conferencing,OfficeDepot,VoIP Conferencing,Electronics > Phones & Accessories > VoIP > VoIP Conferencing,4,38.0,True,True,
OfficeDepot::Electronics > Phones & Accessories > VoIP > VoIP Headsets,OfficeDepot,VoIP Headsets,Electronics > Phones & Accessories > VoIP > VoIP Headsets,4,15.0,True,True,
OfficeDepot::Electronics > Phones & Accessories > VoIP > VoIP Phones,OfficeDepot,VoIP Phones,Electronics > Phones & Accessories > VoIP > VoIP Phones,4,40.0,True,True,
OfficeDepot::Electronics > Phones & Accessories > VoIP > VoIP Systems,OfficeDepot,VoIP Systems,Electronics > Phones & Accessories > VoIP > VoIP Systems,4,9.0,True,True,
OfficeDepot::Electronics > Smart Home,OfficeDepot,Smart Home,Electronics > Smart Home,2,49.0,False,True,
OfficeDepot::Electronics > Smart Home > Energy Management,OfficeDepot,Energy Management,Electronics > Smart Home > Energy Management,3,10.0,False,True,
OfficeDepot::Electronics > Smart Home > Energy Management > Smart Thermostats,OfficeDepot,Smart Thermostats,Electronics > Smart Home > Energy Management > Smart Thermostats,4,10.0,True,True,
OfficeDepot::Electronics > Smart Home > Home Access,OfficeDepot,Home Access,Electronics > Smart Home > Home Access,3,5.0,False,True,
OfficeDepot::Electronics > Smart Home > Home Access > Smart Doorbells,OfficeDepot,Smart Doorbells,Electronics > Smart Home > Home Access > Smart Doorbells,4,5.0,True,True,
OfficeDepot::Electronics > Smart Home > Home Automation,OfficeDepot,Home Automation,Electronics > Smart Home > Home Automation,3,17.0,False,True,
OfficeDepot::Electronics > Smart Home > Home Automation > Smart Hubs,OfficeDepot,Smart Hubs,Electronics > Smart Home > Home Automation > Smart Hubs,4,1.0,True,True,
OfficeDepot::Electronics > Smart Home > Home Automation > Voice Assistants,OfficeDepot,Voice Assistants,Electronics > Smart Home > Home Automation > Voice Assistants,4,5.0,True,True,
OfficeDepot::Electronics > Smart Home > Home Automation > Whole Home WiFi,OfficeDepot,Whole Home WiFi,Electronics > Smart Home > Home Automation > Whole Home WiFi,4,11.0,True,True,
OfficeDepot::Electronics > Smart Home > Home Security,OfficeDepot,Home Security,Electronics > Smart Home > Home Security,3,10.0,False,True,
OfficeDepot::Electronics > Smart Home > Home Security > Smart Motion Detectors,OfficeDepot,Smart Motion Detectors,Electronics > Smart Home > Home Security > Smart Motion Detectors,4,2.0,True,True,
OfficeDepot::Electronics > Smart Home > Home Security > Smart Security Cameras,OfficeDepot,Smart Security Cameras,Electronics > Smart Home > Home Security > Smart Security Cameras,4,5.0,True,True,
OfficeDepot::Electronics > Smart Home > Home Security > Smart Smoke Detectors,OfficeDepot,Smart Smoke Detectors,Electronics > Smart Home > Home Security > Smart Smoke Detectors,4,1.0,True,True,
OfficeDepot::Electronics > Smart Home > Home Security > Smart Surveillance Systems,OfficeDepot,Smart Surveillance Systems,Electronics > Smart Home > Home Security > Smart Surveillance Systems,4,6.0,True,True,
OfficeDepot::Electronics > Smart Home > Smart Lighting,OfficeDepot,Smart Lighting,Electronics > Smart Home > Smart Lighting,3,7.0,False,True,
OfficeDepot::Electronics > Smart Home > Smart Lighting > Smart Light Bulbs,OfficeDepot,Smart Light Bulbs,Electronics > Smart Home > Smart Lighting > Smart Light Bulbs,4,5.0,True,True,
OfficeDepot::Electronics > Smart Home > Smart Lighting > Smart Outlets,OfficeDepot,Smart Outlets,Electronics > Smart Home > Smart Lighting > Smart Outlets,4,2.0,True,True,
OfficeDepot::Electronics > Smart Home > Smart Lighting > Smart Plugs,OfficeDepot,Smart Plugs,Electronics > Smart Home > Smart Lighting > Smart Plugs,4,2.0,True,True,
OfficeDepot::Electronics > TVs & Home Theater,OfficeDepot,TVs & Home Theater,Electronics > TVs & Home Theater,2,125.0,False,True,
OfficeDepot::Electronics > TVs & Home Theater > Audio Devices,OfficeDepot,Audio Devices,Electronics > TVs & Home Theater > Audio Devices,3,8.0,False,True,
OfficeDepot::Electronics > TVs & Home Theater > Audio Devices > Sound Bars,OfficeDepot,Sound Bars,Electronics > TVs & Home Theater > Audio Devices > Sound Bars,4,8.0,True,True,
OfficeDepot::Electronics > TVs & Home Theater > Home Video,OfficeDepot,Home Video,Electronics > TVs & Home Theater > Home Video,3,2.0,True,True,
OfficeDepot::Electronics > TVs & Home Theater > Media Streaming Devices,OfficeDepot,Media Streaming Devices,Electronics > TVs & Home Theater > Media Streaming Devices,3,8.0,True,True,
OfficeDepot::Electronics > TVs & Home Theater > Satellite Radios & Accessories,OfficeDepot,Satellite Radios & Accessories,Electronics > TVs & Home Theater > Satellite Radios & Accessories,3,5.0,False,True,
OfficeDepot::Electronics > TVs & Home Theater > Satellite Radios & Accessories > Satellite Radios,OfficeDepot,Satellite Radios,Electronics > TVs & Home Theater > Satellite Radios & Accessories > Satellite Radios,4,5.0,True,True,
OfficeDepot::Electronics > TVs & Home Theater > TV & Home Theater Accessories,OfficeDepot,TV & Home Theater Accessories,Electronics > TVs & Home Theater > TV & Home Theater Accessories,3,83.0,False,True,
OfficeDepot::Electronics > TVs & Home Theater > TV & Home Theater Accessories > Switchboxes,OfficeDepot,Switchboxes,Electronics > TVs & Home Theater > TV & Home Theater Accessories > Switchboxes,4,13.0,True,True,
OfficeDepot::Electronics > TVs & Home Theater > TV & Home Theater Accessories > TV Antennas,OfficeDepot,TV Antennas,Electronics > TVs & Home Theater > TV & Home Theater Accessories > TV Antennas,4,6.0,True,True,
OfficeDepot::Electronics > TVs & Home Theater > TV & Home Theater Accessories > TV Presentation Kits,OfficeDepot,TV Presentation Kits,Electronics > TVs & Home Theater > TV & Home Theater Accessories > TV Presentation Kits,4,5.0,True,True,
OfficeDepot::Electronics > TVs & Home Theater > TV & Home Theater Accessories > TV Universal Remotes,OfficeDepot,TV Universal Remotes,Electronics > TVs & Home Theater > TV & Home Theater Accessories > TV Universal Remotes,4,6.0,True,True,
OfficeDepot::Electronics > TVs & Home Theater > TV & Home Theater Accessories > TV Wall & Ceiling Mounts,OfficeDepot,TV Wall & Ceiling Mounts,Electronics > TVs & Home Theater > TV & Home Theater Accessories > TV Wall & Ceiling Mounts,4,45.0,True,True,
OfficeDepot::Electronics > TVs & Home Theater > TV & Home Theater Accessories > Turntables,OfficeDepot,Turntables,Electronics > TVs & Home Theater > TV & Home Theater Accessories > Turntables,4,7.0,True,True,
OfficeDepot::Electronics > TVs & Home Theater > TVs,OfficeDepot,TVs,Electronics > TVs & Home Theater > TVs,3,12.0,True,True,
OfficeDepot::Electronics > TVs & Home Theater > Video Equipment,OfficeDepot,Video Equipment,Electronics > TVs & Home Theater > Video Equipment,3,9.0,False,True,
OfficeDepot::Electronics > TVs & Home Theater > Video Equipment > DVD & Blu-Ray Players,OfficeDepot,DVD & Blu-Ray Players,Electronics > TVs & Home Theater > Video Equipment > DVD & Blu-Ray Players,4,7.0,True,True,
OfficeDepot::Electronics > TVs & Home Theater > Video Equipment > Portable DVD Players,OfficeDepot,Portable DVD Players,Electronics > TVs & Home Theater > Video Equipment > Portable DVD Players,4,4.0,True,True,
OfficeDepot::Electronics > TVs & Home Theater > Video Equipment > Video Recorders,OfficeDepot,Video Recorders,Electronics > TVs & Home Theater > Video Equipment > Video Recorders,4,2.0,True,True,
OfficeDepot::Electronics > Wearable Technology,OfficeDepot,Wearable Technology,Electronics > Wearable Technology,2,130.0,False,True,
OfficeDepot::Electronics > Wearable Technology > Fitness Bands,OfficeDepot,Fitness Bands,Electronics > Wearable Technology > Fitness Bands,3,97.0,True,True,
OfficeDepot::Electronics > Wearable Technology > Heart Rate Monitors,OfficeDepot,Heart Rate Monitors,Electronics > Wearable Technology > Heart Rate Monitors,3,95.0,True,True,
OfficeDepot::Electronics > Wearable Technology > Portable GPS,OfficeDepot,Portable GPS,Electronics > Wearable Technology > Portable GPS,3,2.0,True,True,
OfficeDepot::Electronics > Wearable Technology > Two-Way Radios & Accessories,OfficeDepot,Two-Way Radios & Accessories,Electronics > Wearable Technology > Two-Way Radios & Accessories,3,16.0,True,True,
OfficeDepot::Electronics > Wearable Technology > Watches,OfficeDepot,Watches,Electronics > Wearable Technology > Watches,3,15.0,True,True,
OfficeDepot::Equipment,OfficeDepot,Equipment,Equipment,1,4.0,False,True,
OfficeDepot::Equipment > Laundry,OfficeDepot,Laundry,Equipment > Laundry,2,3.0,False,True,
"OfficeDepot::Equipment > Laundry > Laundry Carts, Trucks & Hampers",OfficeDepot,"Laundry Carts, Trucks & Hampers","Equipment > Laundry > Laundry Carts, Trucks & Hampers",3,3.0,True,True,
OfficeDepot::Equipment > Public Spaces,OfficeDepot,Public Spaces,Equipment > Public Spaces,2,1.0,False,True,
OfficeDepot::Equipment > Public Spaces > Parts & Accessories,OfficeDepot,Parts & Accessories,Equipment > Public Spaces > Parts & Accessories,3,1.0,True,True,
OfficeDepot::Food Service & Supplies,OfficeDepot,Food Service & Supplies,Food Service & Supplies,1,5.0,False,True,
"OfficeDepot::Food Service & Supplies > Cups, Lids & Stir Sticks",OfficeDepot,"Cups, Lids & Stir Sticks","Food Service & Supplies > Cups, Lids & Stir Sticks",2,4.0,True,True,
OfficeDepot::Furniture,OfficeDepot,Furniture,Furniture,1,5009.0,False,True,
OfficeDepot::Furniture > Bathroom,OfficeDepot,Bathroom,Furniture > Bathroom,2,3.0,False,True,
OfficeDepot::Furniture > Bathroom > Bath & Shower Accessories,OfficeDepot,Bath & Shower Accessories,Furniture > Bathroom > Bath & Shower Accessories,3,1.0,True,True,
OfficeDepot::Furniture > Bathroom > Towels,OfficeDepot,Towels,Furniture > Bathroom > Towels,3,2.0,True,True,
OfficeDepot::Furniture > Bedroom,OfficeDepot,Bedroom,Furniture > Bedroom,2,27.0,False,True,
OfficeDepot::Furniture > Bedroom > Armoires & Wardrobes,OfficeDepot,Armoires & Wardrobes,Furniture > Bedroom > Armoires & Wardrobes,3,4.0,True,True,
OfficeDepot::Furniture > Bedroom > Bedding,OfficeDepot,Bedding,Furniture > Bedroom > Bedding,3,20.0,False,True,
OfficeDepot::Furniture > Bedroom > Bedding > Bed Sheets,OfficeDepot,Bed Sheets,Furniture > Bedroom > Bedding > Bed Sheets,4,1.0,True,True,
OfficeDepot::Furniture > Bedroom > Bedding > Blankets,OfficeDepot,Blankets,Furniture > Bedroom > Bedding > Blankets,4,1.0,True,True,
OfficeDepot::Furniture > Bedroom > Bedding > Comforters,OfficeDepot,Comforters,Furniture > Bedroom > Bedding > Comforters,4,2.0,True,True,
OfficeDepot::Furniture > Bedroom > Bedding > Duvet Covers,OfficeDepot,Duvet Covers,Furniture > Bedroom > Bedding > Duvet Covers,4,1.0,True,True,
OfficeDepot::Furniture > Bedroom > Bedding > Mattress Pads & Protectors,OfficeDepot,Mattress Pads & Protectors,Furniture > Bedroom > Bedding > Mattress Pads & Protectors,4,5.0,True,True,
OfficeDepot::Furniture > Bedroom > Bedding > Pillows & Pillowcases,OfficeDepot,Pillows & Pillowcases,Furniture > Bedroom > Bedding > Pillows & Pillowcases,4,6.0,True,True,
OfficeDepot::Furniture > Bedroom > Dressers,OfficeDepot,Dressers,Furniture > Bedroom > Dressers,3,1.0,True,True,
OfficeDepot::Furniture > Bedroom > Headboards,OfficeDepot,Headboards,Furniture > Bedroom > Headboards,3,1.0,True,True,
OfficeDepot::Furniture > Bedroom > Mattresses,OfficeDepot,Mattresses,Furniture > Bedroom > Mattresses,3,1.0,True,True,
OfficeDepot::Furniture > Bookcases,OfficeDepot,Bookcases,Furniture > Bookcases,2,173.0,False,True,
OfficeDepot::Furniture > Bookcases > Metal Bookcases,OfficeDepot,Metal Bookcases,Furniture > Bookcases > Metal Bookcases,3,47.0,True,True,
OfficeDepot::Furniture > Bookcases > Wood Bookcases,OfficeDepot,Wood Bookcases,Furniture > Bookcases > Wood Bookcases,3,133.0,True,True,
OfficeDepot::Furniture > Carts & Stands,OfficeDepot,Carts & Stands,Furniture > Carts & Stands,2,259.0,False,True,
OfficeDepot::Furniture > Carts & Stands > Carts,OfficeDepot,Carts,Furniture > Carts & Stands > Carts,3,193.0,False,True,
OfficeDepot::Furniture > Carts & Stands > Carts > AV Carts,OfficeDepot,AV Carts,Furniture > Carts & Stands > Carts > AV Carts,4,36.0,True,True,
OfficeDepot::Furniture > Carts & Stands > Carts > Charging Carts & Stations,OfficeDepot,Charging Carts & Stations,Furniture > Carts & Stands > Carts > Charging Carts & Stations,4,15.0,True,True,
OfficeDepot::Furniture > Carts & Stands > Carts > File & Storage Carts,OfficeDepot,File & Storage Carts,Furniture > Carts & Stands > Carts > File & Storage Carts,4,60.0,True,True,
OfficeDepot::Furniture > Carts & Stands > Carts > Laptop & Mobile Workstations,OfficeDepot,Laptop & Mobile Workstations,Furniture > Carts & Stands > Carts > Laptop & Mobile Workstations,4,26.0,True,True,
OfficeDepot::Furniture > Carts & Stands > Carts > Transporting Carts,OfficeDepot,Transporting Carts,Furniture > Carts & Stands > Carts > Transporting Carts,4,8.0,True,True,
OfficeDepot::Furniture > Carts & Stands > Carts > Utility Carts,OfficeDepot,Utility Carts,Furniture > Carts & Stands > Carts > Utility Carts,4,52.0,True,True,
OfficeDepot::Furniture > Carts & Stands > Podiums & Lecterns,OfficeDepot,Podiums & Lecterns,Furniture > Carts & Stands > Podiums & Lecterns,3,19.0,False,True,
OfficeDepot::Furniture > Carts & Stands > Podiums & Lecterns > Standard Podiums & Lecterns,OfficeDepot,Standard Podiums & Lecterns,Furniture > Carts & Stands > Podiums & Lecterns > Standard Podiums & Lecterns,4,16.0,True,True,
OfficeDepot::Furniture > Carts & Stands > Podiums & Lecterns > Tabletop Podiums & Lecterns,OfficeDepot,Tabletop Podiums & Lecterns,Furniture > Carts & Stands > Podiums & Lecterns > Tabletop Podiums & Lecterns,4,3.0,True,True,
OfficeDepot::Furniture > Carts & Stands > Stands,OfficeDepot,Stands,Furniture > Carts & Stands > Stands,3,47.0,False,True,
OfficeDepot::Furniture > Carts & Stands > Stands > AV Stands & Mounts,OfficeDepot,AV Stands & Mounts,Furniture > Carts & Stands > Stands > AV Stands & Mounts,4,22.0,True,True,
OfficeDepot::Furniture > Carts & Stands > Stands > Printer Stands,OfficeDepot,Printer Stands,Furniture > Carts & Stands > Stands > Printer Stands,4,17.0,True,True,
OfficeDepot::Furniture > Carts & Stands > Stands > TV Stands,OfficeDepot,TV Stands,Furniture > Carts & Stands > Stands > TV Stands,4,18.0,True,True,
OfficeDepot::Furniture > Chair Mats & Floor Mats,OfficeDepot,Chair Mats & Floor Mats,Furniture > Chair Mats & Floor Mats,2,428.0,False,True,
OfficeDepot::Furniture > Chair Mats & Floor Mats > Chair Mats,OfficeDepot,Chair Mats,Furniture > Chair Mats & Floor Mats > Chair Mats,3,344.0,True,True,
OfficeDepot::Furniture > Chair Mats & Floor Mats > Floor Mats,OfficeDepot,Floor Mats,Furniture > Chair Mats & Floor Mats > Floor Mats,3,84.0,True,True,
OfficeDepot::Furniture > Chairs & Seating,OfficeDepot,Chairs & Seating,Furniture > Chairs & Seating,2,1655.0,False,True,
OfficeDepot::Furniture > Chairs & Seating > Accent Chairs & Ottomans,OfficeDepot,Accent Chairs & Ottomans,Furniture > Chairs & Seating > Accent Chairs & Ottomans,3,64.0,True,True,
OfficeDepot::Furniture > Chairs & Seating > Big & Tall Chairs,OfficeDepot,Big & Tall Chairs,Furniture > Chairs & Seating > Big & Tall Chairs,3,151.0,True,True,
OfficeDepot::Furniture > Chairs & Seating > Chair Accessories,OfficeDepot,Chair Accessories,Furniture > Chairs & Seating > Chair Accessories,3,125.0,True,True,
OfficeDepot::Furniture > Chairs & Seating > Classroom Seating,OfficeDepot,Classroom Seating,Furniture > Chairs & Seating > Classroom Seating,3,18.0,True,True,
OfficeDepot::Furniture > Chairs & Seating > Drafting Chairs,OfficeDepot,Drafting Chairs,Furniture > Chairs & Seating > Drafting Chairs,3,69.0,True,True,
OfficeDepot::Furniture > Chairs & Seating > Ergonomic Office Chairs,OfficeDepot,Ergonomic Office Chairs,Furniture > Chairs & Seating > Ergonomic Office Chairs,3,663.0,True,True,
OfficeDepot::Furniture > Chairs & Seating > Folding Chairs,OfficeDepot,Folding Chairs,Furniture > Chairs & Seating > Folding Chairs,3,41.0,True,True,
OfficeDepot::Furniture > Chairs & Seating > Gaming Chairs,OfficeDepot,Gaming Chairs,Furniture > Chairs & Seating > Gaming Chairs,3,80.0,True,True,
OfficeDepot::Furniture > Chairs & Seating > Massage Chairs,OfficeDepot,Massage Chairs,Furniture > Chairs & Seating > Massage Chairs,3,2.0,True,True,
OfficeDepot::Furniture > Chairs & Seating > Office Chairs,OfficeDepot,Office Chairs,Furniture > Chairs & Seating > Office Chairs,3,610.0,True,True,
OfficeDepot::Furniture > Chairs & Seating > Reception Seating,OfficeDepot,Reception Seating,Furniture > Chairs & Seating > Reception Seating,3,103.0,True,True,
OfficeDepot::Furniture > Chairs & Seating > Recliners,OfficeDepot,Recliners,Furniture > Chairs & Seating > Recliners,3,7.0,True,True,
OfficeDepot::Furniture > Chairs & Seating > Sofas & Lounge Chairs,OfficeDepot,Sofas & Lounge Chairs,Furniture > Chairs & Seating > Sofas & Lounge Chairs,3,56.0,True,True,
OfficeDepot::Furniture > Chairs & Seating > Stackable Chairs,OfficeDepot,Stackable Chairs,Furniture > Chairs & Seating > Stackable Chairs,3,84.0,True,True,
OfficeDepot::Furniture > Chairs & Seating > Stools,OfficeDepot,Stools,Furniture > Chairs & Seating > Stools,3,127.0,True,True,
OfficeDepot::Furniture > Chairs & Seating > Task Chairs,OfficeDepot,Task Chairs,Furniture > Chairs & Seating > Task Chairs,3,344.0,True,True,
OfficeDepot::Furniture > Cubicle Systems,OfficeDepot,Cubicle Systems,Furniture > Cubicle Systems,2,46.0,False,True,
OfficeDepot::Furniture > Cubicle Systems > Panel & Cubicle System Accessories,OfficeDepot,Panel & Cubicle System Accessories,Furniture > Cubicle Systems > Panel & Cubicle System Accessories,3,13.0,True,True,
OfficeDepot::Furniture > Cubicle Systems > Panel & Cubicle Systems,OfficeDepot,Panel & Cubicle Systems,Furniture > Cubicle Systems > Panel & Cubicle Systems,3,7.0,True,True,
OfficeDepot::Furniture > Cubicle Systems > Portable Partitions,OfficeDepot,Portable Partitions,Furniture > Cubicle Systems > Portable Partitions,3,26.0,True,True,
OfficeDepot::Furniture > Desks,OfficeDepot,Desks,Furniture > Desks,2,911.0,False,True,
OfficeDepot::Furniture > Desks > Active Workstations,OfficeDepot,Active Workstations,Furniture > Desks > Active Workstations,3,1.0,True,True,
OfficeDepot::Furniture > Desks > Commercial Grade Desks,OfficeDepot,Commercial Grade Desks,Furniture > Desks > Commercial Grade Desks,3,100.0,True,True,
OfficeDepot::Furniture > Desks > Computer Desks,OfficeDepot,Computer Desks,Furniture > Desks > Computer Desks,3,417.0,True,True,
OfficeDepot::Furniture > Desks > Corner & L-Shaped Desks,OfficeDepot,Corner & L-Shaped Desks,Furniture > Desks > Corner & L-Shaped Desks,3,97.0,True,True,
OfficeDepot::Furniture > Desks > Desk Components,OfficeDepot,Desk Components,Furniture > Desks > Desk Components,3,71.0,True,True,
OfficeDepot::Furniture > Desks > Executive Desks,OfficeDepot,Executive Desks,Furniture > Desks > Executive Desks,3,125.0,True,True,
OfficeDepot::Furniture > Desks > Hutches,OfficeDepot,Hutches,Furniture > Desks > Hutches,3,35.0,True,True,
OfficeDepot::Furniture > Desks > Portable Desks,OfficeDepot,Portable Desks,Furniture > Desks > Portable Desks,3,26.0,True,True,
OfficeDepot::Furniture > Desks > Standing Desk Converters,OfficeDepot,Standing Desk Converters,Furniture > Desks > Standing Desk Converters,3,59.0,True,True,
OfficeDepot::Furniture > Desks > Standing Desks,OfficeDepot,Standing Desks,Furniture > Desks > Standing Desks,3,190.0,True,True,
OfficeDepot::Furniture > Desks > Student Desks,OfficeDepot,Student Desks,Furniture > Desks > Student Desks,3,77.0,True,True,
OfficeDepot::Furniture > Desks > Writing Desks,OfficeDepot,Writing Desks,Furniture > Desks > Writing Desks,3,40.0,True,True,
OfficeDepot::Furniture > File Cabinets,OfficeDepot,File Cabinets,Furniture > File Cabinets,2,558.0,True,True,
OfficeDepot::Furniture > Furniture Accessories,OfficeDepot,Furniture Accessories,Furniture > Furniture Accessories,2,71.0,False,True,
OfficeDepot::Furniture > Furniture Accessories > Cord & Wire Management,OfficeDepot,Cord & Wire Management,Furniture > Furniture Accessories > Cord & Wire Management,3,58.0,True,True,
OfficeDepot::Furniture > Furniture Accessories > Furniture Movers,OfficeDepot,Furniture Movers,Furniture > Furniture Accessories > Furniture Movers,3,3.0,True,True,
OfficeDepot::Furniture > Furniture Accessories > Furniture Repair,OfficeDepot,Furniture Repair,Furniture > Furniture Accessories > Furniture Repair,3,5.0,True,True,
OfficeDepot::Furniture > Furniture Collections,OfficeDepot,Furniture Collections,Furniture > Furniture Collections,2,0.0,False,True,
OfficeDepot::Furniture > Furniture Collections > All Collections,OfficeDepot,All Collections,Furniture > Furniture Collections > All Collections,3,0.0,True,True,
OfficeDepot::Furniture > Furniture Collections > Home Office & Small Office Furniture,OfficeDepot,Home Office & Small Office Furniture,Furniture > Furniture Collections > Home Office & Small Office Furniture,3,0.0,True,True,
OfficeDepot::Furniture > Lamps & Lighting,OfficeDepot,Lamps & Lighting,Furniture > Lamps & Lighting,2,153.0,False,True,
OfficeDepot::Furniture > Lamps & Lighting > Lamps,OfficeDepot,Lamps,Furniture > Lamps & Lighting > Lamps,3,139.0,False,True,
OfficeDepot::Furniture > Lamps & Lighting > Lamps > Desk & Table Lamps,OfficeDepot,Desk & Table Lamps,Furniture > Lamps & Lighting > Lamps > Desk & Table Lamps,4,96.0,True,True,
OfficeDepot::Furniture > Lamps & Lighting > Lamps > Floor Lamps,OfficeDepot,Floor Lamps,Furniture > Lamps & Lighting > Lamps > Floor Lamps,4,29.0,True,True,
OfficeDepot::Furniture > Lamps & Lighting > Lamps > Lamp Sets,OfficeDepot,Lamp Sets,Furniture > Lamps & Lighting > Lamps > Lamp Sets,4,1.0,True,True,
OfficeDepot::Furniture > Lamps & Lighting > Lamps > Light Therapy Lamps,OfficeDepot,Light Therapy Lamps,Furniture > Lamps & Lighting > Lamps > Light Therapy Lamps,4,3.0,True,True,
OfficeDepot::Furniture > Lamps & Lighting > Lamps > Ring Lights,OfficeDepot,Ring Lights,Furniture > Lamps & Lighting > Lamps > Ring Lights,4,9.0,True,True,
OfficeDepot::Furniture > Lamps & Lighting > Lamps > Wall Lamps,OfficeDepot,Wall Lamps,Furniture > Lamps & Lighting > Lamps > Wall Lamps,4,1.0,True,True,
OfficeDepot::Furniture > Lamps & Lighting > Light Bulbs,OfficeDepot,Light Bulbs,Furniture > Lamps & Lighting > Light Bulbs,3,14.0,False,True,
OfficeDepot::Furniture > Lamps & Lighting > Light Bulbs > Compact Fluorescent Light Bulbs,OfficeDepot,Compact Fluorescent Light Bulbs,Furniture > Lamps & Lighting > Light Bulbs > Compact Fluorescent Light Bulbs,4,3.0,True,True,
OfficeDepot::Furniture > Lamps & Lighting > Light Bulbs > Fluorescent Tubes,OfficeDepot,Fluorescent Tubes,Furniture > Lamps & Lighting > Light Bulbs > Fluorescent Tubes,4,3.0,True,True,
OfficeDepot::Furniture > Lamps & Lighting > Light Bulbs > Halogen Light Bulbs,OfficeDepot,Halogen Light Bulbs,Furniture > Lamps & Lighting > Light Bulbs > Halogen Light Bulbs,4,1.0,True,True,
OfficeDepot::Furniture > Lamps & Lighting > Light Bulbs > LED Light Bulbs,OfficeDepot,LED Light Bulbs,Furniture > Lamps & Lighting > Light Bulbs > LED Light Bulbs,4,5.0,True,True,
OfficeDepot::Furniture > Lamps & Lighting > Light Bulbs > Under Cabinet Lighting,OfficeDepot,Under Cabinet Lighting,Furniture > Lamps & Lighting > Light Bulbs > Under Cabinet Lighting,4,2.0,True,True,
OfficeDepot::Furniture > Office Decor,OfficeDepot,Office Decor,Furniture > Office Decor,2,264.0,False,True,
OfficeDepot::Furniture > Office Decor > Area Rugs,OfficeDepot,Area Rugs,Furniture > Office Decor > Area Rugs,3,10.0,True,True,
OfficeDepot::Furniture > Office Decor > Artificial Plants,OfficeDepot,Artificial Plants,Furniture > Office Decor > Artificial Plants,3,15.0,True,True,
OfficeDepot::Furniture > Office Decor > Clocks,OfficeDepot,Clocks,Furniture > Office Decor > Clocks,3,39.0,False,True,
OfficeDepot::Furniture > Office Decor > Clocks > Alarm Clocks,OfficeDepot,Alarm Clocks,Furniture > Office Decor > Clocks > Alarm Clocks,4,6.0,True,True,
OfficeDepot::Furniture > Office Decor > Clocks > Desk Clocks,OfficeDepot,Desk Clocks,Furniture > Office Decor > Clocks > Desk Clocks,4,8.0,True,True,
OfficeDepot::Furniture > Office Decor > Clocks > Wall Clocks,OfficeDepot,Wall Clocks,Furniture > Office Decor > Clocks > Wall Clocks,4,31.0,True,True,
OfficeDepot::Furniture > Office Decor > Decorative Decor,OfficeDepot,Decorative Decor,Furniture > Office Decor > Decorative Decor,3,3.0,True,True,
OfficeDepot::Furniture > Office Decor > Fireplaces,OfficeDepot,Fireplaces,Furniture > Office Decor > Fireplaces,3,2.0,True,True,
OfficeDepot::Furniture > Office Decor > Frames,OfficeDepot,Frames,Furniture > Office Decor > Frames,3,87.0,False,True,
OfficeDepot::Furniture > Office Decor > Frames > Document Frames,OfficeDepot,Document Frames,Furniture > Office Decor > Frames > Document Frames,4,87.0,True,True,
OfficeDepot::Furniture > Office Decor > Frames > Picture Frames,OfficeDepot,Picture Frames,Furniture > Office Decor > Frames > Picture Frames,4,15.0,True,True,
OfficeDepot::Furniture > Office Decor > Globes,OfficeDepot,Globes,Furniture > Office Decor > Globes,3,7.0,True,True,
OfficeDepot::Furniture > Office Decor > Holiday & Seasonal Decor,OfficeDepot,Holiday & Seasonal Decor,Furniture > Office Decor > Holiday & Seasonal Decor,3,63.0,True,True,
OfficeDepot::Furniture > Office Decor > Mirrors & Wall Art,OfficeDepot,Mirrors & Wall Art,Furniture > Office Decor > Mirrors & Wall Art,3,10.0,False,True,
OfficeDepot::Furniture > Office Decor > Mirrors & Wall Art > Framed Art,OfficeDepot,Framed Art,Furniture > Office Decor > Mirrors & Wall Art > Framed Art,4,1.0,True,True,
OfficeDepot::Furniture > Office Decor > Mirrors & Wall Art > Mirrors,OfficeDepot,Mirrors,Furniture > Office Decor > Mirrors & Wall Art > Mirrors,4,5.0,True,True,
OfficeDepot::Furniture > Office Decor > Mirrors & Wall Art > Motivational Posters,OfficeDepot,Motivational Posters,Furniture > Office Decor > Mirrors & Wall Art > Motivational Posters,4,4.0,True,True,
OfficeDepot::Furniture > Outdoor Furniture,OfficeDepot,Outdoor Furniture,Furniture > Outdoor Furniture,2,37.0,False,True,
OfficeDepot::Furniture > Outdoor Furniture > Outdoor Decor,OfficeDepot,Outdoor Decor,Furniture > Outdoor Furniture > Outdoor Decor,3,31.0,False,True,
OfficeDepot::Furniture > Outdoor Furniture > Outdoor Decor > Outdoor Accessories,OfficeDepot,Outdoor Accessories,Furniture > Outdoor Furniture > Outdoor Decor > Outdoor Accessories,4,31.0,True,True,
OfficeDepot::Furniture > Outdoor Furniture > Outdoor Seating,OfficeDepot,Outdoor Seating,Furniture > Outdoor Furniture > Outdoor Seating,3,5.0,False,True,
OfficeDepot::Furniture > Outdoor Furniture > Outdoor Seating > Outdoor Chairs & Benches,OfficeDepot,Outdoor Chairs & Benches,Furniture > Outdoor Furniture > Outdoor Seating > Outdoor Chairs & Benches,4,5.0,True,True,
OfficeDepot::Furniture > Outdoor Furniture > Outdoor Tables,OfficeDepot,Outdoor Tables,Furniture > Outdoor Furniture > Outdoor Tables,3,1.0,True,True,
OfficeDepot::Furniture > Storage Cabinets & Shelving Units,OfficeDepot,Storage Cabinets & Shelving Units,Furniture > Storage Cabinets & Shelving Units,2,171.0,False,True,
OfficeDepot::Furniture > Storage Cabinets & Shelving Units > Closet Organizers,OfficeDepot,Closet Organizers,Furniture > Storage Cabinets & Shelving Units > Closet Organizers,3,2.0,True,True,
OfficeDepot::Furniture > Storage Cabinets & Shelving Units > Safes,OfficeDepot,Safes,Furniture > Storage Cabinets & Shelving Units > Safes,3,28.0,True,True,
OfficeDepot::Furniture > Storage Cabinets & Shelving Units > Shelving Units,OfficeDepot,Shelving Units,Furniture > Storage Cabinets & Shelving Units > Shelving Units,3,44.0,False,True,
OfficeDepot::Furniture > Storage Cabinets & Shelving Units > Shelving Units > Shelving Accessories,OfficeDepot,Shelving Accessories,Furniture > Storage Cabinets & Shelving Units > Shelving Units > Shelving Accessories,4,1.0,True,True,
OfficeDepot::Furniture > Storage Cabinets & Shelving Units > Storage Cabinets & Lockers,OfficeDepot,Storage Cabinets & Lockers,Furniture > Storage Cabinets & Shelving Units > Storage Cabinets & Lockers,3,97.0,False,True,
OfficeDepot::Furniture > Storage Cabinets & Shelving Units > Storage Cabinets & Lockers > Lockers,OfficeDepot,Lockers,Furniture > Storage Cabinets & Shelving Units > Storage Cabinets & Lockers > Lockers,4,7.0,True,True,
OfficeDepot::Furniture > Storage Cabinets & Shelving Units > Storage Cabinets & Lockers > Storage Cabinets,OfficeDepot,Storage Cabinets,Furniture > Storage Cabinets & Shelving Units > Storage Cabinets & Lockers > Storage Cabinets,4,90.0,True,True,
OfficeDepot::Furniture > Tables,OfficeDepot,Tables,Furniture > Tables,2,268.0,False,True,
OfficeDepot::Furniture > Tables > Breakroom & Hospitality Tables,OfficeDepot,Breakroom & Hospitality Tables,Furniture > Tables > Breakroom & Hospitality Tables,3,157.0,False,True,
OfficeDepot::Furniture > Tables > Breakroom & Hospitality Tables > Cafe Height Tables,OfficeDepot,Cafe Height Tables,Furniture > Tables > Breakroom & Hospitality Tables > Cafe Height Tables,4,37.0,True,True,
OfficeDepot::Furniture > Tables > Breakroom & Hospitality Tables > Standard & Utility Tables,OfficeDepot,Standard & Utility Tables,Furniture > Tables > Breakroom & Hospitality Tables > Standard & Utility Tables,4,75.0,True,True,
OfficeDepot::Furniture > Tables > Conference Tables,OfficeDepot,Conference Tables,Furniture > Tables > Conference Tables,3,53.0,True,True,
OfficeDepot::Furniture > Tables > Drafting Tables,OfficeDepot,Drafting Tables,Furniture > Tables > Drafting Tables,3,5.0,True,True,
OfficeDepot::Furniture > Tables > Folding Tables,OfficeDepot,Folding Tables,Furniture > Tables > Folding Tables,3,52.0,False,True,
OfficeDepot::Furniture > Tables > Folding Tables > Plastic Folding Tables,OfficeDepot,Plastic Folding Tables,Furniture > Tables > Folding Tables > Plastic Folding Tables,4,45.0,True,True,
OfficeDepot::Furniture > Tables > Folding Tables > Wood & Laminate Folding Tables,OfficeDepot,Wood & Laminate Folding Tables,Furniture > Tables > Folding Tables > Wood & Laminate Folding Tables,4,7.0,True,True,
OfficeDepot::Furniture > Tables > Reception & Lobby Tables,OfficeDepot,Reception & Lobby Tables,Furniture > Tables > Reception & Lobby Tables,3,36.0,True,True,
OfficeDepot::Furniture > Tables > Training Room Tables,OfficeDepot,Training Room Tables,Furniture > Tables > Training Room Tables,3,30.0,True,True,
OfficeDepot::In Room Solutions,OfficeDepot,In Room Solutions,In Room Solutions,1,56.0,False,True,
OfficeDepot::In Room Solutions > Appliances,OfficeDepot,Appliances,In Room Solutions > Appliances,2,4.0,False,True,
OfficeDepot::In Room Solutions > Appliances > Small Appliances,OfficeDepot,Small Appliances,In Room Solutions > Appliances > Small Appliances,3,4.0,False,True,
OfficeDepot::In Room Solutions > Appliances > Small Appliances > Microwave,OfficeDepot,Microwave,In Room Solutions > Appliances > Small Appliances > Microwave,4,1.0,True,True,
OfficeDepot::In Room Solutions > Appliances > Small Appliances > Mini fridge,OfficeDepot,Mini fridge,In Room Solutions > Appliances > Small Appliances > Mini fridge,4,3.0,True,True,
OfficeDepot::In Room Solutions > Bathroom Accessories,OfficeDepot,Bathroom Accessories,In Room Solutions > Bathroom Accessories,2,1.0,True,True,
OfficeDepot::In Room Solutions > Food Service Solutions,OfficeDepot,Food Service Solutions,In Room Solutions > Food Service Solutions,2,2.0,False,True,
"OfficeDepot::In Room Solutions > Food Service Solutions > Plastic Utensils, Wrapped Cups, etc.",OfficeDepot,"Plastic Utensils, Wrapped Cups, etc.","In Room Solutions > Food Service Solutions > Plastic Utensils, Wrapped Cups, etc.",3,2.0,True,True,
OfficeDepot::In Room Solutions > Kitchen Accessories,OfficeDepot,Kitchen Accessories,In Room Solutions > Kitchen Accessories,2,10.0,True,True,
OfficeDepot::In Room Solutions > Personal Care Amenities,OfficeDepot,Personal Care Amenities,In Room Solutions > Personal Care Amenities,2,34.0,False,True,
OfficeDepot::In Room Solutions > Personal Care Amenities > Amenities Kit,OfficeDepot,Amenities Kit,In Room Solutions > Personal Care Amenities > Amenities Kit,3,2.0,True,True,
OfficeDepot::In Room Solutions > Personal Care Amenities > Bar Soap & Wipes,OfficeDepot,Bar Soap & Wipes,In Room Solutions > Personal Care Amenities > Bar Soap & Wipes,3,5.0,True,True,
OfficeDepot::In Room Solutions > Personal Care Amenities > Body Wash,OfficeDepot,Body Wash,In Room Solutions > Personal Care Amenities > Body Wash,3,6.0,True,True,
OfficeDepot::In Room Solutions > Personal Care Amenities > Conditioner,OfficeDepot,Conditioner,In Room Solutions > Personal Care Amenities > Conditioner,3,5.0,True,True,
OfficeDepot::In Room Solutions > Personal Care Amenities > Deodorants,OfficeDepot,Deodorants,In Room Solutions > Personal Care Amenities > Deodorants,3,1.0,True,True,
OfficeDepot::In Room Solutions > Personal Care Amenities > Liquid Hand Soap,OfficeDepot,Liquid Hand Soap,In Room Solutions > Personal Care Amenities > Liquid Hand Soap,3,1.0,True,True,
OfficeDepot::In Room Solutions > Personal Care Amenities > Shampoo,OfficeDepot,Shampoo,In Room Solutions > Personal Care Amenities > Shampoo,3,8.0,True,True,
OfficeDepot::In Room Solutions > Room Accessories,OfficeDepot,Room Accessories,In Room Solutions > Room Accessories,2,4.0,False,True,
OfficeDepot::In Room Solutions > Room Accessories > Ice Buckets,OfficeDepot,Ice Buckets,In Room Solutions > Room Accessories > Ice Buckets,3,1.0,False,True,
OfficeDepot::In Room Solutions > Room Accessories > Ice Buckets > Ice Buckets & Liners,OfficeDepot,Ice Buckets & Liners,In Room Solutions > Room Accessories > Ice Buckets > Ice Buckets & Liners,4,1.0,True,True,
OfficeDepot::In Room Solutions > Room Accessories > Laundry Bags,OfficeDepot,Laundry Bags,In Room Solutions > Room Accessories > Laundry Bags,3,3.0,True,True,
OfficeDepot::Office Supplies,OfficeDepot,Office Supplies,Office Supplies,1,17067.0,False,True,
OfficeDepot::Office Supplies > Bags & Luggage,OfficeDepot,Bags & Luggage,Office Supplies > Bags & Luggage,2,677.0,False,True,
OfficeDepot::Office Supplies > Bags & Luggage > Backpacks,OfficeDepot,Backpacks,Office Supplies > Bags & Luggage > Backpacks,3,327.0,True,True,
OfficeDepot::Office Supplies > Bags & Luggage > Briefcases & Padfolios,OfficeDepot,Briefcases & Padfolios,Office Supplies > Bags & Luggage > Briefcases & Padfolios,3,84.0,False,True,
OfficeDepot::Office Supplies > Bags & Luggage > Briefcases & Padfolios > Briefcases,OfficeDepot,Briefcases,Office Supplies > Bags & Luggage > Briefcases & Padfolios > Briefcases,4,48.0,True,True,
OfficeDepot::Office Supplies > Bags & Luggage > Briefcases & Padfolios > Catalog Cases,OfficeDepot,Catalog Cases,Office Supplies > Bags & Luggage > Briefcases & Padfolios > Catalog Cases,4,2.0,True,True,
OfficeDepot::Office Supplies > Bags & Luggage > Briefcases & Padfolios > Credit & Business Card Holders,OfficeDepot,Credit & Business Card Holders,Office Supplies > Bags & Luggage > Briefcases & Padfolios > Credit & Business Card Holders,4,13.0,True,True,
OfficeDepot::Office Supplies > Bags & Luggage > Briefcases & Padfolios > Padfolios,OfficeDepot,Padfolios,Office Supplies > Bags & Luggage > Briefcases & Padfolios > Padfolios,4,21.0,True,True,
OfficeDepot::Office Supplies > Bags & Luggage > Laptop Bags & Cases,OfficeDepot,Laptop Bags & Cases,Office Supplies > Bags & Luggage > Laptop Bags & Cases,3,133.0,False,True,
OfficeDepot::Office Supplies > Bags & Luggage > Laptop Bags & Cases > Laptop Bags,OfficeDepot,Laptop Bags,Office Supplies > Bags & Luggage > Laptop Bags & Cases > Laptop Bags,4,92.0,True,True,
OfficeDepot::Office Supplies > Bags & Luggage > Laptop Bags & Cases > Laptop Sleeves,OfficeDepot,Laptop Sleeves,Office Supplies > Bags & Luggage > Laptop Bags & Cases > Laptop Sleeves,4,41.0,True,True,
OfficeDepot::Office Supplies > Bags & Luggage > Luggage & Travel Accessories,OfficeDepot,Luggage & Travel Accessories,Office Supplies > Bags & Luggage > Luggage & Travel Accessories,3,83.0,False,True,
OfficeDepot::Office Supplies > Bags & Luggage > Luggage & Travel Accessories > Luggage & Duffel Bags,OfficeDepot,Luggage & Duffel Bags,Office Supplies > Bags & Luggage > Luggage & Travel Accessories > Luggage & Duffel Bags,4,26.0,True,True,
"OfficeDepot::Office Supplies > Bags & Luggage > Luggage & Travel Accessories > Luggage Tags, Locks & Scales",OfficeDepot,"Luggage Tags, Locks & Scales","Office Supplies > Bags & Luggage > Luggage & Travel Accessories > Luggage Tags, Locks & Scales",4,10.0,True,True,
OfficeDepot::Office Supplies > Bags & Luggage > Luggage & Travel Accessories > Travel Accessories,OfficeDepot,Travel Accessories,Office Supplies > Bags & Luggage > Luggage & Travel Accessories > Travel Accessories,4,56.0,True,True,
OfficeDepot::Office Supplies > Bags & Luggage > Luggage & Travel Accessories > Travel Toiletries,OfficeDepot,Travel Toiletries,Office Supplies > Bags & Luggage > Luggage & Travel Accessories > Travel Toiletries,4,1.0,True,True,
OfficeDepot::Office Supplies > Bags & Luggage > Lunch Bags,OfficeDepot,Lunch Bags,Office Supplies > Bags & Luggage > Lunch Bags,3,69.0,True,True,
OfficeDepot::Office Supplies > Bags & Luggage > Messenger Bags,OfficeDepot,Messenger Bags,Office Supplies > Bags & Luggage > Messenger Bags,3,5.0,True,True,
OfficeDepot::Office Supplies > Bags & Luggage > Totes & Handbags,OfficeDepot,Totes & Handbags,Office Supplies > Bags & Luggage > Totes & Handbags,3,10.0,True,True,
OfficeDepot::Office Supplies > Basic Supplies,OfficeDepot,Basic Supplies,Office Supplies > Basic Supplies,2,1008.0,False,True,
OfficeDepot::Office Supplies > Basic Supplies > Book Covers,OfficeDepot,Book Covers,Office Supplies > Basic Supplies > Book Covers,3,6.0,True,True,
OfficeDepot::Office Supplies > Basic Supplies > Catalogs,OfficeDepot,Catalogs,Office Supplies > Basic Supplies > Catalogs,3,1.0,False,True,
OfficeDepot::Office Supplies > Basic Supplies > Catalogs > Office Depot Catalogs,OfficeDepot,Office Depot Catalogs,Office Supplies > Basic Supplies > Catalogs > Office Depot Catalogs,4,1.0,True,True,
OfficeDepot::Office Supplies > Basic Supplies > Envelope Sealers,OfficeDepot,Envelope Sealers,Office Supplies > Basic Supplies > Envelope Sealers,3,22.0,True,True,
OfficeDepot::Office Supplies > Basic Supplies > Letter Openers,OfficeDepot,Letter Openers,Office Supplies > Basic Supplies > Letter Openers,3,9.0,True,True,
"OfficeDepot::Office Supplies > Basic Supplies > Magnets, Tacks & Push Pins",OfficeDepot,"Magnets, Tacks & Push Pins","Office Supplies > Basic Supplies > Magnets, Tacks & Push Pins",3,80.0,False,True,
"OfficeDepot::Office Supplies > Basic Supplies > Magnets, Tacks & Push Pins > Magnets",OfficeDepot,Magnets,"Office Supplies > Basic Supplies > Magnets, Tacks & Push Pins > Magnets",4,52.0,True,True,
"OfficeDepot::Office Supplies > Basic Supplies > Magnets, Tacks & Push Pins > Tacks & Push Pins",OfficeDepot,Tacks & Push Pins,"Office Supplies > Basic Supplies > Magnets, Tacks & Push Pins > Tacks & Push Pins",4,30.0,True,True,
"OfficeDepot::Office Supplies > Basic Supplies > Paper Clips, Binder Clips & Fasteners",OfficeDepot,"Paper Clips, Binder Clips & Fasteners","Office Supplies > Basic Supplies > Paper Clips, Binder Clips & Fasteners",3,110.0,False,True,
"OfficeDepot::Office Supplies > Basic Supplies > Paper Clips, Binder Clips & Fasteners > Binder Clips",OfficeDepot,Binder Clips,"Office Supplies > Basic Supplies > Paper Clips, Binder Clips & Fasteners > Binder Clips",4,44.0,True,True,
"OfficeDepot::Office Supplies > Basic Supplies > Paper Clips, Binder Clips & Fasteners > Fasteners & Posts",OfficeDepot,Fasteners & Posts,"Office Supplies > Basic Supplies > Paper Clips, Binder Clips & Fasteners > Fasteners & Posts",4,25.0,True,True,
"OfficeDepot::Office Supplies > Basic Supplies > Paper Clips, Binder Clips & Fasteners > Paper & Binder Clip Dispensers",OfficeDepot,Paper & Binder Clip Dispensers,"Office Supplies > Basic Supplies > Paper Clips, Binder Clips & Fasteners > Paper & Binder Clip Dispensers",4,6.0,True,True,
"OfficeDepot::Office Supplies > Basic Supplies > Paper Clips, Binder Clips & Fasteners > Paper Clips",OfficeDepot,Paper Clips,"Office Supplies > Basic Supplies > Paper Clips, Binder Clips & Fasteners > Paper Clips",4,45.0,True,True,
"OfficeDepot::Office Supplies > Basic Supplies > Paper Punches, Cutters & Folding Machines",OfficeDepot,"Paper Punches, Cutters & Folding Machines","Office Supplies > Basic Supplies > Paper Punches, Cutters & Folding Machines",3,106.0,False,True,
"OfficeDepot::Office Supplies > Basic Supplies > Paper Punches, Cutters & Folding Machines > Electric/Battery Operated Paper Punches",OfficeDepot,Electric/Battery Operated Paper Punches,"Office Supplies > Basic Supplies > Paper Punches, Cutters & Folding Machines > Electric/Battery Operated Paper Punches",4,5.0,True,True,
"OfficeDepot::Office Supplies > Basic Supplies > Paper Punches, Cutters & Folding Machines > Heavy-Duty Paper Punches",OfficeDepot,Heavy-Duty Paper Punches,"Office Supplies > Basic Supplies > Paper Punches, Cutters & Folding Machines > Heavy-Duty Paper Punches",4,15.0,True,True,
"OfficeDepot::Office Supplies > Basic Supplies > Paper Punches, Cutters & Folding Machines > Paper Punches",OfficeDepot,Paper Punches,"Office Supplies > Basic Supplies > Paper Punches, Cutters & Folding Machines > Paper Punches",4,40.0,True,True,
"OfficeDepot::Office Supplies > Basic Supplies > Paper Punches, Cutters & Folding Machines > Paper Trimmers",OfficeDepot,Paper Trimmers,"Office Supplies > Basic Supplies > Paper Punches, Cutters & Folding Machines > Paper Trimmers",4,38.0,True,True,
OfficeDepot::Office Supplies > Basic Supplies > Rubber Bands,OfficeDepot,Rubber Bands,Office Supplies > Basic Supplies > Rubber Bands,3,62.0,True,True,
"OfficeDepot::Office Supplies > Basic Supplies > Rulers, Yardsticks & Tape Measures",OfficeDepot,"Rulers, Yardsticks & Tape Measures","Office Supplies > Basic Supplies > Rulers, Yardsticks & Tape Measures",3,56.0,False,True,
"OfficeDepot::Office Supplies > Basic Supplies > Rulers, Yardsticks & Tape Measures > Rulers",OfficeDepot,Rulers,"Office Supplies > Basic Supplies > Rulers, Yardsticks & Tape Measures > Rulers",4,42.0,True,True,
"OfficeDepot::Office Supplies > Basic Supplies > Rulers, Yardsticks & Tape Measures > Tape Measures",OfficeDepot,Tape Measures,"Office Supplies > Basic Supplies > Rulers, Yardsticks & Tape Measures > Tape Measures",4,9.0,True,True,
"OfficeDepot::Office Supplies > Basic Supplies > Rulers, Yardsticks & Tape Measures > Yardsticks",OfficeDepot,Yardsticks,"Office Supplies > Basic Supplies > Rulers, Yardsticks & Tape Measures > Yardsticks",4,5.0,True,True,
OfficeDepot::Office Supplies > Basic Supplies > Scissors,OfficeDepot,Scissors,Office Supplies > Basic Supplies > Scissors,3,76.0,True,True,
OfficeDepot::Office Supplies > Basic Supplies > Stamps & Stamp Pads,OfficeDepot,Stamps & Stamp Pads,Office Supplies > Basic Supplies > Stamps & Stamp Pads,3,343.0,False,True,
OfficeDepot::Office Supplies > Basic Supplies > Stamps & Stamp Pads > Stamp Pads & Refills,OfficeDepot,Stamp Pads & Refills,Office Supplies > Basic Supplies > Stamps & Stamp Pads > Stamp Pads & Refills,4,84.0,True,True,
OfficeDepot::Office Supplies > Basic Supplies > Stamps & Stamp Pads > Stamps & Print Kits,OfficeDepot,Stamps & Print Kits,Office Supplies > Basic Supplies > Stamps & Stamp Pads > Stamps & Print Kits,4,258.0,True,True,
OfficeDepot::Office Supplies > Basic Supplies > Staplers & Staples,OfficeDepot,Staplers & Staples,Office Supplies > Basic Supplies > Staplers & Staples,3,139.0,False,True,
OfficeDepot::Office Supplies > Basic Supplies > Staplers & Staples > Electric Staplers,OfficeDepot,Electric Staplers,Office Supplies > Basic Supplies > Staplers & Staples > Electric Staplers,4,14.0,True,True,
OfficeDepot::Office Supplies > Basic Supplies > Staplers & Staples > Heavy-Duty Staplers,OfficeDepot,Heavy-Duty Staplers,Office Supplies > Basic Supplies > Staplers & Staples > Heavy-Duty Staplers,4,25.0,True,True,
OfficeDepot::Office Supplies > Basic Supplies > Staplers & Staples > Reduced Effort & Basic Staplers,OfficeDepot,Reduced Effort & Basic Staplers,Office Supplies > Basic Supplies > Staplers & Staples > Reduced Effort & Basic Staplers,4,86.0,True,True,
OfficeDepot::Office Supplies > Basic Supplies > Staplers & Staples > Specialty Staplers,OfficeDepot,Specialty Staplers,Office Supplies > Basic Supplies > Staplers & Staples > Specialty Staplers,4,8.0,True,True,
OfficeDepot::Office Supplies > Basic Supplies > Staplers & Staples > Staple Removers,OfficeDepot,Staple Removers,Office Supplies > Basic Supplies > Staplers & Staples > Staple Removers,4,8.0,True,True,
OfficeDepot::Office Supplies > Basic Supplies > Staplers & Staples > Staples,OfficeDepot,Staples,Office Supplies > Basic Supplies > Staplers & Staples > Staples,4,31.0,True,True,
OfficeDepot::Office Supplies > Binders & Accessories,OfficeDepot,Binders & Accessories,Office Supplies > Binders & Accessories,2,1243.0,False,True,
OfficeDepot::Office Supplies > Binders & Accessories > Binder Accessories,OfficeDepot,Binder Accessories,Office Supplies > Binders & Accessories > Binder Accessories,3,72.0,False,True,
OfficeDepot::Office Supplies > Binders & Accessories > Binder Accessories > Pencil Pouches,OfficeDepot,Pencil Pouches,Office Supplies > Binders & Accessories > Binder Accessories > Pencil Pouches,4,33.0,True,True,
OfficeDepot::Office Supplies > Binders & Accessories > Binder Accessories > Ring Binder Accessories,OfficeDepot,Ring Binder Accessories,Office Supplies > Binders & Accessories > Binder Accessories > Ring Binder Accessories,4,72.0,True,True,
OfficeDepot::Office Supplies > Binders & Accessories > Binders,OfficeDepot,Binders,Office Supplies > Binders & Accessories > Binders,3,401.0,True,True,
OfficeDepot::Office Supplies > Binders & Accessories > Binding,OfficeDepot,Binding,Office Supplies > Binders & Accessories > Binding,3,47.0,True,True,
OfficeDepot::Office Supplies > Binders & Accessories > Clipboards,OfficeDepot,Clipboards,Office Supplies > Binders & Accessories > Clipboards,3,106.0,True,True,
OfficeDepot::Office Supplies > Binders & Accessories > Dividers & Tabs,OfficeDepot,Dividers & Tabs,Office Supplies > Binders & Accessories > Dividers & Tabs,3,246.0,False,True,
OfficeDepot::Office Supplies > Binders & Accessories > Dividers & Tabs > Dividers,OfficeDepot,Dividers,Office Supplies > Binders & Accessories > Dividers & Tabs > Dividers,4,214.0,True,True,
OfficeDepot::Office Supplies > Binders & Accessories > Dividers & Tabs > Tabs,OfficeDepot,Tabs,Office Supplies > Binders & Accessories > Dividers & Tabs > Tabs,4,32.0,True,True,
OfficeDepot::Office Supplies > Binders & Accessories > Report Covers & Portfolios,OfficeDepot,Report Covers & Portfolios,Office Supplies > Binders & Accessories > Report Covers & Portfolios,3,274.0,False,True,
OfficeDepot::Office Supplies > Binders & Accessories > Report Covers & Portfolios > Professional Portfolios,OfficeDepot,Professional Portfolios,Office Supplies > Binders & Accessories > Report Covers & Portfolios > Professional Portfolios,4,12.0,True,True,
OfficeDepot::Office Supplies > Binders & Accessories > Report Covers & Portfolios > Report Covers,OfficeDepot,Report Covers,Office Supplies > Binders & Accessories > Report Covers & Portfolios > Report Covers,4,64.0,True,True,
OfficeDepot::Office Supplies > Binders & Accessories > Report Covers & Portfolios > Report Covers With Fasteners,OfficeDepot,Report Covers With Fasteners,Office Supplies > Binders & Accessories > Report Covers & Portfolios > Report Covers With Fasteners,4,27.0,True,True,
OfficeDepot::Office Supplies > Binders & Accessories > Report Covers & Portfolios > Twin Pocket Portfolios,OfficeDepot,Twin Pocket Portfolios,Office Supplies > Binders & Accessories > Report Covers & Portfolios > Twin Pocket Portfolios,4,199.0,True,True,
OfficeDepot::Office Supplies > Binders & Accessories > Report Covers & Portfolios > Twin Pocket With Fastener Portfolios,OfficeDepot,Twin Pocket With Fastener Portfolios,Office Supplies > Binders & Accessories > Report Covers & Portfolios > Twin Pocket With Fastener Portfolios,4,56.0,True,True,
OfficeDepot::Office Supplies > Binders & Accessories > Sheet Protectors,OfficeDepot,Sheet Protectors,Office Supplies > Binders & Accessories > Sheet Protectors,3,74.0,True,True,
OfficeDepot::Office Supplies > Binders & Accessories > Specialty Binders,OfficeDepot,Specialty Binders,Office Supplies > Binders & Accessories > Specialty Binders,3,38.0,False,True,
OfficeDepot::Office Supplies > Binders & Accessories > Specialty Binders > Data Binders,OfficeDepot,Data Binders,Office Supplies > Binders & Accessories > Specialty Binders > Data Binders,4,5.0,True,True,
OfficeDepot::Office Supplies > Binders & Accessories > Specialty Binders > Easel Binders,OfficeDepot,Easel Binders,Office Supplies > Binders & Accessories > Specialty Binders > Easel Binders,4,2.0,True,True,
OfficeDepot::Office Supplies > Binders & Accessories > Specialty Binders > Hanging Binders,OfficeDepot,Hanging Binders,Office Supplies > Binders & Accessories > Specialty Binders > Hanging Binders,4,2.0,True,True,
OfficeDepot::Office Supplies > Binders & Accessories > Specialty Binders > Ledger & Post Binders,OfficeDepot,Ledger & Post Binders,Office Supplies > Binders & Accessories > Specialty Binders > Ledger & Post Binders,4,21.0,True,True,
OfficeDepot::Office Supplies > Binders & Accessories > Specialty Binders > Zippered Binders,OfficeDepot,Zippered Binders,Office Supplies > Binders & Accessories > Specialty Binders > Zippered Binders,4,8.0,True,True,
OfficeDepot::Office Supplies > Business Forms & Bookkeeping,OfficeDepot,Business Forms & Bookkeeping,Office Supplies > Business Forms & Bookkeeping,2,637.0,False,True,
OfficeDepot::Office Supplies > Business Forms & Bookkeeping > Business Forms,OfficeDepot,Business Forms,Office Supplies > Business Forms & Bookkeeping > Business Forms,3,129.0,False,True,
OfficeDepot::Office Supplies > Business Forms & Bookkeeping > Business Forms > Gift Certificates,OfficeDepot,Gift Certificates,Office Supplies > Business Forms & Bookkeeping > Business Forms > Gift Certificates,4,5.0,True,True,
OfficeDepot::Office Supplies > Business Forms & Bookkeeping > Business Forms > Guest Checks,OfficeDepot,Guest Checks,Office Supplies > Business Forms & Bookkeeping > Business Forms > Guest Checks,4,6.0,True,True,
OfficeDepot::Office Supplies > Business Forms & Bookkeeping > Business Forms > Invoices & Statements,OfficeDepot,Invoices & Statements,Office Supplies > Business Forms & Bookkeeping > Business Forms > Invoices & Statements,4,54.0,True,True,
OfficeDepot::Office Supplies > Business Forms & Bookkeeping > Business Forms > Order & Service Forms,OfficeDepot,Order & Service Forms,Office Supplies > Business Forms & Bookkeeping > Business Forms > Order & Service Forms,4,43.0,True,True,
OfficeDepot::Office Supplies > Business Forms & Bookkeeping > Business Forms > Receipts,OfficeDepot,Receipts,Office Supplies > Business Forms & Bookkeeping > Business Forms > Receipts,4,18.0,True,True,
OfficeDepot::Office Supplies > Business Forms & Bookkeeping > Business Forms > Shipping & Receiving Forms,OfficeDepot,Shipping & Receiving Forms,Office Supplies > Business Forms & Bookkeeping > Business Forms > Shipping & Receiving Forms,4,3.0,True,True,
OfficeDepot::Office Supplies > Business Forms & Bookkeeping > Employee Management,OfficeDepot,Employee Management,Office Supplies > Business Forms & Bookkeeping > Employee Management,3,88.0,False,True,
OfficeDepot::Office Supplies > Business Forms & Bookkeeping > Employee Management > Attendance Forms,OfficeDepot,Attendance Forms,Office Supplies > Business Forms & Bookkeeping > Employee Management > Attendance Forms,4,16.0,True,True,
OfficeDepot::Office Supplies > Business Forms & Bookkeeping > Employee Management > Employee Folders,OfficeDepot,Employee Folders,Office Supplies > Business Forms & Bookkeeping > Employee Management > Employee Folders,4,21.0,True,True,
OfficeDepot::Office Supplies > Business Forms & Bookkeeping > Employee Management > Employee Management & Compliance Software,OfficeDepot,Employee Management & Compliance Software,Office Supplies > Business Forms & Bookkeeping > Employee Management > Employee Management & Compliance Software,4,33.0,True,True,
OfficeDepot::Office Supplies > Business Forms & Bookkeeping > Employee Management > Hiring Forms,OfficeDepot,Hiring Forms,Office Supplies > Business Forms & Bookkeeping > Employee Management > Hiring Forms,4,4.0,True,True,
OfficeDepot::Office Supplies > Business Forms & Bookkeeping > Employee Management > Performance & Discipline Forms,OfficeDepot,Performance & Discipline Forms,Office Supplies > Business Forms & Bookkeeping > Employee Management > Performance & Discipline Forms,4,39.0,True,True,
OfficeDepot::Office Supplies > Business Forms & Bookkeeping > Financial Bookkeeping,OfficeDepot,Financial Bookkeeping,Office Supplies > Business Forms & Bookkeeping > Financial Bookkeeping,3,81.0,False,True,
OfficeDepot::Office Supplies > Business Forms & Bookkeeping > Financial Bookkeeping > Accounting Books,OfficeDepot,Accounting Books,Office Supplies > Business Forms & Bookkeeping > Financial Bookkeeping > Accounting Books,4,62.0,True,True,
OfficeDepot::Office Supplies > Business Forms & Bookkeeping > Financial Bookkeeping > Checks,OfficeDepot,Checks,Office Supplies > Business Forms & Bookkeeping > Financial Bookkeeping > Checks,4,11.0,True,True,
OfficeDepot::Office Supplies > Business Forms & Bookkeeping > Financial Bookkeeping > Columnar Pads,OfficeDepot,Columnar Pads,Office Supplies > Business Forms & Bookkeeping > Financial Bookkeeping > Columnar Pads,4,28.0,True,True,
OfficeDepot::Office Supplies > Business Forms & Bookkeeping > Financial Bookkeeping > Mileage Logs,OfficeDepot,Mileage Logs,Office Supplies > Business Forms & Bookkeeping > Financial Bookkeeping > Mileage Logs,4,6.0,True,True,
OfficeDepot::Office Supplies > Business Forms & Bookkeeping > Legal Forms,OfficeDepot,Legal Forms,Office Supplies > Business Forms & Bookkeeping > Legal Forms,3,32.0,False,True,
OfficeDepot::Office Supplies > Business Forms & Bookkeeping > Legal Forms > Personal Law & Power of Attorney Forms,OfficeDepot,Personal Law & Power of Attorney Forms,Office Supplies > Business Forms & Bookkeeping > Legal Forms > Personal Law & Power of Attorney Forms,4,29.0,True,True,
OfficeDepot::Office Supplies > Business Forms & Bookkeeping > Legal Forms > Real Estate & Leasing Forms,OfficeDepot,Real Estate & Leasing Forms,Office Supplies > Business Forms & Bookkeeping > Legal Forms > Real Estate & Leasing Forms,4,16.0,True,True,
OfficeDepot::Office Supplies > Business Forms & Bookkeeping > Medical Forms,OfficeDepot,Medical Forms,Office Supplies > Business Forms & Bookkeeping > Medical Forms,3,48.0,False,True,
OfficeDepot::Office Supplies > Business Forms & Bookkeeping > Medical Forms > ADA Dental Forms,OfficeDepot,ADA Dental Forms,Office Supplies > Business Forms & Bookkeeping > Medical Forms > ADA Dental Forms,4,2.0,True,True,
OfficeDepot::Office Supplies > Business Forms & Bookkeeping > Medical Forms > Claim Forms,OfficeDepot,Claim Forms,Office Supplies > Business Forms & Bookkeeping > Medical Forms > Claim Forms,4,24.0,True,True,
OfficeDepot::Office Supplies > Business Forms & Bookkeeping > Medical Forms > HIPAA Compliance Forms,OfficeDepot,HIPAA Compliance Forms,Office Supplies > Business Forms & Bookkeeping > Medical Forms > HIPAA Compliance Forms,4,24.0,True,True,
OfficeDepot::Office Supplies > Business Forms & Bookkeeping > Medical Forms > UB-04 Forms,OfficeDepot,UB-04 Forms,Office Supplies > Business Forms & Bookkeeping > Medical Forms > UB-04 Forms,4,22.0,True,True,
OfficeDepot::Office Supplies > Business Forms & Bookkeeping > Tax Forms,OfficeDepot,Tax Forms,Office Supplies > Business Forms & Bookkeeping > Tax Forms,3,298.0,False,True,
OfficeDepot::Office Supplies > Business Forms & Bookkeeping > Tax Forms > 1099 Tax Forms,OfficeDepot,1099 Tax Forms,Office Supplies > Business Forms & Bookkeeping > Tax Forms > 1099 Tax Forms,4,131.0,True,True,
OfficeDepot::Office Supplies > Business Forms & Bookkeeping > Tax Forms > ACA Tax Forms,OfficeDepot,ACA Tax Forms,Office Supplies > Business Forms & Bookkeeping > Tax Forms > ACA Tax Forms,4,5.0,True,True,
OfficeDepot::Office Supplies > Business Forms & Bookkeeping > Tax Forms > Additional Tax Forms,OfficeDepot,Additional Tax Forms,Office Supplies > Business Forms & Bookkeeping > Tax Forms > Additional Tax Forms,4,20.0,True,True,
OfficeDepot::Office Supplies > Business Forms & Bookkeeping > Tax Forms > Tax Form Envelopes,OfficeDepot,Tax Form Envelopes,Office Supplies > Business Forms & Bookkeeping > Tax Forms > Tax Form Envelopes,4,64.0,True,True,
OfficeDepot::Office Supplies > Business Forms & Bookkeeping > Tax Forms > W-2 Tax Forms,OfficeDepot,W-2 Tax Forms,Office Supplies > Business Forms & Bookkeeping > Tax Forms > W-2 Tax Forms,4,72.0,True,True,
OfficeDepot::Office Supplies > Calendars & Planners,OfficeDepot,Calendars & Planners,Office Supplies > Calendars & Planners,2,1219.0,False,True,
OfficeDepot::Office Supplies > Calendars & Planners > Calendar Refills & Bases,OfficeDepot,Calendar Refills & Bases,Office Supplies > Calendars & Planners > Calendar Refills & Bases,3,27.0,True,True,
OfficeDepot::Office Supplies > Calendars & Planners > Calendars,OfficeDepot,Calendars,Office Supplies > Calendars & Planners > Calendars,3,534.0,True,True,
OfficeDepot::Office Supplies > Calendars & Planners > Organizer Accessories,OfficeDepot,Organizer Accessories,Office Supplies > Calendars & Planners > Organizer Accessories,3,66.0,True,True,
OfficeDepot::Office Supplies > Calendars & Planners > Organizer Refills,OfficeDepot,Organizer Refills,Office Supplies > Calendars & Planners > Organizer Refills,3,86.0,True,True,
OfficeDepot::Office Supplies > Calendars & Planners > Organizers,OfficeDepot,Organizers,Office Supplies > Calendars & Planners > Organizers,3,20.0,True,True,
OfficeDepot::Office Supplies > Calendars & Planners > Planners,OfficeDepot,Planners,Office Supplies > Calendars & Planners > Planners,3,632.0,True,True,
OfficeDepot::Office Supplies > Desk Accessories,OfficeDepot,Desk Accessories,Office Supplies > Desk Accessories,2,698.0,False,True,
OfficeDepot::Office Supplies > Desk Accessories > Bookends,OfficeDepot,Bookends,Office Supplies > Desk Accessories > Bookends,3,14.0,True,True,
OfficeDepot::Office Supplies > Desk Accessories > Business Card Holders,OfficeDepot,Business Card Holders,Office Supplies > Desk Accessories > Business Card Holders,3,33.0,True,True,
OfficeDepot::Office Supplies > Desk Accessories > Desk Organizer Collections,OfficeDepot,Desk Organizer Collections,Office Supplies > Desk Accessories > Desk Organizer Collections,3,30.0,True,True,
OfficeDepot::Office Supplies > Desk Accessories > Desk Organizers,OfficeDepot,Desk Organizers,Office Supplies > Desk Accessories > Desk Organizers,3,195.0,True,True,
OfficeDepot::Office Supplies > Desk Accessories > Desk Pads,OfficeDepot,Desk Pads,Office Supplies > Desk Accessories > Desk Pads,3,67.0,True,True,
OfficeDepot::Office Supplies > Desk Accessories > Desk Trays,OfficeDepot,Desk Trays,Office Supplies > Desk Accessories > Desk Trays,3,89.0,True,True,
OfficeDepot::Office Supplies > Desk Accessories > Document & Bookholders,OfficeDepot,Document & Bookholders,Office Supplies > Desk Accessories > Document & Bookholders,3,13.0,True,True,
OfficeDepot::Office Supplies > Desk Accessories > Drawer Organizers,OfficeDepot,Drawer Organizers,Office Supplies > Desk Accessories > Drawer Organizers,3,37.0,True,True,
OfficeDepot::Office Supplies > Desk Accessories > File Organizers,OfficeDepot,File Organizers,Office Supplies > Desk Accessories > File Organizers,3,201.0,True,True,
OfficeDepot::Office Supplies > Desk Accessories > Magazine Holders,OfficeDepot,Magazine Holders,Office Supplies > Desk Accessories > Magazine Holders,3,27.0,True,True,
OfficeDepot::Office Supplies > Desk Accessories > Wall Files,OfficeDepot,Wall Files,Office Supplies > Desk Accessories > Wall Files,3,68.0,True,True,
OfficeDepot::Office Supplies > Drafting,OfficeDepot,Drafting,Office Supplies > Drafting,2,164.0,False,True,
OfficeDepot::Office Supplies > Drafting > Classroom Compasses,OfficeDepot,Classroom Compasses,Office Supplies > Drafting > Classroom Compasses,3,7.0,True,True,
OfficeDepot::Office Supplies > Drafting > Drafting Pencils,OfficeDepot,Drafting Pencils,Office Supplies > Drafting > Drafting Pencils,3,7.0,True,True,
OfficeDepot::Office Supplies > Drafting > Drafting Tools & Kits,OfficeDepot,Drafting Tools & Kits,Office Supplies > Drafting > Drafting Tools & Kits,3,120.0,True,True,
OfficeDepot::Office Supplies > Drafting > Knives & Blades,OfficeDepot,Knives & Blades,Office Supplies > Drafting > Knives & Blades,3,37.0,True,True,
OfficeDepot::Office Supplies > Filing & Folders,OfficeDepot,Filing & Folders,Office Supplies > Filing & Folders,2,1020.0,False,True,
OfficeDepot::Office Supplies > Filing & Folders > Classification Folders,OfficeDepot,Classification Folders,Office Supplies > Filing & Folders > Classification Folders,3,143.0,True,True,
OfficeDepot::Office Supplies > Filing & Folders > Expanding File Folders,OfficeDepot,Expanding File Folders,Office Supplies > Filing & Folders > Expanding File Folders,3,359.0,True,True,
OfficeDepot::Office Supplies > Filing & Folders > File Folders,OfficeDepot,File Folders,Office Supplies > Filing & Folders > File Folders,3,519.0,True,True,
OfficeDepot::Office Supplies > Filing & Folders > Filing Accessories,OfficeDepot,Filing Accessories,Office Supplies > Filing & Folders > Filing Accessories,3,48.0,True,True,
OfficeDepot::Office Supplies > Filing & Folders > Hanging File Folders,OfficeDepot,Hanging File Folders,Office Supplies > Filing & Folders > Hanging File Folders,3,112.0,True,True,
OfficeDepot::Office Supplies > Labels & Label Makers,OfficeDepot,Labels & Label Makers,Office Supplies > Labels & Label Makers,2,2415.0,False,True,
OfficeDepot::Office Supplies > Labels & Label Makers > CD Labels,OfficeDepot,CD Labels,Office Supplies > Labels & Label Makers > CD Labels,3,6.0,True,True,
OfficeDepot::Office Supplies > Labels & Label Makers > Color-Coding & Round Labels,OfficeDepot,Color-Coding & Round Labels,Office Supplies > Labels & Label Makers > Color-Coding & Round Labels,3,395.0,True,True,
OfficeDepot::Office Supplies > Labels & Label Makers > Filing Labels,OfficeDepot,Filing Labels,Office Supplies > Labels & Label Makers > Filing Labels,3,32.0,True,True,
OfficeDepot::Office Supplies > Labels & Label Makers > Full-Sheet Labels,OfficeDepot,Full-Sheet Labels,Office Supplies > Labels & Label Makers > Full-Sheet Labels,3,59.0,True,True,
OfficeDepot::Office Supplies > Labels & Label Makers > Label Holders,OfficeDepot,Label Holders,Office Supplies > Labels & Label Makers > Label Holders,3,11.0,True,True,
OfficeDepot::Office Supplies > Labels & Label Makers > Label Maker Tapes,OfficeDepot,Label Maker Tapes,Office Supplies > Labels & Label Makers > Label Maker Tapes,3,149.0,True,True,
OfficeDepot::Office Supplies > Labels & Label Makers > Label Makers,OfficeDepot,Label Makers,Office Supplies > Labels & Label Makers > Label Makers,3,45.0,True,True,
OfficeDepot::Office Supplies > Labels & Label Makers > Name Badges & Holders,OfficeDepot,Name Badges & Holders,Office Supplies > Labels & Label Makers > Name Badges & Holders,3,163.0,True,True,
OfficeDepot::Office Supplies > Labels & Label Makers > Standard Labels,OfficeDepot,Standard Labels,Office Supplies > Labels & Label Makers > Standard Labels,3,1438.0,True,True,
OfficeDepot::Office Supplies > Labor Law & Workplace Posters,OfficeDepot,Labor Law & Workplace Posters,Office Supplies > Labor Law & Workplace Posters,2,131.0,False,True,
OfficeDepot::Office Supplies > Labor Law & Workplace Posters > Federal & State Poster Kits,OfficeDepot,Federal & State Poster Kits,Office Supplies > Labor Law & Workplace Posters > Federal & State Poster Kits,3,97.0,True,True,
OfficeDepot::Office Supplies > Labor Law & Workplace Posters > Federal Posters,OfficeDepot,Federal Posters,Office Supplies > Labor Law & Workplace Posters > Federal Posters,3,9.0,True,True,
OfficeDepot::Office Supplies > Labor Law & Workplace Posters > General Communications Posters,OfficeDepot,General Communications Posters,Office Supplies > Labor Law & Workplace Posters > General Communications Posters,3,4.0,True,True,
OfficeDepot::Office Supplies > Labor Law & Workplace Posters > Spanish Posters,OfficeDepot,Spanish Posters,Office Supplies > Labor Law & Workplace Posters > Spanish Posters,3,10.0,True,True,
OfficeDepot::Office Supplies > Labor Law & Workplace Posters > State Posters,OfficeDepot,State Posters,Office Supplies > Labor Law & Workplace Posters > State Posters,3,21.0,True,True,
OfficeDepot::Office Supplies > Laminating,OfficeDepot,Laminating,Office Supplies > Laminating,2,116.0,False,True,
OfficeDepot::Office Supplies > Laminating > Laminating Machines,OfficeDepot,Laminating Machines,Office Supplies > Laminating > Laminating Machines,3,26.0,True,True,
OfficeDepot::Office Supplies > Laminating > Laminating Supplies,OfficeDepot,Laminating Supplies,Office Supplies > Laminating > Laminating Supplies,3,90.0,True,True,
"OfficeDepot::Office Supplies > Mailing, Packing & Shipping",OfficeDepot,"Mailing, Packing & Shipping","Office Supplies > Mailing, Packing & Shipping",2,2178.0,False,True,
"OfficeDepot::Office Supplies > Mailing, Packing & Shipping > Envelopes",OfficeDepot,Envelopes,"Office Supplies > Mailing, Packing & Shipping > Envelopes",3,818.0,False,True,
"OfficeDepot::Office Supplies > Mailing, Packing & Shipping > Envelopes > Booklet Envelopes",OfficeDepot,Booklet Envelopes,"Office Supplies > Mailing, Packing & Shipping > Envelopes > Booklet Envelopes",4,82.0,True,True,
"OfficeDepot::Office Supplies > Mailing, Packing & Shipping > Envelopes > Business Envelopes",OfficeDepot,Business Envelopes,"Office Supplies > Mailing, Packing & Shipping > Envelopes > Business Envelopes",4,227.0,True,True,
"OfficeDepot::Office Supplies > Mailing, Packing & Shipping > Envelopes > Coin Envelopes",OfficeDepot,Coin Envelopes,"Office Supplies > Mailing, Packing & Shipping > Envelopes > Coin Envelopes",4,33.0,True,True,
"OfficeDepot::Office Supplies > Mailing, Packing & Shipping > Envelopes > Interoffice Envelopes",OfficeDepot,Interoffice Envelopes,"Office Supplies > Mailing, Packing & Shipping > Envelopes > Interoffice Envelopes",4,14.0,True,True,
"OfficeDepot::Office Supplies > Mailing, Packing & Shipping > Envelopes > Invitation Envelopes",OfficeDepot,Invitation Envelopes,"Office Supplies > Mailing, Packing & Shipping > Envelopes > Invitation Envelopes",4,157.0,True,True,
"OfficeDepot::Office Supplies > Mailing, Packing & Shipping > Envelopes > Tax Envelopes",OfficeDepot,Tax Envelopes,"Office Supplies > Mailing, Packing & Shipping > Envelopes > Tax Envelopes",4,73.0,True,True,
"OfficeDepot::Office Supplies > Mailing, Packing & Shipping > Envelopes > Window Envelopes",OfficeDepot,Window Envelopes,"Office Supplies > Mailing, Packing & Shipping > Envelopes > Window Envelopes",4,66.0,True,True,
"OfficeDepot::Office Supplies > Mailing, Packing & Shipping > Industrial Shipping Supplies",OfficeDepot,Industrial Shipping Supplies,"Office Supplies > Mailing, Packing & Shipping > Industrial Shipping Supplies",3,113.0,False,True,
"OfficeDepot::Office Supplies > Mailing, Packing & Shipping > Industrial Shipping Supplies > Hand Trucks & Dollies",OfficeDepot,Hand Trucks & Dollies,"Office Supplies > Mailing, Packing & Shipping > Industrial Shipping Supplies > Hand Trucks & Dollies",4,19.0,True,True,
"OfficeDepot::Office Supplies > Mailing, Packing & Shipping > Industrial Shipping Supplies > Inspection & Shipping Tags",OfficeDepot,Inspection & Shipping Tags,"Office Supplies > Mailing, Packing & Shipping > Industrial Shipping Supplies > Inspection & Shipping Tags",4,22.0,True,True,
"OfficeDepot::Office Supplies > Mailing, Packing & Shipping > Industrial Shipping Supplies > Pallet Covers",OfficeDepot,Pallet Covers,"Office Supplies > Mailing, Packing & Shipping > Industrial Shipping Supplies > Pallet Covers",4,6.0,True,True,
"OfficeDepot::Office Supplies > Mailing, Packing & Shipping > Industrial Shipping Supplies > Sealers",OfficeDepot,Sealers,"Office Supplies > Mailing, Packing & Shipping > Industrial Shipping Supplies > Sealers",4,1.0,True,True,
"OfficeDepot::Office Supplies > Mailing, Packing & Shipping > Industrial Shipping Supplies > Shrink-Wrap",OfficeDepot,Shrink-Wrap,"Office Supplies > Mailing, Packing & Shipping > Industrial Shipping Supplies > Shrink-Wrap",4,33.0,True,True,
"OfficeDepot::Office Supplies > Mailing, Packing & Shipping > Industrial Shipping Supplies > Strapping Materials & Twine",OfficeDepot,Strapping Materials & Twine,"Office Supplies > Mailing, Packing & Shipping > Industrial Shipping Supplies > Strapping Materials & Twine",4,10.0,True,True,
"OfficeDepot::Office Supplies > Mailing, Packing & Shipping > Industrial Shipping Supplies > Utility Knives, Cutters & Blades",OfficeDepot,"Utility Knives, Cutters & Blades","Office Supplies > Mailing, Packing & Shipping > Industrial Shipping Supplies > Utility Knives, Cutters & Blades",4,22.0,True,True,
"OfficeDepot::Office Supplies > Mailing, Packing & Shipping > Labels & Tags",OfficeDepot,Labels & Tags,"Office Supplies > Mailing, Packing & Shipping > Labels & Tags",3,270.0,False,True,
"OfficeDepot::Office Supplies > Mailing, Packing & Shipping > Labels & Tags > Address Labels",OfficeDepot,Address Labels,"Office Supplies > Mailing, Packing & Shipping > Labels & Tags > Address Labels",4,131.0,True,True,
"OfficeDepot::Office Supplies > Mailing, Packing & Shipping > Labels & Tags > Packing List Envelopes",OfficeDepot,Packing List Envelopes,"Office Supplies > Mailing, Packing & Shipping > Labels & Tags > Packing List Envelopes",4,23.0,True,True,
"OfficeDepot::Office Supplies > Mailing, Packing & Shipping > Labels & Tags > Shipping Labels",OfficeDepot,Shipping Labels,"Office Supplies > Mailing, Packing & Shipping > Labels & Tags > Shipping Labels",4,145.0,True,True,
"OfficeDepot::Office Supplies > Mailing, Packing & Shipping > Mailers",OfficeDepot,Mailers,"Office Supplies > Mailing, Packing & Shipping > Mailers",3,342.0,False,True,
"OfficeDepot::Office Supplies > Mailing, Packing & Shipping > Mailers > Bubble Mailers",OfficeDepot,Bubble Mailers,"Office Supplies > Mailing, Packing & Shipping > Mailers > Bubble Mailers",4,138.0,True,True,
"OfficeDepot::Office Supplies > Mailing, Packing & Shipping > Mailers > Corrugated Mailers",OfficeDepot,Corrugated Mailers,"Office Supplies > Mailing, Packing & Shipping > Mailers > Corrugated Mailers",4,45.0,True,True,
"OfficeDepot::Office Supplies > Mailing, Packing & Shipping > Mailers > Flat Mailers",OfficeDepot,Flat Mailers,"Office Supplies > Mailing, Packing & Shipping > Mailers > Flat Mailers",4,76.0,True,True,
"OfficeDepot::Office Supplies > Mailing, Packing & Shipping > Mailers > Mailing Tubes",OfficeDepot,Mailing Tubes,"Office Supplies > Mailing, Packing & Shipping > Mailers > Mailing Tubes",4,52.0,True,True,
"OfficeDepot::Office Supplies > Mailing, Packing & Shipping > Mailers > Padded Mailers",OfficeDepot,Padded Mailers,"Office Supplies > Mailing, Packing & Shipping > Mailers > Padded Mailers",4,27.0,True,True,
"OfficeDepot::Office Supplies > Mailing, Packing & Shipping > Mailroom Equipment",OfficeDepot,Mailroom Equipment,"Office Supplies > Mailing, Packing & Shipping > Mailroom Equipment",3,85.0,False,True,
"OfficeDepot::Office Supplies > Mailing, Packing & Shipping > Mailroom Equipment > Electronic Letter Openers",OfficeDepot,Electronic Letter Openers,"Office Supplies > Mailing, Packing & Shipping > Mailroom Equipment > Electronic Letter Openers",4,3.0,True,True,
"OfficeDepot::Office Supplies > Mailing, Packing & Shipping > Mailroom Equipment > Mail Sorters",OfficeDepot,Mail Sorters,"Office Supplies > Mailing, Packing & Shipping > Mailroom Equipment > Mail Sorters",4,13.0,True,True,
"OfficeDepot::Office Supplies > Mailing, Packing & Shipping > Mailroom Equipment > Mailroom Carts",OfficeDepot,Mailroom Carts,"Office Supplies > Mailing, Packing & Shipping > Mailroom Equipment > Mailroom Carts",4,3.0,True,True,
"OfficeDepot::Office Supplies > Mailing, Packing & Shipping > Mailroom Equipment > Postal Scales",OfficeDepot,Postal Scales,"Office Supplies > Mailing, Packing & Shipping > Mailroom Equipment > Postal Scales",4,10.0,True,True,
"OfficeDepot::Office Supplies > Mailing, Packing & Shipping > Packing Materials",OfficeDepot,Packing Materials,"Office Supplies > Mailing, Packing & Shipping > Packing Materials",3,174.0,False,True,
"OfficeDepot::Office Supplies > Mailing, Packing & Shipping > Packing Materials > Bubble Rolls & Wrap",OfficeDepot,Bubble Rolls & Wrap,"Office Supplies > Mailing, Packing & Shipping > Packing Materials > Bubble Rolls & Wrap",4,53.0,True,True,
"OfficeDepot::Office Supplies > Mailing, Packing & Shipping > Packing Materials > Cold Packs for Shipping",OfficeDepot,Cold Packs for Shipping,"Office Supplies > Mailing, Packing & Shipping > Packing Materials > Cold Packs for Shipping",4,3.0,True,True,
"OfficeDepot::Office Supplies > Mailing, Packing & Shipping > Packing Materials > Corrugated Sheets & Rolls",OfficeDepot,Corrugated Sheets & Rolls,"Office Supplies > Mailing, Packing & Shipping > Packing Materials > Corrugated Sheets & Rolls",4,26.0,True,True,
"OfficeDepot::Office Supplies > Mailing, Packing & Shipping > Packing Materials > Furniture Covers",OfficeDepot,Furniture Covers,"Office Supplies > Mailing, Packing & Shipping > Packing Materials > Furniture Covers",4,55.0,True,True,
"OfficeDepot::Office Supplies > Mailing, Packing & Shipping > Packing Materials > Packing Foam",OfficeDepot,Packing Foam,"Office Supplies > Mailing, Packing & Shipping > Packing Materials > Packing Foam",4,4.0,True,True,
"OfficeDepot::Office Supplies > Mailing, Packing & Shipping > Packing Materials > Packing Papers",OfficeDepot,Packing Papers,"Office Supplies > Mailing, Packing & Shipping > Packing Materials > Packing Papers",4,56.0,True,True,
"OfficeDepot::Office Supplies > Mailing, Packing & Shipping > Packing Materials > Packing Peanuts",OfficeDepot,Packing Peanuts,"Office Supplies > Mailing, Packing & Shipping > Packing Materials > Packing Peanuts",4,7.0,True,True,
"OfficeDepot::Office Supplies > Mailing, Packing & Shipping > Packing Tape",OfficeDepot,Packing Tape,"Office Supplies > Mailing, Packing & Shipping > Packing Tape",3,173.0,True,True,
"OfficeDepot::Office Supplies > Mailing, Packing & Shipping > Poly Bags",OfficeDepot,Poly Bags,"Office Supplies > Mailing, Packing & Shipping > Poly Bags",3,41.0,True,True,
"OfficeDepot::Office Supplies > Mailing, Packing & Shipping > Postage Stamps",OfficeDepot,Postage Stamps,"Office Supplies > Mailing, Packing & Shipping > Postage Stamps",3,3.0,True,True,
"OfficeDepot::Office Supplies > Mailing, Packing & Shipping > Shipping & Moving Boxes",OfficeDepot,Shipping & Moving Boxes,"Office Supplies > Mailing, Packing & Shipping > Shipping & Moving Boxes",3,215.0,False,True,
"OfficeDepot::Office Supplies > Mailing, Packing & Shipping > Shipping & Moving Boxes > Moving Boxes",OfficeDepot,Moving Boxes,"Office Supplies > Mailing, Packing & Shipping > Shipping & Moving Boxes > Moving Boxes",4,49.0,True,True,
"OfficeDepot::Office Supplies > Mailing, Packing & Shipping > Shipping & Moving Boxes > Multi-Depth Boxes",OfficeDepot,Multi-Depth Boxes,"Office Supplies > Mailing, Packing & Shipping > Shipping & Moving Boxes > Multi-Depth Boxes",4,8.0,True,True,
"OfficeDepot::Office Supplies > Mailing, Packing & Shipping > Shipping & Moving Boxes > Shipping Boxes",OfficeDepot,Shipping Boxes,"Office Supplies > Mailing, Packing & Shipping > Shipping & Moving Boxes > Shipping Boxes",4,166.0,True,True,
OfficeDepot::Office Supplies > Presentation Boards,OfficeDepot,Presentation Boards,Office Supplies > Presentation Boards,2,839.0,False,True,
OfficeDepot::Office Supplies > Presentation Boards > Board Accessories,OfficeDepot,Board Accessories,Office Supplies > Presentation Boards > Board Accessories,3,149.0,True,True,
OfficeDepot::Office Supplies > Presentation Boards > Bulletin Boards,OfficeDepot,Bulletin Boards,Office Supplies > Presentation Boards > Bulletin Boards,3,140.0,True,True,
OfficeDepot::Office Supplies > Presentation Boards > Chalkboards,OfficeDepot,Chalkboards,Office Supplies > Presentation Boards > Chalkboards,3,18.0,True,True,
OfficeDepot::Office Supplies > Presentation Boards > Dry Erase Surfaces,OfficeDepot,Dry Erase Surfaces,Office Supplies > Presentation Boards > Dry Erase Surfaces,3,13.0,True,True,
OfficeDepot::Office Supplies > Presentation Boards > Easels & Pads,OfficeDepot,Easels & Pads,Office Supplies > Presentation Boards > Easels & Pads,3,82.0,False,True,
OfficeDepot::Office Supplies > Presentation Boards > Easels & Pads > Easel Pads,OfficeDepot,Easel Pads,Office Supplies > Presentation Boards > Easels & Pads > Easel Pads,4,54.0,True,True,
OfficeDepot::Office Supplies > Presentation Boards > Easels & Pads > Easels,OfficeDepot,Easels,Office Supplies > Presentation Boards > Easels & Pads > Easels,4,28.0,True,True,
OfficeDepot::Office Supplies > Presentation Boards > Enclosed Boards,OfficeDepot,Enclosed Boards,Office Supplies > Presentation Boards > Enclosed Boards,3,15.0,True,True,
OfficeDepot::Office Supplies > Presentation Boards > Interactive Whiteboards & Accessories,OfficeDepot,Interactive Whiteboards & Accessories,Office Supplies > Presentation Boards > Interactive Whiteboards & Accessories,3,3.0,True,True,
OfficeDepot::Office Supplies > Presentation Boards > Message Bars,OfficeDepot,Message Bars,Office Supplies > Presentation Boards > Message Bars,3,5.0,True,True,
OfficeDepot::Office Supplies > Presentation Boards > Planning & In-Out Boards,OfficeDepot,Planning & In-Out Boards,Office Supplies > Presentation Boards > Planning & In-Out Boards,3,3.0,True,True,
OfficeDepot::Office Supplies > Presentation Boards > Project & Display Boards,OfficeDepot,Project & Display Boards,Office Supplies > Presentation Boards > Project & Display Boards,3,94.0,True,True,
OfficeDepot::Office Supplies > Presentation Boards > Whiteboards & Dry-Erase Boards,OfficeDepot,Whiteboards & Dry-Erase Boards,Office Supplies > Presentation Boards > Whiteboards & Dry-Erase Boards,3,353.0,True,True,
OfficeDepot::Office Supplies > Retail Store Supplies,OfficeDepot,Retail Store Supplies,Office Supplies > Retail Store Supplies,2,878.0,False,True,
OfficeDepot::Office Supplies > Retail Store Supplies > Brochure Holders,OfficeDepot,Brochure Holders,Office Supplies > Retail Store Supplies > Brochure Holders,3,35.0,True,True,
OfficeDepot::Office Supplies > Retail Store Supplies > Cash Boxes & Coin Handling,OfficeDepot,Cash Boxes & Coin Handling,Office Supplies > Retail Store Supplies > Cash Boxes & Coin Handling,3,188.0,False,True,
OfficeDepot::Office Supplies > Retail Store Supplies > Cash Boxes & Coin Handling > Banking & Money Handling Supplies,OfficeDepot,Banking & Money Handling Supplies,Office Supplies > Retail Store Supplies > Cash Boxes & Coin Handling > Banking & Money Handling Supplies,4,176.0,True,True,
OfficeDepot::Office Supplies > Retail Store Supplies > Cash Boxes & Coin Handling > Cash Boxes,OfficeDepot,Cash Boxes,Office Supplies > Retail Store Supplies > Cash Boxes & Coin Handling > Cash Boxes,4,27.0,True,True,
"OfficeDepot::Office Supplies > Retail Store Supplies > Cash Registers, Rolls & POS Devices",OfficeDepot,"Cash Registers, Rolls & POS Devices","Office Supplies > Retail Store Supplies > Cash Registers, Rolls & POS Devices",3,116.0,False,True,
"OfficeDepot::Office Supplies > Retail Store Supplies > Cash Registers, Rolls & POS Devices > Barcode Scanners",OfficeDepot,Barcode Scanners,"Office Supplies > Retail Store Supplies > Cash Registers, Rolls & POS Devices > Barcode Scanners",4,12.0,True,True,
"OfficeDepot::Office Supplies > Retail Store Supplies > Cash Registers, Rolls & POS Devices > Cash Register Ink & Ribbons",OfficeDepot,Cash Register Ink & Ribbons,"Office Supplies > Retail Store Supplies > Cash Registers, Rolls & POS Devices > Cash Register Ink & Ribbons",4,18.0,True,True,
"OfficeDepot::Office Supplies > Retail Store Supplies > Cash Registers, Rolls & POS Devices > Electronic Cash Registers",OfficeDepot,Electronic Cash Registers,"Office Supplies > Retail Store Supplies > Cash Registers, Rolls & POS Devices > Electronic Cash Registers",4,5.0,True,True,
"OfficeDepot::Office Supplies > Retail Store Supplies > Cash Registers, Rolls & POS Devices > Point of Sale Systems",OfficeDepot,Point of Sale Systems,"Office Supplies > Retail Store Supplies > Cash Registers, Rolls & POS Devices > Point of Sale Systems",4,14.0,True,True,
OfficeDepot::Office Supplies > Retail Store Supplies > Catalog Racks,OfficeDepot,Catalog Racks,Office Supplies > Retail Store Supplies > Catalog Racks,3,10.0,True,True,
OfficeDepot::Office Supplies > Retail Store Supplies > Counterfeit Detectors,OfficeDepot,Counterfeit Detectors,Office Supplies > Retail Store Supplies > Counterfeit Detectors,3,17.0,True,True,
OfficeDepot::Office Supplies > Retail Store Supplies > Magazine Racks,OfficeDepot,Magazine Racks,Office Supplies > Retail Store Supplies > Magazine Racks,3,20.0,True,True,
OfficeDepot::Office Supplies > Retail Store Supplies > Pricemarkers & Supplies,OfficeDepot,Pricemarkers & Supplies,Office Supplies > Retail Store Supplies > Pricemarkers & Supplies,3,19.0,True,True,
"OfficeDepot::Office Supplies > Retail Store Supplies > Retail Bags, Gift Boxes & Accessories",OfficeDepot,"Retail Bags, Gift Boxes & Accessories","Office Supplies > Retail Store Supplies > Retail Bags, Gift Boxes & Accessories",3,56.0,False,True,
"OfficeDepot::Office Supplies > Retail Store Supplies > Retail Bags, Gift Boxes & Accessories > Retail Accessories",OfficeDepot,Retail Accessories,"Office Supplies > Retail Store Supplies > Retail Bags, Gift Boxes & Accessories > Retail Accessories",4,7.0,True,True,
"OfficeDepot::Office Supplies > Retail Store Supplies > Retail Bags, Gift Boxes & Accessories > Retail Bags",OfficeDepot,Retail Bags,"Office Supplies > Retail Store Supplies > Retail Bags, Gift Boxes & Accessories > Retail Bags",4,44.0,True,True,
"OfficeDepot::Office Supplies > Retail Store Supplies > Retail Bags, Gift Boxes & Accessories > Retail Gift Boxes & Wrap",OfficeDepot,Retail Gift Boxes & Wrap,"Office Supplies > Retail Store Supplies > Retail Bags, Gift Boxes & Accessories > Retail Gift Boxes & Wrap",4,5.0,True,True,
OfficeDepot::Office Supplies > Retail Store Supplies > Retail Sign Holders,OfficeDepot,Retail Sign Holders,Office Supplies > Retail Store Supplies > Retail Sign Holders,3,85.0,True,True,
OfficeDepot::Office Supplies > Retail Store Supplies > Retail Signs,OfficeDepot,Retail Signs,Office Supplies > Retail Store Supplies > Retail Signs,3,51.0,True,True,
OfficeDepot::Office Supplies > Retail Store Supplies > Security,OfficeDepot,Security,Office Supplies > Retail Store Supplies > Security,3,53.0,False,True,
OfficeDepot::Office Supplies > Retail Store Supplies > Security > Call Bells & Counters,OfficeDepot,Call Bells & Counters,Office Supplies > Retail Store Supplies > Security > Call Bells & Counters,4,5.0,True,True,
OfficeDepot::Office Supplies > Retail Store Supplies > Security > Depository & Drop Slot Safes,OfficeDepot,Depository & Drop Slot Safes,Office Supplies > Retail Store Supplies > Security > Depository & Drop Slot Safes,4,17.0,True,True,
OfficeDepot::Office Supplies > Retail Store Supplies > Security > Stanchions,OfficeDepot,Stanchions,Office Supplies > Retail Store Supplies > Security > Stanchions,4,8.0,True,True,
OfficeDepot::Office Supplies > Retail Store Supplies > Suggestion Boxes,OfficeDepot,Suggestion Boxes,Office Supplies > Retail Store Supplies > Suggestion Boxes,3,8.0,True,True,
OfficeDepot::Office Supplies > Retail Store Supplies > Tags & Tickets,OfficeDepot,Tags & Tickets,Office Supplies > Retail Store Supplies > Tags & Tickets,3,50.0,False,True,
OfficeDepot::Office Supplies > Retail Store Supplies > Tags & Tickets > Event Wristbands,OfficeDepot,Event Wristbands,Office Supplies > Retail Store Supplies > Tags & Tickets > Event Wristbands,4,13.0,True,True,
OfficeDepot::Office Supplies > Retail Store Supplies > Tags & Tickets > Tags,OfficeDepot,Tags,Office Supplies > Retail Store Supplies > Tags & Tickets > Tags,4,31.0,True,True,
OfficeDepot::Office Supplies > Retail Store Supplies > Tags & Tickets > Tickets,OfficeDepot,Tickets,Office Supplies > Retail Store Supplies > Tags & Tickets > Tickets,4,6.0,True,True,
OfficeDepot::Office Supplies > Sticky Notes & Flags,OfficeDepot,Sticky Notes & Flags,Office Supplies > Sticky Notes & Flags,2,340.0,False,True,
OfficeDepot::Office Supplies > Sticky Notes & Flags > Note Dispensers,OfficeDepot,Note Dispensers,Office Supplies > Sticky Notes & Flags > Note Dispensers,3,13.0,True,True,
OfficeDepot::Office Supplies > Sticky Notes & Flags > Sticky Flags,OfficeDepot,Sticky Flags,Office Supplies > Sticky Notes & Flags > Sticky Flags,3,73.0,True,True,
OfficeDepot::Office Supplies > Sticky Notes & Flags > Sticky Notes,OfficeDepot,Sticky Notes,Office Supplies > Sticky Notes & Flags > Sticky Notes,3,249.0,True,True,
OfficeDepot::Office Supplies > Sticky Notes & Flags > Sticky Tabs,OfficeDepot,Sticky Tabs,Office Supplies > Sticky Notes & Flags > Sticky Tabs,3,5.0,True,True,
OfficeDepot::Office Supplies > Storage,OfficeDepot,Storage,Office Supplies > Storage,2,479.0,False,True,
OfficeDepot::Office Supplies > Storage > File Boxes,OfficeDepot,File Boxes,Office Supplies > Storage > File Boxes,3,107.0,True,True,
OfficeDepot::Office Supplies > Storage > Plastic Storage Containers,OfficeDepot,Plastic Storage Containers,Office Supplies > Storage > Plastic Storage Containers,3,228.0,True,True,
OfficeDepot::Office Supplies > Storage > Storage Bins & Baskets,OfficeDepot,Storage Bins & Baskets,Office Supplies > Storage > Storage Bins & Baskets,3,80.0,True,True,
OfficeDepot::Office Supplies > Storage > Storage Drawers & Carts,OfficeDepot,Storage Drawers & Carts,Office Supplies > Storage > Storage Drawers & Carts,3,93.0,True,True,
OfficeDepot::Office Supplies > Tape & Adhesives,OfficeDepot,Tape & Adhesives,Office Supplies > Tape & Adhesives,2,581.0,False,True,
OfficeDepot::Office Supplies > Tape & Adhesives > Duct Tape,OfficeDepot,Duct Tape,Office Supplies > Tape & Adhesives > Duct Tape,3,39.0,True,True,
OfficeDepot::Office Supplies > Tape & Adhesives > Glue,OfficeDepot,Glue,Office Supplies > Tape & Adhesives > Glue,3,94.0,True,True,
OfficeDepot::Office Supplies > Tape & Adhesives > Industrial Tape,OfficeDepot,Industrial Tape,Office Supplies > Tape & Adhesives > Industrial Tape,3,140.0,True,True,
OfficeDepot::Office Supplies > Tape & Adhesives > Masking Tape,OfficeDepot,Masking Tape,Office Supplies > Tape & Adhesives > Masking Tape,3,66.0,True,True,
OfficeDepot::Office Supplies > Tape & Adhesives > Mounting Supplies,OfficeDepot,Mounting Supplies,Office Supplies > Tape & Adhesives > Mounting Supplies,3,219.0,False,True,
OfficeDepot::Office Supplies > Tape & Adhesives > Mounting Supplies > Hooks & Hanging Strips,OfficeDepot,Hooks & Hanging Strips,Office Supplies > Tape & Adhesives > Mounting Supplies > Hooks & Hanging Strips,4,185.0,True,True,
OfficeDepot::Office Supplies > Tape & Adhesives > Mounting Supplies > Permanent Mounting,OfficeDepot,Permanent Mounting,Office Supplies > Tape & Adhesives > Mounting Supplies > Permanent Mounting,4,27.0,True,True,
OfficeDepot::Office Supplies > Tape & Adhesives > Mounting Supplies > Putty,OfficeDepot,Putty,Office Supplies > Tape & Adhesives > Mounting Supplies > Putty,4,2.0,True,True,
OfficeDepot::Office Supplies > Tape & Adhesives > Mounting Supplies > Spray Adhesives,OfficeDepot,Spray Adhesives,Office Supplies > Tape & Adhesives > Mounting Supplies > Spray Adhesives,4,4.0,True,True,
OfficeDepot::Office Supplies > Tape & Adhesives > Mounting Supplies > Suction Cup Hooks,OfficeDepot,Suction Cup Hooks,Office Supplies > Tape & Adhesives > Mounting Supplies > Suction Cup Hooks,4,1.0,True,True,
OfficeDepot::Office Supplies > Tape & Adhesives > Office Tape,OfficeDepot,Office Tape,Office Supplies > Tape & Adhesives > Office Tape,3,106.0,False,True,
OfficeDepot::Office Supplies > Tape & Adhesives > Office Tape > Double Sided Office Tape,OfficeDepot,Double Sided Office Tape,Office Supplies > Tape & Adhesives > Office Tape > Double Sided Office Tape,4,23.0,True,True,
OfficeDepot::Office Supplies > Tape & Adhesives > Office Tape > Invisible Office Tape,OfficeDepot,Invisible Office Tape,Office Supplies > Tape & Adhesives > Office Tape > Invisible Office Tape,4,55.0,True,True,
OfficeDepot::Office Supplies > Tape & Adhesives > Office Tape > Removable Office Tape,OfficeDepot,Removable Office Tape,Office Supplies > Tape & Adhesives > Office Tape > Removable Office Tape,4,19.0,True,True,
OfficeDepot::Office Supplies > Tape & Adhesives > Office Tape > Transparent Office Tape,OfficeDepot,Transparent Office Tape,Office Supplies > Tape & Adhesives > Office Tape > Transparent Office Tape,4,44.0,True,True,
OfficeDepot::Office Supplies > Tape & Adhesives > Tape Dispensers,OfficeDepot,Tape Dispensers,Office Supplies > Tape & Adhesives > Tape Dispensers,3,21.0,False,True,
OfficeDepot::Office Supplies > Tape & Adhesives > Tape Dispensers > Office Tape Dispensers,OfficeDepot,Office Tape Dispensers,Office Supplies > Tape & Adhesives > Tape Dispensers > Office Tape Dispensers,4,21.0,True,True,
OfficeDepot::Office Supplies > Writing Supplies,OfficeDepot,Writing Supplies,Office Supplies > Writing Supplies,2,1971.0,False,True,
OfficeDepot::Office Supplies > Writing Supplies > Correction Fluid & Tape,OfficeDepot,Correction Fluid & Tape,Office Supplies > Writing Supplies > Correction Fluid & Tape,3,40.0,False,True,
OfficeDepot::Office Supplies > Writing Supplies > Correction Fluid & Tape > Correction Fluid,OfficeDepot,Correction Fluid,Office Supplies > Writing Supplies > Correction Fluid & Tape > Correction Fluid,4,8.0,True,True,
OfficeDepot::Office Supplies > Writing Supplies > Correction Fluid & Tape > Correction Pens,OfficeDepot,Correction Pens,Office Supplies > Writing Supplies > Correction Fluid & Tape > Correction Pens,4,5.0,True,True,
OfficeDepot::Office Supplies > Writing Supplies > Correction Fluid & Tape > Correction Tape,OfficeDepot,Correction Tape,Office Supplies > Writing Supplies > Correction Fluid & Tape > Correction Tape,4,27.0,True,True,
OfficeDepot::Office Supplies > Writing Supplies > Erasers,OfficeDepot,Erasers,Office Supplies > Writing Supplies > Erasers,3,77.0,True,True,
OfficeDepot::Office Supplies > Writing Supplies > Fine Writing Pens Gallery,OfficeDepot,Fine Writing Pens Gallery,Office Supplies > Writing Supplies > Fine Writing Pens Gallery,3,88.0,False,True,
OfficeDepot::Office Supplies > Writing Supplies > Fine Writing Pens Gallery > Fine Writing Pen Refills,OfficeDepot,Fine Writing Pen Refills,Office Supplies > Writing Supplies > Fine Writing Pens Gallery > Fine Writing Pen Refills,4,60.0,True,True,
OfficeDepot::Office Supplies > Writing Supplies > Fine Writing Pens Gallery > Parker Fine Writing Pens,OfficeDepot,Parker Fine Writing Pens,Office Supplies > Writing Supplies > Fine Writing Pens Gallery > Parker Fine Writing Pens,4,12.0,True,True,
OfficeDepot::Office Supplies > Writing Supplies > Fine Writing Pens Gallery > Scriveiner Fine Writing Pens,OfficeDepot,Scriveiner Fine Writing Pens,Office Supplies > Writing Supplies > Fine Writing Pens Gallery > Scriveiner Fine Writing Pens,4,16.0,True,True,
OfficeDepot::Office Supplies > Writing Supplies > Markers,OfficeDepot,Markers,Office Supplies > Writing Supplies > Markers,3,390.0,False,True,
OfficeDepot::Office Supplies > Writing Supplies > Markers > Dry-Erase Markers,OfficeDepot,Dry-Erase Markers,Office Supplies > Writing Supplies > Markers > Dry-Erase Markers,4,83.0,True,True,
OfficeDepot::Office Supplies > Writing Supplies > Markers > Highlighters,OfficeDepot,Highlighters,Office Supplies > Writing Supplies > Markers > Highlighters,4,100.0,True,True,
OfficeDepot::Office Supplies > Writing Supplies > Markers > Overhead & Flip-Chart Markers,OfficeDepot,Overhead & Flip-Chart Markers,Office Supplies > Writing Supplies > Markers > Overhead & Flip-Chart Markers,4,4.0,True,True,
OfficeDepot::Office Supplies > Writing Supplies > Markers > Permanent Markers & Marker Pens,OfficeDepot,Permanent Markers & Marker Pens,Office Supplies > Writing Supplies > Markers > Permanent Markers & Marker Pens,4,198.0,True,True,
OfficeDepot::Office Supplies > Writing Supplies > Markers > Wet-Erase Markers,OfficeDepot,Wet-Erase Markers,Office Supplies > Writing Supplies > Markers > Wet-Erase Markers,4,12.0,True,True,
OfficeDepot::Office Supplies > Writing Supplies > Pencil Sharpeners,OfficeDepot,Pencil Sharpeners,Office Supplies > Writing Supplies > Pencil Sharpeners,3,31.0,True,True,
OfficeDepot::Office Supplies > Writing Supplies > Pencils,OfficeDepot,Pencils,Office Supplies > Writing Supplies > Pencils,3,344.0,False,True,
OfficeDepot::Office Supplies > Writing Supplies > Pencils > Mechanical Pencil Lead,OfficeDepot,Mechanical Pencil Lead,Office Supplies > Writing Supplies > Pencils > Mechanical Pencil Lead,4,31.0,True,True,
OfficeDepot::Office Supplies > Writing Supplies > Pencils > Mechanical Pencils,OfficeDepot,Mechanical Pencils,Office Supplies > Writing Supplies > Pencils > Mechanical Pencils,4,126.0,True,True,
OfficeDepot::Office Supplies > Writing Supplies > Pencils > Pencil Cases,OfficeDepot,Pencil Cases,Office Supplies > Writing Supplies > Pencils > Pencil Cases,4,124.0,True,True,
OfficeDepot::Office Supplies > Writing Supplies > Pencils > Pencil Grips,OfficeDepot,Pencil Grips,Office Supplies > Writing Supplies > Pencils > Pencil Grips,4,5.0,True,True,
OfficeDepot::Office Supplies > Writing Supplies > Pencils > Wood Pencils,OfficeDepot,Wood Pencils,Office Supplies > Writing Supplies > Pencils > Wood Pencils,4,58.0,True,True,
OfficeDepot::Office Supplies > Writing Supplies > Pens,OfficeDepot,Pens,Office Supplies > Writing Supplies > Pens,3,1082.0,False,True,
OfficeDepot::Office Supplies > Writing Supplies > Pens > Ballpoint Pens,OfficeDepot,Ballpoint Pens,Office Supplies > Writing Supplies > Pens > Ballpoint Pens,4,329.0,True,True,
OfficeDepot::Office Supplies > Writing Supplies > Pens > Calligraphy Pens,OfficeDepot,Calligraphy Pens,Office Supplies > Writing Supplies > Pens > Calligraphy Pens,4,2.0,True,True,
OfficeDepot::Office Supplies > Writing Supplies > Pens > Check Fraud Prevention & Counterfeit Detector Pens,OfficeDepot,Check Fraud Prevention & Counterfeit Detector Pens,Office Supplies > Writing Supplies > Pens > Check Fraud Prevention & Counterfeit Detector Pens,4,7.0,True,True,
OfficeDepot::Office Supplies > Writing Supplies > Pens > Counter Pens,OfficeDepot,Counter Pens,Office Supplies > Writing Supplies > Pens > Counter Pens,4,4.0,True,True,
OfficeDepot::Office Supplies > Writing Supplies > Pens > Felt Tip Pens,OfficeDepot,Felt Tip Pens,Office Supplies > Writing Supplies > Pens > Felt Tip Pens,4,44.0,True,True,
OfficeDepot::Office Supplies > Writing Supplies > Pens > Multifunction Pens,OfficeDepot,Multifunction Pens,Office Supplies > Writing Supplies > Pens > Multifunction Pens,4,10.0,True,True,
OfficeDepot::Office Supplies > Writing Supplies > Pens > Pen Refills,OfficeDepot,Pen Refills,Office Supplies > Writing Supplies > Pens > Pen Refills,4,78.0,True,True,
OfficeDepot::Office Supplies > Writing Supplies > Pens > Rollerball Pens,OfficeDepot,Rollerball Pens,Office Supplies > Writing Supplies > Pens > Rollerball Pens,4,127.0,True,True,
OfficeDepot::Paper,OfficeDepot,Paper,Paper,1,2630.0,False,True,
OfficeDepot::Paper > Cash Register & Thermal Rolls,OfficeDepot,Cash Register & Thermal Rolls,Paper > Cash Register & Thermal Rolls,2,65.0,False,True,
OfficeDepot::Paper > Cash Register & Thermal Rolls > Calculator Paper Rolls,OfficeDepot,Calculator Paper Rolls,Paper > Cash Register & Thermal Rolls > Calculator Paper Rolls,3,19.0,True,True,
OfficeDepot::Paper > Cash Register & Thermal Rolls > Cash Register & Thermal Paper Rolls,OfficeDepot,Cash Register & Thermal Paper Rolls,Paper > Cash Register & Thermal Rolls > Cash Register & Thermal Paper Rolls,3,63.0,True,True,
OfficeDepot::Paper > Cash Register & Thermal Rolls > Fax Paper,OfficeDepot,Fax Paper,Paper > Cash Register & Thermal Rolls > Fax Paper,3,2.0,True,True,
OfficeDepot::Paper > Certificates & Covers,OfficeDepot,Certificates & Covers,Paper > Certificates & Covers,2,76.0,False,True,
OfficeDepot::Paper > Certificates & Covers > Award & Certificate Seals,OfficeDepot,Award & Certificate Seals,Paper > Certificates & Covers > Award & Certificate Seals,3,14.0,True,True,
OfficeDepot::Paper > Certificates & Covers > Certificate & Document Covers,OfficeDepot,Certificate & Document Covers,Paper > Certificates & Covers > Certificate & Document Covers,3,41.0,True,True,
OfficeDepot::Paper > Certificates & Covers > Certificates,OfficeDepot,Certificates,Paper > Certificates & Covers > Certificates,3,21.0,True,True,
OfficeDepot::Paper > Copy & Printer Paper,OfficeDepot,Copy & Printer Paper,Paper > Copy & Printer Paper,2,434.0,False,True,
OfficeDepot::Paper > Copy & Printer Paper > Cardstock,OfficeDepot,Cardstock,Paper > Copy & Printer Paper > Cardstock,3,109.0,True,True,
OfficeDepot::Paper > Copy & Printer Paper > Colored Paper,OfficeDepot,Colored Paper,Paper > Copy & Printer Paper > Colored Paper,3,105.0,True,True,
OfficeDepot::Paper > Copy & Printer Paper > Continuous Feed Computer Paper,OfficeDepot,Continuous Feed Computer Paper,Paper > Copy & Printer Paper > Continuous Feed Computer Paper,3,13.0,True,True,
OfficeDepot::Paper > Copy & Printer Paper > Copy & Multipurpose Paper,OfficeDepot,Copy & Multipurpose Paper,Paper > Copy & Printer Paper > Copy & Multipurpose Paper,3,221.0,True,True,
OfficeDepot::Paper > Copy & Printer Paper > Inkjet Printer Paper,OfficeDepot,Inkjet Printer Paper,Paper > Copy & Printer Paper > Inkjet Printer Paper,3,23.0,True,True,
OfficeDepot::Paper > Copy & Printer Paper > Laser Printer Paper,OfficeDepot,Laser Printer Paper,Paper > Copy & Printer Paper > Laser Printer Paper,3,27.0,True,True,
OfficeDepot::Paper > Copy & Printer Paper > Perforated & Hole Punched Paper,OfficeDepot,Perforated & Hole Punched Paper,Paper > Copy & Printer Paper > Perforated & Hole Punched Paper,3,23.0,True,True,
OfficeDepot::Paper > Filler & Graph Paper,OfficeDepot,Filler & Graph Paper,Paper > Filler & Graph Paper,2,45.0,False,True,
OfficeDepot::Paper > Filler & Graph Paper > Data Pads,OfficeDepot,Data Pads,Paper > Filler & Graph Paper > Data Pads,3,9.0,True,True,
OfficeDepot::Paper > Filler & Graph Paper > Filler Paper,OfficeDepot,Filler Paper,Paper > Filler & Graph Paper > Filler Paper,3,36.0,True,True,
OfficeDepot::Paper > Filler & Graph Paper > Graph Paper,OfficeDepot,Graph Paper,Paper > Filler & Graph Paper > Graph Paper,3,14.0,True,True,
OfficeDepot::Paper > Index Cards,OfficeDepot,Index Cards,Paper > Index Cards,2,59.0,True,True,
OfficeDepot::Paper > Invitations & Cards,OfficeDepot,Invitations & Cards,Paper > Invitations & Cards,2,551.0,False,True,
OfficeDepot::Paper > Invitations & Cards > DIY Business Cards,OfficeDepot,DIY Business Cards,Paper > Invitations & Cards > DIY Business Cards,3,32.0,True,True,
OfficeDepot::Paper > Invitations & Cards > Design Paper,OfficeDepot,Design Paper,Paper > Invitations & Cards > Design Paper,3,40.0,True,True,
OfficeDepot::Paper > Invitations & Cards > Greeting & Note Cards,OfficeDepot,Greeting & Note Cards,Paper > Invitations & Cards > Greeting & Note Cards,3,451.0,True,True,
OfficeDepot::Paper > Invitations & Cards > Invitations,OfficeDepot,Invitations,Paper > Invitations & Cards > Invitations,3,6.0,True,True,
OfficeDepot::Paper > Invitations & Cards > Place Cards & Tent Cards,OfficeDepot,Place Cards & Tent Cards,Paper > Invitations & Cards > Place Cards & Tent Cards,3,16.0,True,True,
OfficeDepot::Paper > Invitations & Cards > Post Cards,OfficeDepot,Post Cards,Paper > Invitations & Cards > Post Cards,3,7.0,True,True,
OfficeDepot::Paper > Notebooks & Pads,OfficeDepot,Notebooks & Pads,Paper > Notebooks & Pads,2,889.0,False,True,
OfficeDepot::Paper > Notebooks & Pads > Composition Books,OfficeDepot,Composition Books,Paper > Notebooks & Pads > Composition Books,3,255.0,True,True,
OfficeDepot::Paper > Notebooks & Pads > Discbound Note Taking Systems,OfficeDepot,Discbound Note Taking Systems,Paper > Notebooks & Pads > Discbound Note Taking Systems,3,110.0,True,True,
OfficeDepot::Paper > Notebooks & Pads > Guest Register Books,OfficeDepot,Guest Register Books,Paper > Notebooks & Pads > Guest Register Books,3,2.0,True,True,
OfficeDepot::Paper > Notebooks & Pads > Journals & Diaries,OfficeDepot,Journals & Diaries,Paper > Notebooks & Pads > Journals & Diaries,3,117.0,True,True,
OfficeDepot::Paper > Notebooks & Pads > Memo & Scratch Pads,OfficeDepot,Memo & Scratch Pads,Paper > Notebooks & Pads > Memo & Scratch Pads,3,38.0,True,True,
OfficeDepot::Paper > Notebooks & Pads > Newsprint,OfficeDepot,Newsprint,Paper > Notebooks & Pads > Newsprint,3,6.0,True,True,
OfficeDepot::Paper > Notebooks & Pads > Spiral & Wireless Notebooks,OfficeDepot,Spiral & Wireless Notebooks,Paper > Notebooks & Pads > Spiral & Wireless Notebooks,3,226.0,True,True,
OfficeDepot::Paper > Notebooks & Pads > Steno Books,OfficeDepot,Steno Books,Paper > Notebooks & Pads > Steno Books,3,18.0,True,True,
OfficeDepot::Paper > Notebooks & Pads > Telephone & Address Books,OfficeDepot,Telephone & Address Books,Paper > Notebooks & Pads > Telephone & Address Books,3,8.0,True,True,
OfficeDepot::Paper > Notebooks & Pads > Telephone Message Pads & Voicemail Log Books,OfficeDepot,Telephone Message Pads & Voicemail Log Books,Paper > Notebooks & Pads > Telephone Message Pads & Voicemail Log Books,3,21.0,True,True,
OfficeDepot::Paper > Notebooks & Pads > Writing Pads,OfficeDepot,Writing Pads,Paper > Notebooks & Pads > Writing Pads,3,116.0,True,True,
OfficeDepot::Paper > Photo & Presentation Paper,OfficeDepot,Photo & Presentation Paper,Paper > Photo & Presentation Paper,2,201.0,False,True,
OfficeDepot::Paper > Photo & Presentation Paper > Brochure & Presentation Paper,OfficeDepot,Brochure & Presentation Paper,Paper > Photo & Presentation Paper > Brochure & Presentation Paper,3,21.0,True,True,
OfficeDepot::Paper > Photo & Presentation Paper > Commercial Printing Paper,OfficeDepot,Commercial Printing Paper,Paper > Photo & Presentation Paper > Commercial Printing Paper,3,43.0,True,True,
OfficeDepot::Paper > Photo & Presentation Paper > Photo Printer Paper,OfficeDepot,Photo Printer Paper,Paper > Photo & Presentation Paper > Photo Printer Paper,3,40.0,True,True,
OfficeDepot::Paper > Photo & Presentation Paper > Stationery & Resume Paper,OfficeDepot,Stationery & Resume Paper,Paper > Photo & Presentation Paper > Stationery & Resume Paper,3,32.0,True,True,
OfficeDepot::Paper > Photo & Presentation Paper > Wide Format Paper,OfficeDepot,Wide Format Paper,Paper > Photo & Presentation Paper > Wide Format Paper,3,69.0,True,True,
OfficeDepot::Pet Supplies,OfficeDepot,Pet Supplies,Pet Supplies,1,230.0,False,True,
OfficeDepot::Pet Supplies > Accessories,OfficeDepot,Accessories,Pet Supplies > Accessories,2,8.0,False,True,
"OfficeDepot::Pet Supplies > Accessories > Collars, Leashes & Harnesses",OfficeDepot,"Collars, Leashes & Harnesses","Pet Supplies > Accessories > Collars, Leashes & Harnesses",3,2.0,True,True,
OfficeDepot::Pet Supplies > Accessories > Totes & Storage,OfficeDepot,Totes & Storage,Pet Supplies > Accessories > Totes & Storage,3,6.0,True,True,
OfficeDepot::Pet Supplies > Cleaning & Waste Disposal,OfficeDepot,Cleaning & Waste Disposal,Pet Supplies > Cleaning & Waste Disposal,2,132.0,False,True,
OfficeDepot::Pet Supplies > Cleaning & Waste Disposal > Cleaning Products,OfficeDepot,Cleaning Products,Pet Supplies > Cleaning & Waste Disposal > Cleaning Products,3,55.0,True,True,
OfficeDepot::Pet Supplies > Cleaning & Waste Disposal > Floor & Upholstery Care,OfficeDepot,Floor & Upholstery Care,Pet Supplies > Cleaning & Waste Disposal > Floor & Upholstery Care,3,73.0,True,True,
OfficeDepot::Pet Supplies > Cleaning & Waste Disposal > Litter Care,OfficeDepot,Litter Care,Pet Supplies > Cleaning & Waste Disposal > Litter Care,3,3.0,True,True,
OfficeDepot::Pet Supplies > Cleaning & Waste Disposal > Waste Stations & Waste Clean Up,OfficeDepot,Waste Stations & Waste Clean Up,Pet Supplies > Cleaning & Waste Disposal > Waste Stations & Waste Clean Up,3,1.0,True,True,
OfficeDepot::Pet Supplies > Feeding & Hydration,OfficeDepot,Feeding & Hydration,Pet Supplies > Feeding & Hydration,2,8.0,False,True,
"OfficeDepot::Pet Supplies > Feeding & Hydration > Bowls, Feeders & Stands",OfficeDepot,"Bowls, Feeders & Stands","Pet Supplies > Feeding & Hydration > Bowls, Feeders & Stands",3,2.0,True,True,
OfficeDepot::Pet Supplies > Feeding & Hydration > Storage & Scoops,OfficeDepot,Storage & Scoops,Pet Supplies > Feeding & Hydration > Storage & Scoops,3,6.0,True,True,
OfficeDepot::Pet Supplies > Furniture & Containment,OfficeDepot,Furniture & Containment,Pet Supplies > Furniture & Containment,2,2.0,False,True,
OfficeDepot::Pet Supplies > Furniture & Containment > Containment & Exercise,OfficeDepot,Containment & Exercise,Pet Supplies > Furniture & Containment > Containment & Exercise,3,2.0,True,True,
"OfficeDepot::Pet Supplies > Health, Wellness & Care",OfficeDepot,"Health, Wellness & Care","Pet Supplies > Health, Wellness & Care",2,19.0,False,True,
"OfficeDepot::Pet Supplies > Health, Wellness & Care > Safety & Care",OfficeDepot,Safety & Care,"Pet Supplies > Health, Wellness & Care > Safety & Care",3,19.0,True,True,
OfficeDepot::Pet Supplies > Treats & Food,OfficeDepot,Treats & Food,Pet Supplies > Treats & Food,2,61.0,False,True,
OfficeDepot::Pet Supplies > Treats & Food > Treats,OfficeDepot,Treats,Pet Supplies > Treats & Food > Treats,3,61.0,True,True,
OfficeDepot::School Supplies,OfficeDepot,School Supplies,School Supplies,1,1599.0,False,True,
OfficeDepot::School Supplies > Backpacks & Lunch Bags,OfficeDepot,Backpacks & Lunch Bags,School Supplies > Backpacks & Lunch Bags,2,113.0,False,True,
OfficeDepot::School Supplies > Backpacks & Lunch Bags > Water Bottles & Cups,OfficeDepot,Water Bottles & Cups,School Supplies > Backpacks & Lunch Bags > Water Bottles & Cups,3,12.0,True,True,
OfficeDepot::School Supplies > Basic School Supplies,OfficeDepot,Basic School Supplies,School Supplies > Basic School Supplies,2,353.0,False,True,
OfficeDepot::School Supplies > Basic School Supplies > Classroom Essentials,OfficeDepot,Classroom Essentials,School Supplies > Basic School Supplies > Classroom Essentials,3,61.0,True,True,
"OfficeDepot::School Supplies > Basic School Supplies > Rulers, Compasses & Protractors",OfficeDepot,"Rulers, Compasses & Protractors","School Supplies > Basic School Supplies > Rulers, Compasses & Protractors",3,25.0,True,True,
OfficeDepot::School Supplies > Basic School Supplies > Textbook Covers,OfficeDepot,Textbook Covers,School Supplies > Basic School Supplies > Textbook Covers,3,3.0,True,True,
OfficeDepot::School Supplies > Folders & Binders,OfficeDepot,Folders & Binders,School Supplies > Folders & Binders,2,133.0,False,True,
OfficeDepot::School Supplies > Folders & Binders > Pocket Folders,OfficeDepot,Pocket Folders,School Supplies > Folders & Binders > Pocket Folders,3,43.0,True,True,
OfficeDepot::School Supplies > Instructional Resources,OfficeDepot,Instructional Resources,School Supplies > Instructional Resources,2,535.0,True,True,
OfficeDepot::School Supplies > Notebooks & Paper,OfficeDepot,Notebooks & Paper,School Supplies > Notebooks & Paper,2,215.0,False,True,
OfficeDepot::School Supplies > Notebooks & Paper > Handwriting Paper,OfficeDepot,Handwriting Paper,School Supplies > Notebooks & Paper > Handwriting Paper,3,2.0,True,True,
OfficeDepot::School Supplies > Notebooks & Paper > Legal Pads,OfficeDepot,Legal Pads,School Supplies > Notebooks & Paper > Legal Pads,3,24.0,True,True,
OfficeDepot::School Supplies > Notebooks & Paper > School Planners & Calendars,OfficeDepot,School Planners & Calendars,School Supplies > Notebooks & Paper > School Planners & Calendars,3,5.0,True,True,
OfficeDepot::School Supplies > School Electronics,OfficeDepot,School Electronics,School Supplies > School Electronics,2,0.0,True,True,
OfficeDepot::School Supplies > School Furniture,OfficeDepot,School Furniture,School Supplies > School Furniture,2,220.0,True,True,
OfficeDepot::School Supplies > Storage,OfficeDepot,Storage,School Supplies > Storage,2,21.0,False,True,
OfficeDepot::School Supplies > Storage > Food Containers,OfficeDepot,Food Containers,School Supplies > Storage > Food Containers,3,2.0,True,True,
OfficeDepot::School Supplies > Storage > Locker Accessories,OfficeDepot,Locker Accessories,School Supplies > Storage > Locker Accessories,3,19.0,True,True,
OfficeDepot::School Supplies > Teacher Supplies,OfficeDepot,Teacher Supplies,School Supplies > Teacher Supplies,2,9.0,False,True,
OfficeDepot::School Supplies > Teacher Supplies > Classroom Rugs,OfficeDepot,Classroom Rugs,School Supplies > Teacher Supplies > Classroom Rugs,3,9.0,True,True,
OfficeDepot::Towels & Bath Mats,OfficeDepot,Towels & Bath Mats,Towels & Bath Mats,1,4.0,False,True,
OfficeDepot::Towels & Bath Mats > Bath Towels,OfficeDepot,Bath Towels,Towels & Bath Mats > Bath Towels,2,1.0,True,True,
OfficeDepot::Towels & Bath Mats > Gym Towel,OfficeDepot,Gym Towel,Towels & Bath Mats > Gym Towel,2,2.0,True,True,
OfficeDepot::Towels & Bath Mats > Pool Towels,OfficeDepot,Pool Towels,Towels & Bath Mats > Pool Towels,2,1.0,True,True,
