node_id,attribute,value,kind,jsd,share_staples,share_competitor,n_staples,n_competitor,known_staples,known_competitor,credibility,descriptive_only,delta,tg_attr
Furniture > Chairs & Seating > Accent & Waiting Room Chairs,colour_family,beige/cream,single,0.2456522589236792,0.02631578947368421,0.23711340206185566,3,230,114,970,1.0,False,0.21079761258817145,0.9590163934426229
Furniture > Chairs & Seating > Accent & Waiting Room Chairs,colour_family,black,single,0.2456522589236792,0.49122807017543857,0.11958762886597939,56,116,114,970,0.0,False,-0.37164044130945917,0.0
Furniture > Chairs & Seating > Accent & Waiting Room Chairs,colour_family,blue,single,0.2456522589236792,0.14035087719298245,0.05979381443298969,16,58,114,970,0.00115,False,-0.08055706275999275,0.0001790983606557377
Furniture > Chairs & Seating > Accent & Waiting Room Chairs,colour_family,brown/wood,single,0.2456522589236792,0.07017543859649122,0.1670103092783505,8,162,114,970,0.99835,False,0.09683487068185928,0.8633272540983606
Furniture > Chairs & Seating > Accent & Waiting Room Chairs,colour_family,clear,single,0.2456522589236792,0.008771929824561403,0.0,1,0,114,970,0.0144,False,-0.008771929824561403,0.005311475409836066
Furniture > Chairs & Seating > Accent & Waiting Room Chairs,colour_family,green,single,0.2456522589236792,0.0,0.05670103092783505,0,55,114,970,0.9997,False,0.05670103092783505,0.8030377049180328
Furniture > Chairs & Seating > Accent & Waiting Room Chairs,colour_family,grey,single,0.2456522589236792,0.20175438596491227,0.12371134020618557,23,120,114,970,0.0126,False,-0.0780430457587267,0.0021172131147540983
Furniture > Chairs & Seating > Accent & Waiting Room Chairs,colour_family,metallic,single,0.2456522589236792,0.0,0.04639175257731959,0,45,114,970,0.99855,False,0.04639175257731959,0.7489125000000001
Furniture > Chairs & Seating > Accent & Waiting Room Chairs,colour_family,multi/pattern,single,0.2456522589236792,0.017543859649122806,0.024742268041237112,2,24,114,970,0.6567,False,0.007198408392114306,0.3471897540983606
Furniture > Chairs & Seating > Accent & Waiting Room Chairs,colour_family,navy,single,0.2456522589236792,0.0,0.030927835051546393,0,30,114,970,0.9908,False,0.030927835051546393,0.6740688524590164
Furniture > Chairs & Seating > Accent & Waiting Room Chairs,colour_family,purple,single,0.2456522589236792,0.0,0.0010309278350515464,0,1,114,970,0.40035,False,0.0010309278350515464,0.18704877049180327
Furniture > Chairs & Seating > Accent & Waiting Room Chairs,colour_family,red/pink,single,0.2456522589236792,0.017543859649122806,0.02268041237113402,2,22,114,970,0.6033,False,0.005136552722011214,0.3065950819672131
Furniture > Chairs & Seating > Accent & Waiting Room Chairs,colour_family,white,single,0.2456522589236792,0.02631578947368421,0.06494845360824743,3,63,114,970,0.96215,False,0.03863266413456322,0.6940098360655738
Furniture > Chairs & Seating > Accent & Waiting Room Chairs,colour_family,yellow/orange,single,0.2456522589236792,0.0,0.04536082474226804,0,44,114,970,0.99835,False,0.04536082474226804,0.7364877049180328
Furniture > Chairs & Seating > Accent & Waiting Room Chairs,colour_tone,bold,single,0.16240308139840204,0.15789473684210525,0.18556701030927836,18,180,114,970,0.763,False,0.027672273467173103,0.5128360655737705
Furniture > Chairs & Seating > Accent & Waiting Room Chairs,colour_tone,dark-neutral,single,0.16240308139840204,0.49122807017543857,0.15051546391752577,56,146,114,970,0.0,False,-0.3407126062579128,0.0
Furniture > Chairs & Seating > Accent & Waiting Room Chairs,colour_tone,light-neutral,single,0.16240308139840204,0.06140350877192982,0.3020618556701031,7,293,114,970,1.0,False,0.24065834689817325,0.9672131147540983
Furniture > Chairs & Seating > Accent & Waiting Room Chairs,colour_tone,metallic,single,0.16240308139840204,0.0,0.04639175257731959,0,45,114,970,0.99865,False,0.04639175257731959,0.7489875
Furniture > Chairs & Seating > Accent & Waiting Room Chairs,colour_tone,mid-neutral,single,0.16240308139840204,0.20175438596491227,0.12371134020618557,23,120,114,970,0.01185,False,-0.0780430457587267,0.001991188524590164
Furniture > Chairs & Seating > Accent & Waiting Room Chairs,colour_tone,pattern,single,0.16240308139840204,0.017543859649122806,0.024742268041237112,2,24,114,970,0.65825,False,0.007198408392114306,0.3480092213114754
Furniture > Chairs & Seating > Accent & Waiting Room Chairs,colour_tone,warm-neutral,single,0.16240308139840204,0.07017543859649122,0.1670103092783505,8,162,114,970,0.99845,False,0.09683487068185928,0.8634137295081967
Furniture > Chairs & Seating > Accent & Waiting Room Chairs,material_class,bonded leather,single,0.2232287709997169,0.008771929824561403,0.0020304568527918783,1,2,114,985,0.10095,True,-0.006741472971769524,0.0388905737704918
Furniture > Chairs & Seating > Accent & Waiting Room Chairs,material_class,boucle,single,0.2232287709997169,0.0,0.06802030456852792,0,67,114,985,0.99975,True,0.06802030456852792,0.8194672131147541
Furniture > Chairs & Seating > Accent & Waiting Room Chairs,material_class,engineered wood,single,0.2232287709997169,0.0,0.015228426395939087,0,15,114,985,0.93105,True,0.015228426395939087,0.5571036885245901
Furniture > Chairs & Seating > Accent & Waiting Room Chairs,material_class,fabric,single,0.2232287709997169,0.24561403508771928,0.3187817258883249,28,314,114,985,0.948,True,0.07316769080060559,0.7848196721311476
Furniture > Chairs & Seating > Accent & Waiting Room Chairs,material_class,faux leather,single,0.2232287709997169,0.15789473684210525,0.132994923857868,18,131,114,985,0.23075,True,-0.02489981298423724,0.06052459016393443
Furniture > Chairs & Seating > Accent & Waiting Room Chairs,material_class,glass,single,0.2232287709997169,0.0,0.0010152284263959391,0,1,114,985,0.40055,True,0.0010152284263959391,0.18057581967213115
Furniture > Chairs & Seating > Accent & Waiting Room Chairs,material_class,leather,single,0.2232287709997169,0.09649122807017543,0.07918781725888324,11,78,114,985,0.25435,True,-0.01730341081129219,0.07713893442622952
Furniture > Chairs & Seating > Accent & Waiting Room Chairs,material_class,mesh,single,0.2232287709997169,0.06140350877192982,0.009137055837563452,7,9,114,985,5e-05,True,-0.05226645293436637,9.836065573770493e-06
Furniture > Chairs & Seating > Accent & Waiting Room Chairs,material_class,metal,single,0.2232287709997169,0.03508771929824561,0.08223350253807106,4,81,114,985,0.96985,True,0.04714578323982545,0.747261475409836
Furniture > Chairs & Seating > Accent & Waiting Room Chairs,material_class,plastic,single,0.2232287709997169,0.043859649122807015,0.018274111675126905,5,18,114,985,0.0468,True,-0.02558553744768011,0.011891803278688525
Furniture > Chairs & Seating > Accent & Waiting Room Chairs,material_class,velvet,single,0.2232287709997169,0.0,0.10253807106598985,0,101,114,985,1.0,True,0.10253807106598985,0.8934426229508197
Furniture > Chairs & Seating > Accent & Waiting Room Chairs,material_class,vinyl,single,0.2232287709997169,0.2894736842105263,0.015228426395939087,33,15,114,985,0.0,True,-0.27424525781458725,0.0
Furniture > Chairs & Seating > Accent & Waiting Room Chairs,material_class,wicker/rattan,single,0.2232287709997169,0.017543859649122806,0.014213197969543147,2,14,114,985,0.34775,True,-0.0033306616795796586,0.13967008196721312
Furniture > Chairs & Seating > Accent & Waiting Room Chairs,material_class,wood,single,0.2232287709997169,0.043859649122807015,0.14111675126903553,5,139,114,985,0.99945,True,0.09725710214622851,0.8765668032786884
Furniture > Chairs & Seating > Accent & Waiting Room Chairs,style_family,boho/coastal,single,0.14357666007143122,0.04597701149425287,0.03150525087514586,4,27,87,857,0.2177,False,-0.014471760619107016,0.07316147540983606
Furniture > Chairs & Seating > Accent & Waiting Room Chairs,style_family,contemporary,single,0.14357666007143122,0.3563218390804598,0.1295215869311552,31,111,87,857,0.0,False,-0.22680025214930458,0.0
Furniture > Chairs & Seating > Accent & Waiting Room Chairs,style_family,farmhouse/rustic,single,0.14357666007143122,0.0,0.056009334889148193,0,48,87,857,0.99815,False,0.056009334889148193,0.7936110655737705
Furniture > Chairs & Seating > Accent & Waiting Room Chairs,style_family,gaming,single,0.14357666007143122,0.034482758620689655,0.011668611435239206,3,10,87,857,0.05215,False,-0.022814147185450447,0.014533606557377048
Furniture > Chairs & Seating > Accent & Waiting Room Chairs,style_family,glam,single,0.14357666007143122,0.011494252873563218,0.045507584597432905,1,39,87,857,0.9532,False,0.03401333172386969,0.6797409836065574
Furniture > Chairs & Seating > Accent & Waiting Room Chairs,style_family,industrial,single,0.14357666007143122,0.034482758620689655,0.028004667444574097,3,24,87,857,0.32835,False,-0.006478091176115558,0.12918688524590163
Furniture > Chairs & Seating > Accent & Waiting Room Chairs,style_family,mid-century,single,0.14357666007143122,0.034482758620689655,0.15752625437572929,3,135,87,857,0.99985,False,0.12304349575503963,0.9015040983606557
Furniture > Chairs & Seating > Accent & Waiting Room Chairs,style_family,minimalist,single,0.14357666007143122,0.04597701149425287,0.026837806301050177,4,23,87,857,0.1525,False,-0.019139205193202696,0.045
Furniture > Chairs & Seating > Accent & Waiting Room Chairs,style_family,modern,single,0.14357666007143122,0.1724137931034483,0.27304550758459745,15,234,87,857,0.98065,False,0.10063171448114916,0.8681163934426229
Furniture > Chairs & Seating > Accent & Waiting Room Chairs,style_family,scandinavian,single,0.14357666007143122,0.05747126436781609,0.028004667444574097,5,24,87,857,0.07365,False,-0.029466596923241994,0.01690327868852459
Furniture > Chairs & Seating > Accent & Waiting Room Chairs,style_family,traditional,single,0.14357666007143122,0.10344827586206896,0.19603267211201866,9,168,87,857,0.98795,False,0.0925843962499497,0.8340889344262296
Furniture > Chairs & Seating > Accent & Waiting Room Chairs,style_family,transitional,single,0.14357666007143122,0.10344827586206896,0.01633605600933489,9,14,87,857,0.00015,False,-0.08711221985273407,2.2131147540983603e-05
Furniture > Chairs & Seating > Accent & Waiting Room Chairs,size_class,compact,single,0.03642708508202605,0.2882882882882883,0.11574074074074074,32,25,111,216,5e-05,False,-0.17254754754754753,5.327868852459016e-06
Furniture > Chairs & Seating > Accent & Waiting Room Chairs,size_class,oversize,single,0.03642708508202605,0.036036036036036036,0.023148148148148147,4,5,111,216,0.24665,False,-0.012887887887887889,0.08491229508196721
Furniture > Chairs & Seating > Accent & Waiting Room Chairs,size_class,standard,single,0.03642708508202605,0.6756756756756757,0.8611111111111112,75,186,111,216,0.9999,False,0.1854354354354355,0.9425286885245903
Furniture > Chairs & Seating > Accent & Waiting Room Chairs,form_factor,accent,single,0.312369372663507,0.12037037037037036,0.5798575788402849,13,570,108,983,1.0,False,0.45948720846991453,0.9918032786885246
Furniture > Chairs & Seating > Accent & Waiting Room Chairs,form_factor,bench,single,0.312369372663507,0.018518518518518517,0.009155645981688708,2,9,108,983,0.16995,False,-0.00936287253682981,0.06129344262295082
Furniture > Chairs & Seating > Accent & Waiting Room Chairs,form_factor,dining,single,0.312369372663507,0.018518518518518517,0.006103763987792472,2,6,108,983,0.0868,False,-0.012414754530726047,0.03059344262295082
Furniture > Chairs & Seating > Accent & Waiting Room Chairs,form_factor,executive,single,0.312369372663507,0.009259259259259259,0.011190233977619531,1,11,108,983,0.5146,False,0.0019309747183602725,0.24464590163934422
Furniture > Chairs & Seating > Accent & Waiting Room Chairs,form_factor,folding,single,0.312369372663507,0.0,0.002034587995930824,0,2,108,983,0.51255,False,0.002034587995930824,0.24787254098360653
Furniture > Chairs & Seating > Accent & Waiting Room Chairs,form_factor,gaming,single,0.312369372663507,0.0,0.006103763987792472,0,6,108,983,0.74975,False,0.006103763987792472,0.3871659836065574
Furniture > Chairs & Seating > Accent & Waiting Room Chairs,form_factor,guest,single,0.312369372663507,0.6481481481481481,0.10579857578840285,70,104,108,983,0.0,False,-0.5423495723597453,0.0
Furniture > Chairs & Seating > Accent & Waiting Room Chairs,form_factor,kids,single,0.312369372663507,0.0,0.001017293997965412,0,1,108,983,0.3879,False,0.001017293997965412,0.17805245901639347
Furniture > Chairs & Seating > Accent & Waiting Room Chairs,form_factor,lounge,single,0.312369372663507,0.1111111111111111,0.0844354018311292,12,83,108,983,0.1749,False,-0.026675709279981905,0.04157459016393442
Furniture > Chairs & Seating > Accent & Waiting Room Chairs,form_factor,ottoman,single,0.312369372663507,0.0,0.04170905391658189,0,41,108,983,0.9971,False,0.04170905391658189,0.7273926229508197
Furniture > Chairs & Seating > Accent & Waiting Room Chairs,form_factor,recliner,single,0.312369372663507,0.018518518518518517,0.019328585961342827,2,19,108,983,0.47925,False,0.0008100674428243096,0.20819877049180327
Furniture > Chairs & Seating > Accent & Waiting Room Chairs,form_factor,sofa,single,0.312369372663507,0.018518518518518517,0.06510681586978637,2,64,108,983,0.9854,False,0.04658829735126785,0.7511655737704918
Furniture > Chairs & Seating > Accent & Waiting Room Chairs,form_factor,stacking,single,0.312369372663507,0.027777777777777776,0.002034587995930824,3,2,108,983,0.0021,False,-0.02574318978184695,0.0005163934426229507
Furniture > Chairs & Seating > Accent & Waiting Room Chairs,form_factor,stool,single,0.312369372663507,0.0,0.003051881993896236,0,3,108,983,0.593,False,0.003051881993896236,0.2965
Furniture > Chairs & Seating > Accent & Waiting Room Chairs,form_factor,task,single,0.312369372663507,0.009259259259259259,0.06307222787385554,1,62,108,983,0.99645,False,0.05381296861459628,0.7840918032786884
Furniture > Chairs & Seating > Accent & Waiting Room Chairs,arm_type,adjustable,single,0.02939178412038703,0.0,0.007363770250368188,0,5,114,679,0.7973,False,0.007363770250368188,0.43132622950819677
Furniture > Chairs & Seating > Accent & Waiting Room Chairs,arm_type,armless,single,0.02939178412038703,0.20175438596491227,0.06774668630338733,23,46,114,679,0.0,False,-0.13400769966152493,0.0
Furniture > Chairs & Seating > Accent & Waiting Room Chairs,arm_type,fixed,single,0.02939178412038703,0.7982456140350878,0.9248895434462445,91,628,114,679,0.9999,False,0.12664392941115676,0.9097450819672132
Furniture > Chairs & Seating > Accent & Waiting Room Chairs,base_type,casters,single,0.01171651717197442,0.08823529411764706,0.09953703703703703,9,43,102,432,0.62925,False,0.01130174291938997,0.366202868852459
Furniture > Chairs & Seating > Accent & Waiting Room Chairs,base_type,legs,single,0.01171651717197442,0.7843137254901961,0.8171296296296297,80,353,102,432,0.77645,False,0.03281590413943358,0.5473336065573771
Furniture > Chairs & Seating > Accent & Waiting Room Chairs,base_type,pedestal,single,0.01171651717197442,0.0,0.018518518518518517,0,8,102,432,0.9429,False,0.018518518518518517,0.610566393442623
Furniture > Chairs & Seating > Accent & Waiting Room Chairs,base_type,sled,single,0.01171651717197442,0.12745098039215685,0.06481481481481481,13,28,102,432,0.02155,False,-0.06263616557734204,0.003886065573770492
Furniture > Chairs & Seating > Accent & Waiting Room Chairs,swivel,no,single,0.07974561771049749,0.9824561403508771,0.7734962406015038,112,823,114,1064,0.0,True,-0.20895989974937335,0.0
Furniture > Chairs & Seating > Accent & Waiting Room Chairs,swivel,yes,single,0.07974561771049749,0.017543859649122806,0.22650375939849623,2,241,114,1064,1.0,True,0.20895989974937343,0.9508196721311475
Furniture > Chairs & Seating > Accent & Waiting Room Chairs,height_adjustable,no,single,0.004742933198662612,1.0,0.9783834586466166,114,1041,114,1064,0.0294,True,-0.021616541353383423,0.008434426229508196
Furniture > Chairs & Seating > Accent & Waiting Room Chairs,height_adjustable,yes,single,0.004742933198662612,0.0,0.021616541353383457,0,23,114,1064,0.9679,True,0.021616541353383457,0.6346885245901639
Furniture > Chairs & Seating > Accent & Waiting Room Chairs,recline_tilt,no,single,0.0004791393395422207,0.9473684210526315,0.931390977443609,108,991,114,1064,0.2665,True,-0.015977443609022535,0.08737704918032786
Furniture > Chairs & Seating > Accent & Waiting Room Chairs,recline_tilt,yes,single,0.0004791393395422207,0.05263157894736842,0.06860902255639098,6,73,114,1064,0.72715,True,0.015977443609022562,0.4470184426229508
Furniture > Chairs & Seating > Accent & Waiting Room Chairs,stack_fold,folding,single,0.053613949546566994,0.125,0.37254901960784315,3,19,24,51,0.9897,False,0.24754901960784315,0.9653631147540983
Furniture > Chairs & Seating > Accent & Waiting Room Chairs,stack_fold,stacking,single,0.053613949546566994,0.875,0.6274509803921569,21,32,24,51,0.0116,False,-0.24754901960784315,0.000760655737704918
Furniture > Chairs & Seating > Accent & Waiting Room Chairs,lumbar,no,single,0.0034952095689016784,0.9210526315789473,0.9520676691729323,105,1013,114,1064,0.92245,True,0.03101503759398494,0.6351295081967213
Furniture > Chairs & Seating > Accent & Waiting Room Chairs,lumbar,yes,single,0.0034952095689016784,0.07894736842105263,0.047932330827067667,9,51,114,1064,0.08125,True,-0.03101503759398496,0.017981557377049182
Furniture > Chairs & Seating > Accent & Waiting Room Chairs,headrest,no,single,0.00039438755855214784,1.0,0.9924812030075187,114,1056,114,1064,0.1925,False,-0.007518796992481258,0.07258196721311475
Furniture > Chairs & Seating > Accent & Waiting Room Chairs,headrest,yes,single,0.00039438755855214784,0.0,0.007518796992481203,0,8,114,1064,0.80405,False,0.007518796992481203,0.44156844262295086
Furniture > Chairs & Seating > Accent & Waiting Room Chairs,back_height,high,single,0.2291717183793187,0.1,0.6666666666666666,1,24,10,36,0.99975,False,0.5666666666666667,0.99975
Furniture > Chairs & Seating > Accent & Waiting Room Chairs,back_height,low,single,0.2291717183793187,0.1,0.08333333333333333,1,3,10,36,0.3931,False,-0.016666666666666677,0.12244098360655738
Furniture > Chairs & Seating > Accent & Waiting Room Chairs,back_height,mid,single,0.2291717183793187,0.8,0.25,8,9,10,36,0.0006,False,-0.55,4.9180327868852455e-06
Furniture > Chairs & Seating > Accent & Waiting Room Chairs,aesthetic_tags,channel-tufted,multi,0.02806105754891631,0.017543859649122806,0.015977443609022556,2,17,114,1064,0.4118,False,-0.0015664160401002505,0.1687704918032787
Furniture > Chairs & Seating > Accent & Waiting Room Chairs,aesthetic_tags,cozy/plush,multi,0.02806105754891631,0.13157894736842105,0.3167293233082707,15,337,114,1064,1.0,False,0.18515037593984965,0.9344262295081968
Furniture > Chairs & Seating > Accent & Waiting Room Chairs,aesthetic_tags,curved/organic,multi,0.02806105754891631,0.11403508771929824,0.2894736842105263,13,308,114,1064,0.99995,False,0.1754385964912281,0.9261831967213116
Furniture > Chairs & Seating > Accent & Waiting Room Chairs,aesthetic_tags,luxe,multi,0.02806105754891631,0.21929824561403508,0.23402255639097744,25,249,114,1064,0.63425,False,0.014724310776942362,0.37431147540983606
Furniture > Chairs & Seating > Accent & Waiting Room Chairs,aesthetic_tags,metal-accent,multi,0.02806105754891631,0.017543859649122806,0.017857142857142856,2,19,114,1064,0.46755,False,0.0003132832080200501,0.19545122950819674
Furniture > Chairs & Seating > Accent & Waiting Room Chairs,aesthetic_tags,nailhead,multi,0.02806105754891631,0.03508771929824561,0.06015037593984962,4,64,114,1064,0.86705,False,0.02506265664160401,0.5756643442622951
Furniture > Chairs & Seating > Accent & Waiting Room Chairs,aesthetic_tags,natural/woven,multi,0.02806105754891631,0.08771929824561403,0.2236842105263158,10,238,114,1064,0.9999,False,0.13596491228070176,0.9179409836065574
Furniture > Chairs & Seating > Accent & Waiting Room Chairs,aesthetic_tags,playful/colourful,multi,0.02806105754891631,0.0,0.017857142857142856,0,19,114,1064,0.95225,False,0.017857142857142856,0.6010102459016394
Furniture > Chairs & Seating > Accent & Waiting Room Chairs,aesthetic_tags,retro/vintage,multi,0.02806105754891631,0.03508771929824561,0.06766917293233082,4,72,114,1064,0.92175,False,0.03258145363408521,0.642202868852459
Furniture > Chairs & Seating > Accent & Waiting Room Chairs,aesthetic_tags,sleek/minimal,multi,0.02806105754891631,0.14035087719298245,0.19266917293233082,16,205,114,1064,0.9159,False,0.052318295739348375,0.7132008196721311
Furniture > Chairs & Seating > Accent & Waiting Room Chairs,aesthetic_tags,statement,multi,0.02806105754891631,0.017543859649122806,0.07706766917293233,2,82,114,1064,0.99705,False,0.05952380952380952,0.8090815573770492
Furniture > Chairs & Seating > Accent & Waiting Room Chairs,aesthetic_tags,textured,multi,0.02806105754891631,0.043859649122807015,0.11842105263157894,5,126,114,1064,0.99545,False,0.07456140350877193,0.8322614754098361
Furniture > Chairs & Seating > Accent & Waiting Room Chairs,aesthetic_tags,tufted,multi,0.02806105754891631,0.043859649122807015,0.13721804511278196,5,146,114,1064,0.99935,False,0.09335839598997495,0.8519049180327868
Furniture > Chairs & Seating > Accent & Waiting Room Chairs,use_context,breakroom/dining,multi,0.20020324731539096,0.07894736842105263,0.06296992481203008,9,67,114,1064,0.2453,False,-0.01597744360902255,0.07841557377049181
Furniture > Chairs & Seating > Accent & Waiting Room Chairs,use_context,corporate office,multi,0.20020324731539096,0.6052631578947368,0.17575187969924813,69,187,114,1064,0.0,False,-0.42951127819548873,0.0
Furniture > Chairs & Seating > Accent & Waiting Room Chairs,use_context,education,multi,0.20020324731539096,0.05263157894736842,0.011278195488721804,6,12,114,1064,0.00225,False,-0.041353383458646614,0.0004795081967213114
Furniture > Chairs & Seating > Accent & Waiting Room Chairs,use_context,gaming,multi,0.20020324731539096,0.0,0.009398496240601503,0,10,114,1064,0.85605,False,0.009398496240601503,0.4876678278688525
Furniture > Chairs & Seating > Accent & Waiting Room Chairs,use_context,healthcare,multi,0.20020324731539096,0.21929824561403508,0.018796992481203006,25,20,114,1064,0.0,False,-0.20050125313283207,0.0
Furniture > Chairs & Seating > Accent & Waiting Room Chairs,use_context,home office,multi,0.20020324731539096,0.06140350877192982,0.06203007518796992,7,66,114,1064,0.4916,False,0.0006265664160401002,0.20953442622950819
Furniture > Chairs & Seating > Accent & Waiting Room Chairs,use_context,hospitality/events,multi,0.20020324731539096,0.14035087719298245,0.020676691729323307,16,22,114,1064,0.0,False,-0.11967418546365914,0.0
Furniture > Chairs & Seating > Accent & Waiting Room Chairs,use_context,kids/teen,multi,0.20020324731539096,0.0,0.015977443609022556,0,17,114,1064,0.94015,False,0.015977443609022556,0.5702549180327869
Furniture > Chairs & Seating > Accent & Waiting Room Chairs,use_context,outdoor,multi,0.20020324731539096,0.03508771929824561,0.010338345864661654,4,11,114,1064,0.0237,False,-0.02474937343358396,0.006410655737704918
Furniture > Chairs & Seating > Accent & Waiting Room Chairs,use_context,reception/lobby,multi,0.20020324731539096,0.5614035087719298,0.16447368421052633,64,175,114,1064,0.0,False,-0.39692982456140347,0.0
Furniture > Chairs & Seating > Accent & Waiting Room Chairs,use_context,residential living,multi,0.20020324731539096,0.07017543859649122,0.3618421052631579,8,385,114,1064,1.0,False,0.2916666666666667,0.9836065573770492
Furniture > Chairs & Seating > Accent & Waiting Room Chairs,end_user_segment,bariatric,multi,0.22199423991784273,0.06140350877192982,0.0037593984962406013,7,4,114,1064,0.0,False,-0.05764411027568922,0.0
Furniture > Chairs & Seating > Accent & Waiting Room Chairs,end_user_segment,big & tall,multi,0.22199423991784273,0.20175438596491227,0.023496240601503758,23,25,114,1064,0.0,False,-0.1782581453634085,0.0
Furniture > Chairs & Seating > Accent & Waiting Room Chairs,end_user_segment,gamers,multi,0.22199423991784273,0.0,0.009398496240601503,0,10,114,1064,0.85145,False,0.009398496240601503,0.4850473360655738
Furniture > Chairs & Seating > Accent & Waiting Room Chairs,end_user_segment,kids,multi,0.22199423991784273,0.0,0.008458646616541353,0,9,114,1064,0.83205,False,0.008458646616541353,0.4637655737704917
Furniture > Chairs & Seating > Accent & Waiting Room Chairs,end_user_segment,remote workers,multi,0.22199423991784273,0.05263157894736842,0.05545112781954887,6,59,114,1064,0.53455,False,0.002819548872180451,0.2628934426229508
Furniture > Chairs & Seating > Accent & Waiting Room Chairs,end_user_segment,students,multi,0.22199423991784273,0.0,0.0009398496240601503,0,1,114,1064,0.39325,False,0.0009398496240601503,0.17406147540983605
Furniture > Chairs & Seating > Accent & Waiting Room Chairs,key_benefits,comfort,multi,0.15840302970600803,0.2543859649122807,0.2706766917293233,29,288,114,1064,0.6392,False,0.016290726817042578,0.39819016393442624
Furniture > Chairs & Seating > Accent & Waiting Room Chairs,key_benefits,commercial-grade,multi,0.15840302970600803,0.6403508771929824,0.06954887218045112,73,74,114,1064,0.0,False,-0.5708020050125313,0.0
Furniture > Chairs & Seating > Accent & Waiting Room Chairs,key_benefits,easy-clean,multi,0.15840302970600803,0.20175438596491227,0.06766917293233082,23,72,114,1064,0.0,False,-0.13408521303258145,0.0
Furniture > Chairs & Seating > Accent & Waiting Room Chairs,key_benefits,ergonomic,multi,0.15840302970600803,0.17543859649122806,0.1287593984962406,20,137,114,1064,0.0841,False,-0.04667919799498746,0.01723360655737705
Furniture > Chairs & Seating > Accent & Waiting Room Chairs,key_benefits,space-saving,multi,0.15840302970600803,0.06140350877192982,0.07988721804511278,7,85,114,1064,0.7458,False,0.018483709273182963,0.4768229508196722
Furniture > Chairs & Seating > Accent & Waiting Room Chairs,key_benefits,sustainable,multi,0.15840302970600803,0.09649122807017543,0.005639097744360902,11,6,114,1064,0.0,False,-0.09085213032581453,0.0
Furniture > Chairs & Seating > Big and Tall Chairs,colour_family,black,single,0.10026627487780014,0.76,0.75,19,3,25,4,0.4533,False,-0.010000000000000009,0.2694141509433962
Furniture > Chairs & Seating > Big and Tall Chairs,colour_family,blue,single,0.10026627487780014,0.04,0.0,1,0,25,4,0.5218,False,-0.04,0.2559773584905661
Furniture > Chairs & Seating > Big and Tall Chairs,colour_family,brown/wood,single,0.10026627487780014,0.16,0.0,4,0,25,4,0.23265,False,-0.16,0.07462358490566037
Furniture > Chairs & Seating > Big and Tall Chairs,colour_family,grey,single,0.10026627487780014,0.04,0.0,1,0,25,4,0.52275,False,-0.04,0.2564433962264151
Furniture > Chairs & Seating > Big and Tall Chairs,colour_family,white,single,0.10026627487780014,0.0,0.25,0,1,25,4,0.98065,False,0.25,0.786370283018868
Furniture > Chairs & Seating > Big and Tall Chairs,colour_tone,bold,single,0.10026627487780013,0.04,0.0,1,0,25,4,0.5262,False,-0.04,0.25813584905660375
Furniture > Chairs & Seating > Big and Tall Chairs,colour_tone,dark-neutral,single,0.10026627487780013,0.76,0.75,19,3,25,4,0.44845,False,-0.010000000000000009,0.2665316037735849
Furniture > Chairs & Seating > Big and Tall Chairs,colour_tone,light-neutral,single,0.10026627487780013,0.0,0.25,0,1,25,4,0.97935,False,0.25,0.7853278301886794
Furniture > Chairs & Seating > Big and Tall Chairs,colour_tone,mid-neutral,single,0.10026627487780013,0.04,0.0,1,0,25,4,0.52385,False,-0.04,0.2569830188679246
Furniture > Chairs & Seating > Big and Tall Chairs,colour_tone,warm-neutral,single,0.10026627487780013,0.16,0.0,4,0,25,4,0.23245,False,-0.16,0.07455943396226414
Furniture > Chairs & Seating > Big and Tall Chairs,material_class,bonded leather,single,0.21707101188941225,0.32,0.0,8,0,25,6,0.0365,True,-0.32,0.0061981132075471694
Furniture > Chairs & Seating > Big and Tall Chairs,material_class,fabric,single,0.21707101188941225,0.24,0.3333333333333333,6,2,25,6,0.68855,True,0.09333333333333332,0.493677358490566
Furniture > Chairs & Seating > Big and Tall Chairs,material_class,faux leather,single,0.21707101188941225,0.4,0.16666666666666666,10,1,25,6,0.1391,True,-0.23333333333333336,0.034118867924528305
Furniture > Chairs & Seating > Big and Tall Chairs,material_class,mesh,single,0.21707101188941225,0.04,0.5,1,3,25,6,0.9973,True,0.46,0.9314405660377358
Furniture > Chairs & Seating > Big and Tall Chairs,style_family,contemporary,single,0.0893222580194024,0.5217391304347826,0.8333333333333334,12,5,23,6,0.92415,False,0.3115942028985508,0.819529245283019
Furniture > Chairs & Seating > Big and Tall Chairs,style_family,gaming,single,0.0893222580194024,0.043478260869565216,0.16666666666666666,1,1,23,6,0.85575,False,0.12318840579710144,0.6297028301886792
Furniture > Chairs & Seating > Big and Tall Chairs,style_family,modern,single,0.0893222580194024,0.13043478260869565,0.0,3,0,23,6,0.20095,False,-0.13043478260869565,0.07203867924528301
Furniture > Chairs & Seating > Big and Tall Chairs,style_family,scandinavian,single,0.0893222580194024,0.043478260869565216,0.0,1,0,23,6,0.43205,False,-0.043478260869565216,0.17118962264150944
Furniture > Chairs & Seating > Big and Tall Chairs,style_family,traditional,single,0.0893222580194024,0.2608695652173913,0.0,6,0,23,6,0.0655,False,-0.2608695652173913,0.014830188679245284
Furniture > Chairs & Seating > Big and Tall Chairs,size_class,standard,single,0.0,1.0,1.0,25,1,25,1,0.13635,False,0.0,0.09004245283018868
Furniture > Chairs & Seating > Big and Tall Chairs,form_factor,executive,single,0.06259943777450946,0.7916666666666666,0.5,19,3,24,6,0.0801,False,-0.29166666666666663,0.015113207547169813
Furniture > Chairs & Seating > Big and Tall Chairs,form_factor,task,single,0.06259943777450946,0.20833333333333334,0.5,5,3,24,6,0.91885,False,0.29166666666666663,0.7974924528301887
Furniture > Chairs & Seating > Big and Tall Chairs,arm_type,adjustable,single,0.10053859539970512,0.44,0.0,11,0,25,3,0.0592,False,-0.44,0.007260377358490566
Furniture > Chairs & Seating > Big and Tall Chairs,arm_type,armless,single,0.10053859539970512,0.04,0.0,1,0,25,3,0.57335,False,-0.04,0.2812660377358491
Furniture > Chairs & Seating > Big and Tall Chairs,arm_type,fixed,single,0.10053859539970512,0.52,1.0,13,3,25,3,0.956,False,0.48,0.9199245283018868
Furniture > Chairs & Seating > Big and Tall Chairs,base_type,casters,single,0.0,1.0,1.0,25,1,25,1,0.141,False,0.0,0.0931132075471698
Furniture > Chairs & Seating > Big and Tall Chairs,swivel,no,single,0.27759073477110796,0.36,1.0,9,6,25,6,0.9991,True,0.64,0.9802490566037736
Furniture > Chairs & Seating > Big and Tall Chairs,swivel,yes,single,0.27759073477110796,0.64,0.0,16,0,25,6,0.001,True,-0.64,5.660377358490566e-05
Furniture > Chairs & Seating > Big and Tall Chairs,height_adjustable,no,single,0.3856187870765238,0.24,1.0,6,6,25,6,0.9999,True,0.76,0.9999
Furniture > Chairs & Seating > Big and Tall Chairs,height_adjustable,yes,single,0.3856187870765238,0.76,0.0,19,0,25,6,0.0001,True,-0.76,1.8867924528301887e-06
Furniture > Chairs & Seating > Big and Tall Chairs,recline_tilt,no,single,0.19476619770437315,0.04,0.5,1,3,25,6,0.99605,True,0.46,0.9302731132075471
Furniture > Chairs & Seating > Big and Tall Chairs,recline_tilt,yes,single,0.19476619770437315,0.96,0.5,24,3,25,6,0.00255,True,-0.45999999999999996,0.0002405660377358491
Furniture > Chairs & Seating > Big and Tall Chairs,lumbar,no,single,0.0019640023780346707,0.16,0.16666666666666666,4,1,25,6,0.5529,True,0.006666666666666654,0.38598679245283013
Furniture > Chairs & Seating > Big and Tall Chairs,lumbar,yes,single,0.0019640023780346707,0.84,0.8333333333333334,21,5,25,6,0.4528,True,-0.006666666666666599,0.2819320754716981
Furniture > Chairs & Seating > Big and Tall Chairs,headrest,no,single,0.1411798882565875,0.56,1.0,14,6,25,6,0.98825,False,0.43999999999999995,0.8950188679245283
Furniture > Chairs & Seating > Big and Tall Chairs,headrest,yes,single,0.1411798882565875,0.44,0.0,11,0,25,6,0.01125,False,-0.44,0.0013797169811320753
Furniture > Chairs & Seating > Big and Tall Chairs,aesthetic_tags,cozy/plush,multi,0.04240909740508596,0.56,0.16666666666666666,14,1,25,6,0.0404,False,-0.3933333333333334,0.006098113207547169
Furniture > Chairs & Seating > Big and Tall Chairs,aesthetic_tags,curved/organic,multi,0.04240909740508596,0.2,0.0,5,0,25,6,0.10835,False,-0.2,0.028620754716981132
Furniture > Chairs & Seating > Big and Tall Chairs,aesthetic_tags,luxe,multi,0.04240909740508596,0.28,0.0,7,0,25,6,0.0531,False,-0.28,0.011020754716981133
Furniture > Chairs & Seating > Big and Tall Chairs,aesthetic_tags,sleek/minimal,multi,0.04240909740508596,0.12,0.0,3,0,25,6,0.21715,False,-0.12,0.08194339622641511
Furniture > Chairs & Seating > Big and Tall Chairs,aesthetic_tags,statement,multi,0.04240909740508596,0.04,0.0,1,0,25,6,0.44495,False,-0.04,0.21827735849056604
Furniture > Chairs & Seating > Big and Tall Chairs,aesthetic_tags,tufted,multi,0.04240909740508596,0.04,0.0,1,0,25,6,0.44265,False,-0.04,0.2171490566037736
Furniture > Chairs & Seating > Big and Tall Chairs,use_context,corporate office,multi,0.42632065738865954,0.56,0.0,14,0,25,6,0.003,False,-0.56,0.00022641509433962264
Furniture > Chairs & Seating > Big and Tall Chairs,use_context,gaming,multi,0.42632065738865954,0.0,0.16666666666666666,0,1,25,6,0.9668,False,0.16666666666666666,0.7387811320754717
Furniture > Chairs & Seating > Big and Tall Chairs,use_context,home office,multi,0.42632065738865954,0.08,0.3333333333333333,2,2,25,6,0.94065,False,0.2533333333333333,0.7897910377358491
Furniture > Chairs & Seating > Big and Tall Chairs,end_user_segment,big & tall,multi,0.08447542087727386,1.0,1.0,25,6,25,6,0.29665,False,0.0,0.19590094339622643
Furniture > Chairs & Seating > Big and Tall Chairs,end_user_segment,gamers,multi,0.08447542087727386,0.0,0.16666666666666666,0,1,25,6,0.96455,False,0.16666666666666666,0.7370617924528302
Furniture > Chairs & Seating > Big and Tall Chairs,end_user_segment,remote workers,multi,0.08447542087727386,0.08,0.3333333333333333,2,2,25,6,0.93975,False,0.2533333333333333,0.7890353773584906
Furniture > Chairs & Seating > Big and Tall Chairs,key_benefits,comfort,multi,0.12310685457998616,0.92,0.0,23,0,25,6,0.0,False,-0.92,0.0
Furniture > Chairs & Seating > Big and Tall Chairs,key_benefits,commercial-grade,multi,0.12310685457998616,0.88,0.16666666666666666,22,1,25,6,0.0003,False,-0.7133333333333334,1.132075471698113e-05
Furniture > Chairs & Seating > Big and Tall Chairs,key_benefits,easy-clean,multi,0.12310685457998616,0.04,0.0,1,0,25,6,0.4495,False,-0.04,0.22050943396226416
Furniture > Chairs & Seating > Big and Tall Chairs,key_benefits,ergonomic,multi,0.12310685457998616,1.0,0.8333333333333334,25,5,25,6,0.0345,False,-0.16666666666666663,0.009764150943396227
Furniture > Chairs & Seating > Big and Tall Chairs,key_benefits,space-saving,multi,0.12310685457998616,0.04,0.0,1,0,25,6,0.44645,False,-0.04,0.21901320754716982
Furniture > Chairs & Seating > Big and Tall Chairs,key_benefits,sustainable,multi,0.12310685457998616,0.16,0.0,4,0,25,6,0.14945,False,-0.16,0.04793679245283019
Furniture > Chairs & Seating > Breakroom & Dining Chairs,colour_family,beige/cream,single,0.17737411831957914,0.03225806451612903,0.31149927219796214,1,214,31,687,0.99995,False,0.27924120768183314,0.9721736111111111
Furniture > Chairs & Seating > Breakroom & Dining Chairs,colour_family,black,single,0.17737411831957914,0.1935483870967742,0.1324599708879185,6,91,31,687,0.1641,False,-0.06108841620885569,0.03494722222222222
Furniture > Chairs & Seating > Breakroom & Dining Chairs,colour_family,blue,single,0.17737411831957914,0.03225806451612903,0.024745269286754003,1,17,31,687,0.3394,False,-0.007512795229375029,0.11941851851851851
Furniture > Chairs & Seating > Breakroom & Dining Chairs,colour_family,brown/wood,single,0.17737411831957914,0.45161290322580644,0.21542940320232898,14,148,31,687,0.00205,False,-0.23618350002347746,0.00016134259259259262
Furniture > Chairs & Seating > Breakroom & Dining Chairs,colour_family,clear,single,0.17737411831957914,0.0,0.005822416302765648,0,4,31,687,0.4567,False,0.005822416302765648,0.23257870370370373
Furniture > Chairs & Seating > Breakroom & Dining Chairs,colour_family,green,single,0.17737411831957914,0.0,0.053857350800582245,0,37,31,687,0.93535,False,0.053857350800582245,0.7274944444444444
Furniture > Chairs & Seating > Breakroom & Dining Chairs,colour_family,grey,single,0.17737411831957914,0.06451612903225806,0.12081513828238719,2,83,31,687,0.82795,False,0.05629900925012912,0.670792824074074
Furniture > Chairs & Seating > Breakroom & Dining Chairs,colour_family,metallic,single,0.17737411831957914,0.0967741935483871,0.034934497816593885,3,24,31,687,0.05425,False,-0.06183969573179321,0.010297453703703704
Furniture > Chairs & Seating > Breakroom & Dining Chairs,colour_family,multi/pattern,single,0.17737411831957914,0.06451612903225806,0.005822416302765648,2,4,31,687,0.006,False,-0.05869371272949241,0.0014166666666666666
Furniture > Chairs & Seating > Breakroom & Dining Chairs,colour_family,navy,single,0.17737411831957914,0.0,0.00727802037845706,0,5,31,687,0.50745,False,0.00727802037845706,0.2725194444444444
Furniture > Chairs & Seating > Breakroom & Dining Chairs,colour_family,purple,single,0.17737411831957914,0.0,0.002911208151382824,0,2,31,687,0.3473,False,0.002911208151382824,0.1575712962962963
Furniture > Chairs & Seating > Breakroom & Dining Chairs,colour_family,red/pink,single,0.17737411831957914,0.06451612903225806,0.01455604075691412,2,10,31,687,0.0362,False,-0.04996008827534394,0.009720370370370372
Furniture > Chairs & Seating > Breakroom & Dining Chairs,colour_family,white,single,0.17737411831957914,0.0,0.056768558951965066,0,39,31,687,0.9431,False,0.056768558951965066,0.7771842592592593
Furniture > Chairs & Seating > Breakroom & Dining Chairs,colour_family,yellow/orange,single,0.17737411831957914,0.0,0.013100436681222707,0,9,31,687,0.6419,False,0.013100436681222707,0.41010277777777776
Furniture > Chairs & Seating > Breakroom & Dining Chairs,colour_tone,bold,single,0.1743749107827949,0.0967741935483871,0.1091703056768559,3,75,31,687,0.56005,False,0.012396112128468806,0.3526240740740741
Furniture > Chairs & Seating > Breakroom & Dining Chairs,colour_tone,dark-neutral,single,0.1743749107827949,0.1935483870967742,0.13973799126637554,6,96,31,687,0.19325,False,-0.05381039583039865,0.05010185185185185
Furniture > Chairs & Seating > Breakroom & Dining Chairs,colour_tone,light-neutral,single,0.1743749107827949,0.03225806451612903,0.37409024745269287,1,257,31,687,1.0,False,0.3418321829365638,0.9814814814814815
Furniture > Chairs & Seating > Breakroom & Dining Chairs,colour_tone,metallic,single,0.1743749107827949,0.0967741935483871,0.034934497816593885,3,24,31,687,0.0532,False,-0.06183969573179321,0.010098148148148148
Furniture > Chairs & Seating > Breakroom & Dining Chairs,colour_tone,mid-neutral,single,0.1743749107827949,0.06451612903225806,0.12081513828238719,2,83,31,687,0.82135,False,0.05629900925012912,0.6654456018518519
Furniture > Chairs & Seating > Breakroom & Dining Chairs,colour_tone,pattern,single,0.1743749107827949,0.06451612903225806,0.005822416302765648,2,4,31,687,0.00635,False,-0.05869371272949241,0.0014993055555555554
Furniture > Chairs & Seating > Breakroom & Dining Chairs,colour_tone,warm-neutral,single,0.1743749107827949,0.45161290322580644,0.21542940320232898,14,148,31,687,0.0027,False,-0.23618350002347746,0.00021250000000000002
Furniture > Chairs & Seating > Breakroom & Dining Chairs,material_class,boucle,single,0.21480851448812055,0.0,0.01908957415565345,0,13,31,681,0.73275,True,0.01908957415565345,0.49528472222222225
Furniture > Chairs & Seating > Breakroom & Dining Chairs,material_class,engineered wood,single,0.21480851448812055,0.0,0.010279001468428781,0,7,31,681,0.5766,True,0.010279001468428781,0.33635000000000004
Furniture > Chairs & Seating > Breakroom & Dining Chairs,material_class,fabric,single,0.21480851448812055,0.03225806451612903,0.2966226138032305,1,202,31,681,0.99985,True,0.2643645492871015,0.9628185185185185
Furniture > Chairs & Seating > Breakroom & Dining Chairs,material_class,faux leather,single,0.21480851448812055,0.06451612903225806,0.1130690161527166,2,77,31,681,0.79465,True,0.048552887120458535,0.6033453703703704
Furniture > Chairs & Seating > Breakroom & Dining Chairs,material_class,leather,single,0.21480851448812055,0.0,0.0381791483113069,0,26,31,681,0.87415,True,0.0381791483113069,0.639424537037037
Furniture > Chairs & Seating > Breakroom & Dining Chairs,material_class,metal,single,0.21480851448812055,0.3870967741935484,0.0763582966226138,12,52,31,681,0.0,True,-0.3107384775709346,0.0
Furniture > Chairs & Seating > Breakroom & Dining Chairs,material_class,plastic,single,0.21480851448812055,0.0,0.014684287812041116,0,10,31,681,0.6616,True,0.014684287812041116,0.42881481481481476
Furniture > Chairs & Seating > Breakroom & Dining Chairs,material_class,velvet,single,0.21480851448812055,0.0,0.08663729809104258,0,59,31,681,0.98115,True,0.08663729809104258,0.8630486111111111
Furniture > Chairs & Seating > Breakroom & Dining Chairs,material_class,vinyl,single,0.21480851448812055,0.06451612903225806,0.004405286343612335,2,3,31,681,0.00345,True,-0.06011084268864573,0.0007666666666666666
Furniture > Chairs & Seating > Breakroom & Dining Chairs,material_class,wicker/rattan,single,0.21480851448812055,0.16129032258064516,0.05433186490455213,5,37,31,681,0.01405,True,-0.10695845767609302,0.0020814814814814815
Furniture > Chairs & Seating > Breakroom & Dining Chairs,material_class,wood,single,0.21480851448812055,0.2903225806451613,0.28634361233480177,9,195,31,681,0.47385,True,-0.003978968310359543,0.1755
Furniture > Chairs & Seating > Breakroom & Dining Chairs,style_family,boho/coastal,single,0.19880817660864064,0.2857142857142857,0.048513302034428794,8,31,28,639,0.0001,False,-0.2372009836798569,6.481481481481481e-06
Furniture > Chairs & Seating > Breakroom & Dining Chairs,style_family,contemporary,single,0.19880817660864064,0.2857142857142857,0.08607198748043818,8,55,28,639,0.00135,False,-0.19964229823384752,0.0001625
Furniture > Chairs & Seating > Breakroom & Dining Chairs,style_family,farmhouse/rustic,single,0.19880817660864064,0.07142857142857142,0.12050078247261346,2,77,28,639,0.77405,False,0.04907221104404204,0.5948717592592593
Furniture > Chairs & Seating > Breakroom & Dining Chairs,style_family,glam,single,0.19880817660864064,0.0,0.026604068857589983,0,17,28,639,0.78085,False,0.026604068857589983,0.549487037037037
Furniture > Chairs & Seating > Breakroom & Dining Chairs,style_family,industrial,single,0.19880817660864064,0.03571428571428571,0.023474178403755867,1,15,28,639,0.2854,False,-0.012240107310529845,0.09513333333333332
Furniture > Chairs & Seating > Breakroom & Dining Chairs,style_family,mid-century,single,0.19880817660864064,0.10714285714285714,0.17996870109546165,3,115,28,639,0.8401,False,0.07282584395260451,0.7156407407407407
Furniture > Chairs & Seating > Breakroom & Dining Chairs,style_family,minimalist,single,0.19880817660864064,0.0,0.03129890453834116,0,20,28,639,0.819,False,0.03129890453834116,0.5914999999999999
Furniture > Chairs & Seating > Breakroom & Dining Chairs,style_family,modern,single,0.19880817660864064,0.0,0.26134585289514867,0,167,28,639,0.99995,False,0.26134585289514867,0.9536560185185186
Furniture > Chairs & Seating > Breakroom & Dining Chairs,style_family,scandinavian,single,0.19880817660864064,0.0,0.017214397496087636,0,11,28,639,0.66845,False,0.017214397496087636,0.4394439814814815
Furniture > Chairs & Seating > Breakroom & Dining Chairs,style_family,traditional,single,0.19880817660864064,0.21428571428571427,0.18622848200312989,6,119,28,639,0.3417,False,-0.028057232282584388,0.09808055555555556
Furniture > Chairs & Seating > Breakroom & Dining Chairs,style_family,transitional,single,0.19880817660864064,0.0,0.018779342723004695,0,12,28,639,0.6988,False,0.018779342723004695,0.46586666666666665
Furniture > Chairs & Seating > Breakroom & Dining Chairs,size_class,compact,single,0.00662539897021454,0.9666666666666667,0.9111111111111111,29,41,30,45,0.1724,False,-0.05555555555555558,0.0431
Furniture > Chairs & Seating > Breakroom & Dining Chairs,size_class,standard,single,0.00662539897021454,0.03333333333333333,0.08888888888888889,1,4,30,45,0.8241,False,0.05555555555555556,0.6562277777777779
Furniture > Chairs & Seating > Breakroom & Dining Chairs,form_factor,accent,single,0.25993341046645013,0.0,0.1315345699831366,0,78,29,593,0.9957,False,0.1315345699831366,0.912725
Furniture > Chairs & Seating > Breakroom & Dining Chairs,form_factor,bench,single,0.25993341046645013,0.0,0.00505902192242833,0,3,29,593,0.4213,False,0.00505902192242833,0.19699675925925927
Furniture > Chairs & Seating > Breakroom & Dining Chairs,form_factor,dining,single,0.25993341046645013,0.8620689655172413,0.3962900505902192,25,235,29,593,0.0,False,-0.4657789149270221,0.0
Furniture > Chairs & Seating > Breakroom & Dining Chairs,form_factor,folding,single,0.25993341046645013,0.0,0.0016863406408094434,0,1,29,593,0.27335,False,0.0016863406408094434,0.11516134259259259
Furniture > Chairs & Seating > Breakroom & Dining Chairs,form_factor,guest,single,0.25993341046645013,0.034482758620689655,0.4266441821247892,1,253,29,593,1.0,False,0.39216142350409955,0.9907407407407407
Furniture > Chairs & Seating > Breakroom & Dining Chairs,form_factor,kids,single,0.25993341046645013,0.0,0.0016863406408094434,0,1,29,593,0.2707,False,0.0016863406408094434,0.1140449074074074
Furniture > Chairs & Seating > Breakroom & Dining Chairs,form_factor,lounge,single,0.25993341046645013,0.0,0.00505902192242833,0,3,29,593,0.42305,False,0.00505902192242833,0.1978150462962963
Furniture > Chairs & Seating > Breakroom & Dining Chairs,form_factor,ottoman,single,0.25993341046645013,0.0,0.0016863406408094434,0,1,29,593,0.2749,False,0.0016863406408094434,0.11581435185185184
Furniture > Chairs & Seating > Breakroom & Dining Chairs,form_factor,recliner,single,0.25993341046645013,0.0,0.0016863406408094434,0,1,29,593,0.274,False,0.0016863406408094434,0.1154351851851852
Furniture > Chairs & Seating > Breakroom & Dining Chairs,form_factor,sofa,single,0.25993341046645013,0.0,0.006745362563237774,0,4,29,593,0.47845,False,0.006745362563237774,0.24808518518518516
Furniture > Chairs & Seating > Breakroom & Dining Chairs,form_factor,stacking,single,0.25993341046645013,0.10344827586206896,0.003372681281618887,3,2,29,593,0.0,False,-0.10007559458045008,0.0
Furniture > Chairs & Seating > Breakroom & Dining Chairs,form_factor,stool,single,0.25993341046645013,0.0,0.008431703204047217,0,5,29,593,0.5217,False,0.008431703204047217,0.28500277777777777
Furniture > Chairs & Seating > Breakroom & Dining Chairs,form_factor,task,single,0.25993341046645013,0.0,0.01011804384485666,0,6,29,593,0.5621,False,0.01011804384485666,0.32268703703703705
Furniture > Chairs & Seating > Breakroom & Dining Chairs,arm_type,armless,single,0.16623279647350242,0.85,0.3741496598639456,17,55,20,147,0.0,False,-0.4758503401360544,0.0
Furniture > Chairs & Seating > Breakroom & Dining Chairs,arm_type,fixed,single,0.16623279647350242,0.15,0.6258503401360545,3,92,20,147,1.0,False,0.47585034013605443,1.0
Furniture > Chairs & Seating > Breakroom & Dining Chairs,base_type,casters,single,0.022589041323559093,0.0,0.08376963350785341,0,32,12,382,0.85945,False,0.08376963350785341,0.7480398148148149
Furniture > Chairs & Seating > Breakroom & Dining Chairs,base_type,legs,single,0.022589041323559093,1.0,0.9031413612565445,12,345,12,382,0.1165,False,-0.09685863874345546,0.019416666666666665
Furniture > Chairs & Seating > Breakroom & Dining Chairs,base_type,pedestal,single,0.022589041323559093,0.0,0.002617801047120419,0,1,12,382,0.22005,False,0.002617801047120419,0.0978
Furniture > Chairs & Seating > Breakroom & Dining Chairs,base_type,sled,single,0.022589041323559093,0.0,0.010471204188481676,0,4,12,382,0.3941,False,0.010471204188481676,0.23354074074074074
Furniture > Chairs & Seating > Breakroom & Dining Chairs,swivel,no,single,0.00043381519591147253,1.0,0.9783491204330176,31,723,31,739,0.24395,True,-0.021650879566982417,0.07228148148148147
Furniture > Chairs & Seating > Breakroom & Dining Chairs,swivel,yes,single,0.00043381519591147253,0.0,0.02165087956698241,0,16,31,739,0.75495,True,0.02165087956698241,0.5207756944444444
Furniture > Chairs & Seating > Breakroom & Dining Chairs,height_adjustable,no,single,0.004320239130569187,1.0,0.9986468200270636,31,738,31,739,0.74515,True,-0.0013531799729363803,0.28288101851851855
Furniture > Chairs & Seating > Breakroom & Dining Chairs,height_adjustable,yes,single,0.004320239130569187,0.0,0.0013531799729364006,0,1,31,739,0.2528,True,0.0013531799729364006,0.10065185185185185
Furniture > Chairs & Seating > Breakroom & Dining Chairs,recline_tilt,no,single,0.001583104045211602,1.0,0.9945872801082544,31,735,31,739,0.55415,True,-0.005412719891745632,0.20010972222222223
Furniture > Chairs & Seating > Breakroom & Dining Chairs,recline_tilt,yes,single,0.001583104045211602,0.0,0.005412719891745603,0,4,31,739,0.45315,True,0.005412719891745603,0.22237916666666668
Furniture > Chairs & Seating > Breakroom & Dining Chairs,stack_fold,folding,single,0.06100276392885593,0.0,0.23076923076923078,0,3,9,13,0.951,False,0.23076923076923078,0.8981666666666666
Furniture > Chairs & Seating > Breakroom & Dining Chairs,stack_fold,stacking,single,0.06100276392885593,1.0,0.7692307692307693,9,10,9,13,0.052,False,-0.23076923076923073,0.004814814814814814
Furniture > Chairs & Seating > Breakroom & Dining Chairs,lumbar,no,single,0.00010001661188530162,1.0,0.9878213802435724,31,730,31,739,0.37995,True,-0.012178619756427644,0.13016805555555558
Furniture > Chairs & Seating > Breakroom & Dining Chairs,lumbar,yes,single,0.00010001661188530162,0.0,0.012178619756427604,0,9,31,739,0.62105,True,0.012178619756427604,0.382405787037037
Furniture > Chairs & Seating > Breakroom & Dining Chairs,headrest,no,single,0.0,1.0,1.0,31,739,31,739,0.86945,False,0.0,0.3381194444444444
Furniture > Chairs & Seating > Breakroom & Dining Chairs,back_height,high,single,0.023957247041439984,1.0,0.8,2,28,2,35,0.315,False,-0.19999999999999996,0.034999999999999996
Furniture > Chairs & Seating > Breakroom & Dining Chairs,back_height,low,single,0.023957247041439984,0.0,0.17142857142857143,0,6,2,35,0.64775,False,0.17142857142857143,0.6057662037037038
Furniture > Chairs & Seating > Breakroom & Dining Chairs,back_height,mid,single,0.023957247041439984,0.0,0.02857142857142857,0,1,2,35,0.3124,False,0.02857142857142857,0.2227296296296296
Furniture > Chairs & Seating > Breakroom & Dining Chairs,aesthetic_tags,channel-tufted,multi,0.07450708869809407,0.0,0.010825439783491205,0,8,31,739,0.58735,False,0.010825439783491205,0.3534976851851852
Furniture > Chairs & Seating > Breakroom & Dining Chairs,aesthetic_tags,cozy/plush,multi,0.07450708869809407,0.16129032258064516,0.20027063599458728,5,148,31,739,0.692,False,0.03898031341394212,0.5125925925925925
Furniture > Chairs & Seating > Breakroom & Dining Chairs,aesthetic_tags,curved/organic,multi,0.07450708869809407,0.4838709677419355,0.2719891745602165,15,201,31,739,0.0082,False,-0.211881793181719,0.0008351851851851852
Furniture > Chairs & Seating > Breakroom & Dining Chairs,aesthetic_tags,luxe,multi,0.07450708869809407,0.16129032258064516,0.3261163734776725,5,241,31,739,0.9766,False,0.16482605089702737,0.9042592592592593
Furniture > Chairs & Seating > Breakroom & Dining Chairs,aesthetic_tags,metal-accent,multi,0.07450708869809407,0.0,0.02165087956698241,0,16,31,739,0.75965,False,0.02165087956698241,0.524017824074074
Furniture > Chairs & Seating > Breakroom & Dining Chairs,aesthetic_tags,nailhead,multi,0.07450708869809407,0.0,0.07848443843031123,0,58,31,739,0.97485,False,0.07848443843031123,0.8394541666666667
Furniture > Chairs & Seating > Breakroom & Dining Chairs,aesthetic_tags,natural/woven,multi,0.07450708869809407,0.5161290322580645,0.35047361299052776,16,259,31,739,0.03175,False,-0.16565541926753674,0.004115740740740741
Furniture > Chairs & Seating > Breakroom & Dining Chairs,aesthetic_tags,playful/colourful,multi,0.07450708869809407,0.03225806451612903,0.010825439783491205,1,8,31,739,0.13075,False,-0.021432624732637826,0.03995138888888889
Furniture > Chairs & Seating > Breakroom & Dining Chairs,aesthetic_tags,retro/vintage,multi,0.07450708869809407,0.03225806451612903,0.07848443843031123,1,58,31,739,0.8266,False,0.0462263739141822,0.61995
Furniture > Chairs & Seating > Breakroom & Dining Chairs,aesthetic_tags,sleek/minimal,multi,0.07450708869809407,0.16129032258064516,0.2679296346414073,5,198,31,739,0.90905,False,0.10663931206076213,0.816461574074074
Furniture > Chairs & Seating > Breakroom & Dining Chairs,aesthetic_tags,statement,multi,0.07450708869809407,0.03225806451612903,0.08660351826792964,1,64,31,739,0.859,False,0.05434545375180061,0.6760648148148148
Furniture > Chairs & Seating > Breakroom & Dining Chairs,aesthetic_tags,textured,multi,0.07450708869809407,0.0,0.07036535859269283,0,52,31,739,0.9702,False,0.07036535859269283,0.8174833333333332
Furniture > Chairs & Seating > Breakroom & Dining Chairs,aesthetic_tags,tufted,multi,0.07450708869809407,0.0,0.11502029769959404,0,85,31,739,0.9946,False,0.11502029769959404,0.9025074074074074
Furniture > Chairs & Seating > Breakroom & Dining Chairs,use_context,breakroom/dining,multi,0.12459753724909599,0.9354838709677419,0.9147496617050067,29,676,31,739,0.3716,False,-0.02073420926273517,0.11698518518518518
Furniture > Chairs & Seating > Breakroom & Dining Chairs,use_context,corporate office,multi,0.12459753724909599,0.0967741935483871,0.05548037889039242,3,41,31,739,0.15725,False,-0.04129381465799467,0.043680555555555556
Furniture > Chairs & Seating > Breakroom & Dining Chairs,use_context,education,multi,0.12459753724909599,0.06451612903225806,0.0027063599458728013,2,2,31,739,0.0022,False,-0.06180976908638526,0.00044814814814814815
Furniture > Chairs & Seating > Breakroom & Dining Chairs,use_context,home office,multi,0.12459753724909599,0.03225806451612903,0.04194857916102842,1,31,31,739,0.55205,False,0.009690514644899388,0.3092502314814815
Furniture > Chairs & Seating > Breakroom & Dining Chairs,use_context,hospitality/events,multi,0.12459753724909599,0.5806451612903226,0.06901217861975643,18,51,31,739,0.0,False,-0.5116329826705662,0.0
Furniture > Chairs & Seating > Breakroom & Dining Chairs,use_context,kids/teen,multi,0.12459753724909599,0.0,0.005412719891745603,0,4,31,739,0.4493,False,0.005412719891745603,0.2204898148148148
Furniture > Chairs & Seating > Breakroom & Dining Chairs,use_context,outdoor,multi,0.12459753724909599,0.16129032258064516,0.04059539918809202,5,30,31,739,0.0041,False,-0.12069492339255314,0.0005694444444444445
Furniture > Chairs & Seating > Breakroom & Dining Chairs,use_context,reception/lobby,multi,0.12459753724909599,0.0,0.012178619756427604,0,9,31,739,0.61685,False,0.012178619756427604,0.3798196759259259
Furniture > Chairs & Seating > Breakroom & Dining Chairs,use_context,residential living,multi,0.12459753724909599,0.06451612903225806,0.16914749661705006,2,125,31,739,0.9493,False,0.104631367584792,0.8438222222222223
Furniture > Chairs & Seating > Breakroom & Dining Chairs,end_user_segment,big & tall,multi,0.4236234974603522,0.3870967741935484,0.006765899864682003,12,5,31,739,0.0,False,-0.38033087432886636,0.0
Furniture > Chairs & Seating > Breakroom & Dining Chairs,end_user_segment,kids,multi,0.4236234974603522,0.0,0.005412719891745603,0,4,31,739,0.444,False,0.005412719891745603,0.2178888888888889
Furniture > Chairs & Seating > Breakroom & Dining Chairs,end_user_segment,remote workers,multi,0.4236234974603522,0.03225806451612903,0.03924221921515562,1,29,31,739,0.51775,False,0.006984154699026586,0.2732569444444445
Furniture > Chairs & Seating > Breakroom & Dining Chairs,key_benefits,comfort,multi,0.2180231653031297,0.3225806451612903,0.2584573748308525,10,191,31,739,0.2084,False,-0.0641232703304378,0.03666296296296297
Furniture > Chairs & Seating > Breakroom & Dining Chairs,key_benefits,commercial-grade,multi,0.2180231653031297,0.6129032258064516,0.035182679296346414,19,26,31,739,0.0,False,-0.5777205465101052,0.0
Furniture > Chairs & Seating > Breakroom & Dining Chairs,key_benefits,easy-clean,multi,0.2180231653031297,0.3870967741935484,0.05277401894451962,12,39,31,739,0.0,False,-0.33432275524902877,0.0
Furniture > Chairs & Seating > Breakroom & Dining Chairs,key_benefits,ergonomic,multi,0.2180231653031297,0.06451612903225806,0.13261163734776726,2,98,31,739,0.86785,False,0.0680955083155092,0.7232083333333333
Furniture > Chairs & Seating > Breakroom & Dining Chairs,key_benefits,space-saving,multi,0.2180231653031297,0.03225806451612903,0.04194857916102842,1,31,31,739,0.5458,False,0.009690514644899388,0.3057490740740741
Furniture > Chairs & Seating > Breakroom & Dining Chairs,key_benefits,sustainable,multi,0.2180231653031297,0.03225806451612903,0.017591339648173207,1,13,31,739,0.2275,False,-0.014666724867955824,0.07372685185185185
Furniture > Chairs & Seating > Gaming Chairs,colour_family,beige/cream,single,0.08592802518192455,0.0,0.07692307692307693,0,3,22,39,0.9178,False,0.07692307692307693,0.7627662162162161
Furniture > Chairs & Seating > Gaming Chairs,colour_family,black,single,0.08592802518192455,0.4090909090909091,0.41025641025641024,9,16,22,39,0.49935,False,0.001165501165501126,0.23955304054054055
Furniture > Chairs & Seating > Gaming Chairs,colour_family,blue,single,0.08592802518192455,0.18181818181818182,0.07692307692307693,4,3,22,39,0.11245,False,-0.1048951048951049,0.021274324324324325
Furniture > Chairs & Seating > Gaming Chairs,colour_family,brown/wood,single,0.08592802518192455,0.045454545454545456,0.07692307692307693,1,3,22,39,0.65955,False,0.03146853146853147,0.47683682432432434
Furniture > Chairs & Seating > Gaming Chairs,colour_family,green,single,0.08592802518192455,0.0,0.02564102564102564,0,1,22,39,0.72,False,0.02564102564102564,0.46702702702702703
Furniture > Chairs & Seating > Gaming Chairs,colour_family,grey,single,0.08592802518192455,0.18181818181818182,0.07692307692307693,4,3,22,39,0.1092,False,-0.1048951048951049,0.02065945945945946
Furniture > Chairs & Seating > Gaming Chairs,colour_family,multi/pattern,single,0.08592802518192455,0.045454545454545456,0.0,1,0,22,39,0.1029,False,-0.045454545454545456,0.031287162162162166
Furniture > Chairs & Seating > Gaming Chairs,colour_family,purple,single,0.08592802518192455,0.09090909090909091,0.05128205128205128,2,2,22,39,0.26665,False,-0.03962703962703963,0.09008445945945946
Furniture > Chairs & Seating > Gaming Chairs,colour_family,red/pink,single,0.08592802518192455,0.045454545454545456,0.20512820512820512,1,8,22,39,0.95975,False,0.15967365967365965,0.894902027027027
Furniture > Chairs & Seating > Gaming Chairs,colour_tone,bold,single,0.04341928052805147,0.3181818181818182,0.358974358974359,7,14,22,39,0.6182,False,0.0407925407925408,0.46782702702702705
Furniture > Chairs & Seating > Gaming Chairs,colour_tone,dark-neutral,single,0.04341928052805147,0.4090909090909091,0.41025641025641024,9,16,22,39,0.50145,False,0.001165501165501126,0.24056047297297295
Furniture > Chairs & Seating > Gaming Chairs,colour_tone,light-neutral,single,0.04341928052805147,0.0,0.07692307692307693,0,3,22,39,0.92005,False,0.07692307692307693,0.7646361486486486
Furniture > Chairs & Seating > Gaming Chairs,colour_tone,mid-neutral,single,0.04341928052805147,0.18181818181818182,0.07692307692307693,4,3,22,39,0.10905,False,-0.1048951048951049,0.020631081081081082
Furniture > Chairs & Seating > Gaming Chairs,colour_tone,pattern,single,0.04341928052805147,0.045454545454545456,0.0,1,0,22,39,0.1024,False,-0.045454545454545456,0.031135135135135137
Furniture > Chairs & Seating > Gaming Chairs,colour_tone,warm-neutral,single,0.04341928052805147,0.045454545454545456,0.07692307692307693,1,3,22,39,0.6642,False,0.03146853146853147,0.4801986486486487
Furniture > Chairs & Seating > Gaming Chairs,material_class,bonded leather,single,0.09896796420384338,0.045454545454545456,0.0,1,0,22,34,0.11975,True,-0.045454545454545456,0.03641047297297297
Furniture > Chairs & Seating > Gaming Chairs,material_class,fabric,single,0.09896796420384338,0.36363636363636365,0.14705882352941177,8,5,22,34,0.03225,True,-0.21657754010695188,0.003486486486486487
Furniture > Chairs & Seating > Gaming Chairs,material_class,faux leather,single,0.09896796420384338,0.36363636363636365,0.47058823529411764,8,16,22,34,0.7858,True,0.106951871657754,0.6796108108108109
Furniture > Chairs & Seating > Gaming Chairs,material_class,leather,single,0.09896796420384338,0.18181818181818182,0.08823529411764706,4,3,22,34,0.15285,True,-0.09358288770053476,0.035114189189189196
Furniture > Chairs & Seating > Gaming Chairs,material_class,mesh,single,0.09896796420384338,0.045454545454545456,0.029411764705882353,1,1,22,34,0.3548,True,-0.016042780748663103,0.14863243243243243
Furniture > Chairs & Seating > Gaming Chairs,material_class,metal,single,0.09896796420384338,0.0,0.14705882352941177,0,5,22,34,0.98045,True,0.14705882352941177,0.8877047297297297
Furniture > Chairs & Seating > Gaming Chairs,material_class,plastic,single,0.09896796420384338,0.0,0.029411764705882353,0,1,22,34,0.74165,True,0.029411764705882353,0.5061260135135136
Furniture > Chairs & Seating > Gaming Chairs,material_class,velvet,single,0.09896796420384338,0.0,0.029411764705882353,0,1,22,34,0.74675,True,0.029411764705882353,0.509606418918919
Furniture > Chairs & Seating > Gaming Chairs,material_class,vinyl,single,0.09896796420384338,0.0,0.029411764705882353,0,1,22,34,0.74345,True,0.029411764705882353,0.5073543918918919
Furniture > Chairs & Seating > Gaming Chairs,material_class,wood,single,0.09896796420384338,0.0,0.029411764705882353,0,1,22,34,0.74815,True,0.029411764705882353,0.5105618243243243
Furniture > Chairs & Seating > Gaming Chairs,style_family,gaming,single,0.00013210011774416296,1.0,0.9824561403508771,22,56,22,57,0.3624,False,-0.01754385964912286,0.14691891891891892
Furniture > Chairs & Seating > Gaming Chairs,style_family,industrial,single,0.00013210011774416296,0.0,0.017543859649122806,0,1,22,57,0.639,False,0.017543859649122806,0.35404054054054057
Furniture > Chairs & Seating > Gaming Chairs,size_class,compact,single,0.138556356791173,0.09090909090909091,0.5,2,1,22,2,0.9359,False,0.40909090909090906,0.9106054054054055
Furniture > Chairs & Seating > Gaming Chairs,size_class,standard,single,0.138556356791173,0.9090909090909091,0.5,20,1,22,2,0.0676,False,-0.40909090909090906,0.001827027027027027
Furniture > Chairs & Seating > Gaming Chairs,form_factor,gaming,single,0.0003077030897476016,1.0,0.9649122807017544,22,55,22,57,0.21995,False,-0.03508771929824561,0.07727972972972974
Furniture > Chairs & Seating > Gaming Chairs,form_factor,sofa,single,0.0003077030897476016,0.0,0.017543859649122806,0,1,22,57,0.64735,False,0.017543859649122806,0.3586668918918919
Furniture > Chairs & Seating > Gaming Chairs,form_factor,task,single,0.0003077030897476016,0.0,0.017543859649122806,0,1,22,57,0.63985,False,0.017543859649122806,0.3545114864864865
Furniture > Chairs & Seating > Gaming Chairs,arm_type,adjustable,single,0.27981968438772153,0.8636363636363636,0.23076923076923078,19,3,22,13,5e-05,False,-0.6328671328671329,0.0
Furniture > Chairs & Seating > Gaming Chairs,arm_type,fixed,single,0.27981968438772153,0.13636363636363635,0.7692307692307693,3,10,22,13,0.99985,False,0.6328671328671329,0.99985
Furniture > Chairs & Seating > Gaming Chairs,base_type,casters,single,0.04630499224532586,1.0,0.85,19,17,19,20,0.03085,False,-0.15000000000000002,0.003752027027027027
Furniture > Chairs & Seating > Gaming Chairs,base_type,legs,single,0.04630499224532586,0.0,0.15,0,3,19,20,0.96765,False,0.15,0.889191891891892
Furniture > Chairs & Seating > Gaming Chairs,swivel,no,single,0.008728671100049261,0.6363636363636364,0.7368421052631579,14,42,22,57,0.81205,True,0.1004784688995215,0.6913398648648649
Furniture > Chairs & Seating > Gaming Chairs,swivel,yes,single,0.008728671100049261,0.36363636363636365,0.2631578947368421,8,15,22,57,0.18855,True,-0.10047846889952156,0.04076756756756757
Furniture > Chairs & Seating > Gaming Chairs,height_adjustable,no,single,0.07683598971875279,0.4090909090909091,0.7368421052631579,9,42,22,57,0.99585,True,0.32775119617224874,0.9420202702702702
Furniture > Chairs & Seating > Gaming Chairs,height_adjustable,yes,single,0.07683598971875279,0.5909090909090909,0.2631578947368421,13,15,22,57,0.00395,True,-0.32775119617224885,0.00026689189189189194
Furniture > Chairs & Seating > Gaming Chairs,recline_tilt,no,single,0.24606841015227243,0.0,0.49122807017543857,0,28,22,57,1.0,True,0.49122807017543857,0.9864864864864865
Furniture > Chairs & Seating > Gaming Chairs,recline_tilt,yes,single,0.24606841015227243,1.0,0.5087719298245614,22,29,22,57,0.0,True,-0.49122807017543857,0.0
Furniture > Chairs & Seating > Gaming Chairs,lumbar,no,single,0.08770186077345553,0.18181818181818182,0.5263157894736842,4,30,22,57,0.99815,True,0.34449760765550236,0.9576844594594595
Furniture > Chairs & Seating > Gaming Chairs,lumbar,yes,single,0.08770186077345553,0.8181818181818182,0.47368421052631576,18,27,22,57,0.0024,True,-0.34449760765550247,0.00012972972972972972
Furniture > Chairs & Seating > Gaming Chairs,headrest,no,single,0.00047372987417502663,0.5909090909090909,0.6140350877192983,13,35,22,57,0.575,False,0.023125996810207328,0.3574324324324324
Furniture > Chairs & Seating > Gaming Chairs,headrest,yes,single,0.00047372987417502663,0.4090909090909091,0.38596491228070173,9,22,22,57,0.42675,False,-0.023125996810207383,0.161472972972973
Furniture > Chairs & Seating > Gaming Chairs,back_height,high,single,0.0,1.0,1.0,2,12,2,12,0.74175,False,0.0,0.34080405405405406
Furniture > Chairs & Seating > Gaming Chairs,aesthetic_tags,cozy/plush,multi,0.29670944256430665,0.2727272727272727,0.03508771929824561,6,2,22,57,0.00155,False,-0.2376395534290271,0.00014662162162162163
Furniture > Chairs & Seating > Gaming Chairs,aesthetic_tags,curved/organic,multi,0.29670944256430665,0.045454545454545456,0.017543859649122806,1,1,22,57,0.2301,False,-0.02791068580542265,0.0839554054054054
Furniture > Chairs & Seating > Gaming Chairs,aesthetic_tags,luxe,multi,0.29670944256430665,0.0,0.14035087719298245,0,8,22,57,0.98435,False,0.14035087719298245,0.8779337837837837
Furniture > Chairs & Seating > Gaming Chairs,aesthetic_tags,nailhead,multi,0.29670944256430665,0.0,0.017543859649122806,0,1,22,57,0.6368,False,0.017543859649122806,0.3528216216216216
Furniture > Chairs & Seating > Gaming Chairs,aesthetic_tags,playful/colourful,multi,0.29670944256430665,0.0,0.017543859649122806,0,1,22,57,0.6356,False,0.017543859649122806,0.3521567567567568
Furniture > Chairs & Seating > Gaming Chairs,aesthetic_tags,retro/vintage,multi,0.29670944256430665,0.0,0.017543859649122806,0,1,22,57,0.6495,False,0.017543859649122806,0.3598581081081081
Furniture > Chairs & Seating > Gaming Chairs,aesthetic_tags,sleek/minimal,multi,0.29670944256430665,0.0,0.03508771929824561,0,2,22,57,0.77785,False,0.03508771929824561,0.5781317567567568
Furniture > Chairs & Seating > Gaming Chairs,aesthetic_tags,statement,multi,0.29670944256430665,0.0,0.017543859649122806,0,1,22,57,0.6476,False,0.017543859649122806,0.3588054054054054
Furniture > Chairs & Seating > Gaming Chairs,aesthetic_tags,textured,multi,0.29670944256430665,0.09090909090909091,0.0,2,0,22,57,0.01365,False,-0.09090909090909091,0.0033202702702702707
Furniture > Chairs & Seating > Gaming Chairs,use_context,breakroom/dining,multi,0.023431684257188647,0.0,0.017543859649122806,0,1,22,57,0.6449,False,0.017543859649122806,0.35730945945945947
Furniture > Chairs & Seating > Gaming Chairs,use_context,corporate office,multi,0.023431684257188647,0.09090909090909091,0.21052631578947367,2,12,22,57,0.897,False,0.11961722488038276,0.7879054054054054
Furniture > Chairs & Seating > Gaming Chairs,use_context,education,multi,0.023431684257188647,0.09090909090909091,0.08771929824561403,2,5,22,57,0.4588,False,-0.0031897926634768814,0.2046
Furniture > Chairs & Seating > Gaming Chairs,use_context,gaming,multi,0.023431684257188647,1.0,0.8947368421052632,22,51,22,57,0.0386,False,-0.10526315789473684,0.00625945945945946
Furniture > Chairs & Seating > Gaming Chairs,use_context,home office,multi,0.023431684257188647,0.09090909090909091,0.03508771929824561,2,2,22,57,0.1539,False,-0.0558213716108453,0.040554729729729726
Furniture > Chairs & Seating > Gaming Chairs,use_context,kids/teen,multi,0.023431684257188647,0.0,0.05263157894736842,0,3,22,57,0.8636,False,0.05263157894736842,0.6710405405405405
Furniture > Chairs & Seating > Gaming Chairs,use_context,outdoor,multi,0.023431684257188647,0.0,0.017543859649122806,0,1,22,57,0.6456,False,0.017543859649122806,0.35769729729729727
Furniture > Chairs & Seating > Gaming Chairs,use_context,residential living,multi,0.023431684257188647,0.09090909090909091,0.07017543859649122,2,4,22,57,0.36055,False,-0.020733652312599687,0.1412966216216216
Furniture > Chairs & Seating > Gaming Chairs,end_user_segment,big & tall,multi,0.027607111947425066,0.045454545454545456,0.03508771929824561,1,2,22,57,0.38885,False,-0.010366826156299844,0.16815135135135134
Furniture > Chairs & Seating > Gaming Chairs,end_user_segment,gamers,multi,0.027607111947425066,1.0,0.8771929824561403,22,50,22,57,0.02465,False,-0.1228070175438597,0.003664189189189189
Furniture > Chairs & Seating > Gaming Chairs,end_user_segment,kids,multi,0.027607111947425066,0.0,0.05263157894736842,0,3,22,57,0.85945,False,0.05263157894736842,0.6678158783783784
Furniture > Chairs & Seating > Gaming Chairs,end_user_segment,remote workers,multi,0.027607111947425066,0.09090909090909091,0.03508771929824561,2,2,22,57,0.1518,False,-0.0558213716108453,0.04000135135135134
Furniture > Chairs & Seating > Gaming Chairs,end_user_segment,students,multi,0.027607111947425066,0.0,0.07017543859649122,0,4,22,57,0.91355,False,0.07017543859649122,0.7345435810810811
Furniture > Chairs & Seating > Gaming Chairs,key_benefits,comfort,multi,0.07994325421998319,0.3181818181818182,0.17543859649122806,7,10,22,57,0.0871,False,-0.14274322169059012,0.01177027027027027
Furniture > Chairs & Seating > Gaming Chairs,key_benefits,commercial-grade,multi,0.07994325421998319,0.45454545454545453,0.05263157894736842,10,3,22,57,0.0,False,-0.4019138755980861,0.0
Furniture > Chairs & Seating > Gaming Chairs,key_benefits,easy-clean,multi,0.07994325421998319,0.045454545454545456,0.07017543859649122,1,4,22,57,0.63615,False,0.02472089314194577,0.4040412162162162
Furniture > Chairs & Seating > Gaming Chairs,key_benefits,ergonomic,multi,0.07994325421998319,0.9545454545454546,0.6842105263157895,21,39,22,57,0.0029,False,-0.2703349282296651,0.00023513513513513513
Furniture > Chairs & Seating > Gaming Chairs,key_benefits,space-saving,multi,0.07994325421998319,0.0,0.07017543859649122,0,4,22,57,0.91125,False,0.07017543859649122,0.7326942567567568
Furniture > Chairs & Seating > Gaming Chairs,key_benefits,sustainable,multi,0.07994325421998319,0.045454545454545456,0.0,1,0,22,57,0.0706,False,-0.045454545454545456,0.021466216216216215
Furniture > Chairs & Seating > Kids Seating,colour_family,beige/cream,single,0.19354784101140085,0.013888888888888888,0.14285714285714285,1,16,72,112,0.99905,False,0.12896825396825395,0.8227470588235294
Furniture > Chairs & Seating > Kids Seating,colour_family,black,single,0.19354784101140085,0.16666666666666666,0.03571428571428571,12,4,72,112,0.001,False,-0.13095238095238093,0.00014705882352941178
Furniture > Chairs & Seating > Kids Seating,colour_family,blue,single,0.19354784101140085,0.19444444444444445,0.11607142857142858,14,13,72,112,0.0695,False,-0.07837301587301587,0.01635294117647059
Furniture > Chairs & Seating > Kids Seating,colour_family,brown/wood,single,0.19354784101140085,0.08333333333333333,0.07142857142857142,6,8,72,112,0.3823,False,-0.011904761904761904,0.1667877450980392
Furniture > Chairs & Seating > Kids Seating,colour_family,green,single,0.19354784101140085,0.041666666666666664,0.08035714285714286,3,9,72,112,0.8473,False,0.0386904761904762,0.5897872549019608
Furniture > Chairs & Seating > Kids Seating,colour_family,grey,single,0.19354784101140085,0.06944444444444445,0.20535714285714285,5,23,72,112,0.9956,False,0.1359126984126984,0.8443078431372549
Furniture > Chairs & Seating > Kids Seating,colour_family,multi/pattern,single,0.19354784101140085,0.20833333333333334,0.026785714285714284,15,3,72,112,5e-05,False,-0.18154761904761907,4.65686274509804e-06
Furniture > Chairs & Seating > Kids Seating,colour_family,navy,single,0.19354784101140085,0.0,0.017857142857142856,0,2,72,112,0.86555,False,0.017857142857142856,0.534604411764706
Furniture > Chairs & Seating > Kids Seating,colour_family,purple,single,0.19354784101140085,0.09722222222222222,0.017857142857142856,7,2,72,112,0.0087,False,-0.07936507936507936,0.001961764705882353
Furniture > Chairs & Seating > Kids Seating,colour_family,red/pink,single,0.19354784101140085,0.06944444444444445,0.11607142857142858,5,13,72,112,0.84565,False,0.04662698412698413,0.6052200980392157
Furniture > Chairs & Seating > Kids Seating,colour_family,white,single,0.19354784101140085,0.041666666666666664,0.125,3,14,72,112,0.97545,False,0.08333333333333334,0.7554955882352942
Furniture > Chairs & Seating > Kids Seating,colour_family,yellow/orange,single,0.19354784101140085,0.013888888888888888,0.044642857142857144,1,5,72,112,0.86955,False,0.030753968253968256,0.5882250000000001
Furniture > Chairs & Seating > Kids Seating,colour_tone,bold,single,0.14814303242450327,0.4166666666666667,0.375,30,42,72,112,0.2835,False,-0.041666666666666685,0.08894117647058823
Furniture > Chairs & Seating > Kids Seating,colour_tone,dark-neutral,single,0.14814303242450327,0.16666666666666666,0.05357142857142857,12,6,72,112,0.00635,False,-0.11309523809523808,0.001182843137254902
Furniture > Chairs & Seating > Kids Seating,colour_tone,light-neutral,single,0.14814303242450327,0.05555555555555555,0.26785714285714285,4,30,72,112,0.9999,False,0.2123015873015873,0.931279411764706
Furniture > Chairs & Seating > Kids Seating,colour_tone,mid-neutral,single,0.14814303242450327,0.06944444444444445,0.20535714285714285,5,23,72,112,0.9957,False,0.1359126984126984,0.8443926470588236
Furniture > Chairs & Seating > Kids Seating,colour_tone,pattern,single,0.14814303242450327,0.20833333333333334,0.026785714285714284,15,3,72,112,0.0001,False,-0.18154761904761907,9.31372549019608e-06
Furniture > Chairs & Seating > Kids Seating,colour_tone,warm-neutral,single,0.14814303242450327,0.08333333333333333,0.07142857142857142,6,8,72,112,0.36945,False,-0.011904761904761904,0.16118161764705882
Furniture > Chairs & Seating > Kids Seating,material_class,boucle,single,0.2871885427715825,0.0,0.27722772277227725,0,28,68,101,1.0,True,0.27722772277227725,0.9411764705882353
Furniture > Chairs & Seating > Kids Seating,material_class,engineered wood,single,0.2871885427715825,0.014705882352941176,0.0,1,0,68,101,0.1231,True,-0.014705882352941176,0.051291666666666666
Furniture > Chairs & Seating > Kids Seating,material_class,fabric,single,0.2871885427715825,0.38235294117647056,0.46534653465346537,26,47,68,101,0.85845,True,0.08299359347699481,0.6564617647058824
Furniture > Chairs & Seating > Kids Seating,material_class,faux leather,single,0.2871885427715825,0.014705882352941176,0.07920792079207921,1,8,68,101,0.9736,True,0.06450203843913803,0.7254274509803922
Furniture > Chairs & Seating > Kids Seating,material_class,leather,single,0.2871885427715825,0.014705882352941176,0.0,1,0,68,101,0.1227,True,-0.014705882352941176,0.051125000000000004
Furniture > Chairs & Seating > Kids Seating,material_class,metal,single,0.2871885427715825,0.014705882352941176,0.009900990099009901,1,1,68,101,0.3776,True,-0.004804892253931275,0.1776941176470588
Furniture > Chairs & Seating > Kids Seating,material_class,plastic,single,0.2871885427715825,0.3382352941176471,0.019801980198019802,23,2,68,101,0.0,True,-0.31843331391962726,0.0
Furniture > Chairs & Seating > Kids Seating,material_class,velvet,single,0.2871885427715825,0.04411764705882353,0.0594059405940594,3,6,68,101,0.6619,True,0.015288293535235871,0.38286372549019615
Furniture > Chairs & Seating > Kids Seating,material_class,vinyl,single,0.2871885427715825,0.16176470588235295,0.0297029702970297,11,3,68,101,0.00095,True,-0.13206173558532325,0.0001303921568627451
Furniture > Chairs & Seating > Kids Seating,material_class,wicker/rattan,single,0.2871885427715825,0.0,0.009900990099009901,0,1,68,101,0.75295,True,0.009900990099009901,0.3986205882352941
Furniture > Chairs & Seating > Kids Seating,material_class,wood,single,0.2871885427715825,0.014705882352941176,0.04950495049504951,1,5,68,101,0.89225,True,0.03479906814210833,0.612328431372549
Furniture > Chairs & Seating > Kids Seating,style_family,boho/coastal,single,0.04409783302423276,0.061224489795918366,0.15555555555555556,3,14,49,90,0.94955,False,0.09433106575963719,0.7633637254901962
Furniture > Chairs & Seating > Kids Seating,style_family,contemporary,single,0.04409783302423276,0.061224489795918366,0.07777777777777778,3,7,49,90,0.62975,False,0.016553287981859413,0.3827892156862745
Furniture > Chairs & Seating > Kids Seating,style_family,farmhouse/rustic,single,0.04409783302423276,0.0,0.022222222222222223,0,2,49,90,0.84095,False,0.022222222222222223,0.5358995098039215
Furniture > Chairs & Seating > Kids Seating,style_family,gaming,single,0.04409783302423276,0.3469387755102041,0.28888888888888886,17,26,49,90,0.23685,False,-0.058049886621315216,0.06733970588235294
Furniture > Chairs & Seating > Kids Seating,style_family,industrial,single,0.04409783302423276,0.0,0.011111111111111112,0,1,49,90,0.7041,False,0.011111111111111112,0.3796617647058823
Furniture > Chairs & Seating > Kids Seating,style_family,mid-century,single,0.04409783302423276,0.0,0.05555555555555555,0,5,49,90,0.9693,False,0.05555555555555555,0.7127205882352942
Furniture > Chairs & Seating > Kids Seating,style_family,minimalist,single,0.04409783302423276,0.08163265306122448,0.03333333333333333,4,3,49,90,0.1101,False,-0.04829931972789115,0.03346176470588235
Furniture > Chairs & Seating > Kids Seating,style_family,modern,single,0.04409783302423276,0.22448979591836735,0.2,11,18,49,90,0.3617,False,-0.024489795918367335,0.12765882352941177
Furniture > Chairs & Seating > Kids Seating,style_family,scandinavian,single,0.04409783302423276,0.14285714285714285,0.08888888888888889,7,8,49,90,0.15845,False,-0.05396825396825396,0.04660294117647059
Furniture > Chairs & Seating > Kids Seating,style_family,traditional,single,0.04409783302423276,0.08163265306122448,0.06666666666666667,4,6,49,90,0.36305,False,-0.014965986394557818,0.14593186274509803
Furniture > Chairs & Seating > Kids Seating,size_class,compact,single,0.3455627657263377,0.5957446808510638,0.0,28,0,47,24,0.0,False,-0.5957446808510638,0.0
Furniture > Chairs & Seating > Kids Seating,size_class,oversize,single,0.3455627657263377,0.0,0.125,0,3,47,24,0.99305,False,0.125,0.8080700980392157
Furniture > Chairs & Seating > Kids Seating,size_class,standard,single,0.3455627657263377,0.40425531914893614,0.875,19,21,47,24,0.99995,False,0.47074468085106386,0.9705397058823529
Furniture > Chairs & Seating > Kids Seating,form_factor,bench,single,0.43485101200822124,0.0,0.009009009009009009,0,1,64,111,0.71815,False,0.009009009009009009,0.3731563725490196
Furniture > Chairs & Seating > Kids Seating,form_factor,folding,single,0.43485101200822124,0.03125,0.0,2,0,64,111,0.0306,False,-0.03125,0.0099
Furniture > Chairs & Seating > Kids Seating,form_factor,gaming,single,0.43485101200822124,0.0,0.13513513513513514,0,15,64,111,0.99985,False,0.13513513513513514,0.8332083333333333
Furniture > Chairs & Seating > Kids Seating,form_factor,kids,single,0.43485101200822124,0.5,0.13513513513513514,32,15,64,111,0.0,False,-0.36486486486486486,0.0
Furniture > Chairs & Seating > Kids Seating,form_factor,lounge,single,0.43485101200822124,0.109375,0.036036036036036036,7,4,64,111,0.02805,False,-0.07333896396396397,0.007149999999999999
Furniture > Chairs & Seating > Kids Seating,form_factor,ottoman,single,0.43485101200822124,0.03125,0.11711711711711711,2,13,64,111,0.9802,False,0.08586711711711711,0.7687843137254902
Furniture > Chairs & Seating > Kids Seating,form_factor,recliner,single,0.43485101200822124,0.078125,0.009009009009009009,5,1,64,111,0.0086,False,-0.06911599099099099,0.0022764705882352943
Furniture > Chairs & Seating > Kids Seating,form_factor,sofa,single,0.43485101200822124,0.015625,0.5045045045045045,1,56,64,111,1.0,False,0.48887950450450446,0.9803921568627451
Furniture > Chairs & Seating > Kids Seating,form_factor,stacking,single,0.43485101200822124,0.078125,0.0,5,0,64,111,0.00075,False,-0.078125,0.0001838235294117647
Furniture > Chairs & Seating > Kids Seating,form_factor,stool,single,0.43485101200822124,0.15625,0.02702702702702703,10,3,64,111,0.001,False,-0.12922297297297297,0.00015686274509803922
Furniture > Chairs & Seating > Kids Seating,form_factor,task,single,0.43485101200822124,0.0,0.02702702702702703,0,3,64,111,0.9128,False,0.02702702702702703,0.5995843137254901
Furniture > Chairs & Seating > Kids Seating,arm_type,adjustable,single,0.6028313106348281,0.11764705882352941,0.0,8,0,68,29,0.01225,False,-0.11764705882352941,0.002161764705882353
Furniture > Chairs & Seating > Kids Seating,arm_type,armless,single,0.6028313106348281,0.7941176470588235,0.034482758620689655,54,1,68,29,0.0,False,-0.7596348884381339,0.0
Furniture > Chairs & Seating > Kids Seating,arm_type,fixed,single,0.6028313106348281,0.08823529411764706,0.9655172413793104,6,28,68,29,1.0,False,0.8772819472616633,1.0
Furniture > Chairs & Seating > Kids Seating,base_type,casters,single,0.0254041661816163,0.23529411764705882,0.4166666666666667,4,5,17,12,0.85125,False,0.18137254901960786,0.784485294117647
Furniture > Chairs & Seating > Kids Seating,base_type,legs,single,0.0254041661816163,0.7058823529411765,0.5833333333333334,12,7,17,12,0.2478,False,-0.12254901960784315,0.041299999999999996
Furniture > Chairs & Seating > Kids Seating,base_type,sled,single,0.0254041661816163,0.058823529411764705,0.0,1,0,17,12,0.23995,False,-0.058823529411764705,0.06586862745098039
Furniture > Chairs & Seating > Kids Seating,swivel,no,single,0.0018432183987527823,0.9444444444444444,0.9637681159420289,68,133,72,138,0.753,True,0.019323671497584516,0.4724705882352941
Furniture > Chairs & Seating > Kids Seating,swivel,yes,single,0.0018432183987527823,0.05555555555555555,0.036231884057971016,4,5,72,138,0.2482,True,-0.019323671497584537,0.09368333333333333
Furniture > Chairs & Seating > Kids Seating,height_adjustable,no,single,0.04702138215679401,0.8055555555555556,0.9637681159420289,58,133,72,138,0.99985,True,0.15821256038647336,0.8822205882352941
Furniture > Chairs & Seating > Kids Seating,height_adjustable,yes,single,0.04702138215679401,0.19444444444444445,0.036231884057971016,14,5,72,138,0.0,True,-0.15821256038647344,0.0
Furniture > Chairs & Seating > Kids Seating,recline_tilt,no,single,0.049771350465545976,0.8472222222222222,0.9855072463768116,61,136,72,138,1.0,True,0.13828502415458943,0.8725490196078431
Furniture > Chairs & Seating > Kids Seating,recline_tilt,yes,single,0.049771350465545976,0.1527777777777778,0.014492753623188406,11,2,72,138,5e-05,True,-0.13828502415458938,6.372549019607843e-06
Furniture > Chairs & Seating > Kids Seating,stack_fold,folding,single,0.28583677444515015,0.16666666666666666,0.8181818181818182,3,9,18,11,0.9998,False,0.6515151515151516,0.9899980392156863
Furniture > Chairs & Seating > Kids Seating,stack_fold,stacking,single,0.28583677444515015,0.8333333333333334,0.18181818181818182,15,2,18,11,0.0002,False,-0.6515151515151516,1.96078431372549e-06
Furniture > Chairs & Seating > Kids Seating,lumbar,no,single,0.001675383598459524,0.9722222222222222,0.9492753623188406,70,131,72,138,0.2279,True,-0.022946859903381633,0.08266960784313725
Furniture > Chairs & Seating > Kids Seating,lumbar,yes,single,0.001675383598459524,0.027777777777777776,0.050724637681159424,2,7,72,138,0.77825,True,0.022946859903381647,0.5035735294117647
Furniture > Chairs & Seating > Kids Seating,headrest,no,single,0.03266145765989483,0.9027777777777778,0.9927536231884058,65,137,72,138,0.9994,False,0.08997584541062797,0.7936411764705882
Furniture > Chairs & Seating > Kids Seating,headrest,yes,single,0.03266145765989483,0.09722222222222222,0.007246376811594203,7,1,72,138,0.00075,False,-0.08997584541062802,0.00014705882352941178
Furniture > Chairs & Seating > Kids Seating,aesthetic_tags,cozy/plush,multi,0.1280807352589154,0.125,0.5,9,69,72,138,1.0,False,0.375,0.9509803921568627
Furniture > Chairs & Seating > Kids Seating,aesthetic_tags,curved/organic,multi,0.1280807352589154,0.16666666666666666,0.15942028985507245,12,22,72,138,0.4418,False,-0.007246376811594207,0.20357450980392156
Furniture > Chairs & Seating > Kids Seating,aesthetic_tags,luxe,multi,0.1280807352589154,0.0,0.13768115942028986,0,19,72,138,1.0,False,0.13768115942028986,0.8627450980392157
Furniture > Chairs & Seating > Kids Seating,aesthetic_tags,natural/woven,multi,0.1280807352589154,0.0,0.007246376811594203,0,1,72,138,0.69645,False,0.007246376811594203,0.3516389705882353
Furniture > Chairs & Seating > Kids Seating,aesthetic_tags,playful/colourful,multi,0.1280807352589154,0.1111111111111111,0.10144927536231885,8,14,72,138,0.40465,False,-0.009661835748792258,0.18248921568627452
Furniture > Chairs & Seating > Kids Seating,aesthetic_tags,retro/vintage,multi,0.1280807352589154,0.0,0.028985507246376812,0,4,72,138,0.9439,False,0.028985507246376812,0.6292666666666666
Furniture > Chairs & Seating > Kids Seating,aesthetic_tags,sleek/minimal,multi,0.1280807352589154,0.013888888888888888,0.06521739130434782,1,9,72,138,0.96015,False,0.051328502415458936,0.6965794117647058
Furniture > Chairs & Seating > Kids Seating,aesthetic_tags,statement,multi,0.1280807352589154,0.0,0.014492753623188406,0,2,72,138,0.83285,False,0.014492753623188406,0.46541617647058825
Furniture > Chairs & Seating > Kids Seating,aesthetic_tags,textured,multi,0.1280807352589154,0.06944444444444445,0.050724637681159424,5,7,72,138,0.2848,False,-0.018719806763285024,0.11168627450980392
Furniture > Chairs & Seating > Kids Seating,aesthetic_tags,tufted,multi,0.1280807352589154,0.0,0.043478260869565216,0,6,72,138,0.97855,False,0.043478260869565216,0.6907411764705883
Furniture > Chairs & Seating > Kids Seating,use_context,breakroom/dining,multi,0.198090263897063,0.05555555555555555,0.036231884057971016,4,5,72,138,0.2553,False,-0.019323671497584537,0.09636323529411765
Furniture > Chairs & Seating > Kids Seating,use_context,corporate office,multi,0.198090263897063,0.027777777777777776,0.043478260869565216,2,6,72,138,0.7026,False,0.01570048309178744,0.41673823529411763
Furniture > Chairs & Seating > Kids Seating,use_context,education,multi,0.198090263897063,0.6388888888888888,0.2536231884057971,46,35,72,138,0.0,False,-0.3852657004830917,0.0
Furniture > Chairs & Seating > Kids Seating,use_context,gaming,multi,0.198090263897063,0.013888888888888888,0.17391304347826086,1,24,72,138,0.99985,False,0.16002415458937197,0.8969242647058824
Furniture > Chairs & Seating > Kids Seating,use_context,healthcare,multi,0.198090263897063,0.0,0.007246376811594203,0,1,72,138,0.70525,False,0.007246376811594203,0.35608210784313726
Furniture > Chairs & Seating > Kids Seating,use_context,home office,multi,0.198090263897063,0.0,0.014492753623188406,0,2,72,138,0.83015,False,0.014492753623188406,0.4639073529411765
Furniture > Chairs & Seating > Kids Seating,use_context,hospitality/events,multi,0.198090263897063,0.027777777777777776,0.0,2,0,72,138,0.02625,False,-0.027777777777777776,0.008749999999999999
Furniture > Chairs & Seating > Kids Seating,use_context,kids/teen,multi,0.198090263897063,0.7916666666666666,0.32608695652173914,57,45,72,138,0.0,False,-0.4655797101449275,0.0
Furniture > Chairs & Seating > Kids Seating,use_context,outdoor,multi,0.198090263897063,0.027777777777777776,0.043478260869565216,2,6,72,138,0.70355,False,0.01570048309178744,0.4173017156862745
Furniture > Chairs & Seating > Kids Seating,use_context,residential living,multi,0.198090263897063,0.08333333333333333,0.5289855072463768,6,73,72,138,1.0,False,0.4456521739130435,0.9607843137254902
Furniture > Chairs & Seating > Kids Seating,end_user_segment,big & tall,multi,0.15148963330258577,0.013888888888888888,0.014492753623188406,1,2,72,138,0.4837,False,0.0006038647342995179,0.23236568627450982
Furniture > Chairs & Seating > Kids Seating,end_user_segment,gamers,multi,0.15148963330258577,0.013888888888888888,0.17391304347826086,1,24,72,138,0.9999,False,0.16002415458937197,0.8969691176470589
Furniture > Chairs & Seating > Kids Seating,end_user_segment,kids,multi,0.15148963330258577,0.7916666666666666,0.3115942028985507,57,43,72,138,0.0,False,-0.4800724637681159,0.0
Furniture > Chairs & Seating > Kids Seating,end_user_segment,remote workers,multi,0.15148963330258577,0.0,0.014492753623188406,0,2,72,138,0.8365,False,0.014492753623188406,0.4674558823529412
Furniture > Chairs & Seating > Kids Seating,end_user_segment,students,multi,0.15148963330258577,0.18055555555555555,0.028985507246376812,13,4,72,138,5e-05,False,-0.15157004830917875,5.882352941176471e-06
Furniture > Chairs & Seating > Kids Seating,end_user_segment,teens,multi,0.15148963330258577,0.041666666666666664,0.014492753623188406,3,2,72,138,0.1101,False,-0.027173913043478257,0.03777941176470588
Furniture > Chairs & Seating > Kids Seating,key_benefits,comfort,multi,0.19899371736621338,0.1388888888888889,0.3115942028985507,10,43,72,138,0.99775,False,0.17270531400966183,0.9097132352941176
Furniture > Chairs & Seating > Kids Seating,key_benefits,commercial-grade,multi,0.19899371736621338,0.3472222222222222,0.021739130434782608,25,3,72,138,0.0,False,-0.3254830917874396,0.0
Furniture > Chairs & Seating > Kids Seating,key_benefits,easy-clean,multi,0.19899371736621338,0.2222222222222222,0.13768115942028986,16,19,72,138,0.0611,False,-0.08454106280193235,0.012579411764705882
Furniture > Chairs & Seating > Kids Seating,key_benefits,ergonomic,multi,0.19899371736621338,0.1111111111111111,0.18115942028985507,8,25,72,138,0.90815,False,0.07004830917874397,0.6855642156862745
Furniture > Chairs & Seating > Kids Seating,key_benefits,space-saving,multi,0.19899371736621338,0.05555555555555555,0.057971014492753624,4,8,72,138,0.5176,False,0.0024154589371980714,0.2537254901960784
Furniture > Chairs & Seating > Kids Seating,key_benefits,sustainable,multi,0.19899371736621338,0.09722222222222222,0.014492753623188406,7,2,72,138,0.00335,False,-0.08272946859903382,0.0007225490196078432
Furniture > Chairs & Seating > Office Chairs > Computer and Desk,colour_family,beige/cream,single,0.0970636793456158,0.075,0.12280701754385964,6,28,80,228,0.87935,False,0.047807017543859645,0.6757967592592592
Furniture > Chairs & Seating > Office Chairs > Computer and Desk,colour_family,black,single,0.0970636793456158,0.4875,0.2412280701754386,39,55,80,228,0.0,False,-0.2462719298245614,0.0
Furniture > Chairs & Seating > Office Chairs > Computer and Desk,colour_family,blue,single,0.0970636793456158,0.1125,0.03508771929824561,9,8,80,228,0.00615,False,-0.07741228070175439,0.0012527777777777778
Furniture > Chairs & Seating > Office Chairs > Computer and Desk,colour_family,brown/wood,single,0.0970636793456158,0.05,0.039473684210526314,4,9,80,228,0.33625,False,-0.01052631578947369,0.12609375
Furniture > Chairs & Seating > Office Chairs > Computer and Desk,colour_family,clear,single,0.0970636793456158,0.0,0.0043859649122807015,0,1,80,228,0.61625,False,0.0043859649122807015,0.3024189814814815
Furniture > Chairs & Seating > Office Chairs > Computer and Desk,colour_family,green,single,0.0970636793456158,0.025,0.03070175438596491,2,7,80,228,0.5856,False,0.005701754385964909,0.2982222222222223
Furniture > Chairs & Seating > Office Chairs > Computer and Desk,colour_family,grey,single,0.0970636793456158,0.1625,0.16666666666666666,13,38,80,228,0.52635,False,0.004166666666666652,0.2509909722222222
Furniture > Chairs & Seating > Office Chairs > Computer and Desk,colour_family,metallic,single,0.0970636793456158,0.0,0.03508771929824561,0,8,80,228,0.9753,False,0.03508771929824561,0.7179291666666667
Furniture > Chairs & Seating > Office Chairs > Computer and Desk,colour_family,purple,single,0.0970636793456158,0.0,0.008771929824561403,0,2,80,228,0.7564,False,0.008771929824561403,0.42722592592592584
Furniture > Chairs & Seating > Office Chairs > Computer and Desk,colour_family,red/pink,single,0.0970636793456158,0.0375,0.13157894736842105,3,30,80,228,0.99465,False,0.09407894736842104,0.8104555555555555
Furniture > Chairs & Seating > Office Chairs > Computer and Desk,colour_family,white,single,0.0970636793456158,0.05,0.15789473684210525,4,36,80,228,0.9954,False,0.10789473684210525,0.8755833333333333
Furniture > Chairs & Seating > Office Chairs > Computer and Desk,colour_family,yellow/orange,single,0.0970636793456158,0.0,0.02631578947368421,0,6,80,228,0.9517,False,0.02631578947368421,0.6609027777777777
Furniture > Chairs & Seating > Office Chairs > Computer and Desk,colour_tone,bold,single,0.06316481893544944,0.175,0.2324561403508772,14,53,80,228,0.86155,False,0.057456140350877205,0.6780717592592593
Furniture > Chairs & Seating > Office Chairs > Computer and Desk,colour_tone,dark-neutral,single,0.06316481893544944,0.4875,0.2412280701754386,39,55,80,228,0.0,False,-0.2462719298245614,0.0
Furniture > Chairs & Seating > Office Chairs > Computer and Desk,colour_tone,light-neutral,single,0.06316481893544944,0.125,0.2850877192982456,10,65,80,228,0.99875,False,0.1600877192982456,0.9432638888888889
Furniture > Chairs & Seating > Office Chairs > Computer and Desk,colour_tone,metallic,single,0.06316481893544944,0.0,0.03508771929824561,0,8,80,228,0.9765,False,0.03508771929824561,0.7188125000000001
Furniture > Chairs & Seating > Office Chairs > Computer and Desk,colour_tone,mid-neutral,single,0.06316481893544944,0.1625,0.16666666666666666,13,38,80,228,0.52195,False,0.004166666666666652,0.2488928240740741
Furniture > Chairs & Seating > Office Chairs > Computer and Desk,colour_tone,warm-neutral,single,0.06316481893544944,0.05,0.039473684210526314,4,9,80,228,0.3276,False,-0.01052631578947369,0.12285
Furniture > Chairs & Seating > Office Chairs > Computer and Desk,material_class,bonded leather,single,0.1933339716891489,0.1125,0.0,9,0,80,213,0.0,True,-0.1125,0.0
Furniture > Chairs & Seating > Office Chairs > Computer and Desk,material_class,boucle,single,0.1933339716891489,0.0,0.04225352112676056,0,9,80,213,0.9862,True,0.04225352112676056,0.7396499999999999
Furniture > Chairs & Seating > Office Chairs > Computer and Desk,material_class,fabric,single,0.1933339716891489,0.525,0.215962441314554,42,46,80,213,0.0,True,-0.309037558685446,0.0
Furniture > Chairs & Seating > Office Chairs > Computer and Desk,material_class,faux leather,single,0.1933339716891489,0.125,0.15023474178403756,10,32,80,213,0.7047,True,0.025234741784037562,0.48285
Furniture > Chairs & Seating > Office Chairs > Computer and Desk,material_class,leather,single,0.1933339716891489,0.0375,0.08450704225352113,3,18,80,213,0.922,True,0.04700704225352113,0.7000370370370371
Furniture > Chairs & Seating > Office Chairs > Computer and Desk,material_class,mesh,single,0.1933339716891489,0.0875,0.2347417840375587,7,50,80,213,0.9988,True,0.1472417840375587,0.934062962962963
Furniture > Chairs & Seating > Office Chairs > Computer and Desk,material_class,metal,single,0.1933339716891489,0.0125,0.1267605633802817,1,27,80,213,0.9997,True,0.11426056338028169,0.8978787037037037
Furniture > Chairs & Seating > Office Chairs > Computer and Desk,material_class,plastic,single,0.1933339716891489,0.0,0.023474178403755867,0,5,80,213,0.9341,True,0.023474178403755867,0.6313824074074075
Furniture > Chairs & Seating > Office Chairs > Computer and Desk,material_class,velvet,single,0.1933339716891489,0.0625,0.0892018779342723,5,19,80,213,0.7646,True,0.026701877934272297,0.5380518518518518
Furniture > Chairs & Seating > Office Chairs > Computer and Desk,material_class,vinyl,single,0.1933339716891489,0.0375,0.0,3,0,80,213,0.00345,True,-0.0375,0.0009902777777777779
Furniture > Chairs & Seating > Office Chairs > Computer and Desk,material_class,wicker/rattan,single,0.1933339716891489,0.0,0.004694835680751174,0,1,80,213,0.63125,True,0.004694835680751174,0.315625
Furniture > Chairs & Seating > Office Chairs > Computer and Desk,material_class,wood,single,0.1933339716891489,0.0,0.028169014084507043,0,6,80,213,0.95625,True,0.028169014084507043,0.6817708333333333
Furniture > Chairs & Seating > Office Chairs > Computer and Desk,style_family,boho/coastal,single,0.09446787280223823,0.058823529411764705,0.004016064257028112,4,1,68,249,0.0018,False,-0.05480746515473659,0.0004666666666666666
Furniture > Chairs & Seating > Office Chairs > Computer and Desk,style_family,contemporary,single,0.09446787280223823,0.36764705882352944,0.4979919678714859,25,124,68,249,0.9712,False,0.13034490904795648,0.8812740740740741
Furniture > Chairs & Seating > Office Chairs > Computer and Desk,style_family,farmhouse/rustic,single,0.09446787280223823,0.014705882352941176,0.0,1,0,68,249,0.04665,False,-0.014705882352941176,0.016413888888888888
Furniture > Chairs & Seating > Office Chairs > Computer and Desk,style_family,gaming,single,0.09446787280223823,0.058823529411764705,0.17269076305220885,4,43,68,249,0.9949,False,0.11386723364044414,0.8843555555555556
Furniture > Chairs & Seating > Office Chairs > Computer and Desk,style_family,glam,single,0.09446787280223823,0.0,0.020080321285140562,0,5,68,249,0.88835,False,0.020080321285140562,0.5593314814814815
Furniture > Chairs & Seating > Office Chairs > Computer and Desk,style_family,industrial,single,0.09446787280223823,0.014705882352941176,0.004016064257028112,1,1,68,249,0.1514,False,-0.010689818095913064,0.054672222222222226
Furniture > Chairs & Seating > Office Chairs > Computer and Desk,style_family,mid-century,single,0.09446787280223823,0.08823529411764706,0.020080321285140562,6,5,68,249,0.00545,False,-0.0681549728325065,0.001160648148148148
Furniture > Chairs & Seating > Office Chairs > Computer and Desk,style_family,minimalist,single,0.09446787280223823,0.04411764705882353,0.008032128514056224,3,2,68,249,0.02535,False,-0.03608551854476731,0.007511111111111111
Furniture > Chairs & Seating > Office Chairs > Computer and Desk,style_family,modern,single,0.09446787280223823,0.23529411764705882,0.21285140562248997,16,53,68,249,0.3386,False,-0.02244271202456885,0.11600185185185187
Furniture > Chairs & Seating > Office Chairs > Computer and Desk,style_family,scandinavian,single,0.09446787280223823,0.04411764705882353,0.012048192771084338,3,3,68,249,0.05135,False,-0.03206945428773919,0.01569027777777778
Furniture > Chairs & Seating > Office Chairs > Computer and Desk,style_family,traditional,single,0.09446787280223823,0.07352941176470588,0.04819277108433735,5,12,68,249,0.1907,False,-0.025336640680368533,0.06003518518518519
Furniture > Chairs & Seating > Office Chairs > Computer and Desk,size_class,compact,single,0.1781769922536321,0.10810810810810811,0.5714285714285714,8,20,74,35,1.0,False,0.4633204633204633,1.0
Furniture > Chairs & Seating > Office Chairs > Computer and Desk,size_class,standard,single,0.1781769922536321,0.8918918918918919,0.42857142857142855,66,15,74,35,0.0,False,-0.46332046332046334,0.0
Furniture > Chairs & Seating > Office Chairs > Computer and Desk,form_factor,accent,single,0.0425330395901818,0.01282051282051282,0.02464788732394366,1,7,78,284,0.71635,False,0.01182737450343084,0.4245037037037037
Furniture > Chairs & Seating > Office Chairs > Computer and Desk,form_factor,executive,single,0.0425330395901818,0.0641025641025641,0.02464788732394366,5,7,78,284,0.0486,False,-0.03945467677862044,0.0135
Furniture > Chairs & Seating > Office Chairs > Computer and Desk,form_factor,gaming,single,0.0425330395901818,0.0,0.08450704225352113,0,24,78,284,0.99945,False,0.08450704225352113,0.7958583333333332
Furniture > Chairs & Seating > Office Chairs > Computer and Desk,form_factor,guest,single,0.0425330395901818,0.0,0.007042253521126761,0,2,78,284,0.70975,False,0.007042253521126761,0.3910196759259259
Furniture > Chairs & Seating > Office Chairs > Computer and Desk,form_factor,kids,single,0.0425330395901818,0.0,0.007042253521126761,0,2,78,284,0.7104,False,0.007042253521126761,0.3913777777777778
Furniture > Chairs & Seating > Office Chairs > Computer and Desk,form_factor,ottoman,single,0.0425330395901818,0.0,0.01056338028169014,0,3,78,284,0.79655,False,0.01056338028169014,0.4646541666666667
Furniture > Chairs & Seating > Office Chairs > Computer and Desk,form_factor,recliner,single,0.0425330395901818,0.01282051282051282,0.0035211267605633804,1,1,78,284,0.15655,False,-0.00929938605994944,0.060880555555555556
Furniture > Chairs & Seating > Office Chairs > Computer and Desk,form_factor,sofa,single,0.0425330395901818,0.0,0.014084507042253521,0,4,78,284,0.85185,False,0.014084507042253521,0.5126875
Furniture > Chairs & Seating > Office Chairs > Computer and Desk,form_factor,stool,single,0.0425330395901818,0.0,0.0035211267605633804,0,1,78,284,0.5751,False,0.0035211267605633804,0.26625
Furniture > Chairs & Seating > Office Chairs > Computer and Desk,form_factor,task,single,0.0425330395901818,0.9102564102564102,0.8204225352112676,71,233,78,284,0.02265,False,-0.08983387504514262,0.004194444444444444
Furniture > Chairs & Seating > Office Chairs > Computer and Desk,arm_type,adjustable,single,0.09118220966866795,0.3375,0.08029197080291971,27,11,80,137,0.0,False,-0.2572080291970803,0.0
Furniture > Chairs & Seating > Office Chairs > Computer and Desk,arm_type,armless,single,0.09118220966866795,0.1875,0.13138686131386862,15,18,80,137,0.13275,False,-0.05611313868613138,0.03195833333333333
Furniture > Chairs & Seating > Office Chairs > Computer and Desk,arm_type,fixed,single,0.09118220966866795,0.475,0.7883211678832117,38,108,80,137,1.0,False,0.31332116788321174,0.9629629629629629
Furniture > Chairs & Seating > Office Chairs > Computer and Desk,base_type,casters,single,0.016618695515754067,0.9605263157894737,0.8731343283582089,73,117,76,134,0.0148,False,-0.08739198743126475,0.002877777777777778
Furniture > Chairs & Seating > Office Chairs > Computer and Desk,base_type,legs,single,0.016618695515754067,0.039473684210526314,0.12686567164179105,3,17,76,134,0.9851,False,0.08739198743126474,0.7935527777777778
Furniture > Chairs & Seating > Office Chairs > Computer and Desk,swivel,no,single,0.05788307683327551,0.15,0.40484429065743943,12,117,80,289,1.0,True,0.2548442906574394,0.9537037037037037
Furniture > Chairs & Seating > Office Chairs > Computer and Desk,swivel,yes,single,0.05788307683327551,0.85,0.5951557093425606,68,172,80,289,0.0,True,-0.2548442906574394,0.0
Furniture > Chairs & Seating > Office Chairs > Computer and Desk,height_adjustable,no,single,0.1636663459448059,0.15,0.6055363321799307,12,175,80,289,1.0,True,0.4555363321799307,0.9907407407407407
Furniture > Chairs & Seating > Office Chairs > Computer and Desk,height_adjustable,yes,single,0.1636663459448059,0.85,0.3944636678200692,68,114,80,289,0.0,True,-0.4555363321799308,0.0
Furniture > Chairs & Seating > Office Chairs > Computer and Desk,recline_tilt,no,single,0.08843987753692986,0.275,0.6228373702422145,22,180,80,289,1.0,True,0.3478373702422145,0.9722222222222222
Furniture > Chairs & Seating > Office Chairs > Computer and Desk,recline_tilt,yes,single,0.08843987753692986,0.725,0.3771626297577855,58,109,80,289,0.0,True,-0.3478373702422145,0.0
Furniture > Chairs & Seating > Office Chairs > Computer and Desk,stack_fold,folding,single,0.015123414465161564,1.0,0.9,1,9,1,10,0.57615,False,-0.09999999999999998,0.10135972222222224
Furniture > Chairs & Seating > Office Chairs > Computer and Desk,stack_fold,stacking,single,0.015123414465161564,0.0,0.1,0,1,1,10,0.42355,False,0.1,0.3529583333333333
Furniture > Chairs & Seating > Office Chairs > Computer and Desk,lumbar,no,single,0.00882891319226084,0.6125,0.7162629757785467,49,207,80,289,0.96035,True,0.10376297577854665,0.8269680555555556
Furniture > Chairs & Seating > Office Chairs > Computer and Desk,lumbar,yes,single,0.00882891319226084,0.3875,0.2837370242214533,31,82,80,289,0.0384,True,-0.1037629757785467,0.006044444444444444
Furniture > Chairs & Seating > Office Chairs > Computer and Desk,headrest,no,single,0.01201692831358242,0.75,0.8512110726643599,60,246,80,289,0.9793,False,0.10121107266435991,0.8251509259259259
Furniture > Chairs & Seating > Office Chairs > Computer and Desk,headrest,yes,single,0.01201692831358242,0.25,0.14878892733564014,20,43,80,289,0.0189,False,-0.10121107266435986,0.00315
Furniture > Chairs & Seating > Office Chairs > Computer and Desk,back_height,high,single,0.09703080967136138,0.38235294117647056,0.75,13,45,34,60,0.99985,False,0.36764705882352944,0.9813342592592593
Furniture > Chairs & Seating > Office Chairs > Computer and Desk,back_height,low,single,0.09703080967136138,0.11764705882352941,0.05,4,3,34,60,0.1162,False,-0.06764705882352941,0.02582222222222222
Furniture > Chairs & Seating > Office Chairs > Computer and Desk,back_height,mid,single,0.09703080967136138,0.5,0.2,17,12,34,60,0.00165,False,-0.3,9.166666666666667e-05
Furniture > Chairs & Seating > Office Chairs > Computer and Desk,aesthetic_tags,channel-tufted,multi,0.02940622947700107,0.025,0.0,2,0,80,289,0.0076,False,-0.025,0.002462962962962963
Furniture > Chairs & Seating > Office Chairs > Computer and Desk,aesthetic_tags,cozy/plush,multi,0.02940622947700107,0.3625,0.18685121107266436,29,54,80,289,0.00065,False,-0.17564878892733563,8.425925925925925e-05
Furniture > Chairs & Seating > Office Chairs > Computer and Desk,aesthetic_tags,curved/organic,multi,0.02940622947700107,0.1875,0.12110726643598616,15,35,80,289,0.06715,False,-0.06639273356401384,0.015543981481481482
Furniture > Chairs & Seating > Office Chairs > Computer and Desk,aesthetic_tags,luxe,multi,0.02940622947700107,0.4125,0.15916955017301038,33,46,80,289,0.0,False,-0.2533304498269896,0.0
Furniture > Chairs & Seating > Office Chairs > Computer and Desk,aesthetic_tags,metal-accent,multi,0.02940622947700107,0.0125,0.01384083044982699,1,4,80,289,0.49005,False,0.0013408304498269893,0.21099375
Furniture > Chairs & Seating > Office Chairs > Computer and Desk,aesthetic_tags,nailhead,multi,0.02940622947700107,0.0,0.006920415224913495,0,2,80,289,0.7123,False,0.006920415224913495,0.37593611111111114
Furniture > Chairs & Seating > Office Chairs > Computer and Desk,aesthetic_tags,natural/woven,multi,0.02940622947700107,0.0,0.01730103806228374,0,5,80,289,0.8933,False,0.01730103806228374,0.5541768518518518
Furniture > Chairs & Seating > Office Chairs > Computer and Desk,aesthetic_tags,playful/colourful,multi,0.02940622947700107,0.0375,0.05190311418685121,3,15,80,289,0.68315,False,0.01440311418685121,0.41748055555555563
Furniture > Chairs & Seating > Office Chairs > Computer and Desk,aesthetic_tags,retro/vintage,multi,0.02940622947700107,0.0125,0.01384083044982699,1,4,80,289,0.49125,False,0.0013408304498269893,0.2115104166666667
Furniture > Chairs & Seating > Office Chairs > Computer and Desk,aesthetic_tags,sleek/minimal,multi,0.02940622947700107,0.1625,0.11764705882352941,13,34,80,289,0.14545,False,-0.044852941176470595,0.039056018518518525
Furniture > Chairs & Seating > Office Chairs > Computer and Desk,aesthetic_tags,statement,multi,0.02940622947700107,0.0625,0.03806228373702422,5,11,80,289,0.1713,False,-0.024437716262975778,0.0571
Furniture > Chairs & Seating > Office Chairs > Computer and Desk,aesthetic_tags,textured,multi,0.02940622947700107,0.0,0.006920415224913495,0,2,80,289,0.70925,False,0.006920415224913495,0.3743263888888889
Furniture > Chairs & Seating > Office Chairs > Computer and Desk,aesthetic_tags,tufted,multi,0.02940622947700107,0.05,0.04152249134948097,4,12,80,289,0.35825,False,-0.008477508650519036,0.1459537037037037
Furniture > Chairs & Seating > Office Chairs > Computer and Desk,use_context,breakroom/dining,multi,0.10438209771901465,0.0375,0.03806228373702422,3,11,80,289,0.48495,False,0.0005622837370242231,0.2020625
Furniture > Chairs & Seating > Office Chairs > Computer and Desk,use_context,corporate office,multi,0.10438209771901465,0.7375,0.356401384083045,59,103,80,289,0.0,False,-0.38109861591695504,0.0
Furniture > Chairs & Seating > Office Chairs > Computer and Desk,use_context,education,multi,0.10438209771901465,0.0125,0.03460207612456748,1,10,80,289,0.85285,False,0.022102076124567476,0.5646182870370371
Furniture > Chairs & Seating > Office Chairs > Computer and Desk,use_context,gaming,multi,0.10438209771901465,0.0,0.13494809688581316,0,39,80,289,1.0,False,0.13494809688581316,0.9212962962962963
Furniture > Chairs & Seating > Office Chairs > Computer and Desk,use_context,healthcare,multi,0.10438209771901465,0.0,0.0034602076124567475,0,1,80,289,0.5728,False,0.0034602076124567475,0.25722962962962964
Furniture > Chairs & Seating > Office Chairs > Computer and Desk,use_context,home office,multi,0.10438209771901465,0.2625,0.36678200692041524,21,106,80,289,0.9601,False,0.10428200692041523,0.8356425925925925
Furniture > Chairs & Seating > Office Chairs > Computer and Desk,use_context,hospitality/events,multi,0.10438209771901465,0.0,0.020761245674740483,0,6,80,289,0.92135,False,0.020761245674740483,0.592905787037037
Furniture > Chairs & Seating > Office Chairs > Computer and Desk,use_context,kids/teen,multi,0.10438209771901465,0.0125,0.03460207612456748,1,10,80,289,0.85185,False,0.022102076124567476,0.56395625
Furniture > Chairs & Seating > Office Chairs > Computer and Desk,use_context,outdoor,multi,0.10438209771901465,0.0,0.0034602076124567475,0,1,80,289,0.5689,False,0.0034602076124567475,0.2554782407407407
Furniture > Chairs & Seating > Office Chairs > Computer and Desk,use_context,reception/lobby,multi,0.10438209771901465,0.0,0.020761245674740483,0,6,80,289,0.92375,False,0.020761245674740483,0.5944502314814815
Furniture > Chairs & Seating > Office Chairs > Computer and Desk,use_context,residential living,multi,0.10438209771901465,0.1125,0.21453287197231835,9,62,80,289,0.98295,False,0.10203287197231835,0.8373277777777778
Furniture > Chairs & Seating > Office Chairs > Computer and Desk,end_user_segment,big & tall,multi,0.11253622281022893,0.025,0.03460207612456748,2,10,80,289,0.65105,False,0.009602076124567475,0.37375092592592596
Furniture > Chairs & Seating > Office Chairs > Computer and Desk,end_user_segment,gamers,multi,0.11253622281022893,0.0,0.13494809688581316,0,39,80,289,1.0,False,0.13494809688581316,0.9212962962962963
Furniture > Chairs & Seating > Office Chairs > Computer and Desk,end_user_segment,kids,multi,0.11253622281022893,0.0,0.031141868512110725,0,9,80,289,0.9652,False,0.031141868512110725,0.6970888888888889
Furniture > Chairs & Seating > Office Chairs > Computer and Desk,end_user_segment,remote workers,multi,0.11253622281022893,0.25,0.3460207612456747,20,100,80,289,0.94825,False,0.09602076124567471,0.7814282407407408
Furniture > Chairs & Seating > Office Chairs > Computer and Desk,end_user_segment,students,multi,0.11253622281022893,0.0,0.006920415224913495,0,2,80,289,0.71175,False,0.006920415224913495,0.37564583333333335
Furniture > Chairs & Seating > Office Chairs > Computer and Desk,end_user_segment,teens,multi,0.11253622281022893,0.0125,0.0034602076124567475,1,1,80,289,0.1637,False,-0.009039792387543252,0.06517685185185186
Furniture > Chairs & Seating > Office Chairs > Computer and Desk,key_benefits,comfort,multi,0.1619239387594768,0.5,0.28719723183391005,40,83,80,289,0.00025,False,-0.21280276816608995,3.009259259259259e-05
Furniture > Chairs & Seating > Office Chairs > Computer and Desk,key_benefits,commercial-grade,multi,0.1619239387594768,0.825,0.0657439446366782,66,19,80,289,0.0,False,-0.7592560553633217,0.0
Furniture > Chairs & Seating > Office Chairs > Computer and Desk,key_benefits,easy-clean,multi,0.1619239387594768,0.05,0.10380622837370242,4,30,80,289,0.9363,False,0.053806228373702414,0.7282333333333334
Furniture > Chairs & Seating > Office Chairs > Computer and Desk,key_benefits,ergonomic,multi,0.1619239387594768,0.725,0.5743944636678201,58,166,80,289,0.0056,False,-0.15060553633217988,0.0007777777777777778
Furniture > Chairs & Seating > Office Chairs > Computer and Desk,key_benefits,space-saving,multi,0.1619239387594768,0.1,0.04498269896193772,8,13,80,289,0.0379,False,-0.05501730103806229,0.009475
Furniture > Chairs & Seating > Office Chairs > Computer and Desk,key_benefits,sustainable,multi,0.1619239387594768,0.225,0.0,18,0,80,289,0.0,False,-0.225,0.0
Furniture > Chairs & Seating > Office Chairs > Executive,colour_family,beige/cream,single,0.06489243670676413,0.06914893617021277,0.10723192019950124,13,43,188,401,0.9319,False,0.038082984029288475,0.7050026086956521
Furniture > Chairs & Seating > Office Chairs > Executive,colour_family,black,single,0.06489243670676413,0.4946808510638298,0.2718204488778055,93,109,188,401,0.0,False,-0.22286040218602432,0.0
Furniture > Chairs & Seating > Office Chairs > Executive,colour_family,blue,single,0.06489243670676413,0.03723404255319149,0.02743142144638404,7,11,188,401,0.25815,False,-0.00980262110680745,0.07407782608695652
Furniture > Chairs & Seating > Office Chairs > Executive,colour_family,brown/wood,single,0.06489243670676413,0.15425531914893617,0.1596009975062344,29,64,188,401,0.56115,False,0.005345678357298239,0.2756954347826087
Furniture > Chairs & Seating > Office Chairs > Executive,colour_family,clear,single,0.06489243670676413,0.0,0.0024937655860349127,0,1,188,401,0.68,False,0.0024937655860349127,0.2808695652173913
Furniture > Chairs & Seating > Office Chairs > Executive,colour_family,green,single,0.06489243670676413,0.010638297872340425,0.00997506234413965,2,4,188,401,0.44995,False,-0.0006632355282007747,0.1486791304347826
Furniture > Chairs & Seating > Office Chairs > Executive,colour_family,grey,single,0.06489243670676413,0.15425531914893617,0.16458852867830423,29,66,188,401,0.6269,False,0.01033320952936806,0.37886565217391305
Furniture > Chairs & Seating > Office Chairs > Executive,colour_family,metallic,single,0.06489243670676413,0.0,0.05236907730673317,0,21,188,401,0.99995,False,0.05236907730673317,0.8043076086956522
Furniture > Chairs & Seating > Office Chairs > Executive,colour_family,multi/pattern,single,0.06489243670676413,0.0,0.007481296758104738,0,3,188,401,0.8857,False,0.007481296758104738,0.46595521739130435
Furniture > Chairs & Seating > Office Chairs > Executive,colour_family,navy,single,0.06489243670676413,0.0,0.0024937655860349127,0,1,188,401,0.6774,False,0.0024937655860349127,0.27979565217391306
Furniture > Chairs & Seating > Office Chairs > Executive,colour_family,purple,single,0.06489243670676413,0.0,0.017456359102244388,0,7,188,401,0.9836,False,0.017456359102244388,0.658584347826087
Furniture > Chairs & Seating > Office Chairs > Executive,colour_family,red/pink,single,0.06489243670676413,0.02127659574468085,0.059850374064837904,4,24,188,401,0.9848,False,0.03857377832015706,0.7535860869565217
Furniture > Chairs & Seating > Office Chairs > Executive,colour_family,white,single,0.06489243670676413,0.0425531914893617,0.09226932668329177,8,37,188,401,0.9859,False,0.04971613519393007,0.7715739130434783
Furniture > Chairs & Seating > Office Chairs > Executive,colour_family,yellow/orange,single,0.06489243670676413,0.015957446808510637,0.02493765586034913,3,10,188,401,0.746,False,0.008980209051838491,0.42165217391304344
Furniture > Chairs & Seating > Office Chairs > Executive,colour_tone,bold,single,0.057770792252008776,0.0851063829787234,0.1396508728179551,16,56,188,401,0.97365,False,0.0545444898392317,0.8043195652173913
Furniture > Chairs & Seating > Office Chairs > Executive,colour_tone,dark-neutral,single,0.057770792252008776,0.4946808510638298,0.2743142144638404,93,110,188,401,0.0,False,-0.2203666365999894,0.0
Furniture > Chairs & Seating > Office Chairs > Executive,colour_tone,light-neutral,single,0.057770792252008776,0.11170212765957446,0.20199501246882792,21,81,188,401,0.99665,False,0.09029288480925346,0.8839852173913043
Furniture > Chairs & Seating > Office Chairs > Executive,colour_tone,metallic,single,0.057770792252008776,0.0,0.05236907730673317,0,21,188,401,1.0,False,0.05236907730673317,0.8043478260869565
Furniture > Chairs & Seating > Office Chairs > Executive,colour_tone,mid-neutral,single,0.057770792252008776,0.15425531914893617,0.16458852867830423,29,66,188,401,0.629,False,0.01033320952936806,0.3801347826086956
Furniture > Chairs & Seating > Office Chairs > Executive,colour_tone,pattern,single,0.057770792252008776,0.0,0.007481296758104738,0,3,188,401,0.88605,False,0.007481296758104738,0.4661393478260869
Furniture > Chairs & Seating > Office Chairs > Executive,colour_tone,warm-neutral,single,0.057770792252008776,0.15425531914893617,0.1596009975062344,29,64,188,401,0.56055,False,0.005345678357298239,0.275400652173913
Furniture > Chairs & Seating > Office Chairs > Executive,material_class,bonded leather,single,0.26012442251534323,0.3404255319148936,0.007228915662650603,64,3,188,415,0.0,True,-0.333196616252243,0.0
Furniture > Chairs & Seating > Office Chairs > Executive,material_class,boucle,single,0.26012442251534323,0.0,0.01927710843373494,0,8,188,415,0.9876,True,0.01927710843373494,0.6784382608695653
Furniture > Chairs & Seating > Office Chairs > Executive,material_class,fabric,single,0.26012442251534323,0.18085106382978725,0.14216867469879518,34,59,188,415,0.1092,True,-0.03868238913099206,0.025638260869565218
Furniture > Chairs & Seating > Office Chairs > Executive,material_class,faux leather,single,0.26012442251534323,0.22340425531914893,0.3132530120481928,42,130,188,415,0.99065,True,0.08984875672904385,0.8700491304347827
Furniture > Chairs & Seating > Office Chairs > Executive,material_class,glass,single,0.26012442251534323,0.0,0.0024096385542168677,0,1,188,415,0.6711,True,0.0024096385542168677,0.2655221739130435
Furniture > Chairs & Seating > Office Chairs > Executive,material_class,leather,single,0.26012442251534323,0.13297872340425532,0.25542168674698795,25,106,188,415,0.99975,True,0.12244296334273264,0.921508695652174
Furniture > Chairs & Seating > Office Chairs > Executive,material_class,mesh,single,0.26012442251534323,0.06914893617021277,0.04096385542168675,13,17,188,415,0.0735,True,-0.02818508074852602,0.01789565217391304
Furniture > Chairs & Seating > Office Chairs > Executive,material_class,metal,single,0.26012442251534323,0.0,0.08674698795180723,0,36,188,415,1.0,True,0.08674698795180723,0.8608695652173913
Furniture > Chairs & Seating > Office Chairs > Executive,material_class,plastic,single,0.26012442251534323,0.0,0.004819277108433735,0,2,188,415,0.8109,True,0.004819277108433735,0.3878217391304348
Furniture > Chairs & Seating > Office Chairs > Executive,material_class,velvet,single,0.26012442251534323,0.0,0.0891566265060241,0,37,188,415,1.0,True,0.0891566265060241,0.8695652173913043
Furniture > Chairs & Seating > Office Chairs > Executive,material_class,vinyl,single,0.26012442251534323,0.05319148936170213,0.014457831325301205,10,6,188,415,0.0037,True,-0.03873365803640092,0.0008365217391304348
Furniture > Chairs & Seating > Office Chairs > Executive,material_class,wicker/rattan,single,0.26012442251534323,0.0,0.0024096385542168677,0,1,188,415,0.6743,True,0.0024096385542168677,0.2667882608695652
Furniture > Chairs & Seating > Office Chairs > Executive,material_class,wood,single,0.26012442251534323,0.0,0.021686746987951807,0,9,188,415,0.9913,True,0.021686746987951807,0.6896
Furniture > Chairs & Seating > Office Chairs > Executive,style_family,boho/coastal,single,0.06367833906278866,0.0,0.0066815144766146995,0,3,153,449,0.83535,False,0.0066815144766146995,0.42857086956521745
Furniture > Chairs & Seating > Office Chairs > Executive,style_family,contemporary,single,0.06367833906278866,0.6013071895424836,0.48552338530066813,92,218,153,449,0.00575,False,-0.1157838042418155,0.0009499999999999999
Furniture > Chairs & Seating > Office Chairs > Executive,style_family,farmhouse/rustic,single,0.06367833906278866,0.0,0.008908685968819599,0,4,153,449,0.88795,False,0.008908685968819599,0.4941634782608696
Furniture > Chairs & Seating > Office Chairs > Executive,style_family,gaming,single,0.06367833906278866,0.026143790849673203,0.133630289532294,4,60,153,449,1.0,False,0.10748649868262079,0.9130434782608695
Furniture > Chairs & Seating > Office Chairs > Executive,style_family,glam,single,0.06367833906278866,0.006535947712418301,0.024498886414253896,1,11,153,449,0.92955,False,0.017962938701835594,0.6304773913043478
Furniture > Chairs & Seating > Office Chairs > Executive,style_family,industrial,single,0.06367833906278866,0.0392156862745098,0.011135857461024499,6,5,153,449,0.0171,False,-0.028079828813485305,0.004312173913043478
Furniture > Chairs & Seating > Office Chairs > Executive,style_family,mid-century,single,0.06367833906278866,0.013071895424836602,0.028953229398663696,2,13,153,449,0.86535,False,0.015881333973827093,0.5643586956521739
Furniture > Chairs & Seating > Office Chairs > Executive,style_family,minimalist,single,0.06367833906278866,0.026143790849673203,0.0066815144766146995,4,3,153,449,0.0339,False,-0.019462276373058505,0.008843478260869566
Furniture > Chairs & Seating > Office Chairs > Executive,style_family,modern,single,0.06367833906278866,0.13071895424836602,0.21380846325167038,20,96,153,449,0.98935,False,0.08308950900330436,0.8430982608695652
Furniture > Chairs & Seating > Office Chairs > Executive,style_family,scandinavian,single,0.06367833906278866,0.0196078431372549,0.0066815144766146995,3,3,153,449,0.08585,False,-0.012926328660640203,0.023142173913043476
Furniture > Chairs & Seating > Office Chairs > Executive,style_family,traditional,single,0.06367833906278866,0.13725490196078433,0.07349665924276169,21,33,153,449,0.01045,False,-0.06375824271802263,0.00209
Furniture > Chairs & Seating > Office Chairs > Executive,size_class,compact,single,0.14744472551716206,0.08152173913043478,0.47368421052631576,15,18,184,38,1.0,False,0.392162471395881,0.9739130434782609
Furniture > Chairs & Seating > Office Chairs > Executive,size_class,standard,single,0.14744472551716206,0.9184782608695652,0.5263157894736842,169,20,184,38,0.0,False,-0.392162471395881,0.0
Furniture > Chairs & Seating > Office Chairs > Executive,form_factor,accent,single,0.3190216098618633,0.0,0.024691358024691357,0,12,186,486,0.996,False,0.024691358024691357,0.7015304347826087
Furniture > Chairs & Seating > Office Chairs > Executive,form_factor,dining,single,0.3190216098618633,0.0,0.01440329218106996,0,7,186,486,0.97075,False,0.01440329218106996,0.6162152173913044
Furniture > Chairs & Seating > Office Chairs > Executive,form_factor,drafting,single,0.3190216098618633,0.005376344086021506,0.00823045267489712,1,4,186,486,0.62055,False,0.0028541085888756142,0.269804347826087
Furniture > Chairs & Seating > Office Chairs > Executive,form_factor,executive,single,0.3190216098618633,0.9408602150537635,0.3065843621399177,175,149,186,486,0.0,False,-0.6342758529138458,0.0
Furniture > Chairs & Seating > Office Chairs > Executive,form_factor,gaming,single,0.3190216098618633,0.0,0.06378600823045268,0,31,186,486,1.0,False,0.06378600823045268,0.8347826086956521
Furniture > Chairs & Seating > Office Chairs > Executive,form_factor,guest,single,0.3190216098618633,0.0,0.0102880658436214,0,5,186,486,0.93725,False,0.0102880658436214,0.54605
Furniture > Chairs & Seating > Office Chairs > Executive,form_factor,kids,single,0.3190216098618633,0.0,0.00205761316872428,0,1,186,486,0.6382,False,0.00205761316872428,0.2441808695652174
Furniture > Chairs & Seating > Office Chairs > Executive,form_factor,lounge,single,0.3190216098618633,0.0,0.00823045267489712,0,4,186,486,0.9054,False,0.00823045267489712,0.4960017391304347
Furniture > Chairs & Seating > Office Chairs > Executive,form_factor,ottoman,single,0.3190216098618633,0.0,0.0102880658436214,0,5,186,486,0.9379,False,0.0102880658436214,0.5464286956521739
Furniture > Chairs & Seating > Office Chairs > Executive,form_factor,recliner,single,0.3190216098618633,0.0,0.00411522633744856,0,2,186,486,0.77425,False,0.00411522633744856,0.35009565217391303
Furniture > Chairs & Seating > Office Chairs > Executive,form_factor,sofa,single,0.3190216098618633,0.0,0.0102880658436214,0,5,186,486,0.93345,False,0.0102880658436214,0.5438360869565217
Furniture > Chairs & Seating > Office Chairs > Executive,form_factor,stool,single,0.3190216098618633,0.0,0.012345679012345678,0,6,186,486,0.9559,False,0.012345679012345678,0.590164347826087
Furniture > Chairs & Seating > Office Chairs > Executive,form_factor,task,single,0.3190216098618633,0.053763440860215055,0.5246913580246914,10,255,186,486,1.0,False,0.4709279171644763,0.991304347826087
Furniture > Chairs & Seating > Office Chairs > Executive,arm_type,adjustable,single,0.02307651129588376,0.2393617021276596,0.11274509803921569,45,23,188,204,0.0006,False,-0.12661660408844388,9.391304347826087e-05
Furniture > Chairs & Seating > Office Chairs > Executive,arm_type,armless,single,0.02307651129588376,0.015957446808510637,0.04411764705882353,3,9,188,204,0.9481,False,0.028160200250312895,0.6842808695652175
Furniture > Chairs & Seating > Office Chairs > Executive,arm_type,fixed,single,0.02307651129588376,0.7446808510638298,0.8431372549019608,140,172,188,204,0.9918,False,0.09845640383813103,0.8969321739130435
Furniture > Chairs & Seating > Office Chairs > Executive,base_type,casters,single,0.08159095809844047,0.9832402234636871,0.7906976744186046,176,170,179,215,0.0,False,-0.1925425490450825,0.0
Furniture > Chairs & Seating > Office Chairs > Executive,base_type,legs,single,0.08159095809844047,0.0111731843575419,0.20465116279069767,2,44,179,215,1.0,False,0.19347797843315578,0.9391304347826087
Furniture > Chairs & Seating > Office Chairs > Executive,base_type,pedestal,single,0.08159095809844047,0.0,0.004651162790697674,0,1,179,215,0.7911,False,0.004651162790697674,0.36459391304347827
Furniture > Chairs & Seating > Office Chairs > Executive,base_type,sled,single,0.08159095809844047,0.00558659217877095,0.0,1,0,179,215,0.15035,False,-0.00558659217877095,0.04575869565217392
Furniture > Chairs & Seating > Office Chairs > Executive,swivel,no,single,0.06453504181275892,0.18617021276595744,0.4649298597194389,35,232,188,499,1.0,True,0.27875964695348143,0.9565217391304348
Furniture > Chairs & Seating > Office Chairs > Executive,swivel,yes,single,0.06453504181275892,0.8138297872340425,0.5350701402805611,153,267,188,499,0.0,True,-0.27875964695348143,0.0
Furniture > Chairs & Seating > Office Chairs > Executive,height_adjustable,no,single,0.06713781311766583,0.3617021276595745,0.6653306613226453,68,332,188,499,1.0,True,0.3036285336630708,0.9652173913043478
Furniture > Chairs & Seating > Office Chairs > Executive,height_adjustable,yes,single,0.06713781311766583,0.6382978723404256,0.3346693386773547,120,167,188,499,0.0,True,-0.30362853366307085,0.0
Furniture > Chairs & Seating > Office Chairs > Executive,recline_tilt,no,single,0.32635087325097756,0.05319148936170213,0.6633266533066132,10,331,188,499,1.0,True,0.6101351639449111,1.0
Furniture > Chairs & Seating > Office Chairs > Executive,recline_tilt,yes,single,0.32635087325097756,0.9468085106382979,0.3366733466933868,178,168,188,499,0.0,True,-0.6101351639449111,0.0
Furniture > Chairs & Seating > Office Chairs > Executive,lumbar,no,single,0.11820701761928203,0.3404255319148936,0.7394789579158316,64,369,188,499,1.0,True,0.399053426000938,0.9826086956521739
Furniture > Chairs & Seating > Office Chairs > Executive,lumbar,yes,single,0.11820701761928203,0.6595744680851063,0.2605210420841683,124,130,188,499,0.0,True,-0.399053426000938,0.0
Furniture > Chairs & Seating > Office Chairs > Executive,headrest,no,single,0.049038494790469726,0.6968085106382979,0.9018036072144289,131,450,188,499,1.0,False,0.20499509657613102,0.9478260869565217
Furniture > Chairs & Seating > Office Chairs > Executive,headrest,yes,single,0.049038494790469726,0.30319148936170215,0.09819639278557114,57,49,188,499,0.0,False,-0.20499509657613102,0.0
Furniture > Chairs & Seating > Office Chairs > Executive,back_height,high,single,0.03977149231976035,0.6435643564356436,0.832258064516129,65,129,101,155,0.9996,False,0.18869370808048547,0.9300626086956522
Furniture > Chairs & Seating > Office Chairs > Executive,back_height,low,single,0.03977149231976035,0.0,0.012903225806451613,0,2,101,155,0.8697,False,0.012903225806451613,0.5445078260869566
Furniture > Chairs & Seating > Office Chairs > Executive,back_height,mid,single,0.03977149231976035,0.3564356435643564,0.15483870967741936,36,24,101,155,0.00015,False,-0.20159693388693706,1.6956521739130433e-05
Furniture > Chairs & Seating > Office Chairs > Executive,aesthetic_tags,channel-tufted,multi,0.07496838240668774,0.015957446808510637,0.006012024048096192,3,3,188,499,0.10945,False,-0.009945422760414446,0.030455652173913047
Furniture > Chairs & Seating > Office Chairs > Executive,aesthetic_tags,cozy/plush,multi,0.07496838240668774,0.2712765957446808,0.14428857715430862,51,72,188,499,0.00015,False,-0.1269880185903722,2.217391304347826e-05
Furniture > Chairs & Seating > Office Chairs > Executive,aesthetic_tags,curved/organic,multi,0.07496838240668774,0.1702127659574468,0.12024048096192384,32,60,188,499,0.04725,False,-0.04997228499552296,0.009860869565217392
Furniture > Chairs & Seating > Office Chairs > Executive,aesthetic_tags,luxe,multi,0.07496838240668774,0.324468085106383,0.2124248496993988,61,106,188,499,0.0015,False,-0.11204323540698419,0.0002608695652173913
Furniture > Chairs & Seating > Office Chairs > Executive,aesthetic_tags,metal-accent,multi,0.07496838240668774,0.005319148936170213,0.006012024048096192,1,3,188,499,0.505,False,0.0006928751119259797,0.18004347826086955
Furniture > Chairs & Seating > Office Chairs > Executive,aesthetic_tags,nailhead,multi,0.07496838240668774,0.0,0.036072144288577156,0,18,188,499,0.9996,False,0.036072144288577156,0.7475269565217392
Furniture > Chairs & Seating > Office Chairs > Executive,aesthetic_tags,natural/woven,multi,0.07496838240668774,0.02127659574468085,0.02404809619238477,4,12,188,499,0.5615,False,0.0027715004477039187,0.23924782608695652
Furniture > Chairs & Seating > Office Chairs > Executive,aesthetic_tags,playful/colourful,multi,0.07496838240668774,0.010638297872340425,0.012024048096192385,2,6,188,499,0.5318,False,0.0013857502238519594,0.1942226086956522
Furniture > Chairs & Seating > Office Chairs > Executive,aesthetic_tags,retro/vintage,multi,0.07496838240668774,0.005319148936170213,0.09819639278557114,1,49,188,499,1.0,False,0.09287724384940094,0.8956521739130435
Furniture > Chairs & Seating > Office Chairs > Executive,aesthetic_tags,sleek/minimal,multi,0.07496838240668774,0.2872340425531915,0.1402805611222445,54,70,188,499,0.0,False,-0.14695348143094702,0.0
Furniture > Chairs & Seating > Office Chairs > Executive,aesthetic_tags,statement,multi,0.07496838240668774,0.031914893617021274,0.03807615230460922,6,19,188,499,0.6332,False,0.006161258687587948,0.3193530434782608
Furniture > Chairs & Seating > Office Chairs > Executive,aesthetic_tags,textured,multi,0.07496838240668774,0.005319148936170213,0.02004008016032064,1,10,188,499,0.92665,False,0.014720931224150427,0.5962791304347825
Furniture > Chairs & Seating > Office Chairs > Executive,aesthetic_tags,tufted,multi,0.07496838240668774,0.05319148936170213,0.0781563126252505,10,39,188,499,0.8668,False,0.024964823263548368,0.6180660869565218
Furniture > Chairs & Seating > Office Chairs > Executive,use_context,breakroom/dining,multi,0.045445792113482694,0.0,0.050100200400801605,0,25,188,499,0.9999,False,0.050100200400801605,0.7912252173913044
Furniture > Chairs & Seating > Office Chairs > Executive,use_context,corporate office,multi,0.045445792113482694,0.5691489361702128,0.46092184368737477,107,230,188,499,0.00565,False,-0.10822709248283802,0.0010317391304347826
Furniture > Chairs & Seating > Office Chairs > Executive,use_context,education,multi,0.045445792113482694,0.010638297872340425,0.01002004008016032,2,5,188,499,0.44815,False,-0.000618257792180105,0.15198130434782608
Furniture > Chairs & Seating > Office Chairs > Executive,use_context,gaming,multi,0.045445792113482694,0.047872340425531915,0.12024048096192384,9,60,188,499,0.99895,False,0.07236814053639193,0.8425926086956522
Furniture > Chairs & Seating > Office Chairs > Executive,use_context,healthcare,multi,0.045445792113482694,0.005319148936170213,0.002004008016032064,1,1,188,499,0.2245,False,-0.0033151409201381487,0.07027826086956522
Furniture > Chairs & Seating > Office Chairs > Executive,use_context,home office,multi,0.045445792113482694,0.15425531914893617,0.18837675350701402,29,94,188,499,0.85045,False,0.03412143435807785,0.6285934782608695
Furniture > Chairs & Seating > Office Chairs > Executive,use_context,hospitality/events,multi,0.045445792113482694,0.026595744680851064,0.026052104208416832,5,13,188,499,0.46795,False,-0.0005436404724342321,0.16276521739130434
Furniture > Chairs & Seating > Office Chairs > Executive,use_context,kids/teen,multi,0.045445792113482694,0.005319148936170213,0.01002004008016032,1,5,188,499,0.6985,False,0.004700891143990108,0.3279913043478261
Furniture > Chairs & Seating > Office Chairs > Executive,use_context,outdoor,multi,0.045445792113482694,0.0,0.008016032064128256,0,4,188,499,0.9044,False,0.008016032064128256,0.4875895652173913
Furniture > Chairs & Seating > Office Chairs > Executive,use_context,reception/lobby,multi,0.045445792113482694,0.015957446808510637,0.03206412825651302,3,16,188,499,0.88135,False,0.016106681448002386,0.5824573913043478
Furniture > Chairs & Seating > Office Chairs > Executive,use_context,residential living,multi,0.045445792113482694,0.0425531914893617,0.09018036072144289,8,45,188,499,0.98485,False,0.04762716923208119,0.7621882608695651
Furniture > Chairs & Seating > Office Chairs > Executive,end_user_segment,big & tall,multi,0.06714999259866003,0.10106382978723404,0.03206412825651302,19,16,188,499,0.0004,False,-0.06899970153072102,7.652173913043479e-05
Furniture > Chairs & Seating > Office Chairs > Executive,end_user_segment,gamers,multi,0.06714999259866003,0.047872340425531915,0.10220440881763528,9,51,188,499,0.9905,False,0.05433206839210336,0.8096260869565218
Furniture > Chairs & Seating > Office Chairs > Executive,end_user_segment,kids,multi,0.06714999259866003,0.0,0.004008016032064128,0,2,188,499,0.77365,False,0.004008016032064128,0.3430969565217391
Furniture > Chairs & Seating > Office Chairs > Executive,end_user_segment,remote workers,multi,0.06714999259866003,0.14893617021276595,0.17835671342685372,28,89,188,499,0.8238,False,0.02942054321408777,0.6017321739130435
Furniture > Chairs & Seating > Office Chairs > Executive,end_user_segment,students,multi,0.06714999259866003,0.0,0.002004008016032064,0,1,188,499,0.6336,False,0.002004008016032064,0.23691130434782612
Furniture > Chairs & Seating > Office Chairs > Executive,end_user_segment,teens,multi,0.06714999259866003,0.005319148936170213,0.004008016032064128,1,2,188,499,0.37305,False,-0.0013111329041060847,0.12002478260869565
Furniture > Chairs & Seating > Office Chairs > Executive,key_benefits,comfort,multi,0.09117716555673457,0.7127659574468085,0.3246492985971944,134,162,188,499,0.0,False,-0.3881166588496141,0.0
Furniture > Chairs & Seating > Office Chairs > Executive,key_benefits,commercial-grade,multi,0.09117716555673457,0.7659574468085106,0.0781563126252505,144,39,188,499,0.0,False,-0.6878011341832602,0.0
Furniture > Chairs & Seating > Office Chairs > Executive,key_benefits,easy-clean,multi,0.09117716555673457,0.10106382978723404,0.06212424849699399,19,31,188,499,0.04325,False,-0.03893958129024005,0.009402173913043477
Furniture > Chairs & Seating > Office Chairs > Executive,key_benefits,ergonomic,multi,0.09117716555673457,0.8138297872340425,0.5130260521042084,153,256,188,499,0.0,False,-0.30080373512983416,0.0
Furniture > Chairs & Seating > Office Chairs > Executive,key_benefits,space-saving,multi,0.09117716555673457,0.026595744680851064,0.018036072144288578,5,9,188,499,0.23385,False,-0.008559672536562486,0.06913826086956522
Furniture > Chairs & Seating > Office Chairs > Executive,key_benefits,sustainable,multi,0.09117716555673457,0.16489361702127658,0.004008016032064128,31,2,188,499,0.0,False,-0.16088560098921245,0.0
Furniture > Chairs & Seating > Office Chairs > Other,colour_family,beige/cream,single,0.12452051971631314,0.023255813953488372,0.08256880733944955,2,9,86,109,0.96725,False,0.059312993385961174,0.7661386138613863
Furniture > Chairs & Seating > Office Chairs > Other,colour_family,black,single,0.12452051971631314,0.6046511627906976,0.29357798165137616,52,32,86,109,0.0,False,-0.3110731811393215,0.0
Furniture > Chairs & Seating > Office Chairs > Other,colour_family,blue,single,0.12452051971631314,0.023255813953488372,0.009174311926605505,2,1,86,109,0.21315,False,-0.014081502026882867,0.08230544554455446
Furniture > Chairs & Seating > Office Chairs > Other,colour_family,brown/wood,single,0.12452051971631314,0.08139534883720931,0.08256880733944955,7,9,86,109,0.5095,False,0.0011734585022402377,0.21943811881188116
Furniture > Chairs & Seating > Office Chairs > Other,colour_family,green,single,0.12452051971631314,0.03488372093023256,0.01834862385321101,3,2,86,109,0.23355,False,-0.016535097077021547,0.0855579207920792
Furniture > Chairs & Seating > Office Chairs > Other,colour_family,grey,single,0.12452051971631314,0.13953488372093023,0.1559633027522936,12,17,86,109,0.62795,False,0.016428419031363356,0.3637136138613861
Furniture > Chairs & Seating > Office Chairs > Other,colour_family,metallic,single,0.12452051971631314,0.0,0.027522935779816515,0,3,86,109,0.95155,False,0.027522935779816515,0.6642007425742574
Furniture > Chairs & Seating > Office Chairs > Other,colour_family,multi/pattern,single,0.12452051971631314,0.03488372093023256,0.009174311926605505,3,1,86,109,0.1054,False,-0.025709409003627053,0.030785148514851483
Furniture > Chairs & Seating > Office Chairs > Other,colour_family,purple,single,0.12452051971631314,0.0,0.01834862385321101,0,2,86,109,0.8954,False,0.01834862385321101,0.5319207920792078
Furniture > Chairs & Seating > Office Chairs > Other,colour_family,red/pink,single,0.12452051971631314,0.046511627906976744,0.14678899082568808,4,16,86,109,0.9913,False,0.10027736291871134,0.8637069306930693
Furniture > Chairs & Seating > Office Chairs > Other,colour_family,white,single,0.12452051971631314,0.011627906976744186,0.11009174311926606,1,12,86,109,0.9987,False,0.09846383614252188,0.8602663366336634
Furniture > Chairs & Seating > Office Chairs > Other,colour_family,yellow/orange,single,0.12452051971631314,0.0,0.045871559633027525,0,5,86,109,0.98805,False,0.045871559633027525,0.7532658415841584
Furniture > Chairs & Seating > Office Chairs > Other,colour_tone,bold,single,0.1069519427125589,0.10465116279069768,0.23853211009174313,9,26,86,109,0.993,False,0.13388094730104544,0.9143465346534654
Furniture > Chairs & Seating > Office Chairs > Other,colour_tone,dark-neutral,single,0.1069519427125589,0.6046511627906976,0.29357798165137616,52,32,86,109,0.0,False,-0.3110731811393215,0.0
Furniture > Chairs & Seating > Office Chairs > Other,colour_tone,light-neutral,single,0.1069519427125589,0.03488372093023256,0.1926605504587156,3,21,86,109,0.9997,False,0.15777682952848304,0.9502099009900989
Furniture > Chairs & Seating > Office Chairs > Other,colour_tone,metallic,single,0.1069519427125589,0.0,0.027522935779816515,0,3,86,109,0.95005,False,0.027522935779816515,0.6631537128712871
Furniture > Chairs & Seating > Office Chairs > Other,colour_tone,mid-neutral,single,0.1069519427125589,0.13953488372093023,0.1559633027522936,12,17,86,109,0.6247,False,0.016428419031363356,0.3618311881188119
Furniture > Chairs & Seating > Office Chairs > Other,colour_tone,pattern,single,0.1069519427125589,0.03488372093023256,0.009174311926605505,3,1,86,109,0.1044,False,-0.025709409003627053,0.030493069306930694
Furniture > Chairs & Seating > Office Chairs > Other,colour_tone,warm-neutral,single,0.1069519427125589,0.08139534883720931,0.08256880733944955,7,9,86,109,0.5071,False,0.0011734585022402377,0.21840445544554454
Furniture > Chairs & Seating > Office Chairs > Other,material_class,bonded leather,single,0.16372405055666178,0.12790697674418605,0.0,11,0,86,108,5e-05,True,-0.12790697674418605,7.4257425742574256e-06
Furniture > Chairs & Seating > Office Chairs > Other,material_class,boucle,single,0.16372405055666178,0.0,0.027777777777777776,0,3,86,108,0.95005,True,0.027777777777777776,0.6772633663366336
Furniture > Chairs & Seating > Office Chairs > Other,material_class,fabric,single,0.16372405055666178,0.4186046511627907,0.24074074074074073,36,26,86,108,0.0044,True,-0.17786391042205,0.00047920792079207924
Furniture > Chairs & Seating > Office Chairs > Other,material_class,faux leather,single,0.16372405055666178,0.18604651162790697,0.26851851851851855,16,29,86,108,0.91575,True,0.08247200689061157,0.743480198019802
Furniture > Chairs & Seating > Office Chairs > Other,material_class,leather,single,0.16372405055666178,0.11627906976744186,0.07407407407407407,10,8,86,108,0.1583,True,-0.04220499569336779,0.03448118811881188
Furniture > Chairs & Seating > Office Chairs > Other,material_class,mesh,single,0.16372405055666178,0.08139534883720931,0.17592592592592593,7,19,86,108,0.9747,True,0.09453057708871662,0.8106415841584158
Furniture > Chairs & Seating > Office Chairs > Other,material_class,metal,single,0.16372405055666178,0.0,0.1388888888888889,0,15,86,108,0.99995,True,0.1388888888888889,0.9306465346534654
Furniture > Chairs & Seating > Office Chairs > Other,material_class,velvet,single,0.16372405055666178,0.0,0.037037037037037035,0,4,86,108,0.9746,True,0.037037037037037035,0.7237128712871287
Furniture > Chairs & Seating > Office Chairs > Other,material_class,vinyl,single,0.16372405055666178,0.06976744186046512,0.037037037037037035,6,4,86,108,0.15375,True,-0.03273040482342808,0.038056930693069306
Furniture > Chairs & Seating > Office Chairs > Other,style_family,boho/coastal,single,0.025961502439214995,0.0,0.007194244604316547,0,1,66,139,0.6797,False,0.007194244604316547,0.3162960396039604
Furniture > Chairs & Seating > Office Chairs > Other,style_family,contemporary,single,0.025961502439214995,0.4696969696969697,0.41007194244604317,31,57,66,139,0.21,False,-0.059625027250926554,0.037425742574257424
Furniture > Chairs & Seating > Office Chairs > Other,style_family,gaming,single,0.025961502439214995,0.3333333333333333,0.4460431654676259,22,62,66,139,0.93935,False,0.11270983213429259,0.8277440594059406
Furniture > Chairs & Seating > Office Chairs > Other,style_family,industrial,single,0.025961502439214995,0.045454545454545456,0.02158273381294964,3,3,66,139,0.171,False,-0.023871811641595814,0.054178217821782185
Furniture > Chairs & Seating > Office Chairs > Other,style_family,mid-century,single,0.025961502439214995,0.015151515151515152,0.007194244604316547,1,1,66,139,0.2824,False,-0.007957270547198605,0.11743366336633662
Furniture > Chairs & Seating > Office Chairs > Other,style_family,minimalist,single,0.025961502439214995,0.0,0.014388489208633094,0,2,66,139,0.8126,False,0.014388489208633094,0.450550495049505
Furniture > Chairs & Seating > Office Chairs > Other,style_family,modern,single,0.025961502439214995,0.045454545454545456,0.050359712230215826,3,7,66,139,0.54585,False,0.004905166775670371,0.24320049504950492
Furniture > Chairs & Seating > Office Chairs > Other,style_family,scandinavian,single,0.025961502439214995,0.030303030303030304,0.0,2,0,66,139,0.0224,False,-0.030303030303030304,0.005988118811881189
Furniture > Chairs & Seating > Office Chairs > Other,style_family,traditional,single,0.025961502439214995,0.06060606060606061,0.04316546762589928,4,6,66,139,0.285,False,-0.017440592980161325,0.10158415841584158
Furniture > Chairs & Seating > Office Chairs > Other,size_class,compact,single,0.00016884238108738495,0.13095238095238096,0.10526315789473684,11,2,84,19,0.4142,False,-0.025689223057644123,0.12713069306930694
Furniture > Chairs & Seating > Office Chairs > Other,size_class,standard,single,0.00016884238108738495,0.8690476190476191,0.8947368421052632,73,17,84,19,0.5983,False,0.025689223057644095,0.39689207920792086
Furniture > Chairs & Seating > Office Chairs > Other,form_factor,accent,single,0.060884774698667606,0.0,0.007246376811594203,0,1,64,138,0.6761,False,0.007246376811594203,0.3413970297029703
Furniture > Chairs & Seating > Office Chairs > Other,form_factor,dining,single,0.060884774698667606,0.0,0.007246376811594203,0,1,64,138,0.6797,False,0.007246376811594203,0.3432148514851485
Furniture > Chairs & Seating > Office Chairs > Other,form_factor,drafting,single,0.060884774698667606,0.0,0.007246376811594203,0,1,64,138,0.67565,False,0.007246376811594203,0.34116980198019803
Furniture > Chairs & Seating > Office Chairs > Other,form_factor,executive,single,0.060884774698667606,0.359375,0.13043478260869565,23,18,64,138,0.00015,False,-0.22894021739130435,1.4851485148514851e-05
Furniture > Chairs & Seating > Office Chairs > Other,form_factor,folding,single,0.060884774698667606,0.0,0.007246376811594203,0,1,64,138,0.67855,False,0.007246376811594203,0.3426341584158416
Furniture > Chairs & Seating > Office Chairs > Other,form_factor,gaming,single,0.060884774698667606,0.28125,0.39855072463768115,18,55,64,138,0.9495,False,0.11730072463768115,0.8460891089108911
Furniture > Chairs & Seating > Office Chairs > Other,form_factor,guest,single,0.060884774698667606,0.046875,0.014492753623188406,3,2,64,138,0.088,False,-0.03238224637681159,0.022653465346534653
Furniture > Chairs & Seating > Office Chairs > Other,form_factor,ottoman,single,0.060884774698667606,0.0,0.007246376811594203,0,1,64,138,0.67935,False,0.007246376811594203,0.3430381188118812
Furniture > Chairs & Seating > Office Chairs > Other,form_factor,recliner,single,0.060884774698667606,0.0,0.021739130434782608,0,3,64,138,0.8873,False,0.021739130434782608,0.579819801980198
Furniture > Chairs & Seating > Office Chairs > Other,form_factor,sofa,single,0.060884774698667606,0.0,0.007246376811594203,0,1,64,138,0.67195,False,0.007246376811594203,0.3393014851485149
Furniture > Chairs & Seating > Office Chairs > Other,form_factor,stacking,single,0.060884774698667606,0.0,0.007246376811594203,0,1,64,138,0.67345,False,0.007246376811594203,0.3400589108910891
Furniture > Chairs & Seating > Office Chairs > Other,form_factor,stool,single,0.060884774698667606,0.0,0.028985507246376812,0,4,64,138,0.9294,False,0.028985507246376812,0.6717445544554456
Furniture > Chairs & Seating > Office Chairs > Other,form_factor,task,single,0.060884774698667606,0.3125,0.35507246376811596,20,49,64,138,0.72875,False,0.042572463768115965,0.5483663366336634
Furniture > Chairs & Seating > Office Chairs > Other,arm_type,adjustable,single,0.09232037093223461,0.5529411764705883,0.25,47,9,85,36,0.00055,False,-0.30294117647058827,3.811881188118812e-05
Furniture > Chairs & Seating > Office Chairs > Other,arm_type,armless,single,0.09232037093223461,0.058823529411764705,0.0,5,0,85,36,0.0508,False,-0.058823529411764705,0.01005940594059406
Furniture > Chairs & Seating > Office Chairs > Other,arm_type,fixed,single,0.09232037093223461,0.38823529411764707,0.75,33,27,85,36,1.0,False,0.36176470588235293,0.9900990099009901
Furniture > Chairs & Seating > Office Chairs > Other,base_type,casters,single,0.038134842805501404,0.9615384615384616,0.8181818181818182,75,54,78,66,0.00195,False,-0.14335664335664333,0.000250990099009901
Furniture > Chairs & Seating > Office Chairs > Other,base_type,legs,single,0.038134842805501404,0.038461538461538464,0.18181818181818182,3,12,78,66,0.99795,False,0.14335664335664336,0.9386658415841583
Furniture > Chairs & Seating > Office Chairs > Other,swivel,no,single,0.0005567340112375748,0.5581395348837209,0.5855263157894737,48,89,86,152,0.65735,True,0.02738678090575275,0.449080693069307
Furniture > Chairs & Seating > Office Chairs > Other,swivel,yes,single,0.0005567340112375748,0.4418604651162791,0.4144736842105263,38,63,86,152,0.337,True,-0.02738678090575275,0.09342574257425744
Furniture > Chairs & Seating > Office Chairs > Other,height_adjustable,no,single,0.07041840435990691,0.32558139534883723,0.6381578947368421,28,97,86,152,1.0,True,0.3125764993880049,0.9702970297029703
Furniture > Chairs & Seating > Office Chairs > Other,height_adjustable,yes,single,0.07041840435990691,0.6744186046511628,0.3618421052631579,58,55,86,152,0.0,True,-0.31257649938800486,0.0
Furniture > Chairs & Seating > Office Chairs > Other,recline_tilt,no,single,0.141743538666488,0.1511627906976744,0.5723684210526315,13,87,86,152,1.0,True,0.4212056303549571,1.0
Furniture > Chairs & Seating > Office Chairs > Other,recline_tilt,yes,single,0.141743538666488,0.8488372093023255,0.4276315789473684,73,65,86,152,0.0,True,-0.4212056303549571,0.0
Furniture > Chairs & Seating > Office Chairs > Other,lumbar,no,single,0.08575043081422812,0.36046511627906974,0.7039473684210527,31,107,86,152,1.0,True,0.3434822521419829,0.9801980198019802
Furniture > Chairs & Seating > Office Chairs > Other,lumbar,yes,single,0.08575043081422812,0.6395348837209303,0.29605263157894735,55,45,86,152,0.0,True,-0.3434822521419829,0.0
Furniture > Chairs & Seating > Office Chairs > Other,headrest,no,single,0.0006512642968916123,0.813953488372093,0.8355263157894737,70,127,86,152,0.6672,False,0.021572827417380647,0.42938613861386143
Furniture > Chairs & Seating > Office Chairs > Other,headrest,yes,single,0.0006512642968916123,0.18604651162790697,0.16447368421052633,16,25,86,152,0.33115,False,-0.021572827417380647,0.11147623762376238
Furniture > Chairs & Seating > Office Chairs > Other,back_height,high,single,0.12345092690611358,0.6060606060606061,0.8888888888888888,20,32,33,36,0.99765,False,0.28282828282828276,0.958139108910891
Furniture > Chairs & Seating > Office Chairs > Other,back_height,low,single,0.12345092690611358,0.0,0.05555555555555555,0,2,33,36,0.9155,False,0.05555555555555555,0.7160841584158416
Furniture > Chairs & Seating > Office Chairs > Other,back_height,mid,single,0.12345092690611358,0.3939393939393939,0.05555555555555555,13,2,33,36,0.0001,False,-0.33838383838383834,2.9702970297029703e-06
Furniture > Chairs & Seating > Office Chairs > Other,aesthetic_tags,cozy/plush,multi,0.057232714956654954,0.20930232558139536,0.14473684210526316,18,22,86,152,0.09995,False,-0.0645654834761322,0.015833663366336632
Furniture > Chairs & Seating > Office Chairs > Other,aesthetic_tags,curved/organic,multi,0.057232714956654954,0.09302325581395349,0.03289473684210526,8,5,86,152,0.0259,False,-0.060128518971848226,0.0043594059405940595
Furniture > Chairs & Seating > Office Chairs > Other,aesthetic_tags,luxe,multi,0.057232714956654954,0.1744186046511628,0.15789473684210525,15,24,86,152,0.3719,False,-0.01652386780905754,0.1399227722772277
Furniture > Chairs & Seating > Office Chairs > Other,aesthetic_tags,nailhead,multi,0.057232714956654954,0.03488372093023256,0.0,3,0,86,152,0.00985,False,-0.03488372093023256,0.0023405940594059403
Furniture > Chairs & Seating > Office Chairs > Other,aesthetic_tags,natural/woven,multi,0.057232714956654954,0.023255813953488372,0.0,2,0,86,152,0.03255,False,-0.023255813953488372,0.010635148514851487
Furniture > Chairs & Seating > Office Chairs > Other,aesthetic_tags,playful/colourful,multi,0.057232714956654954,0.0,0.02631578947368421,0,4,86,152,0.9497,False,0.02631578947368421,0.6394019801980199
Furniture > Chairs & Seating > Office Chairs > Other,aesthetic_tags,sleek/minimal,multi,0.057232714956654954,0.11627906976744186,0.10526315789473684,10,16,86,152,0.3947,False,-0.011015911872705023,0.15631683168316832
Furniture > Chairs & Seating > Office Chairs > Other,aesthetic_tags,statement,multi,0.057232714956654954,0.011627906976744186,0.019736842105263157,1,3,86,152,0.66215,False,0.008108935128518971,0.36057673267326734
Furniture > Chairs & Seating > Office Chairs > Other,aesthetic_tags,textured,multi,0.057232714956654954,0.011627906976744186,0.02631578947368421,1,4,86,152,0.76185,False,0.014687882496940023,0.4299549504950495
Furniture > Chairs & Seating > Office Chairs > Other,aesthetic_tags,tufted,multi,0.057232714956654954,0.023255813953488372,0.013157894736842105,2,2,86,152,0.27225,False,-0.010097919216646267,0.11051732673267327
Furniture > Chairs & Seating > Office Chairs > Other,use_context,breakroom/dining,multi,0.08568187501348397,0.0,0.046052631578947366,0,7,86,152,0.9908,False,0.046052631578947366,0.7651722772277229
Furniture > Chairs & Seating > Office Chairs > Other,use_context,corporate office,multi,0.08568187501348397,0.5813953488372093,0.4342105263157895,50,66,86,152,0.01515,False,-0.14718482252141984,0.0018
Furniture > Chairs & Seating > Office Chairs > Other,use_context,education,multi,0.08568187501348397,0.05813953488372093,0.039473684210526314,5,6,86,152,0.24635,False,-0.018665850673194616,0.08536881188118811
Furniture > Chairs & Seating > Office Chairs > Other,use_context,gaming,multi,0.08568187501348397,0.22093023255813954,0.3157894736842105,19,48,86,152,0.94045,False,0.09485924112607097,0.7961235148514851
Furniture > Chairs & Seating > Office Chairs > Other,use_context,healthcare,multi,0.08568187501348397,0.0,0.019736842105263157,0,3,86,152,0.91615,False,0.019736842105263157,0.5669245049504951
Furniture > Chairs & Seating > Office Chairs > Other,use_context,home office,multi,0.08568187501348397,0.06976744186046512,0.19736842105263158,6,30,86,152,0.99725,False,0.12760097919216645,0.8985123762376238
Furniture > Chairs & Seating > Office Chairs > Other,use_context,hospitality/events,multi,0.08568187501348397,0.0,0.03289473684210526,0,5,86,152,0.97235,False,0.03289473684210526,0.7124148514851485
Furniture > Chairs & Seating > Office Chairs > Other,use_context,kids/teen,multi,0.08568187501348397,0.0,0.019736842105263157,0,3,86,152,0.9134,False,0.019736842105263157,0.5652227722772277
Furniture > Chairs & Seating > Office Chairs > Other,use_context,outdoor,multi,0.08568187501348397,0.0,0.006578947368421052,0,1,86,152,0.7117,False,0.006578947368421052,0.32414059405940593
Furniture > Chairs & Seating > Office Chairs > Other,use_context,reception/lobby,multi,0.08568187501348397,0.06976744186046512,0.03289473684210526,6,5,86,152,0.09915,False,-0.036872705018359854,0.02257871287128713
Furniture > Chairs & Seating > Office Chairs > Other,use_context,residential living,multi,0.08568187501348397,0.0,0.08552631578947369,0,13,86,152,0.99955,False,0.08552631578947369,0.8214123762376238
Furniture > Chairs & Seating > Office Chairs > Other,end_user_segment,big & tall,multi,0.04928260357586619,0.3023255813953488,0.24342105263157895,26,37,86,152,0.1627,False,-0.058904528763769864,0.030606930693069308
Furniture > Chairs & Seating > Office Chairs > Other,end_user_segment,gamers,multi,0.04928260357586619,0.22093023255813954,0.3157894736842105,19,48,86,152,0.9421,False,0.09485924112607097,0.797520297029703
Furniture > Chairs & Seating > Office Chairs > Other,end_user_segment,kids,multi,0.04928260357586619,0.0,0.019736842105263157,0,3,86,152,0.9154,False,0.019736842105263157,0.566460396039604
Furniture > Chairs & Seating > Office Chairs > Other,end_user_segment,remote workers,multi,0.04928260357586619,0.046511627906976744,0.17763157894736842,4,27,86,152,0.99895,False,0.13111995104039167,0.9099346534653465
Furniture > Chairs & Seating > Office Chairs > Other,end_user_segment,students,multi,0.04928260357586619,0.0,0.019736842105263157,0,3,86,152,0.91585,False,0.019736842105263157,0.5667388613861386
Furniture > Chairs & Seating > Office Chairs > Other,key_benefits,comfort,multi,0.052467513658994824,0.46511627906976744,0.20394736842105263,40,31,86,152,5e-05,False,-0.26116891064871484,3.960396039603961e-06
Furniture > Chairs & Seating > Office Chairs > Other,key_benefits,commercial-grade,multi,0.052467513658994824,0.6395348837209303,0.21710526315789475,55,33,86,152,0.0,False,-0.4224296205630355,0.0
Furniture > Chairs & Seating > Office Chairs > Other,key_benefits,easy-clean,multi,0.052467513658994824,0.06976744186046512,0.02631578947368421,6,4,86,152,0.05715,False,-0.043451652386780906,0.011882673267326732
Furniture > Chairs & Seating > Office Chairs > Other,key_benefits,ergonomic,multi,0.052467513658994824,0.7790697674418605,0.5328947368421053,67,81,86,152,5e-05,False,-0.2461750305997552,4.455445544554456e-06
Furniture > Chairs & Seating > Office Chairs > Other,key_benefits,space-saving,multi,0.052467513658994824,0.0,0.06578947368421052,0,10,86,152,0.9981,False,0.06578947368421052,0.8004564356435644
Furniture > Chairs & Seating > Office Chairs > Other,key_benefits,sustainable,multi,0.052467513658994824,0.16279069767441862,0.019736842105263157,14,3,86,152,0.0,False,-0.14305385556915545,0.0
Furniture > Chairs & Seating > Office Chairs > Task,colour_family,beige/cream,single,0.1387220687971491,0.011299435028248588,0.13150684931506848,2,48,177,365,1.0,False,0.12020741428681989,0.9051724137931034
Furniture > Chairs & Seating > Office Chairs > Task,colour_family,black,single,0.1387220687971491,0.6497175141242938,0.3315068493150685,115,121,177,365,0.0,False,-0.3182106648092253,0.0
Furniture > Chairs & Seating > Office Chairs > Task,colour_family,blue,single,0.1387220687971491,0.06779661016949153,0.06575342465753424,12,24,177,365,0.4539,False,-0.002043185511957285,0.12912672413793105
Furniture > Chairs & Seating > Office Chairs > Task,colour_family,brown/wood,single,0.1387220687971491,0.022598870056497175,0.06301369863013699,4,23,177,365,0.98435,False,0.040414828573639816,0.7509911637931035
Furniture > Chairs & Seating > Office Chairs > Task,colour_family,clear,single,0.1387220687971491,0.0,0.0136986301369863,0,5,177,365,0.95955,False,0.0136986301369863,0.5583588362068965
Furniture > Chairs & Seating > Office Chairs > Task,colour_family,green,single,0.1387220687971491,0.005649717514124294,0.03287671232876712,1,12,177,365,0.9819,False,0.027226994814642826,0.6517784482758621
Furniture > Chairs & Seating > Office Chairs > Task,colour_family,grey,single,0.1387220687971491,0.1638418079096045,0.10410958904109589,29,38,177,365,0.02615,False,-0.059732218868508616,0.004846767241379311
Furniture > Chairs & Seating > Office Chairs > Task,colour_family,metallic,single,0.1387220687971491,0.0,0.057534246575342465,0,21,177,365,0.99995,False,0.057534246575342465,0.8059941810344827
Furniture > Chairs & Seating > Office Chairs > Task,colour_family,multi/pattern,single,0.1387220687971491,0.005649717514124294,0.00821917808219178,1,3,177,365,0.6045,False,0.0025694605680674863,0.22668750000000001
Furniture > Chairs & Seating > Office Chairs > Task,colour_family,navy,single,0.1387220687971491,0.0,0.010958904109589041,0,4,177,365,0.9338,False,0.010958904109589041,0.49105
Furniture > Chairs & Seating > Office Chairs > Task,colour_family,purple,single,0.1387220687971491,0.0,0.0136986301369863,0,5,177,365,0.9601,False,0.0136986301369863,0.5586788793103448
Furniture > Chairs & Seating > Office Chairs > Task,colour_family,red/pink,single,0.1387220687971491,0.03954802259887006,0.052054794520547946,7,19,177,365,0.73635,False,0.012506771921677887,0.39991422413793104
Furniture > Chairs & Seating > Office Chairs > Task,colour_family,white,single,0.1387220687971491,0.022598870056497175,0.09041095890410959,4,33,177,365,0.9991,False,0.06781208884761242,0.8440672413793103
Furniture > Chairs & Seating > Office Chairs > Task,colour_family,yellow/orange,single,0.1387220687971491,0.011299435028248588,0.024657534246575342,2,9,177,365,0.8514,False,0.013358099218326754,0.4844172413793104
Furniture > Chairs & Seating > Office Chairs > Task,colour_tone,bold,single,0.1305505015441905,0.12429378531073447,0.18904109589041096,22,69,177,365,0.9736,False,0.06474731057967649,0.8057379310344828
Furniture > Chairs & Seating > Office Chairs > Task,colour_tone,dark-neutral,single,0.1305505015441905,0.6497175141242938,0.3424657534246575,115,125,177,365,0.0,False,-0.3072517606996363,0.0
Furniture > Chairs & Seating > Office Chairs > Task,colour_tone,light-neutral,single,0.1305505015441905,0.03389830508474576,0.2356164383561644,6,86,177,365,1.0,False,0.20171813327141863,0.9396551724137931
Furniture > Chairs & Seating > Office Chairs > Task,colour_tone,metallic,single,0.1305505015441905,0.0,0.057534246575342465,0,21,177,365,0.99995,False,0.057534246575342465,0.8059941810344827
Furniture > Chairs & Seating > Office Chairs > Task,colour_tone,mid-neutral,single,0.1305505015441905,0.1638418079096045,0.10410958904109589,29,38,177,365,0.0251,False,-0.059732218868508616,0.004652155172413793
Furniture > Chairs & Seating > Office Chairs > Task,colour_tone,pattern,single,0.1305505015441905,0.005649717514124294,0.00821917808219178,1,3,177,365,0.6032,False,0.0025694605680674863,0.22619999999999998
Furniture > Chairs & Seating > Office Chairs > Task,colour_tone,warm-neutral,single,0.1305505015441905,0.022598870056497175,0.06301369863013699,4,23,177,365,0.98245,False,0.040414828573639816,0.7495415948275863
Furniture > Chairs & Seating > Office Chairs > Task,material_class,bonded leather,single,0.1903778421309743,0.011299435028248588,0.0,2,0,177,398,0.0198,True,-0.011299435028248588,0.004779310344827587
Furniture > Chairs & Seating > Office Chairs > Task,material_class,boucle,single,0.1903778421309743,0.0,0.035175879396984924,0,14,177,398,0.9989,True,0.035175879396984924,0.749175
Furniture > Chairs & Seating > Office Chairs > Task,material_class,engineered wood,single,0.1903778421309743,0.0,0.002512562814070352,0,1,177,398,0.66785,True,0.002512562814070352,0.23892909482758623
Furniture > Chairs & Seating > Office Chairs > Task,material_class,fabric,single,0.1903778421309743,0.4858757062146893,0.16080402010050251,86,64,177,398,0.0,True,-0.3250716861141868,0.0
Furniture > Chairs & Seating > Office Chairs > Task,material_class,faux leather,single,0.1903778421309743,0.05649717514124294,0.1507537688442211,10,60,177,398,0.99945,True,0.09425659370297815,0.870210775862069
Furniture > Chairs & Seating > Office Chairs > Task,material_class,glass,single,0.1903778421309743,0.0,0.002512562814070352,0,1,177,398,0.66515,True,0.002512562814070352,0.23796314655172415
Furniture > Chairs & Seating > Office Chairs > Task,material_class,leather,single,0.1903778421309743,0.07909604519774012,0.03768844221105527,14,15,177,398,0.02175,True,-0.04140760298668485,0.0045
Furniture > Chairs & Seating > Office Chairs > Task,material_class,mesh,single,0.1903778421309743,0.22598870056497175,0.32663316582914576,40,130,177,398,0.9922,True,0.100644465264174,0.8810051724137932
Furniture > Chairs & Seating > Office Chairs > Task,material_class,metal,single,0.1903778421309743,0.0,0.11557788944723618,0,46,177,398,1.0,True,0.11557788944723618,0.896551724137931
Furniture > Chairs & Seating > Office Chairs > Task,material_class,plastic,single,0.1903778421309743,0.0,0.01256281407035176,0,5,177,398,0.9483,True,0.01256281407035176,0.5232
Furniture > Chairs & Seating > Office Chairs > Task,material_class,velvet,single,0.1903778421309743,0.0,0.05527638190954774,0,22,177,398,0.99995,True,0.05527638190954774,0.7930637931034483
Furniture > Chairs & Seating > Office Chairs > Task,material_class,vinyl,single,0.1903778421309743,0.14124293785310735,0.0728643216080402,25,29,177,398,0.0057,True,-0.06837861624506715,0.0009336206896551724
Furniture > Chairs & Seating > Office Chairs > Task,material_class,wicker/rattan,single,0.1903778421309743,0.0,0.005025125628140704,0,2,177,398,0.80375,True,0.005025125628140704,0.3395150862068965
Furniture > Chairs & Seating > Office Chairs > Task,material_class,wood,single,0.1903778421309743,0.0,0.022613065326633167,0,9,177,398,0.99275,True,0.022613065326633167,0.6247478448275862
Furniture > Chairs & Seating > Office Chairs > Task,style_family,boho/coastal,single,0.0559305971062051,0.01694915254237288,0.01928374655647383,2,7,118,363,0.5361,False,0.0023345940141009484,0.18486206896551727
Furniture > Chairs & Seating > Office Chairs > Task,style_family,contemporary,single,0.0559305971062051,0.4830508474576271,0.41046831955922863,57,149,118,363,0.08535,False,-0.07258252789839847,0.012508189655172412
Furniture > Chairs & Seating > Office Chairs > Task,style_family,farmhouse/rustic,single,0.0559305971062051,0.0,0.011019283746556474,0,4,118,363,0.878,False,0.011019283746556474,0.4692758620689655
Furniture > Chairs & Seating > Office Chairs > Task,style_family,gaming,single,0.0559305971062051,0.211864406779661,0.14600550964187328,25,53,118,363,0.04835,False,-0.06585889713778773,0.008336206896551724
Furniture > Chairs & Seating > Office Chairs > Task,style_family,glam,single,0.0559305971062051,0.0,0.013774104683195593,0,5,118,363,0.9197,False,0.013774104683195593,0.5470629310344828
Furniture > Chairs & Seating > Office Chairs > Task,style_family,industrial,single,0.0559305971062051,0.00847457627118644,0.01928374655647383,1,7,118,363,0.7794,False,0.010809170285287389,0.40313793103448275
Furniture > Chairs & Seating > Office Chairs > Task,style_family,mid-century,single,0.0559305971062051,0.0,0.03305785123966942,0,12,118,363,0.99135,False,0.03305785123966942,0.7093280172413793
Furniture > Chairs & Seating > Office Chairs > Task,style_family,minimalist,single,0.0559305971062051,0.025423728813559324,0.02203856749311295,3,8,118,363,0.39705,False,-0.0033851613204463754,0.10953103448275862
Furniture > Chairs & Seating > Office Chairs > Task,style_family,modern,single,0.0559305971062051,0.1271186440677966,0.26170798898071623,15,95,118,363,0.9991,False,0.13458934491291963,0.9129706896551725
Furniture > Chairs & Seating > Office Chairs > Task,style_family,scandinavian,single,0.0559305971062051,0.03389830508474576,0.03581267217630854,4,13,118,363,0.5182,False,0.0019143670915627783,0.17422241379310344
Furniture > Chairs & Seating > Office Chairs > Task,style_family,traditional,single,0.0559305971062051,0.09322033898305085,0.01928374655647383,11,7,118,363,0.00035,False,-0.07393659242657702,4.8275862068965517e-05
Furniture > Chairs & Seating > Office Chairs > Task,style_family,transitional,single,0.0559305971062051,0.0,0.008264462809917356,0,3,118,363,0.8232,False,0.008264462809917356,0.3832137931034483
Furniture > Chairs & Seating > Office Chairs > Task,size_class,compact,single,0.09169389517313094,0.1657142857142857,0.40625,29,13,175,32,0.99835,False,0.2405357142857143,0.9467112068965516
Furniture > Chairs & Seating > Office Chairs > Task,size_class,oversize,single,0.09169389517313094,0.0,0.0625,0,2,175,32,0.9967,False,0.0625,0.8162629310344828
Furniture > Chairs & Seating > Office Chairs > Task,size_class,standard,single,0.09169389517313094,0.8342857142857143,0.53125,146,17,175,32,0.0002,False,-0.3030357142857143,1.3793103448275863e-05
Furniture > Chairs & Seating > Office Chairs > Task,form_factor,accent,single,0.05881931978257189,0.0,0.008771929824561403,0,4,174,456,0.9004,False,0.008771929824561403,0.4346758620689655
Furniture > Chairs & Seating > Office Chairs > Task,form_factor,drafting,single,0.05881931978257189,0.0,0.019736842105263157,0,9,174,456,0.9866,False,0.019736842105263157,0.6123724137931035
Furniture > Chairs & Seating > Office Chairs > Task,form_factor,executive,single,0.05881931978257189,0.017241379310344827,0.013157894736842105,3,6,174,456,0.3356,False,-0.004083484573502723,0.08968620689655173
Furniture > Chairs & Seating > Office Chairs > Task,form_factor,folding,single,0.05881931978257189,0.0,0.008771929824561403,0,4,174,456,0.90665,False,0.008771929824561403,0.43769310344827583
Furniture > Chairs & Seating > Office Chairs > Task,form_factor,gaming,single,0.05881931978257189,0.0,0.05043859649122807,0,23,174,456,1.0,False,0.05043859649122807,0.7844827586206896
Furniture > Chairs & Seating > Office Chairs > Task,form_factor,guest,single,0.05881931978257189,0.0,0.008771929824561403,0,4,174,456,0.901,False,0.008771929824561403,0.43496551724137933
Furniture > Chairs & Seating > Office Chairs > Task,form_factor,kids,single,0.05881931978257189,0.0,0.006578947368421052,0,3,174,456,0.85275,False,0.006578947368421052,0.37124030172413797
Furniture > Chairs & Seating > Office Chairs > Task,form_factor,ottoman,single,0.05881931978257189,0.0,0.0043859649122807015,0,2,174,456,0.78115,False,0.0043859649122807015,0.3198674568965517
Furniture > Chairs & Seating > Office Chairs > Task,form_factor,recliner,single,0.05881931978257189,0.0,0.006578947368421052,0,3,174,456,0.85505,False,0.006578947368421052,0.37224159482758623
Furniture > Chairs & Seating > Office Chairs > Task,form_factor,sofa,single,0.05881931978257189,0.0,0.03070175438596491,0,14,174,456,0.99765,False,0.03070175438596491,0.7052353448275862
Furniture > Chairs & Seating > Office Chairs > Task,form_factor,stacking,single,0.05881931978257189,0.0,0.0043859649122807015,0,2,174,456,0.76835,False,0.0043859649122807015,0.3146260775862069
Furniture > Chairs & Seating > Office Chairs > Task,form_factor,stool,single,0.05881931978257189,0.0,0.03508771929824561,0,16,174,456,0.99845,False,0.03508771929824561,0.7402301724137931
Furniture > Chairs & Seating > Office Chairs > Task,form_factor,task,single,0.05881931978257189,0.9827586206896551,0.8026315789473685,171,366,174,456,0.0,False,-0.18012704174228666,0.0
Furniture > Chairs & Seating > Office Chairs > Task,arm_type,adjustable,single,0.16187307614653845,0.6440677966101694,0.21100917431192662,114,46,177,218,0.0,False,-0.4330586222982428,0.0
Furniture > Chairs & Seating > Office Chairs > Task,arm_type,armless,single,0.16187307614653845,0.192090395480226,0.23853211009174313,34,52,177,218,0.8669,False,0.04644171461151714,0.6725948275862069
Furniture > Chairs & Seating > Office Chairs > Task,arm_type,fixed,single,0.16187307614653845,0.1638418079096045,0.5504587155963303,29,120,177,218,1.0,False,0.3866169076867258,0.9827586206896551
Furniture > Chairs & Seating > Office Chairs > Task,base_type,casters,single,0.0050870900381975535,0.9757575757575757,0.940677966101695,161,222,165,236,0.0435,False,-0.03507960965588075,0.009374999999999998
Furniture > Chairs & Seating > Office Chairs > Task,base_type,legs,single,0.0050870900381975535,0.024242424242424242,0.059322033898305086,4,14,165,236,0.9576,False,0.03507960965588085,0.7016896551724138
Furniture > Chairs & Seating > Office Chairs > Task,swivel,no,single,0.04741989131854482,0.2655367231638418,0.5154639175257731,47,250,177,485,1.0,True,0.24992719436193134,0.9568965517241379
Furniture > Chairs & Seating > Office Chairs > Task,swivel,yes,single,0.04741989131854482,0.7344632768361582,0.4845360824742268,130,235,177,485,0.0,True,-0.2499271943619314,0.0
Furniture > Chairs & Seating > Office Chairs > Task,height_adjustable,no,single,0.12368661199978474,0.22033898305084745,0.6247422680412371,39,303,177,485,1.0,True,0.4044032849903897,0.9913793103448276
Furniture > Chairs & Seating > Office Chairs > Task,height_adjustable,yes,single,0.12368661199978474,0.7796610169491526,0.3752577319587629,138,182,177,485,0.0,True,-0.4044032849903897,0.0
Furniture > Chairs & Seating > Office Chairs > Task,recline_tilt,no,single,0.1691662659023505,0.22598870056497175,0.7010309278350515,40,340,177,485,1.0,True,0.4750422272700797,1.0
Furniture > Chairs & Seating > Office Chairs > Task,recline_tilt,yes,single,0.1691662659023505,0.7740112994350282,0.29896907216494845,137,145,177,485,0.0,True,-0.4750422272700798,0.0
Furniture > Chairs & Seating > Office Chairs > Task,lumbar,no,single,0.08594567492845093,0.4293785310734463,0.7649484536082474,76,371,177,485,1.0,True,0.33556992253480106,0.9741379310344828
Furniture > Chairs & Seating > Office Chairs > Task,lumbar,yes,single,0.08594567492845093,0.5706214689265536,0.23505154639175257,101,114,177,485,0.0,True,-0.33556992253480106,0.0
Furniture > Chairs & Seating > Office Chairs > Task,headrest,no,single,8.253076870949117e-08,0.9209039548022598,0.9195876288659793,163,446,177,485,0.49065,False,-0.0013163259362805046,0.1522706896551724
Furniture > Chairs & Seating > Office Chairs > Task,headrest,yes,single,8.253076870949117e-08,0.07909604519774012,0.08041237113402062,14,39,177,485,0.51245,False,0.0013163259362805046,0.16345387931034483
Furniture > Chairs & Seating > Office Chairs > Task,back_height,high,single,0.058122416903715494,0.17105263157894737,0.4235294117647059,13,36,76,85,0.99985,False,0.2524767801857585,0.9653724137931035
Furniture > Chairs & Seating > Office Chairs > Task,back_height,low,single,0.058122416903715494,0.11842105263157894,0.047058823529411764,9,4,76,85,0.04835,False,-0.07136222910216718,0.007502586206896551
Furniture > Chairs & Seating > Office Chairs > Task,back_height,mid,single,0.058122416903715494,0.7105263157894737,0.5294117647058824,54,45,76,85,0.01005,False,-0.1811145510835913,0.001039655172413793
Furniture > Chairs & Seating > Office Chairs > Task,aesthetic_tags,channel-tufted,multi,0.03271685868476305,0.0,0.004123711340206186,0,2,177,485,0.76645,False,0.004123711340206186,0.30393706896551725
Furniture > Chairs & Seating > Office Chairs > Task,aesthetic_tags,cozy/plush,multi,0.03271685868476305,0.07909604519774012,0.10515463917525773,14,51,177,485,0.8393,False,0.026058593977517613,0.5426508620689655
Furniture > Chairs & Seating > Office Chairs > Task,aesthetic_tags,curved/organic,multi,0.03271685868476305,0.13559322033898305,0.08041237113402062,24,39,177,485,0.0186,False,-0.055180849204962426,0.0036879310344827584
Furniture > Chairs & Seating > Office Chairs > Task,aesthetic_tags,luxe,multi,0.03271685868476305,0.0847457627118644,0.11134020618556702,15,54,177,485,0.83985,False,0.026594443473702614,0.5502465517241379
Furniture > Chairs & Seating > Office Chairs > Task,aesthetic_tags,metal-accent,multi,0.03271685868476305,0.005649717514124294,0.01443298969072165,1,7,177,485,0.81595,False,0.008783272176597356,0.4114920258620689
Furniture > Chairs & Seating > Office Chairs > Task,aesthetic_tags,nailhead,multi,0.03271685868476305,0.005649717514124294,0.004123711340206186,1,2,177,485,0.36015,False,-0.001526006173918108,0.10866594827586207
Furniture > Chairs & Seating > Office Chairs > Task,aesthetic_tags,natural/woven,multi,0.03271685868476305,0.022598870056497175,0.020618556701030927,4,10,177,485,0.4165,False,-0.0019803133554662476,0.12207758620689653
Furniture > Chairs & Seating > Office Chairs > Task,aesthetic_tags,playful/colourful,multi,0.03271685868476305,0.02824858757062147,0.030927835051546393,5,15,177,485,0.55525,False,0.002679247480924924,0.21539870689655174
Furniture > Chairs & Seating > Office Chairs > Task,aesthetic_tags,retro/vintage,multi,0.03271685868476305,0.0,0.01443298969072165,0,7,177,485,0.96915,False,0.01443298969072165,0.5890092672413793
Furniture > Chairs & Seating > Office Chairs > Task,aesthetic_tags,sleek/minimal,multi,0.03271685868476305,0.12429378531073447,0.15463917525773196,22,75,177,485,0.83755,False,0.030345389946997495,0.5848409482758621
Furniture > Chairs & Seating > Office Chairs > Task,aesthetic_tags,statement,multi,0.03271685868476305,0.0,0.02268041237113402,0,11,177,485,0.9913,False,0.02268041237113402,0.6323810344827586
Furniture > Chairs & Seating > Office Chairs > Task,aesthetic_tags,textured,multi,0.03271685868476305,0.01694915254237288,0.018556701030927835,3,9,177,485,0.5324,False,0.0016075484885549537,0.17440689655172412
Furniture > Chairs & Seating > Office Chairs > Task,aesthetic_tags,tufted,multi,0.03271685868476305,0.02824858757062147,0.041237113402061855,5,20,177,485,0.7756,False,0.012988525831440386,0.434603448275862
Furniture > Chairs & Seating > Office Chairs > Task,use_context,breakroom/dining,multi,0.17645713183368872,0.0,0.0288659793814433,0,14,177,485,0.99745,False,0.0288659793814433,0.6792978448275862
Furniture > Chairs & Seating > Office Chairs > Task,use_context,corporate office,multi,0.17645713183368872,0.632768361581921,0.3319587628865979,112,161,177,485,0.0,False,-0.30080959869532303,0.0
Furniture > Chairs & Seating > Office Chairs > Task,use_context,education,multi,0.17645713183368872,0.05649717514124294,0.049484536082474224,10,24,177,485,0.35575,False,-0.007012639058768713,0.09200431034482759
Furniture > Chairs & Seating > Office Chairs > Task,use_context,gaming,multi,0.17645713183368872,0.005649717514124294,0.07835051546391752,1,38,177,485,1.0,False,0.07270079794979323,0.8577586206896551
Furniture > Chairs & Seating > Office Chairs > Task,use_context,healthcare,multi,0.17645713183368872,0.03389830508474576,0.008247422680412371,6,4,177,485,0.01135,False,-0.025650882404333393,0.0025439655172413795
Furniture > Chairs & Seating > Office Chairs > Task,use_context,home office,multi,0.17645713183368872,0.06779661016949153,0.24948453608247423,12,121,177,485,1.0,False,0.18168792591298272,0.9310344827586207
Furniture > Chairs & Seating > Office Chairs > Task,use_context,hospitality/events,multi,0.17645713183368872,0.0,0.008247422680412371,0,4,177,485,0.90015,False,0.008247422680412371,0.40739547413793104
Furniture > Chairs & Seating > Office Chairs > Task,use_context,kids/teen,multi,0.17645713183368872,0.011299435028248588,0.04536082474226804,2,22,177,485,0.989,False,0.03406138971401945,0.7161724137931035
Furniture > Chairs & Seating > Office Chairs > Task,use_context,outdoor,multi,0.17645713183368872,0.0,0.008247422680412371,0,4,177,485,0.89745,False,0.008247422680412371,0.4061734913793103
Furniture > Chairs & Seating > Office Chairs > Task,use_context,reception/lobby,multi,0.17645713183368872,0.02824858757062147,0.012371134020618556,5,6,177,485,0.08035,False,-0.01587745355000291,0.018702155172413793
Furniture > Chairs & Seating > Office Chairs > Task,use_context,residential living,multi,0.17645713183368872,0.005649717514124294,0.10309278350515463,1,50,177,485,1.0,False,0.09744306599103034,0.8793103448275862
Furniture > Chairs & Seating > Office Chairs > Task,end_user_segment,big & tall,multi,0.07333174816902302,0.01694915254237288,0.008247422680412371,3,4,177,485,0.1682,False,-0.00870172986196051,0.04205
Furniture > Chairs & Seating > Office Chairs > Task,end_user_segment,gamers,multi,0.07333174816902302,0.005649717514124294,0.07835051546391752,1,38,177,485,0.99995,False,0.07270079794979323,0.8577157327586207
Furniture > Chairs & Seating > Office Chairs > Task,end_user_segment,kids,multi,0.07333174816902302,0.005649717514124294,0.032989690721649485,1,16,177,485,0.9855,False,0.02733997320752519,0.6626637931034484
Furniture > Chairs & Seating > Office Chairs > Task,end_user_segment,remote workers,multi,0.07333174816902302,0.06779661016949153,0.2288659793814433,12,111,177,485,1.0,False,0.16106936921195175,0.9224137931034483
Furniture > Chairs & Seating > Office Chairs > Task,end_user_segment,students,multi,0.07333174816902302,0.0,0.01443298969072165,0,7,177,485,0.9691,False,0.01443298969072165,0.5889788793103448
Furniture > Chairs & Seating > Office Chairs > Task,end_user_segment,teens,multi,0.07333174816902302,0.005649717514124294,0.01443298969072165,1,7,177,485,0.8174,False,0.008783272176597356,0.41222327586206897
Furniture > Chairs & Seating > Office Chairs > Task,key_benefits,comfort,multi,0.13891775370012416,0.3333333333333333,0.24742268041237114,59,120,177,485,0.01435,False,-0.08591065292096217,0.0018556034482758621
Furniture > Chairs & Seating > Office Chairs > Task,key_benefits,commercial-grade,multi,0.13891775370012416,0.6610169491525424,0.05979381443298969,117,29,177,485,0.0,False,-0.6012231347195527,0.0
Furniture > Chairs & Seating > Office Chairs > Task,key_benefits,easy-clean,multi,0.13891775370012416,0.04519774011299435,0.07422680412371134,8,36,177,485,0.9125,False,0.02902906401071699,0.6293103448275862
Furniture > Chairs & Seating > Office Chairs > Task,key_benefits,ergonomic,multi,0.13891775370012416,0.7853107344632768,0.534020618556701,139,259,177,485,0.0,False,-0.2512901159065758,0.0
Furniture > Chairs & Seating > Office Chairs > Task,key_benefits,space-saving,multi,0.13891775370012416,0.01694915254237288,0.08453608247422681,3,41,177,485,0.9998,False,0.06758692993185393,0.8360396551724137
Furniture > Chairs & Seating > Office Chairs > Task,key_benefits,sustainable,multi,0.13891775370012416,0.14124293785310735,0.010309278350515464,25,5,177,485,0.0,False,-0.1309336595025919,0.0
Furniture > Chairs & Seating > Sofas & Benches > Benches & Beam Seating,colour_family,beige/cream,single,0.12798187106543918,0.08333333333333333,0.22072072072072071,3,49,36,222,0.9774,False,0.13738738738738737,0.9218659090909092
Furniture > Chairs & Seating > Sofas & Benches > Benches & Beam Seating,colour_family,black,single,0.12798187106543918,0.1111111111111111,0.15315315315315314,4,34,36,222,0.7344,False,0.04204204204204204,0.5007272727272727
Furniture > Chairs & Seating > Sofas & Benches > Benches & Beam Seating,colour_family,blue,single,0.12798187106543918,0.0,0.036036036036036036,0,8,36,222,0.8878,False,0.036036036036036036,0.5851409090909091
Furniture > Chairs & Seating > Sofas & Benches > Benches & Beam Seating,colour_family,brown/wood,single,0.12798187106543918,0.6666666666666666,0.21621621621621623,24,48,36,222,0.0,False,-0.4504504504504504,0.0
Furniture > Chairs & Seating > Sofas & Benches > Benches & Beam Seating,colour_family,clear,single,0.12798187106543918,0.0,0.009009009009009009,0,2,36,222,0.5897,False,0.009009009009009009,0.2713960227272727
Furniture > Chairs & Seating > Sofas & Benches > Benches & Beam Seating,colour_family,green,single,0.12798187106543918,0.027777777777777776,0.03153153153153153,1,7,36,222,0.4948,False,0.0037537537537537524,0.18555
Furniture > Chairs & Seating > Sofas & Benches > Benches & Beam Seating,colour_family,grey,single,0.12798187106543918,0.027777777777777776,0.15315315315315314,1,34,36,222,0.98985,False,0.12537537537537535,0.9167360795454546
Furniture > Chairs & Seating > Sofas & Benches > Benches & Beam Seating,colour_family,metallic,single,0.12798187106543918,0.0,0.02702702702702703,0,6,36,222,0.834,False,0.02702702702702703,0.4928181818181818
Furniture > Chairs & Seating > Sofas & Benches > Benches & Beam Seating,colour_family,multi/pattern,single,0.12798187106543918,0.0,0.02252252252252252,0,5,36,222,0.7978,False,0.02252252252252252,0.4396965909090909
Furniture > Chairs & Seating > Sofas & Benches > Benches & Beam Seating,colour_family,navy,single,0.12798187106543918,0.0,0.013513513513513514,0,3,36,222,0.6838,False,0.013513513513513514,0.33412954545454543
Furniture > Chairs & Seating > Sofas & Benches > Benches & Beam Seating,colour_family,purple,single,0.12798187106543918,0.0,0.0045045045045045045,0,1,36,222,0.46815,False,0.0045045045045045045,0.1915159090909091
Furniture > Chairs & Seating > Sofas & Benches > Benches & Beam Seating,colour_family,red/pink,single,0.12798187106543918,0.0,0.02702702702702703,0,6,36,222,0.8359,False,0.02702702702702703,0.4939409090909091
Furniture > Chairs & Seating > Sofas & Benches > Benches & Beam Seating,colour_family,white,single,0.12798187106543918,0.08333333333333333,0.07657657657657657,3,17,36,222,0.42245,False,-0.006756756756756757,0.12001420454545456
Furniture > Chairs & Seating > Sofas & Benches > Benches & Beam Seating,colour_family,yellow/orange,single,0.12798187106543918,0.0,0.009009009009009009,0,2,36,222,0.6017,False,0.009009009009009009,0.27691875
Furniture > Chairs & Seating > Sofas & Benches > Benches & Beam Seating,colour_tone,bold,single,0.135947926842376,0.027777777777777776,0.10810810810810811,1,24,36,222,0.9518,False,0.08033033033033034,0.7895613636363636
Furniture > Chairs & Seating > Sofas & Benches > Benches & Beam Seating,colour_tone,dark-neutral,single,0.135947926842376,0.1111111111111111,0.16666666666666666,4,37,36,222,0.7996,False,0.05555555555555555,0.6087863636363636
Furniture > Chairs & Seating > Sofas & Benches > Benches & Beam Seating,colour_tone,light-neutral,single,0.135947926842376,0.16666666666666666,0.3063063063063063,6,68,36,222,0.9615,False,0.13963963963963963,0.9177954545454546
Furniture > Chairs & Seating > Sofas & Benches > Benches & Beam Seating,colour_tone,metallic,single,0.135947926842376,0.0,0.02702702702702703,0,6,36,222,0.82835,False,0.02702702702702703,0.4894795454545455
Furniture > Chairs & Seating > Sofas & Benches > Benches & Beam Seating,colour_tone,mid-neutral,single,0.135947926842376,0.027777777777777776,0.15315315315315314,1,34,36,222,0.98805,False,0.12537537537537535,0.9150690340909091
Furniture > Chairs & Seating > Sofas & Benches > Benches & Beam Seating,colour_tone,pattern,single,0.135947926842376,0.0,0.02252252252252252,0,5,36,222,0.79935,False,0.02252252252252252,0.4405508522727273
Furniture > Chairs & Seating > Sofas & Benches > Benches & Beam Seating,colour_tone,warm-neutral,single,0.135947926842376,0.6666666666666666,0.21621621621621623,24,48,36,222,0.0,False,-0.4504504504504504,0.0
Furniture > Chairs & Seating > Sofas & Benches > Benches & Beam Seating,material_class,boucle,single,0.10564247773327703,0.0,0.0502092050209205,0,12,36,239,0.9387,True,0.0502092050209205,0.6720238636363637
Furniture > Chairs & Seating > Sofas & Benches > Benches & Beam Seating,material_class,engineered wood,single,0.10564247773327703,0.05555555555555555,0.016736401673640166,2,4,36,239,0.07965,True,-0.03881915388191538,0.014481818181818183
Furniture > Chairs & Seating > Sofas & Benches > Benches & Beam Seating,material_class,fabric,single,0.10564247773327703,0.1388888888888889,0.28870292887029286,5,69,36,239,0.97625,True,0.14981403998140397,0.94296875
Furniture > Chairs & Seating > Sofas & Benches > Benches & Beam Seating,material_class,faux leather,single,0.10564247773327703,0.08333333333333333,0.11297071129707113,3,27,36,239,0.69425,True,0.029637377963737804,0.43390625000000005
Furniture > Chairs & Seating > Sofas & Benches > Benches & Beam Seating,material_class,leather,single,0.10564247773327703,0.0,0.03347280334728033,0,8,36,239,0.8738,True,0.03347280334728033,0.5560545454545455
Furniture > Chairs & Seating > Sofas & Benches > Benches & Beam Seating,material_class,metal,single,0.10564247773327703,0.08333333333333333,0.08368200836820083,3,20,36,239,0.47465,True,0.0003486750348675044,0.1726
Furniture > Chairs & Seating > Sofas & Benches > Benches & Beam Seating,material_class,plastic,single,0.10564247773327703,0.0,0.008368200836820083,0,2,36,239,0.5757,True,0.008368200836820083,0.25513977272727273
Furniture > Chairs & Seating > Sofas & Benches > Benches & Beam Seating,material_class,velvet,single,0.10564247773327703,0.0,0.05439330543933055,0,13,36,239,0.95145,True,0.05439330543933055,0.6919636363636364
Furniture > Chairs & Seating > Sofas & Benches > Benches & Beam Seating,material_class,wicker/rattan,single,0.10564247773327703,0.1388888888888889,0.008368200836820083,5,2,36,239,0.0001,True,-0.13052068805206882,7.954545454545455e-06
Furniture > Chairs & Seating > Sofas & Benches > Benches & Beam Seating,material_class,wood,single,0.10564247773327703,0.5,0.34309623430962344,18,82,36,239,0.0361,True,-0.15690376569037656,0.0016409090909090909
Furniture > Chairs & Seating > Sofas & Benches > Benches & Beam Seating,style_family,boho/coastal,single,0.18038054682971486,0.3333333333333333,0.04807692307692308,7,10,21,208,5e-05,False,-0.28525641025641024,1.1363636363636364e-06
Furniture > Chairs & Seating > Sofas & Benches > Benches & Beam Seating,style_family,contemporary,single,0.18038054682971486,0.14285714285714285,0.09134615384615384,3,19,21,208,0.21685,False,-0.05151098901098901,0.03696306818181818
Furniture > Chairs & Seating > Sofas & Benches > Benches & Beam Seating,style_family,farmhouse/rustic,single,0.18038054682971486,0.19047619047619047,0.24519230769230768,4,51,21,208,0.7014,False,0.054716117216117216,0.5180795454545455
Furniture > Chairs & Seating > Sofas & Benches > Benches & Beam Seating,style_family,glam,single,0.18038054682971486,0.0,0.0625,0,13,21,208,0.8979,False,0.0625,0.6938318181818182
Furniture > Chairs & Seating > Sofas & Benches > Benches & Beam Seating,style_family,industrial,single,0.18038054682971486,0.047619047619047616,0.09615384615384616,1,20,21,208,0.7613,False,0.04853479853479854,0.5277193181818182
Furniture > Chairs & Seating > Sofas & Benches > Benches & Beam Seating,style_family,mid-century,single,0.18038054682971486,0.0,0.08653846153846154,0,18,21,208,0.94395,False,0.08653846153846154,0.8045028409090909
Furniture > Chairs & Seating > Sofas & Benches > Benches & Beam Seating,style_family,minimalist,single,0.18038054682971486,0.0,0.03365384615384615,0,7,21,208,0.76465,False,0.03365384615384615,0.49528465909090913
Furniture > Chairs & Seating > Sofas & Benches > Benches & Beam Seating,style_family,modern,single,0.18038054682971486,0.047619047619047616,0.12980769230769232,1,27,21,208,0.8672,False,0.0821886446886447,0.7292363636363637
Furniture > Chairs & Seating > Sofas & Benches > Benches & Beam Seating,style_family,scandinavian,single,0.18038054682971486,0.19047619047619047,0.019230769230769232,4,4,21,208,0.0007,False,-0.17124542124542125,2.3863636363636362e-05
Furniture > Chairs & Seating > Sofas & Benches > Benches & Beam Seating,style_family,traditional,single,0.18038054682971486,0.047619047619047616,0.14903846153846154,1,31,21,208,0.9103,False,0.10141941391941392,0.7861681818181818
Furniture > Chairs & Seating > Sofas & Benches > Benches & Beam Seating,style_family,transitional,single,0.18038054682971486,0.0,0.038461538461538464,0,8,21,208,0.8011,False,0.038461538461538464,0.5371011363636363
Furniture > Chairs & Seating > Sofas & Benches > Benches & Beam Seating,size_class,compact,single,0.01769570478194866,0.1111111111111111,0.02857142857142857,4,1,36,35,0.0875,False,-0.08253968253968254,0.013920454545454545
Furniture > Chairs & Seating > Sofas & Benches > Benches & Beam Seating,size_class,oversize,single,0.01769570478194866,0.1388888888888889,0.11428571428571428,5,4,36,35,0.37515,False,-0.024603174603174613,0.08526136363636364
Furniture > Chairs & Seating > Sofas & Benches > Benches & Beam Seating,size_class,standard,single,0.01769570478194866,0.75,0.8571428571428571,27,30,36,35,0.8705,False,0.1071428571428571,0.7616875000000001
Furniture > Chairs & Seating > Sofas & Benches > Benches & Beam Seating,form_factor,bench,single,0.0009441734149891134,1.0,0.9645669291338582,36,245,36,254,0.10625,False,-0.03543307086614178,0.021732954545454545
Furniture > Chairs & Seating > Sofas & Benches > Benches & Beam Seating,form_factor,ottoman,single,0.0009441734149891134,0.0,0.01968503937007874,0,5,36,254,0.76535,False,0.01968503937007874,0.4000693181818182
Furniture > Chairs & Seating > Sofas & Benches > Benches & Beam Seating,form_factor,stool,single,0.0009441734149891134,0.0,0.015748031496062992,0,4,36,254,0.7182,False,0.015748031496062992,0.3591
Furniture > Chairs & Seating > Sofas & Benches > Benches & Beam Seating,base_type,legs,single,0.06232836047613225,0.8888888888888888,0.9514563106796117,8,98,9,103,0.8094,False,0.06256742179072283,0.6346431818181818
Furniture > Chairs & Seating > Sofas & Benches > Benches & Beam Seating,base_type,pedestal,single,0.06232836047613225,0.1111111111111111,0.0,1,0,9,103,0.0091,False,-0.1111111111111111,0.0011375
Furniture > Chairs & Seating > Sofas & Benches > Benches & Beam Seating,base_type,sled,single,0.06232836047613225,0.0,0.04854368932038835,0,5,9,103,0.6628,False,0.04854368932038835,0.46697272727272726
Furniture > Chairs & Seating > Sofas & Benches > Benches & Beam Seating,swivel,no,single,0.0,1.0,1.0,36,254,36,254,0.7684,True,0.0,0.25322272727272727
Furniture > Chairs & Seating > Sofas & Benches > Benches & Beam Seating,height_adjustable,no,single,0.0,1.0,1.0,36,254,36,254,0.7687,True,0.0,0.2533215909090909
Furniture > Chairs & Seating > Sofas & Benches > Benches & Beam Seating,recline_tilt,no,single,0.001123327207467985,1.0,0.9960629921259843,36,253,36,254,0.5582,True,-0.003937007874015741,0.16492272727272728
Furniture > Chairs & Seating > Sofas & Benches > Benches & Beam Seating,recline_tilt,yes,single,0.001123327207467985,0.0,0.003937007874015748,0,1,36,254,0.4403,True,0.003937007874015748,0.17261761363636363
Furniture > Chairs & Seating > Sofas & Benches > Benches & Beam Seating,stack_fold,folding,single,0.0,1.0,1.0,7,1,7,1,0.25325,False,0.0,0.08345738636363635
Furniture > Chairs & Seating > Sofas & Benches > Benches & Beam Seating,lumbar,no,single,0.0,1.0,1.0,36,254,36,254,0.7677,True,0.0,0.25299204545454546
Furniture > Chairs & Seating > Sofas & Benches > Benches & Beam Seating,headrest,no,single,0.0,1.0,1.0,36,254,36,254,0.76555,False,0.0,0.2522835227272727
Furniture > Chairs & Seating > Sofas & Benches > Benches & Beam Seating,aesthetic_tags,channel-tufted,multi,0.14456669817985268,0.0,0.011811023622047244,0,3,36,254,0.6448,False,0.011811023622047244,0.3077454545454546
Furniture > Chairs & Seating > Sofas & Benches > Benches & Beam Seating,aesthetic_tags,cozy/plush,multi,0.14456669817985268,0.2222222222222222,0.12598425196850394,8,32,36,254,0.0621,False,-0.09623797025371827,0.008468181818181817
Furniture > Chairs & Seating > Sofas & Benches > Benches & Beam Seating,aesthetic_tags,curved/organic,multi,0.14456669817985268,0.08333333333333333,0.047244094488188976,3,12,36,254,0.1746,False,-0.03608923884514435,0.033729545454545456
Furniture > Chairs & Seating > Sofas & Benches > Benches & Beam Seating,aesthetic_tags,luxe,multi,0.14456669817985268,0.0,0.23622047244094488,0,60,36,254,1.0,False,0.23622047244094488,0.9886363636363636
Furniture > Chairs & Seating > Sofas & Benches > Benches & Beam Seating,aesthetic_tags,metal-accent,multi,0.14456669817985268,0.0,0.007874015748031496,0,2,36,254,0.5635,False,0.007874015748031496,0.24012784090909092
Furniture > Chairs & Seating > Sofas & Benches > Benches & Beam Seating,aesthetic_tags,nailhead,multi,0.14456669817985268,0.0,0.07874015748031496,0,20,36,254,0.98205,False,0.07874015748031496,0.8034954545454546
Furniture > Chairs & Seating > Sofas & Benches > Benches & Beam Seating,aesthetic_tags,natural/woven,multi,0.14456669817985268,0.4444444444444444,0.31496062992125984,16,80,36,254,0.0666,False,-0.12948381452318458,0.006054545454545456
Furniture > Chairs & Seating > Sofas & Benches > Benches & Beam Seating,aesthetic_tags,playful/colourful,multi,0.14456669817985268,0.027777777777777776,0.007874015748031496,1,2,36,254,0.13365,False,-0.01990376202974628,0.03189375
Furniture > Chairs & Seating > Sofas & Benches > Benches & Beam Seating,aesthetic_tags,retro/vintage,multi,0.14456669817985268,0.1388888888888889,0.047244094488188976,5,12,36,254,0.02215,False,-0.09164479440069992,0.003272159090909091
Furniture > Chairs & Seating > Sofas & Benches > Benches & Beam Seating,aesthetic_tags,sleek/minimal,multi,0.14456669817985268,0.08333333333333333,0.2047244094488189,3,52,36,254,0.9683,False,0.12139107611548557,0.8802727272727273
Furniture > Chairs & Seating > Sofas & Benches > Benches & Beam Seating,aesthetic_tags,statement,multi,0.14456669817985268,0.08333333333333333,0.07480314960629922,3,19,36,254,0.4044,False,-0.00853018372703411,0.11029090909090908
Furniture > Chairs & Seating > Sofas & Benches > Benches & Beam Seating,aesthetic_tags,textured,multi,0.14456669817985268,0.08333333333333333,0.07086614173228346,3,18,36,254,0.3654,False,-0.012467191601049865,0.09550227272727273
Furniture > Chairs & Seating > Sofas & Benches > Benches & Beam Seating,aesthetic_tags,tufted,multi,0.14456669817985268,0.027777777777777776,0.14566929133858267,1,37,36,254,0.9874,False,0.11789151356080489,0.8751954545454546
Furniture > Chairs & Seating > Sofas & Benches > Benches & Beam Seating,use_context,breakroom/dining,multi,0.19115401761489412,0.027777777777777776,0.2992125984251969,1,76,36,254,0.99995,False,0.2714348206474191,0.99995
Furniture > Chairs & Seating > Sofas & Benches > Benches & Beam Seating,use_context,corporate office,multi,0.19115401761489412,0.0,0.06299212598425197,0,16,36,254,0.969,False,0.06299212598425197,0.7707954545454545
Furniture > Chairs & Seating > Sofas & Benches > Benches & Beam Seating,use_context,education,multi,0.19115401761489412,0.027777777777777776,0.011811023622047244,1,3,36,254,0.19495,False,-0.015966754155730532,0.0487375
Furniture > Chairs & Seating > Sofas & Benches > Benches & Beam Seating,use_context,healthcare,multi,0.19115401761489412,0.0,0.027559055118110236,0,7,36,254,0.83885,False,0.027559055118110236,0.5147488636363636
Furniture > Chairs & Seating > Sofas & Benches > Benches & Beam Seating,use_context,hospitality/events,multi,0.19115401761489412,0.0,0.023622047244094488,0,6,36,254,0.8033,False,0.023622047244094488,0.4564204545454546
Furniture > Chairs & Seating > Sofas & Benches > Benches & Beam Seating,use_context,kids/teen,multi,0.19115401761489412,0.0,0.01968503937007874,0,5,36,254,0.7647,False,0.01968503937007874,0.3997295454545455
Furniture > Chairs & Seating > Sofas & Benches > Benches & Beam Seating,use_context,outdoor,multi,0.19115401761489412,0.1388888888888889,0.01968503937007874,5,5,36,254,0.0012,False,-0.11920384951881016,0.00013636363636363634
Furniture > Chairs & Seating > Sofas & Benches > Benches & Beam Seating,use_context,reception/lobby,multi,0.19115401761489412,0.0,0.11811023622047244,0,30,36,254,0.99595,False,0.11811023622047244,0.8940914772727273
Furniture > Chairs & Seating > Sofas & Benches > Benches & Beam Seating,use_context,residential living,multi,0.19115401761489412,0.2222222222222222,0.4330708661417323,8,110,36,254,0.99305,False,0.21084864391951008,0.9704806818181818
Furniture > Chairs & Seating > Sofas & Benches > Benches & Beam Seating,end_user_segment,bariatric,multi,0.1451287928517006,0.0,0.003937007874015748,0,1,36,254,0.4432,False,0.003937007874015748,0.17375454545454544
Furniture > Chairs & Seating > Sofas & Benches > Benches & Beam Seating,end_user_segment,big & tall,multi,0.1451287928517006,0.0,0.07480314960629922,0,19,36,254,0.97865,False,0.07480314960629922,0.7895926136363636
Furniture > Chairs & Seating > Sofas & Benches > Benches & Beam Seating,end_user_segment,kids,multi,0.1451287928517006,0.0,0.01968503937007874,0,5,36,254,0.7628,False,0.01968503937007874,0.3987363636363636
Furniture > Chairs & Seating > Sofas & Benches > Benches & Beam Seating,key_benefits,comfort,multi,0.12797738571252937,0.19444444444444445,0.16929133858267717,7,43,36,254,0.3463,False,-0.025153105861767278,0.07476931818181819
Furniture > Chairs & Seating > Sofas & Benches > Benches & Beam Seating,key_benefits,commercial-grade,multi,0.12797738571252937,0.19444444444444445,0.06692913385826772,7,17,36,254,0.01015,False,-0.1275153105861767,0.0010380681818181819
Furniture > Chairs & Seating > Sofas & Benches > Benches & Beam Seating,key_benefits,easy-clean,multi,0.12797738571252937,0.0,0.05511811023622047,0,14,36,254,0.94895,False,0.05511811023622047,0.7117125
Furniture > Chairs & Seating > Sofas & Benches > Benches & Beam Seating,key_benefits,ergonomic,multi,0.12797738571252937,0.0,0.007874015748031496,0,2,36,254,0.5678,False,0.007874015748031496,0.24196022727272726
Furniture > Chairs & Seating > Sofas & Benches > Benches & Beam Seating,key_benefits,space-saving,multi,0.12797738571252937,0.19444444444444445,0.03937007874015748,7,10,36,254,0.0007,False,-0.15507436570428695,3.977272727272727e-05
Furniture > Chairs & Seating > Sofas & Benches > Benches & Beam Seating,key_benefits,sustainable,multi,0.12797738571252937,0.16666666666666666,0.01968503937007874,6,5,36,254,0.0003,False,-0.14698162729658792,2.045454545454545e-05
"Furniture > Chairs & Seating > Sofas & Benches > Sofas, Loveseats & Sectionals",colour_family,beige/cream,single,0.08859385755402774,0.038461538461538464,0.2222222222222222,1,12,26,54,0.9875,False,0.18376068376068375,0.9276515151515152
"Furniture > Chairs & Seating > Sofas & Benches > Sofas, Loveseats & Sectionals",colour_family,black,single,0.08859385755402774,0.4230769230769231,0.2962962962962963,11,16,26,54,0.13025,False,-0.1267806267806268,0.029602272727272727
"Furniture > Chairs & Seating > Sofas & Benches > Sofas, Loveseats & Sectionals",colour_family,blue,single,0.08859385755402774,0.23076923076923078,0.05555555555555555,6,3,26,54,0.0112,False,-0.17521367521367523,0.001696969696969697
"Furniture > Chairs & Seating > Sofas & Benches > Sofas, Loveseats & Sectionals",colour_family,brown/wood,single,0.08859385755402774,0.23076923076923078,0.2222222222222222,6,12,26,54,0.46035,False,-0.008547008547008572,0.2197125
"Furniture > Chairs & Seating > Sofas & Benches > Sofas, Loveseats & Sectionals",colour_family,green,single,0.08859385755402774,0.0,0.018518518518518517,0,1,26,54,0.693,False,0.018518518518518517,0.40425
"Furniture > Chairs & Seating > Sofas & Benches > Sofas, Loveseats & Sectionals",colour_family,grey,single,0.08859385755402774,0.07692307692307693,0.12962962962962962,2,7,26,54,0.75445,False,0.052706552706552695,0.5658375
"Furniture > Chairs & Seating > Sofas & Benches > Sofas, Loveseats & Sectionals",colour_family,navy,single,0.08859385755402774,0.0,0.018518518518518517,0,1,26,54,0.69035,False,0.018518518518518517,0.4027041666666667
"Furniture > Chairs & Seating > Sofas & Benches > Sofas, Loveseats & Sectionals",colour_family,white,single,0.08859385755402774,0.0,0.037037037037037035,0,2,26,54,0.82575,False,0.037037037037037035,0.5630113636363636
"Furniture > Chairs & Seating > Sofas & Benches > Sofas, Loveseats & Sectionals",colour_tone,bold,single,0.08763272520805669,0.23076923076923078,0.07407407407407407,6,4,26,54,0.0248,False,-0.1566951566951567,0.004884848484848484
"Furniture > Chairs & Seating > Sofas & Benches > Sofas, Loveseats & Sectionals",colour_tone,dark-neutral,single,0.08763272520805669,0.4230769230769231,0.3148148148148148,11,17,26,54,0.1718,False,-0.10826210826210825,0.046854545454545454
"Furniture > Chairs & Seating > Sofas & Benches > Sofas, Loveseats & Sectionals",colour_tone,light-neutral,single,0.08763272520805669,0.038461538461538464,0.25925925925925924,1,14,26,54,0.99485,False,0.22079772079772078,0.9647030303030304
"Furniture > Chairs & Seating > Sofas & Benches > Sofas, Loveseats & Sectionals",colour_tone,mid-neutral,single,0.08763272520805669,0.07692307692307693,0.12962962962962962,2,7,26,54,0.7469,False,0.052706552706552695,0.560175
"Furniture > Chairs & Seating > Sofas & Benches > Sofas, Loveseats & Sectionals",colour_tone,warm-neutral,single,0.08763272520805669,0.23076923076923078,0.2222222222222222,6,12,26,54,0.45445,False,-0.008547008547008572,0.21689659090909094
"Furniture > Chairs & Seating > Sofas & Benches > Sofas, Loveseats & Sectionals",material_class,engineered wood,single,0.11145268540182293,0.038461538461538464,0.04,1,2,26,50,0.49085,True,0.0015384615384615372,0.2751734848484848
"Furniture > Chairs & Seating > Sofas & Benches > Sofas, Loveseats & Sectionals",material_class,fabric,single,0.11145268540182293,0.2692307692307692,0.26,7,13,26,50,0.46365,True,-0.009230769230769209,0.21075
"Furniture > Chairs & Seating > Sofas & Benches > Sofas, Loveseats & Sectionals",material_class,faux leather,single,0.11145268540182293,0.4230769230769231,0.34,11,17,26,50,0.2385,True,-0.08307692307692305,0.0686590909090909
"Furniture > Chairs & Seating > Sofas & Benches > Sofas, Loveseats & Sectionals",material_class,leather,single,0.11145268540182293,0.11538461538461539,0.08,3,4,26,50,0.30745,True,-0.03538461538461539,0.125775
"Furniture > Chairs & Seating > Sofas & Benches > Sofas, Loveseats & Sectionals",material_class,metal,single,0.11145268540182293,0.0,0.02,0,1,26,50,0.7048,True,0.02,0.4324909090909091
"Furniture > Chairs & Seating > Sofas & Benches > Sofas, Loveseats & Sectionals",material_class,plastic,single,0.11145268540182293,0.0,0.02,0,1,26,50,0.7017,True,0.02,0.43058863636363637
"Furniture > Chairs & Seating > Sofas & Benches > Sofas, Loveseats & Sectionals",material_class,velvet,single,0.11145268540182293,0.0,0.1,0,5,26,50,0.9674,True,0.1,0.8574681818181819
"Furniture > Chairs & Seating > Sofas & Benches > Sofas, Loveseats & Sectionals",material_class,vinyl,single,0.11145268540182293,0.15384615384615385,0.0,4,0,26,50,0.00215,True,-0.15384615384615385,0.0004560606060606061
"Furniture > Chairs & Seating > Sofas & Benches > Sofas, Loveseats & Sectionals",material_class,wicker/rattan,single,0.11145268540182293,0.0,0.04,0,2,26,50,0.8382,True,0.04,0.5969
"Furniture > Chairs & Seating > Sofas & Benches > Sofas, Loveseats & Sectionals",material_class,wood,single,0.11145268540182293,0.0,0.1,0,5,26,50,0.96715,True,0.1,0.8572465909090908
"Furniture > Chairs & Seating > Sofas & Benches > Sofas, Loveseats & Sectionals",style_family,boho/coastal,single,0.21118687770002725,0.0,0.07692307692307693,0,3,23,39,0.92225,False,0.07692307692307693,0.7545681818181819
"Furniture > Chairs & Seating > Sofas & Benches > Sofas, Loveseats & Sectionals",style_family,contemporary,single,0.21118687770002725,0.391304347826087,0.07692307692307693,9,3,23,39,0.00085,False,-0.31438127090301005,6.439393939393939e-05
"Furniture > Chairs & Seating > Sofas & Benches > Sofas, Loveseats & Sectionals",style_family,glam,single,0.21118687770002725,0.0,0.2564102564102564,0,10,23,39,0.999,False,0.2564102564102564,0.9838636363636364
"Furniture > Chairs & Seating > Sofas & Benches > Sofas, Loveseats & Sectionals",style_family,mid-century,single,0.21118687770002725,0.0,0.02564102564102564,0,1,23,39,0.7327,False,0.02564102564102564,0.47181439393939395
"Furniture > Chairs & Seating > Sofas & Benches > Sofas, Loveseats & Sectionals",style_family,minimalist,single,0.21118687770002725,0.0,0.07692307692307693,0,3,23,39,0.9233,False,0.07692307692307693,0.7554272727272728
"Furniture > Chairs & Seating > Sofas & Benches > Sofas, Loveseats & Sectionals",style_family,modern,single,0.21118687770002725,0.6086956521739131,0.38461538461538464,14,15,23,39,0.04215,False,-0.22408026755852845,0.0051090909090909095
"Furniture > Chairs & Seating > Sofas & Benches > Sofas, Loveseats & Sectionals",style_family,scandinavian,single,0.21118687770002725,0.0,0.07692307692307693,0,3,23,39,0.92375,False,0.07692307692307693,0.7557954545454546
"Furniture > Chairs & Seating > Sofas & Benches > Sofas, Loveseats & Sectionals",style_family,traditional,single,0.21118687770002725,0.0,0.02564102564102564,0,1,23,39,0.7278,False,0.02564102564102564,0.4686590909090909
"Furniture > Chairs & Seating > Sofas & Benches > Sofas, Loveseats & Sectionals",size_class,oversize,single,0.021932038212887327,0.6923076923076923,0.875,18,7,26,8,0.84565,False,0.1826923076923077,0.781585606060606
"Furniture > Chairs & Seating > Sofas & Benches > Sofas, Loveseats & Sectionals",size_class,standard,single,0.021932038212887327,0.3076923076923077,0.125,8,1,26,8,0.15155,False,-0.1826923076923077,0.02066590909090909
"Furniture > Chairs & Seating > Sofas & Benches > Sofas, Loveseats & Sectionals",form_factor,bench,single,0.027061162581031632,0.07692307692307693,0.0,2,0,26,42,0.03625,False,-0.07692307692307693,0.01180871212121212
"Furniture > Chairs & Seating > Sofas & Benches > Sofas, Loveseats & Sectionals",form_factor,sofa,single,0.027061162581031632,0.9230769230769231,1.0,24,42,26,42,0.9658,False,0.07692307692307687,0.7609333333333332
"Furniture > Chairs & Seating > Sofas & Benches > Sofas, Loveseats & Sectionals",arm_type,armless,single,0.09297540210805427,0.3181818181818182,0.0,7,0,22,8,0.021,False,-0.3181818181818182,0.0012727272727272728
"Furniture > Chairs & Seating > Sofas & Benches > Sofas, Loveseats & Sectionals",arm_type,fixed,single,0.09297540210805427,0.6818181818181818,1.0,15,8,22,8,0.97935,False,0.31818181818181823,0.97935
"Furniture > Chairs & Seating > Sofas & Benches > Sofas, Loveseats & Sectionals",base_type,legs,single,0.0,1.0,1.0,12,8,12,8,0.43305,False,0.0,0.22636704545454545
"Furniture > Chairs & Seating > Sofas & Benches > Sofas, Loveseats & Sectionals",swivel,no,single,0.0,1.0,1.0,26,54,26,54,0.6144,True,0.0,0.3211636363636363
"Furniture > Chairs & Seating > Sofas & Benches > Sofas, Loveseats & Sectionals",height_adjustable,no,single,0.0,1.0,1.0,26,54,26,54,0.61465,True,0.0,0.3212943181818182
"Furniture > Chairs & Seating > Sofas & Benches > Sofas, Loveseats & Sectionals",recline_tilt,no,single,0.0019556256377944066,0.9615384615384616,0.9259259259259259,25,50,26,54,0.286,True,-0.035612535612535634,0.11266666666666665
"Furniture > Chairs & Seating > Sofas & Benches > Sofas, Loveseats & Sectionals",recline_tilt,yes,single,0.0019556256377944066,0.038461538461538464,0.07407407407407407,1,4,26,54,0.7177,True,0.035612535612535606,0.47846666666666665
"Furniture > Chairs & Seating > Sofas & Benches > Sofas, Loveseats & Sectionals",lumbar,no,single,0.013788298263642935,0.9615384615384616,1.0,25,54,26,54,0.91075,True,0.038461538461538436,0.6347651515151516
"Furniture > Chairs & Seating > Sofas & Benches > Sofas, Loveseats & Sectionals",lumbar,yes,single,0.013788298263642935,0.038461538461538464,0.0,1,0,26,54,0.08525,True,-0.038461538461538464,0.03164583333333334
"Furniture > Chairs & Seating > Sofas & Benches > Sofas, Loveseats & Sectionals",headrest,no,single,0.0,1.0,1.0,26,54,26,54,0.61445,False,0.0,0.3211897727272727
"Furniture > Chairs & Seating > Sofas & Benches > Sofas, Loveseats & Sectionals",aesthetic_tags,cozy/plush,multi,0.13318595903607922,0.38461538461538464,0.3333333333333333,10,18,26,54,0.3228,False,-0.05128205128205132,0.11249090909090909
"Furniture > Chairs & Seating > Sofas & Benches > Sofas, Loveseats & Sectionals",aesthetic_tags,curved/organic,multi,0.13318595903607922,0.11538461538461539,0.0,3,0,26,54,0.00505,False,-0.11538461538461539,0.0012625
"Furniture > Chairs & Seating > Sofas & Benches > Sofas, Loveseats & Sectionals",aesthetic_tags,luxe,multi,0.13318595903607922,0.3076923076923077,0.14814814814814814,8,8,26,54,0.05045,False,-0.15954415954415957,0.008790530303030303
"Furniture > Chairs & Seating > Sofas & Benches > Sofas, Loveseats & Sectionals",aesthetic_tags,metal-accent,multi,0.13318595903607922,0.11538461538461539,0.0,3,0,26,54,0.0061,False,-0.11538461538461539,0.001525
"Furniture > Chairs & Seating > Sofas & Benches > Sofas, Loveseats & Sectionals",aesthetic_tags,natural/woven,multi,0.13318595903607922,0.11538461538461539,0.16666666666666666,3,9,26,54,0.71495,False,0.051282051282051266,0.5199636363636364
"Furniture > Chairs & Seating > Sofas & Benches > Sofas, Loveseats & Sectionals",aesthetic_tags,playful/colourful,multi,0.13318595903607922,0.07692307692307693,0.0,2,0,26,54,0.02265,False,-0.07692307692307693,0.007378409090909091
"Furniture > Chairs & Seating > Sofas & Benches > Sofas, Loveseats & Sectionals",aesthetic_tags,sleek/minimal,multi,0.13318595903607922,0.11538461538461539,0.2037037037037037,3,11,26,54,0.83175,False,0.0883190883190883,0.7057272727272728
"Furniture > Chairs & Seating > Sofas & Benches > Sofas, Loveseats & Sectionals",aesthetic_tags,statement,multi,0.13318595903607922,0.038461538461538464,0.0,1,0,26,54,0.0928,False,-0.038461538461538464,0.034448484848484846
"Furniture > Chairs & Seating > Sofas & Benches > Sofas, Loveseats & Sectionals",aesthetic_tags,textured,multi,0.13318595903607922,0.0,0.09259259259259259,0,5,26,54,0.96095,False,0.09259259259259259,0.8299113636363636
"Furniture > Chairs & Seating > Sofas & Benches > Sofas, Loveseats & Sectionals",aesthetic_tags,tufted,multi,0.13318595903607922,0.07692307692307693,0.05555555555555555,2,3,26,54,0.3438,False,-0.021367521367521375,0.14585454545454546
"Furniture > Chairs & Seating > Sofas & Benches > Sofas, Loveseats & Sectionals",use_context,corporate office,multi,0.22236540300332103,0.5769230769230769,0.12962962962962962,15,7,26,54,0.0,False,-0.4472934472934472,0.0
"Furniture > Chairs & Seating > Sofas & Benches > Sofas, Loveseats & Sectionals",use_context,hospitality/events,multi,0.22236540300332103,0.34615384615384615,0.0,9,0,26,54,0.0,False,-0.34615384615384615,0.0
"Furniture > Chairs & Seating > Sofas & Benches > Sofas, Loveseats & Sectionals",use_context,outdoor,multi,0.22236540300332103,0.0,0.1111111111111111,0,6,26,54,0.9785,False,0.1111111111111111,0.8895454545454545
"Furniture > Chairs & Seating > Sofas & Benches > Sofas, Loveseats & Sectionals",use_context,reception/lobby,multi,0.22236540300332103,0.8076923076923077,0.37037037037037035,21,20,26,54,0.0001,False,-0.43732193732193736,3.0303030303030305e-06
"Furniture > Chairs & Seating > Sofas & Benches > Sofas, Loveseats & Sectionals",use_context,residential living,multi,0.22236540300332103,0.038461538461538464,0.24074074074074073,1,13,26,54,0.99215,False,0.20227920227920226,0.9470522727272728
"Furniture > Chairs & Seating > Sofas & Benches > Sofas, Loveseats & Sectionals",end_user_segment,big & tall,multi,0.0,0.11538461538461539,0.037037037037037035,3,2,26,54,0.0914,False,-0.07834757834757836,0.027696969696969696
"Furniture > Chairs & Seating > Sofas & Benches > Sofas, Loveseats & Sectionals",key_benefits,comfort,multi,0.24089561147987448,0.3076923076923077,0.14814814814814814,8,8,26,54,0.04835,False,-0.15954415954415957,0.008424621212121211
"Furniture > Chairs & Seating > Sofas & Benches > Sofas, Loveseats & Sectionals",key_benefits,commercial-grade,multi,0.24089561147987448,1.0,0.037037037037037035,26,2,26,54,0.0,False,-0.962962962962963,0.0
"Furniture > Chairs & Seating > Sofas & Benches > Sofas, Loveseats & Sectionals",key_benefits,easy-clean,multi,0.24089561147987448,0.3076923076923077,0.05555555555555555,8,3,26,54,0.0015,False,-0.25213675213675213,0.0001590909090909091
"Furniture > Chairs & Seating > Sofas & Benches > Sofas, Loveseats & Sectionals",key_benefits,ergonomic,multi,0.24089561147987448,0.038461538461538464,0.018518518518518517,1,1,26,54,0.2797,False,-0.019943019943019946,0.12289848484848485
"Furniture > Chairs & Seating > Sofas & Benches > Sofas, Loveseats & Sectionals",key_benefits,space-saving,multi,0.24089561147987448,0.038461538461538464,0.09259259259259259,1,5,26,54,0.8022,False,0.054131054131054124,0.6198818181818182
"Furniture > Chairs & Seating > Sofas & Benches > Sofas, Loveseats & Sectionals",key_benefits,sustainable,multi,0.24089561147987448,0.2692307692307692,0.0,7,0,26,54,0.0,False,-0.2692307692307692,0.0
Furniture > Chairs & Seating > Stacking & Folding Chairs,colour_family,beige/cream,single,0.20150585867095638,0.054474708171206226,0.15458937198067632,14,32,257,207,0.99975,False,0.1001146638094701,0.8641906779661017
Furniture > Chairs & Seating > Stacking & Folding Chairs,colour_family,black,single,0.20150585867095638,0.4980544747081712,0.13526570048309178,128,28,257,207,0.0,False,-0.36278877422507944,0.0
Furniture > Chairs & Seating > Stacking & Folding Chairs,colour_family,blue,single,0.20150585867095638,0.12062256809338522,0.06763285024154589,31,14,257,207,0.0259,False,-0.05298971785183933,0.005706779661016949
Furniture > Chairs & Seating > Stacking & Folding Chairs,colour_family,brown/wood,single,0.20150585867095638,0.0311284046692607,0.12560386473429952,8,26,257,207,0.99995,False,0.09447546006503882,0.8516523305084746
Furniture > Chairs & Seating > Stacking & Folding Chairs,colour_family,clear,single,0.20150585867095638,0.0,0.03864734299516908,0,8,257,207,0.99955,False,0.03864734299516908,0.6861317796610169
Furniture > Chairs & Seating > Stacking & Folding Chairs,colour_family,green,single,0.20150585867095638,0.007782101167315175,0.05314009661835749,2,11,257,207,0.9991,False,0.04535799545104231,0.728157627118644
Furniture > Chairs & Seating > Stacking & Folding Chairs,colour_family,grey,single,0.20150585867095638,0.16342412451361868,0.1111111111111111,42,23,257,207,0.0503,False,-0.052313013402507574,0.011722457627118642
Furniture > Chairs & Seating > Stacking & Folding Chairs,colour_family,metallic,single,0.20150585867095638,0.0,0.043478260869565216,0,9,257,207,0.99975,False,0.043478260869565216,0.7159226694915254
Furniture > Chairs & Seating > Stacking & Folding Chairs,colour_family,multi/pattern,single,0.20150585867095638,0.0038910505836575876,0.00966183574879227,1,2,257,207,0.7803,False,0.0057707851651346825,0.3471673728813559
Furniture > Chairs & Seating > Stacking & Folding Chairs,colour_family,navy,single,0.20150585867095638,0.0038910505836575876,0.024154589371980676,1,5,257,207,0.97435,False,0.02026353878832309,0.5449754237288136
Furniture > Chairs & Seating > Stacking & Folding Chairs,colour_family,red/pink,single,0.20150585867095638,0.0311284046692607,0.03864734299516908,8,8,257,207,0.6735,False,0.0075189383259083795,0.30821186440677967
Furniture > Chairs & Seating > Stacking & Folding Chairs,colour_family,white,single,0.20150585867095638,0.07782101167315175,0.11594202898550725,20,24,257,207,0.91735,False,0.038121017312355496,0.6219322033898305
Furniture > Chairs & Seating > Stacking & Folding Chairs,colour_family,yellow/orange,single,0.20150585867095638,0.007782101167315175,0.0821256038647343,2,17,257,207,1.0,False,0.07434350269741913,0.788135593220339
Furniture > Chairs & Seating > Stacking & Folding Chairs,colour_tone,bold,single,0.139359465374856,0.16731517509727625,0.24154589371980675,43,50,257,207,0.97625,False,0.0742307186225305,0.7611440677966101
Furniture > Chairs & Seating > Stacking & Folding Chairs,colour_tone,dark-neutral,single,0.139359465374856,0.5019455252918288,0.15942028985507245,129,33,257,207,0.0,False,-0.34252523543675634,0.0
Furniture > Chairs & Seating > Stacking & Folding Chairs,colour_tone,light-neutral,single,0.139359465374856,0.13229571984435798,0.30917874396135264,34,64,257,207,1.0,False,0.17688302411699466,0.923728813559322
Furniture > Chairs & Seating > Stacking & Folding Chairs,colour_tone,metallic,single,0.139359465374856,0.0,0.043478260869565216,0,9,257,207,0.99995,False,0.043478260869565216,0.7160658898305085
Furniture > Chairs & Seating > Stacking & Folding Chairs,colour_tone,mid-neutral,single,0.139359465374856,0.16342412451361868,0.1111111111111111,42,23,257,207,0.052,False,-0.052313013402507574,0.01211864406779661
Furniture > Chairs & Seating > Stacking & Folding Chairs,colour_tone,pattern,single,0.139359465374856,0.0038910505836575876,0.00966183574879227,1,2,257,207,0.7801,False,0.0057707851651346825,0.3470783898305085
Furniture > Chairs & Seating > Stacking & Folding Chairs,colour_tone,warm-neutral,single,0.139359465374856,0.0311284046692607,0.12560386473429952,8,26,257,207,0.9999,False,0.09447546006503882,0.8516097457627119
Furniture > Chairs & Seating > Stacking & Folding Chairs,material_class,boucle,single,0.313824682458932,0.0,0.023148148148148147,0,5,257,216,0.99655,True,0.023148148148148147,0.5953963983050847
Furniture > Chairs & Seating > Stacking & Folding Chairs,material_class,engineered wood,single,0.313824682458932,0.0,0.023148148148148147,0,5,257,216,0.99575,True,0.023148148148148147,0.5949184322033898
Furniture > Chairs & Seating > Stacking & Folding Chairs,material_class,fabric,single,0.313824682458932,0.2178988326848249,0.1712962962962963,56,37,257,216,0.10455,True,-0.0466025363885286,0.02658050847457627
Furniture > Chairs & Seating > Stacking & Folding Chairs,material_class,faux leather,single,0.313824682458932,0.007782101167315175,0.032407407407407406,2,7,257,216,0.9756,True,0.02462530624009223,0.5952813559322034
Furniture > Chairs & Seating > Stacking & Folding Chairs,material_class,leather,single,0.313824682458932,0.0,0.018518518518518517,0,4,257,216,0.99105,True,0.018518518518518517,0.5459173728813559
Furniture > Chairs & Seating > Stacking & Folding Chairs,material_class,mesh,single,0.313824682458932,0.0311284046692607,0.013888888888888888,8,3,257,216,0.10575,True,-0.017239515780371813,0.03136652542372881
Furniture > Chairs & Seating > Stacking & Folding Chairs,material_class,metal,single,0.313824682458932,0.0622568093385214,0.2777777777777778,16,60,257,216,1.0,True,0.2155209684392564,0.9576271186440678
Furniture > Chairs & Seating > Stacking & Folding Chairs,material_class,plastic,single,0.313824682458932,0.46303501945525294,0.13425925925925927,119,29,257,216,0.0,True,-0.32877576019599364,0.0
Furniture > Chairs & Seating > Stacking & Folding Chairs,material_class,velvet,single,0.313824682458932,0.0,0.032407407407407406,0,7,257,216,0.9994,True,0.032407407407407406,0.6267423728813559
Furniture > Chairs & Seating > Stacking & Folding Chairs,material_class,vinyl,single,0.313824682458932,0.20233463035019456,0.018518518518518517,52,4,257,216,0.0,True,-0.18381611183167604,0.0
Furniture > Chairs & Seating > Stacking & Folding Chairs,material_class,wicker/rattan,single,0.313824682458932,0.007782101167315175,0.041666666666666664,2,9,257,216,0.99355,True,0.03388456549935149,0.6483334745762712
Furniture > Chairs & Seating > Stacking & Folding Chairs,material_class,wood,single,0.313824682458932,0.007782101167315175,0.21296296296296297,2,46,257,216,1.0,True,0.2051808617956478,0.9491525423728814
Furniture > Chairs & Seating > Stacking & Folding Chairs,style_family,boho/coastal,single,0.1743095579953919,0.08653846153846154,0.16304347826086957,9,30,104,184,0.9693,False,0.07650501672240803,0.7762614406779661
Furniture > Chairs & Seating > Stacking & Folding Chairs,style_family,contemporary,single,0.1743095579953919,0.18269230769230768,0.09239130434782608,19,17,104,184,0.0151,False,-0.0903010033444816,0.0026872881355932206
Furniture > Chairs & Seating > Stacking & Folding Chairs,style_family,farmhouse/rustic,single,0.1743095579953919,0.009615384615384616,0.04891304347826087,1,9,104,184,0.96805,False,0.039297658862876256,0.6809165254237288
Furniture > Chairs & Seating > Stacking & Folding Chairs,style_family,gaming,single,0.1743095579953919,0.14423076923076922,0.005434782608695652,15,1,104,184,0.0,False,-0.13879598662207357,0.0
Furniture > Chairs & Seating > Stacking & Folding Chairs,style_family,glam,single,0.1743095579953919,0.019230769230769232,0.02717391304347826,2,5,104,184,0.64335,False,0.007943143812709028,0.29986652542372877
Furniture > Chairs & Seating > Stacking & Folding Chairs,style_family,industrial,single,0.1743095579953919,0.16346153846153846,0.010869565217391304,17,2,104,184,0.0,False,-0.15259197324414717,0.0
Furniture > Chairs & Seating > Stacking & Folding Chairs,style_family,mid-century,single,0.1743095579953919,0.0673076923076923,0.07065217391304347,7,13,104,184,0.53685,False,0.0033444816053511683,0.19108220338983053
Furniture > Chairs & Seating > Stacking & Folding Chairs,style_family,minimalist,single,0.1743095579953919,0.0,0.06521739130434782,0,12,104,184,0.9992,False,0.06521739130434782,0.7705694915254238
Furniture > Chairs & Seating > Stacking & Folding Chairs,style_family,modern,single,0.1743095579953919,0.08653846153846154,0.17391304347826086,9,32,104,184,0.98025,False,0.08737458193979933,0.8057987288135593
Furniture > Chairs & Seating > Stacking & Folding Chairs,style_family,scandinavian,single,0.1743095579953919,0.15384615384615385,0.16847826086956522,16,31,104,184,0.6235,False,0.014632107023411361,0.332885593220339
Furniture > Chairs & Seating > Stacking & Folding Chairs,style_family,traditional,single,0.1743095579953919,0.08653846153846154,0.16304347826086957,9,30,104,184,0.9682,False,0.07650501672240803,0.7753805084745762
Furniture > Chairs & Seating > Stacking & Folding Chairs,style_family,transitional,single,0.1743095579953919,0.0,0.010869565217391304,0,2,104,184,0.851,False,0.010869565217391304,0.4327118644067796
Furniture > Chairs & Seating > Stacking & Folding Chairs,size_class,compact,single,0.48137850963933526,0.9647058823529412,0.21212121212121213,246,7,255,33,0.0,False,-0.752584670231729,0.0
Furniture > Chairs & Seating > Stacking & Folding Chairs,size_class,oversize,single,0.48137850963933526,0.0,0.09090909090909091,0,3,255,33,0.9998,False,0.09090909090909091,0.8388152542372881
Furniture > Chairs & Seating > Stacking & Folding Chairs,size_class,standard,single,0.48137850963933526,0.03529411764705882,0.696969696969697,9,23,255,33,1.0,False,0.6616755793226382,0.9830508474576272
Furniture > Chairs & Seating > Stacking & Folding Chairs,form_factor,accent,single,0.1965814763942496,0.0,0.1782608695652174,0,41,231,230,1.0,False,0.1782608695652174,0.9322033898305084
Furniture > Chairs & Seating > Stacking & Folding Chairs,form_factor,bench,single,0.1965814763942496,0.0,0.004347826086956522,0,1,231,230,0.81655,False,0.004347826086956522,0.33215593220338985
Furniture > Chairs & Seating > Stacking & Folding Chairs,form_factor,dining,single,0.1965814763942496,0.0,0.004347826086956522,0,1,231,230,0.82225,False,0.004347826086956522,0.3344745762711865
Furniture > Chairs & Seating > Stacking & Folding Chairs,form_factor,drafting,single,0.1965814763942496,0.0,0.004347826086956522,0,1,231,230,0.8193,False,0.004347826086956522,0.33327457627118645
Furniture > Chairs & Seating > Stacking & Folding Chairs,form_factor,executive,single,0.1965814763942496,0.0,0.008695652173913044,0,2,231,230,0.92805,False,0.008695652173913044,0.4522277542372881
Furniture > Chairs & Seating > Stacking & Folding Chairs,form_factor,folding,single,0.1965814763942496,0.3939393939393939,0.30869565217391304,91,71,231,230,0.02665,False,-0.08524374176548088,0.00496864406779661
Furniture > Chairs & Seating > Stacking & Folding Chairs,form_factor,guest,single,0.1965814763942496,0.1038961038961039,0.06956521739130435,24,16,231,230,0.09655,False,-0.034330886504799554,0.027001271186440676
Furniture > Chairs & Seating > Stacking & Folding Chairs,form_factor,kids,single,0.1965814763942496,0.0,0.008695652173913044,0,2,231,230,0.9241,False,0.008695652173913044,0.4503029661016949
Furniture > Chairs & Seating > Stacking & Folding Chairs,form_factor,lounge,single,0.1965814763942496,0.0,0.013043478260869565,0,3,231,230,0.96605,False,0.013043478260869565,0.49939872881355923
Furniture > Chairs & Seating > Stacking & Folding Chairs,form_factor,ottoman,single,0.1965814763942496,0.0,0.0391304347826087,0,9,231,230,0.99965,False,0.0391304347826087,0.6946720338983051
Furniture > Chairs & Seating > Stacking & Folding Chairs,form_factor,recliner,single,0.1965814763942496,0.012987012987012988,0.06521739130434782,3,15,231,230,0.9988,False,0.05223037831733483,0.7364033898305086
Furniture > Chairs & Seating > Stacking & Folding Chairs,form_factor,sofa,single,0.1965814763942496,0.0,0.05652173913043478,0,13,231,230,1.0,False,0.05652173913043478,0.7627118644067796
Furniture > Chairs & Seating > Stacking & Folding Chairs,form_factor,stacking,single,0.1965814763942496,0.4588744588744589,0.1826086956521739,106,42,231,230,0.0,False,-0.27626576322228497,0.0
Furniture > Chairs & Seating > Stacking & Folding Chairs,form_factor,stool,single,0.1965814763942496,0.004329004329004329,0.030434782608695653,1,7,231,230,0.9848,False,0.026105778279691325,0.6092406779661017
Furniture > Chairs & Seating > Stacking & Folding Chairs,form_factor,task,single,0.1965814763942496,0.025974025974025976,0.02608695652173913,6,6,231,230,0.50255,False,0.00011293054771315328,0.1746148305084746
Furniture > Chairs & Seating > Stacking & Folding Chairs,arm_type,adjustable,single,0.44648280224964465,0.0,0.021505376344086023,0,2,256,93,0.98575,False,0.021505376344086023,0.5680593220338983
Furniture > Chairs & Seating > Stacking & Folding Chairs,arm_type,armless,single,0.44648280224964465,0.8671875,0.11827956989247312,222,11,256,93,0.0,False,-0.7489079301075269,0.0
Furniture > Chairs & Seating > Stacking & Folding Chairs,arm_type,fixed,single,0.44648280224964465,0.1328125,0.8602150537634409,34,80,256,93,1.0,False,0.7274025537634409,1.0
Furniture > Chairs & Seating > Stacking & Folding Chairs,base_type,casters,single,0.011581997915655114,0.10655737704918032,0.16,13,8,122,50,0.8348,False,0.05344262295081968,0.6296372881355932
Furniture > Chairs & Seating > Stacking & Folding Chairs,base_type,legs,single,0.011581997915655114,0.7377049180327869,0.76,90,38,122,50,0.61125,False,0.022295081967213082,0.35742584745762707
Furniture > Chairs & Seating > Stacking & Folding Chairs,base_type,sled,single,0.011581997915655114,0.1557377049180328,0.08,19,4,122,50,0.0893,False,-0.07573770491803279,0.01740593220338983
Furniture > Chairs & Seating > Stacking & Folding Chairs,swivel,no,single,0.02283188998889164,1.0,0.9469387755102041,257,232,257,245,0.0,True,-0.05306122448979589,0.0
Furniture > Chairs & Seating > Stacking & Folding Chairs,swivel,yes,single,0.02283188998889164,0.0,0.053061224489795916,0,13,257,245,1.0,True,0.053061224489795916,0.7457627118644068
Furniture > Chairs & Seating > Stacking & Folding Chairs,height_adjustable,no,single,0.00022400241275730213,0.9844357976653697,0.9795918367346939,253,240,257,245,0.33895,True,-0.00484396093067585,0.11202584745762711
Furniture > Chairs & Seating > Stacking & Folding Chairs,height_adjustable,yes,single,0.00022400241275730213,0.01556420233463035,0.02040816326530612,4,5,257,245,0.6556,True,0.00484396093067577,0.2777966101694915
Furniture > Chairs & Seating > Stacking & Folding Chairs,recline_tilt,no,single,0.02933980837471105,0.9571984435797666,0.8367346938775511,246,205,257,245,0.0,True,-0.12046374970221552,0.0
Furniture > Chairs & Seating > Stacking & Folding Chairs,recline_tilt,yes,single,0.02933980837471105,0.042801556420233464,0.16326530612244897,11,40,257,245,1.0,True,0.1204637497022155,0.8813559322033898
Furniture > Chairs & Seating > Stacking & Folding Chairs,stack_fold,folding,single,0.07232792359334114,0.28793774319066145,0.6013513513513513,74,89,257,148,1.0,False,0.31341360816068986,0.9745762711864406
Furniture > Chairs & Seating > Stacking & Folding Chairs,stack_fold,stacking,single,0.07232792359334114,0.7120622568093385,0.39864864864864863,183,59,257,148,0.0,False,-0.3134136081606899,0.0
Furniture > Chairs & Seating > Stacking & Folding Chairs,lumbar,no,single,0.00041950280549118936,0.953307392996109,0.963265306122449,245,236,257,245,0.70665,True,0.009957913126339979,0.353325
Furniture > Chairs & Seating > Stacking & Folding Chairs,lumbar,yes,single,0.00041950280549118936,0.04669260700389105,0.036734693877551024,12,9,257,245,0.29665,True,-0.009957913126340028,0.09050338983050848
Furniture > Chairs & Seating > Stacking & Folding Chairs,headrest,no,single,0.002222546616807825,1.0,0.9918367346938776,257,243,257,245,0.0684,False,-0.008163265306122436,0.021447457627118645
Furniture > Chairs & Seating > Stacking & Folding Chairs,headrest,yes,single,0.002222546616807825,0.0,0.00816326530612245,0,2,257,245,0.9276,False,0.00816326530612245,0.4402169491525424
Furniture > Chairs & Seating > Stacking & Folding Chairs,back_height,high,single,0.34511300819502844,0.07692307692307693,0.8,1,8,13,10,0.9998,False,0.7230769230769232,0.9913271186440679
Furniture > Chairs & Seating > Stacking & Folding Chairs,back_height,low,single,0.34511300819502844,0.23076923076923078,0.1,3,1,13,10,0.2161,False,-0.13076923076923078,0.031133050847457627
Furniture > Chairs & Seating > Stacking & Folding Chairs,back_height,mid,single,0.34511300819502844,0.6923076923076923,0.1,9,1,13,10,0.0014,False,-0.5923076923076923,3.559322033898305e-05
Furniture > Chairs & Seating > Stacking & Folding Chairs,aesthetic_tags,cozy/plush,multi,0.19861430429458032,0.07782101167315175,0.23673469387755103,20,58,257,245,1.0,False,0.15891368220439928,0.9067796610169492
Furniture > Chairs & Seating > Stacking & Folding Chairs,aesthetic_tags,curved/organic,multi,0.19861430429458032,0.20622568093385213,0.1510204081632653,53,37,257,245,0.05515,False,-0.055205272770586816,0.011216949152542373
Furniture > Chairs & Seating > Stacking & Folding Chairs,aesthetic_tags,luxe,multi,0.19861430429458032,0.042801556420233464,0.19183673469387755,11,47,257,245,1.0,False,0.1490351782736441,0.8983050847457628
Furniture > Chairs & Seating > Stacking & Folding Chairs,aesthetic_tags,metal-accent,multi,0.19861430429458032,0.0,0.004081632653061225,0,1,257,245,0.8299,False,0.004081632653061225,0.3129707627118644
Furniture > Chairs & Seating > Stacking & Folding Chairs,aesthetic_tags,nailhead,multi,0.19861430429458032,0.0,0.0163265306122449,0,4,257,245,0.98675,False,0.0163265306122449,0.5351864406779661
Furniture > Chairs & Seating > Stacking & Folding Chairs,aesthetic_tags,natural/woven,multi,0.19861430429458032,0.027237354085603113,0.22448979591836735,7,55,257,245,1.0,False,0.19725244183276425,0.940677966101695
Furniture > Chairs & Seating > Stacking & Folding Chairs,aesthetic_tags,playful/colourful,multi,0.19861430429458032,0.01556420233463035,0.053061224489795916,4,13,257,245,0.9913,False,0.037497022155165566,0.6636669491525423
Furniture > Chairs & Seating > Stacking & Folding Chairs,aesthetic_tags,retro/vintage,multi,0.19861430429458032,0.007782101167315175,0.02857142857142857,2,7,257,245,0.9622,False,0.020789327404113395,0.5463338983050848
Furniture > Chairs & Seating > Stacking & Folding Chairs,aesthetic_tags,sleek/minimal,multi,0.19861430429458032,0.03501945525291829,0.1510204081632653,9,37,257,245,1.0,False,0.11600095291034702,0.8728813559322034
Furniture > Chairs & Seating > Stacking & Folding Chairs,aesthetic_tags,statement,multi,0.19861430429458032,0.0,0.07755102040816327,0,19,257,245,1.0,False,0.07755102040816327,0.8135593220338984
Furniture > Chairs & Seating > Stacking & Folding Chairs,aesthetic_tags,textured,multi,0.19861430429458032,0.14785992217898833,0.04081632653061224,38,10,257,245,0.0,False,-0.1070435956483761,0.0
Furniture > Chairs & Seating > Stacking & Folding Chairs,aesthetic_tags,tufted,multi,0.19861430429458032,0.0,0.0326530612244898,0,8,257,245,0.9996,False,0.0326530612244898,0.6353389830508475
Furniture > Chairs & Seating > Stacking & Folding Chairs,use_context,breakroom/dining,multi,0.15090800583890762,0.14785992217898833,0.23673469387755103,38,58,257,245,0.9946,False,0.0888747716985627,0.8260237288135593
Furniture > Chairs & Seating > Stacking & Folding Chairs,use_context,corporate office,multi,0.15090800583890762,0.2490272373540856,0.11428571428571428,64,28,257,245,0.0001,False,-0.13474152306837134,1.2711864406779661e-05
Furniture > Chairs & Seating > Stacking & Folding Chairs,use_context,education,multi,0.15090800583890762,0.17509727626459143,0.04081632653061224,45,10,257,245,0.0,False,-0.1342809497339792,0.0
Furniture > Chairs & Seating > Stacking & Folding Chairs,use_context,gaming,multi,0.15090800583890762,0.0,0.004081632653061225,0,1,257,245,0.826,False,0.004081632653061225,0.3115
Furniture > Chairs & Seating > Stacking & Folding Chairs,use_context,healthcare,multi,0.15090800583890762,0.011673151750972763,0.004081632653061225,3,1,257,245,0.1721,False,-0.007591519097911538,0.05542203389830508
Furniture > Chairs & Seating > Stacking & Folding Chairs,use_context,home office,multi,0.15090800583890762,0.01556420233463035,0.04897959183673469,4,12,257,245,0.9846,False,0.03341538950210434,0.6341491525423728
Furniture > Chairs & Seating > Stacking & Folding Chairs,use_context,hospitality/events,multi,0.15090800583890762,0.33852140077821014,0.2,87,49,257,245,0.00035,False,-0.13852140077821012,4.152542372881356e-05
Furniture > Chairs & Seating > Stacking & Folding Chairs,use_context,kids/teen,multi,0.15090800583890762,0.027237354085603113,0.04081632653061224,7,10,257,245,0.8039,False,0.013578972445009128,0.42238813559322036
Furniture > Chairs & Seating > Stacking & Folding Chairs,use_context,outdoor,multi,0.15090800583890762,0.2801556420233463,0.42857142857142855,72,105,257,245,0.9999,False,0.14841578654808224,0.8897415254237288
Furniture > Chairs & Seating > Stacking & Folding Chairs,use_context,reception/lobby,multi,0.15090800583890762,0.23735408560311283,0.06938775510204082,61,17,257,245,0.0,False,-0.16796633050107201,0.0
Furniture > Chairs & Seating > Stacking & Folding Chairs,use_context,residential living,multi,0.15090800583890762,0.0038910505836575876,0.22857142857142856,1,56,257,245,1.0,False,0.22468037798777096,0.9661016949152542
Furniture > Chairs & Seating > Stacking & Folding Chairs,end_user_segment,bariatric,multi,0.33599932315239533,0.0038910505836575876,0.0,1,0,257,245,0.1881,False,-0.0038910505836575876,0.06376271186440677
Furniture > Chairs & Seating > Stacking & Folding Chairs,end_user_segment,big & tall,multi,0.33599932315239533,0.35797665369649806,0.024489795918367346,92,6,257,245,0.0,False,-0.3334868577781307,0.0
Furniture > Chairs & Seating > Stacking & Folding Chairs,end_user_segment,gamers,multi,0.33599932315239533,0.0,0.004081632653061225,0,1,257,245,0.82415,False,0.004081632653061225,0.3108023305084746
Furniture > Chairs & Seating > Stacking & Folding Chairs,end_user_segment,kids,multi,0.33599932315239533,0.027237354085603113,0.0326530612244898,7,8,257,245,0.64175,False,0.005415707138886686,0.27736652542372886
Furniture > Chairs & Seating > Stacking & Folding Chairs,end_user_segment,remote workers,multi,0.33599932315239533,0.011673151750972763,0.04897959183673469,3,12,257,245,0.9943,False,0.03730644008576193,0.6572491525423728
Furniture > Chairs & Seating > Stacking & Folding Chairs,end_user_segment,students,multi,0.33599932315239533,0.04669260700389105,0.00816326530612245,12,2,257,245,0.00235,False,-0.0385293416977686,0.0006173728813559323
Furniture > Chairs & Seating > Stacking & Folding Chairs,end_user_segment,teens,multi,0.33599932315239533,0.0,0.004081632653061225,0,1,257,245,0.82245,False,0.004081632653061225,0.31016122881355934
Furniture > Chairs & Seating > Stacking & Folding Chairs,key_benefits,comfort,multi,0.1313568193741706,0.3346303501945525,0.21224489795918366,86,52,257,245,0.0008,False,-0.12238545223536884,0.00012203389830508477
Furniture > Chairs & Seating > Stacking & Folding Chairs,key_benefits,commercial-grade,multi,0.1313568193741706,0.8054474708171206,0.12244897959183673,207,30,257,245,0.0,False,-0.6829984912252839,0.0
Furniture > Chairs & Seating > Stacking & Folding Chairs,key_benefits,easy-clean,multi,0.1313568193741706,0.17898832684824903,0.1306122448979592,46,32,257,245,0.0672,False,-0.048376081950289834,0.016515254237288134
Furniture > Chairs & Seating > Stacking & Folding Chairs,key_benefits,ergonomic,multi,0.1313568193741706,0.1867704280155642,0.15510204081632653,48,38,257,245,0.1704,False,-0.031668387199237674,0.04909830508474576
Furniture > Chairs & Seating > Stacking & Folding Chairs,key_benefits,space-saving,multi,0.1313568193741706,0.16342412451361868,0.3224489795918367,42,79,257,245,1.0,False,0.15902485507821804,0.9152542372881356
Furniture > Chairs & Seating > Stacking & Folding Chairs,key_benefits,sustainable,multi,0.1313568193741706,0.054474708171206226,0.0163265306122449,14,4,257,245,0.0081,False,-0.03814817755896133,0.0021966101694915253
Furniture > Chairs & Seating > Stools & Ottomans > Counter & Bar Stools > Bar,colour_family,beige/cream,single,0.16069708267117186,0.011904761904761904,0.19393939393939394,2,32,168,165,1.0,False,0.18203463203463205,0.9326923076923077
Furniture > Chairs & Seating > Stools & Ottomans > Counter & Bar Stools > Bar,colour_family,black,single,0.16069708267117186,0.39285714285714285,0.14545454545454545,66,24,168,165,0.0,False,-0.2474025974025974,0.0
Furniture > Chairs & Seating > Stools & Ottomans > Counter & Bar Stools > Bar,colour_family,blue,single,0.16069708267117186,0.02976190476190476,0.024242424242424242,5,4,168,165,0.3778,False,-0.005519480519480518,0.14530769230769233
Furniture > Chairs & Seating > Stools & Ottomans > Counter & Bar Stools > Bar,colour_family,brown/wood,single,0.16069708267117186,0.2857142857142857,0.30303030303030304,48,50,168,165,0.63295,False,0.01731601731601734,0.356034375
Furniture > Chairs & Seating > Stools & Ottomans > Counter & Bar Stools > Bar,colour_family,clear,single,0.16069708267117186,0.041666666666666664,0.012121212121212121,7,2,168,165,0.044,False,-0.02954545454545454,0.012269230769230768
Furniture > Chairs & Seating > Stools & Ottomans > Counter & Bar Stools > Bar,colour_family,green,single,0.16069708267117186,0.03571428571428571,0.05454545454545454,6,9,168,165,0.7967,False,0.01883116883116883,0.4749557692307692
Furniture > Chairs & Seating > Stools & Ottomans > Counter & Bar Stools > Bar,colour_family,grey,single,0.16069708267117186,0.017857142857142856,0.11515151515151516,3,19,168,165,0.9999,False,0.0972943722943723,0.802804326923077
Furniture > Chairs & Seating > Stools & Ottomans > Counter & Bar Stools > Bar,colour_family,metallic,single,0.16069708267117186,0.10119047619047619,0.03636363636363636,17,6,168,165,0.0083,False,-0.06482683982683983,0.0018754807692307693
Furniture > Chairs & Seating > Stools & Ottomans > Counter & Bar Stools > Bar,colour_family,multi/pattern,single,0.16069708267117186,0.005952380952380952,0.0,1,0,168,165,0.1861,False,-0.005952380952380952,0.06710336538461538
Furniture > Chairs & Seating > Stools & Ottomans > Counter & Bar Stools > Bar,colour_family,navy,single,0.16069708267117186,0.0,0.01818181818181818,0,3,168,165,0.96855,False,0.01818181818181818,0.5587788461538461
Furniture > Chairs & Seating > Stools & Ottomans > Counter & Bar Stools > Bar,colour_family,red/pink,single,0.16069708267117186,0.011904761904761904,0.006060606060606061,2,1,168,165,0.296,False,-0.0058441558441558435,0.11099999999999999
Furniture > Chairs & Seating > Stools & Ottomans > Counter & Bar Stools > Bar,colour_family,white,single,0.16069708267117186,0.047619047619047616,0.08484848484848485,8,14,168,165,0.9121,False,0.03722943722943724,0.6139134615384616
Furniture > Chairs & Seating > Stools & Ottomans > Counter & Bar Stools > Bar,colour_family,yellow/orange,single,0.16069708267117186,0.017857142857142856,0.006060606060606061,3,1,168,165,0.16165,False,-0.011796536796536795,0.05440144230769231
Furniture > Chairs & Seating > Stools & Ottomans > Counter & Bar Stools > Bar,colour_tone,bold,single,0.1058287511824411,0.09523809523809523,0.09090909090909091,16,15,168,165,0.44765,False,-0.004329004329004321,0.17647740384615385
Furniture > Chairs & Seating > Stools & Ottomans > Counter & Bar Stools > Bar,colour_tone,dark-neutral,single,0.1058287511824411,0.39285714285714285,0.16363636363636364,66,27,168,165,0.0,False,-0.2292207792207792,0.0
Furniture > Chairs & Seating > Stools & Ottomans > Counter & Bar Stools > Bar,colour_tone,light-neutral,single,0.1058287511824411,0.10119047619047619,0.2909090909090909,17,48,168,165,1.0,False,0.1897186147186147,0.9423076923076923
Furniture > Chairs & Seating > Stools & Ottomans > Counter & Bar Stools > Bar,colour_tone,metallic,single,0.1058287511824411,0.10119047619047619,0.03636363636363636,17,6,168,165,0.008,False,-0.06482683982683983,0.0018076923076923077
Furniture > Chairs & Seating > Stools & Ottomans > Counter & Bar Stools > Bar,colour_tone,mid-neutral,single,0.1058287511824411,0.017857142857142856,0.11515151515151516,3,19,168,165,0.99995,False,0.0972943722943723,0.8028444711538462
Furniture > Chairs & Seating > Stools & Ottomans > Counter & Bar Stools > Bar,colour_tone,pattern,single,0.1058287511824411,0.005952380952380952,0.0,1,0,168,165,0.18195,False,-0.005952380952380952,0.06560697115384616
Furniture > Chairs & Seating > Stools & Ottomans > Counter & Bar Stools > Bar,colour_tone,warm-neutral,single,0.1058287511824411,0.2857142857142857,0.30303030303030304,48,50,168,165,0.63355,False,0.01731601731601734,0.35637187499999995
Furniture > Chairs & Seating > Stools & Ottomans > Counter & Bar Stools > Bar,material_class,boucle,single,0.28950413966174177,0.0,0.00625,0,1,168,160,0.81995,True,0.00625,0.3547860576923077
Furniture > Chairs & Seating > Stools & Ottomans > Counter & Bar Stools > Bar,material_class,engineered wood,single,0.28950413966174177,0.0,0.075,0,12,168,160,1.0,True,0.075,0.75
Furniture > Chairs & Seating > Stools & Ottomans > Counter & Bar Stools > Bar,material_class,fabric,single,0.28950413966174177,0.02976190476190476,0.11875,5,19,168,160,0.9995,True,0.08898809523809523,0.7880673076923077
Furniture > Chairs & Seating > Stools & Ottomans > Counter & Bar Stools > Bar,material_class,faux leather,single,0.28950413966174177,0.10119047619047619,0.21875,17,35,168,160,0.9986,True,0.11755952380952381,0.8449692307692308
Furniture > Chairs & Seating > Stools & Ottomans > Counter & Bar Stools > Bar,material_class,glass,single,0.28950413966174177,0.0,0.0125,0,2,168,160,0.9283,True,0.0125,0.45522403846153847
Furniture > Chairs & Seating > Stools & Ottomans > Counter & Bar Stools > Bar,material_class,leather,single,0.28950413966174177,0.0,0.01875,0,3,168,160,0.96825,True,0.01875,0.5679158653846155
Furniture > Chairs & Seating > Stools & Ottomans > Counter & Bar Stools > Bar,material_class,metal,single,0.28950413966174177,0.4107142857142857,0.10625,69,17,168,160,0.0,True,-0.3044642857142857,0.0
Furniture > Chairs & Seating > Stools & Ottomans > Counter & Bar Stools > Bar,material_class,plastic,single,0.28950413966174177,0.06547619047619048,0.00625,11,1,168,160,0.0011,True,-0.05922619047619048,0.000275
Furniture > Chairs & Seating > Stools & Ottomans > Counter & Bar Stools > Bar,material_class,velvet,single,0.28950413966174177,0.0,0.08125,0,13,168,160,0.99995,True,0.08125,0.7595774038461538
Furniture > Chairs & Seating > Stools & Ottomans > Counter & Bar Stools > Bar,material_class,vinyl,single,0.28950413966174177,0.19047619047619047,0.0,32,0,168,160,0.0,True,-0.19047619047619047,0.0
Furniture > Chairs & Seating > Stools & Ottomans > Counter & Bar Stools > Bar,material_class,wicker/rattan,single,0.28950413966174177,0.005952380952380952,0.01875,1,3,168,160,0.85065,True,0.012797619047619047,0.425325
Furniture > Chairs & Seating > Stools & Ottomans > Counter & Bar Stools > Bar,material_class,wood,single,0.28950413966174177,0.19642857142857142,0.3375,33,54,168,160,0.9977,True,0.1410714285714286,0.8729875
Furniture > Chairs & Seating > Stools & Ottomans > Counter & Bar Stools > Bar,style_family,boho/coastal,single,0.20724935562256575,0.0,0.006756756756756757,0,1,158,148,0.82945,False,0.006756756756756757,0.3668721153846154
Furniture > Chairs & Seating > Stools & Ottomans > Counter & Bar Stools > Bar,style_family,contemporary,single,0.20724935562256575,0.2468354430379747,0.06756756756756757,39,10,158,148,0.0,False,-0.17926787547040712,0.0
Furniture > Chairs & Seating > Stools & Ottomans > Counter & Bar Stools > Bar,style_family,farmhouse/rustic,single,0.20724935562256575,0.056962025316455694,0.17567567567567569,9,26,158,148,0.9997,False,0.11871365035921999,0.8555125
Furniture > Chairs & Seating > Stools & Ottomans > Counter & Bar Stools > Bar,style_family,glam,single,0.20724935562256575,0.0,0.02027027027027027,0,3,158,148,0.9716,False,0.02027027027027027,0.5885653846153845
Furniture > Chairs & Seating > Stools & Ottomans > Counter & Bar Stools > Bar,style_family,industrial,single,0.20724935562256575,0.10759493670886076,0.05405405405405406,17,8,158,148,0.0412,False,-0.05354088265480671,0.010696153846153847
Furniture > Chairs & Seating > Stools & Ottomans > Counter & Bar Stools > Bar,style_family,mid-century,single,0.20724935562256575,0.0189873417721519,0.16891891891891891,3,25,158,148,1.0,False,0.14993157714676703,0.8846153846153846
Furniture > Chairs & Seating > Stools & Ottomans > Counter & Bar Stools > Bar,style_family,minimalist,single,0.20724935562256575,0.0,0.05405405405405406,0,8,158,148,0.9995,False,0.05405405405405406,0.7111826923076924
Furniture > Chairs & Seating > Stools & Ottomans > Counter & Bar Stools > Bar,style_family,modern,single,0.20724935562256575,0.11392405063291139,0.27702702702702703,18,41,158,148,0.99985,False,0.16310297639411564,0.9133245192307692
Furniture > Chairs & Seating > Stools & Ottomans > Counter & Bar Stools > Bar,style_family,scandinavian,single,0.20724935562256575,0.03164556962025317,0.013513513513513514,5,2,158,148,0.1511,False,-0.018132056106739652,0.04503942307692308
Furniture > Chairs & Seating > Stools & Ottomans > Counter & Bar Stools > Bar,style_family,traditional,single,0.20724935562256575,0.3924050632911392,0.14189189189189189,62,21,158,148,0.0,False,-0.25051317139924734,0.0
Furniture > Chairs & Seating > Stools & Ottomans > Counter & Bar Stools > Bar,style_family,transitional,single,0.20724935562256575,0.03164556962025317,0.02027027027027027,5,3,158,148,0.27245,False,-0.011375299349982895,0.0943096153846154
Furniture > Chairs & Seating > Stools & Ottomans > Counter & Bar Stools > Bar,size_class,compact,single,0.7140464678323025,1.0,0.08333333333333333,165,1,165,12,0.0,False,-0.9166666666666666,0.0
Furniture > Chairs & Seating > Stools & Ottomans > Counter & Bar Stools > Bar,size_class,oversize,single,0.7140464678323025,0.0,0.3333333333333333,0,4,165,12,1.0,False,0.3333333333333333,0.9615384615384616
Furniture > Chairs & Seating > Stools & Ottomans > Counter & Bar Stools > Bar,size_class,standard,single,0.7140464678323025,0.0,0.5833333333333334,0,7,165,12,1.0,False,0.5833333333333334,0.9807692307692307
Furniture > Chairs & Seating > Stools & Ottomans > Counter & Bar Stools > Bar,form_factor,accent,single,0.30302655591637595,0.0,0.1774193548387097,0,22,164,124,1.0,False,0.1774193548387097,0.9230769230769231
Furniture > Chairs & Seating > Stools & Ottomans > Counter & Bar Stools > Bar,form_factor,bench,single,0.30302655591637595,0.0,0.024193548387096774,0,3,164,124,0.9808,False,0.024193548387096774,0.6177153846153846
Furniture > Chairs & Seating > Stools & Ottomans > Counter & Bar Stools > Bar,form_factor,dining,single,0.30302655591637595,0.012195121951219513,0.08064516129032258,2,10,164,124,0.9982,False,0.06845003933910307,0.7294538461538461
Furniture > Chairs & Seating > Stools & Ottomans > Counter & Bar Stools > Bar,form_factor,folding,single,0.30302655591637595,0.0,0.008064516129032258,0,1,164,124,0.8622,False,0.008064516129032258,0.3896480769230769
Furniture > Chairs & Seating > Stools & Ottomans > Counter & Bar Stools > Bar,form_factor,guest,single,0.30302655591637595,0.0,0.20967741935483872,0,26,164,124,1.0,False,0.20967741935483872,0.9519230769230769
Furniture > Chairs & Seating > Stools & Ottomans > Counter & Bar Stools > Bar,form_factor,kids,single,0.30302655591637595,0.0,0.016129032258064516,0,2,164,124,0.9519,False,0.016129032258064516,0.4851028846153846
Furniture > Chairs & Seating > Stools & Ottomans > Counter & Bar Stools > Bar,form_factor,ottoman,single,0.30302655591637595,0.054878048780487805,0.03225806451612903,9,4,164,124,0.181,False,-0.022619984264358774,0.052211538461538455
Furniture > Chairs & Seating > Stools & Ottomans > Counter & Bar Stools > Bar,form_factor,sofa,single,0.30302655591637595,0.0,0.024193548387096774,0,3,164,124,0.98225,False,0.024193548387096774,0.6186286057692307
Furniture > Chairs & Seating > Stools & Ottomans > Counter & Bar Stools > Bar,form_factor,stacking,single,0.30302655591637595,0.012195121951219513,0.0,2,0,164,124,0.11185,False,-0.012195121951219513,0.035490865384615385
Furniture > Chairs & Seating > Stools & Ottomans > Counter & Bar Stools > Bar,form_factor,stool,single,0.30302655591637595,0.9207317073170732,0.3951612903225806,151,49,164,124,0.0,False,-0.5255704169944926,0.0
Furniture > Chairs & Seating > Stools & Ottomans > Counter & Bar Stools > Bar,form_factor,task,single,0.30302655591637595,0.0,0.03225806451612903,0,4,164,124,0.99365,False,0.03225806451612903,0.6496942307692308
Furniture > Chairs & Seating > Stools & Ottomans > Counter & Bar Stools > Bar,arm_type,armless,single,0.3821185025126912,0.9030303030303031,0.20588235294117646,149,7,165,34,0.0,False,-0.6971479500891267,0.0
Furniture > Chairs & Seating > Stools & Ottomans > Counter & Bar Stools > Bar,arm_type,fixed,single,0.3821185025126912,0.09696969696969697,0.7941176470588235,16,27,165,34,1.0,False,0.6971479500891266,1.0
Furniture > Chairs & Seating > Stools & Ottomans > Counter & Bar Stools > Bar,base_type,legs,single,0.02778666418446903,0.924812030075188,0.8125,123,65,133,80,0.00825,False,-0.11231203007518797,0.0014278846153846154
Furniture > Chairs & Seating > Stools & Ottomans > Counter & Bar Stools > Bar,base_type,pedestal,single,0.02778666418446903,0.03759398496240601,0.15,5,12,133,80,0.99795,False,0.11240601503759398,0.8252278846153845
Furniture > Chairs & Seating > Stools & Ottomans > Counter & Bar Stools > Bar,base_type,sled,single,0.02778666418446903,0.03759398496240601,0.0375,5,3,133,80,0.5109,False,-9.398496240601434e-05,0.206325
Furniture > Chairs & Seating > Stools & Ottomans > Counter & Bar Stools > Bar,swivel,no,single,0.006087837753412401,0.7559523809523809,0.6724137931034483,127,117,168,174,0.0419,True,-0.08353858784893264,0.008460576923076923
Furniture > Chairs & Seating > Stools & Ottomans > Counter & Bar Stools > Bar,swivel,yes,single,0.006087837753412401,0.24404761904761904,0.3275862068965517,41,57,168,174,0.9541,True,0.08353858784893267,0.7339230769230769
Furniture > Chairs & Seating > Stools & Ottomans > Counter & Bar Stools > Bar,height_adjustable,no,single,0.01276015787345049,0.8392857142857143,0.9252873563218391,141,161,168,174,0.99345,True,0.08600164203612481,0.7737447115384616
Furniture > Chairs & Seating > Stools & Ottomans > Counter & Bar Stools > Bar,height_adjustable,yes,single,0.01276015787345049,0.16071428571428573,0.07471264367816093,27,13,168,174,0.0075,True,-0.0860016420361248,0.0014423076923076924
Furniture > Chairs & Seating > Stools & Ottomans > Counter & Bar Stools > Bar,recline_tilt,no,single,0.0,1.0,1.0,168,174,168,174,0.5079,True,0.0,0.21243894230769234
Furniture > Chairs & Seating > Stools & Ottomans > Counter & Bar Stools > Bar,stack_fold,folding,single,0.3625475109921966,0.0,0.6666666666666666,0,2,26,3,0.99955,False,0.6666666666666666,0.9899389423076924
Furniture > Chairs & Seating > Stools & Ottomans > Counter & Bar Stools > Bar,stack_fold,stacking,single,0.3625475109921966,1.0,0.3333333333333333,26,1,26,3,0.0006,False,-0.6666666666666667,2.3076923076923076e-05
Furniture > Chairs & Seating > Stools & Ottomans > Counter & Bar Stools > Bar,lumbar,no,single,0.005169071471238273,1.0,0.9827586206896551,168,171,168,174,0.03635,True,-0.017241379310344862,0.011184615384615385
Furniture > Chairs & Seating > Stools & Ottomans > Counter & Bar Stools > Bar,lumbar,yes,single,0.005169071471238273,0.0,0.017241379310344827,0,3,168,174,0.96605,True,0.017241379310344827,0.5248252403846153
Furniture > Chairs & Seating > Stools & Ottomans > Counter & Bar Stools > Bar,headrest,no,single,0.0,1.0,1.0,168,174,168,174,0.50975,False,0.0,0.2132127403846154
Furniture > Chairs & Seating > Stools & Ottomans > Counter & Bar Stools > Bar,back_height,high,single,0.14617637653306068,0.3125,0.75,15,3,48,4,0.9589,False,0.4375,0.9312394230769231
Furniture > Chairs & Seating > Stools & Ottomans > Counter & Bar Stools > Bar,back_height,low,single,0.14617637653306068,0.20833333333333334,0.25,10,1,48,4,0.6174,False,0.04166666666666666,0.42149423076923076
Furniture > Chairs & Seating > Stools & Ottomans > Counter & Bar Stools > Bar,back_height,mid,single,0.14617637653306068,0.4791666666666667,0.0,23,0,48,4,0.02245,False,-0.4791666666666667,0.0015110576923076924
Furniture > Chairs & Seating > Stools & Ottomans > Counter & Bar Stools > Bar,aesthetic_tags,channel-tufted,multi,0.11347730138355754,0.005952380952380952,0.022988505747126436,1,4,168,174,0.906,False,0.017036124794745484,0.4747788461538462
Furniture > Chairs & Seating > Stools & Ottomans > Counter & Bar Stools > Bar,aesthetic_tags,cozy/plush,multi,0.11347730138355754,0.047619047619047616,0.20114942528735633,8,35,168,174,0.99995,False,0.1535303776683087,0.8941860576923077
Furniture > Chairs & Seating > Stools & Ottomans > Counter & Bar Stools > Bar,aesthetic_tags,curved/organic,multi,0.11347730138355754,0.4107142857142857,0.2471264367816092,69,43,168,174,0.00035,False,-0.1635878489326765,5.048076923076923e-05
Furniture > Chairs & Seating > Stools & Ottomans > Counter & Bar Stools > Bar,aesthetic_tags,luxe,multi,0.11347730138355754,0.125,0.26436781609195403,21,46,168,174,0.9994,False,0.13936781609195403,0.8648653846153846
Furniture > Chairs & Seating > Stools & Ottomans > Counter & Bar Stools > Bar,aesthetic_tags,metal-accent,multi,0.11347730138355754,0.0,0.017241379310344827,0,3,168,174,0.9656,False,0.017241379310344827,0.5245807692307692
Furniture > Chairs & Seating > Stools & Ottomans > Counter & Bar Stools > Bar,aesthetic_tags,nailhead,multi,0.11347730138355754,0.0,0.034482758620689655,0,6,168,174,0.9963,False,0.034482758620689655,0.6610067307692307
Furniture > Chairs & Seating > Stools & Ottomans > Counter & Bar Stools > Bar,aesthetic_tags,natural/woven,multi,0.11347730138355754,0.14285714285714285,0.3045977011494253,24,53,168,174,0.99995,False,0.16174055829228245,0.9038009615384616
Furniture > Chairs & Seating > Stools & Ottomans > Counter & Bar Stools > Bar,aesthetic_tags,playful/colourful,multi,0.11347730138355754,0.14285714285714285,0.022988505747126436,24,4,168,174,0.0,False,-0.11986863711001641,0.0
Furniture > Chairs & Seating > Stools & Ottomans > Counter & Bar Stools > Bar,aesthetic_tags,retro/vintage,multi,0.11347730138355754,0.10119047619047619,0.06896551724137931,17,12,168,174,0.1421,False,-0.03222495894909688,0.038257692307692305
Furniture > Chairs & Seating > Stools & Ottomans > Counter & Bar Stools > Bar,aesthetic_tags,sleek/minimal,multi,0.11347730138355754,0.16666666666666666,0.28160919540229884,28,49,168,174,0.99385,False,0.11494252873563218,0.83139375
Furniture > Chairs & Seating > Stools & Ottomans > Counter & Bar Stools > Bar,aesthetic_tags,statement,multi,0.11347730138355754,0.011904761904761904,0.05747126436781609,2,10,168,174,0.99175,False,0.04556650246305419,0.6865961538461538
Furniture > Chairs & Seating > Stools & Ottomans > Counter & Bar Stools > Bar,aesthetic_tags,textured,multi,0.11347730138355754,0.06547619047619048,0.07471264367816093,11,13,168,174,0.633,False,0.009236453201970446,0.29215384615384615
Furniture > Chairs & Seating > Stools & Ottomans > Counter & Bar Stools > Bar,aesthetic_tags,tufted,multi,0.11347730138355754,0.005952380952380952,0.07471264367816093,1,13,168,174,0.99965,False,0.06876026272577998,0.7401254807692308
Furniture > Chairs & Seating > Stools & Ottomans > Counter & Bar Stools > Bar,use_context,breakroom/dining,multi,0.10591653740238324,0.7797619047619048,0.7126436781609196,131,124,168,174,0.0772,False,-0.06711822660098521,0.016330769230769232
Furniture > Chairs & Seating > Stools & Ottomans > Counter & Bar Stools > Bar,use_context,corporate office,multi,0.10591653740238324,0.023809523809523808,0.034482758620689655,4,6,168,174,0.716,False,0.010673234811165846,0.33734615384615385
Furniture > Chairs & Seating > Stools & Ottomans > Counter & Bar Stools > Bar,use_context,education,multi,0.10591653740238324,0.06547619047619048,0.005747126436781609,11,1,168,174,0.0006,False,-0.05972906403940887,0.00014423076923076922
Furniture > Chairs & Seating > Stools & Ottomans > Counter & Bar Stools > Bar,use_context,home office,multi,0.10591653740238324,0.0,0.028735632183908046,0,5,168,174,0.9921,False,0.028735632183908046,0.6391413461538462
Furniture > Chairs & Seating > Stools & Ottomans > Counter & Bar Stools > Bar,use_context,hospitality/events,multi,0.10591653740238324,0.9642857142857143,0.28160919540229884,162,49,168,174,0.0,False,-0.6826765188834154,0.0
Furniture > Chairs & Seating > Stools & Ottomans > Counter & Bar Stools > Bar,use_context,kids/teen,multi,0.10591653740238324,0.005952380952380952,0.022988505747126436,1,4,168,174,0.90485,False,0.017036124794745484,0.47417620192307697
Furniture > Chairs & Seating > Stools & Ottomans > Counter & Bar Stools > Bar,use_context,outdoor,multi,0.10591653740238324,0.13690476190476192,0.022988505747126436,23,4,168,174,0.0,False,-0.11391625615763548,0.0
Furniture > Chairs & Seating > Stools & Ottomans > Counter & Bar Stools > Bar,use_context,reception/lobby,multi,0.10591653740238324,0.011904761904761904,0.0,2,0,168,174,0.07145,False,-0.011904761904761904,0.023358653846153845
Furniture > Chairs & Seating > Stools & Ottomans > Counter & Bar Stools > Bar,use_context,residential living,multi,0.10591653740238324,0.03571428571428571,0.14367816091954022,6,25,168,174,0.99995,False,0.10796387520525451,0.817266826923077
Furniture > Chairs & Seating > Stools & Ottomans > Counter & Bar Stools > Bar,end_user_segment,big & tall,multi,0.4978309114277751,0.5357142857142857,0.011494252873563218,90,2,168,174,0.0,False,-0.5242200328407225,0.0
Furniture > Chairs & Seating > Stools & Ottomans > Counter & Bar Stools > Bar,end_user_segment,kids,multi,0.4978309114277751,0.005952380952380952,0.017241379310344827,1,3,168,174,0.827,False,0.011288998357963875,0.3975961538461538
Furniture > Chairs & Seating > Stools & Ottomans > Counter & Bar Stools > Bar,end_user_segment,remote workers,multi,0.4978309114277751,0.0,0.022988505747126436,0,4,168,174,0.98445,False,0.022988505747126436,0.6058153846153846
Furniture > Chairs & Seating > Stools & Ottomans > Counter & Bar Stools > Bar,key_benefits,comfort,multi,0.2578034715260565,0.30952380952380953,0.21264367816091953,52,37,168,174,0.0203,False,-0.09688013136289,0.003708653846153846
Furniture > Chairs & Seating > Stools & Ottomans > Counter & Bar Stools > Bar,key_benefits,commercial-grade,multi,0.2578034715260565,0.8809523809523809,0.040229885057471264,148,7,168,174,0.0,False,-0.8407224958949097,0.0
Furniture > Chairs & Seating > Stools & Ottomans > Counter & Bar Stools > Bar,key_benefits,easy-clean,multi,0.2578034715260565,0.4642857142857143,0.10344827586206896,78,18,168,174,0.0,False,-0.36083743842364535,0.0
Furniture > Chairs & Seating > Stools & Ottomans > Counter & Bar Stools > Bar,key_benefits,ergonomic,multi,0.2578034715260565,0.023809523809523808,0.07471264367816093,4,13,168,174,0.98605,False,0.05090311986863712,0.69213125
Furniture > Chairs & Seating > Stools & Ottomans > Counter & Bar Stools > Bar,key_benefits,space-saving,multi,0.2578034715260565,0.02976190476190476,0.09195402298850575,5,16,168,174,0.9935,False,0.062192118226600986,0.7164663461538462
Furniture > Chairs & Seating > Stools & Ottomans > Counter & Bar Stools > Counter,colour_family,beige/cream,single,0.19691391543998285,0.0,0.24193548387096775,0,30,83,124,1.0,False,0.24193548387096775,0.96
Furniture > Chairs & Seating > Stools & Ottomans > Counter & Bar Stools > Counter,colour_family,black,single,0.19691391543998285,0.14457831325301204,0.14516129032258066,12,18,83,124,0.5008,False,0.0005829770695686132,0.2504
Furniture > Chairs & Seating > Stools & Ottomans > Counter & Bar Stools > Counter,colour_family,blue,single,0.19691391543998285,0.10843373493975904,0.016129032258064516,9,2,83,124,0.0021,False,-0.09230470268169452,0.00044099999999999993
Furniture > Chairs & Seating > Stools & Ottomans > Counter & Bar Stools > Counter,colour_family,brown/wood,single,0.19691391543998285,0.2891566265060241,0.23387096774193547,24,29,83,124,0.18335,False,-0.05528565876408861,0.05225475
Furniture > Chairs & Seating > Stools & Ottomans > Counter & Bar Stools > Counter,colour_family,clear,single,0.19691391543998285,0.08433734939759036,0.008064516129032258,7,1,83,124,0.0018,False,-0.0762728332685581,0.000414
Furniture > Chairs & Seating > Stools & Ottomans > Counter & Bar Stools > Counter,colour_family,grey,single,0.19691391543998285,0.13253012048192772,0.12903225806451613,11,16,83,124,0.46425,False,-0.0034978624174115958,0.22051874999999999
Furniture > Chairs & Seating > Stools & Ottomans > Counter & Bar Stools > Counter,colour_family,metallic,single,0.19691391543998285,0.12048192771084337,0.024193548387096774,10,3,83,124,0.00285,False,-0.09628837932374659,0.00052725
Furniture > Chairs & Seating > Stools & Ottomans > Counter & Bar Stools > Counter,colour_family,multi/pattern,single,0.19691391543998285,0.024096385542168676,0.008064516129032258,2,1,83,124,0.1688,False,-0.016031869413136418,0.06836400000000001
Furniture > Chairs & Seating > Stools & Ottomans > Counter & Bar Stools > Counter,colour_family,navy,single,0.19691391543998285,0.0,0.008064516129032258,0,1,83,124,0.7496,False,0.008064516129032258,0.40853200000000006
Furniture > Chairs & Seating > Stools & Ottomans > Counter & Bar Stools > Counter,colour_family,purple,single,0.19691391543998285,0.0,0.008064516129032258,0,1,83,124,0.7509,False,0.008064516129032258,0.40924050000000006
Furniture > Chairs & Seating > Stools & Ottomans > Counter & Bar Stools > Counter,colour_family,red/pink,single,0.19691391543998285,0.0,0.016129032258064516,0,2,83,124,0.87315,False,0.016129032258064516,0.558816
Furniture > Chairs & Seating > Stools & Ottomans > Counter & Bar Stools > Counter,colour_family,white,single,0.19691391543998285,0.060240963855421686,0.1532258064516129,5,19,83,124,0.9818,False,0.09298484259619122,0.83453
Furniture > Chairs & Seating > Stools & Ottomans > Counter & Bar Stools > Counter,colour_family,yellow/orange,single,0.19691391543998285,0.03614457831325301,0.008064516129032258,3,1,83,124,0.07955,False,-0.028080062184220753,0.029433499999999998
Furniture > Chairs & Seating > Stools & Ottomans > Counter & Bar Stools > Counter,colour_tone,bold,single,0.08849082938301321,0.14457831325301204,0.04838709677419355,12,6,83,124,0.00975,False,-0.0961912164788185,0.0019500000000000001
Furniture > Chairs & Seating > Stools & Ottomans > Counter & Bar Stools > Counter,colour_tone,dark-neutral,single,0.08849082938301321,0.14457831325301204,0.1532258064516129,12,19,83,124,0.5638,False,0.008647493198600864,0.33264199999999994
Furniture > Chairs & Seating > Stools & Ottomans > Counter & Bar Stools > Counter,colour_tone,light-neutral,single,0.08849082938301321,0.14457831325301204,0.4032258064516129,12,50,83,124,1.0,False,0.2586474931986008,0.97
Furniture > Chairs & Seating > Stools & Ottomans > Counter & Bar Stools > Counter,colour_tone,metallic,single,0.08849082938301321,0.12048192771084337,0.024193548387096774,10,3,83,124,0.0029,False,-0.09628837932374659,0.0005365
Furniture > Chairs & Seating > Stools & Ottomans > Counter & Bar Stools > Counter,colour_tone,mid-neutral,single,0.08849082938301321,0.13253012048192772,0.12903225806451613,11,16,83,124,0.4684,False,-0.0034978624174115958,0.22249
Furniture > Chairs & Seating > Stools & Ottomans > Counter & Bar Stools > Counter,colour_tone,pattern,single,0.08849082938301321,0.024096385542168676,0.008064516129032258,2,1,83,124,0.17075,False,-0.016031869413136418,0.06915375000000001
Furniture > Chairs & Seating > Stools & Ottomans > Counter & Bar Stools > Counter,colour_tone,warm-neutral,single,0.08849082938301321,0.2891566265060241,0.23387096774193547,24,29,83,124,0.187,False,-0.05528565876408861,0.053294999999999995
Furniture > Chairs & Seating > Stools & Ottomans > Counter & Bar Stools > Counter,material_class,boucle,single,0.20453388762814012,0.0,0.03333333333333333,0,4,84,120,0.96695,True,0.03333333333333333,0.6816997499999999
Furniture > Chairs & Seating > Stools & Ottomans > Counter & Bar Stools > Counter,material_class,engineered wood,single,0.20453388762814012,0.023809523809523808,0.041666666666666664,2,5,84,120,0.75195,True,0.017857142857142856,0.49628700000000003
Furniture > Chairs & Seating > Stools & Ottomans > Counter & Bar Stools > Counter,material_class,fabric,single,0.20453388762814012,0.03571428571428571,0.25,3,30,84,120,1.0,True,0.2142857142857143,0.95
Furniture > Chairs & Seating > Stools & Ottomans > Counter & Bar Stools > Counter,material_class,faux leather,single,0.20453388762814012,0.07142857142857142,0.13333333333333333,6,16,84,120,0.9226,True,0.06190476190476191,0.747306
Furniture > Chairs & Seating > Stools & Ottomans > Counter & Bar Stools > Counter,material_class,leather,single,0.20453388762814012,0.0,0.03333333333333333,0,4,84,120,0.9669,True,0.03333333333333333,0.6816644999999999
Furniture > Chairs & Seating > Stools & Ottomans > Counter & Bar Stools > Counter,material_class,metal,single,0.20453388762814012,0.32142857142857145,0.075,27,9,84,120,0.0,True,-0.24642857142857144,0.0
Furniture > Chairs & Seating > Stools & Ottomans > Counter & Bar Stools > Counter,material_class,plastic,single,0.20453388762814012,0.13095238095238096,0.025,11,3,84,120,0.00145,True,-0.10595238095238096,0.0002465
Furniture > Chairs & Seating > Stools & Ottomans > Counter & Bar Stools > Counter,material_class,velvet,single,0.20453388762814012,0.0,0.075,0,9,84,120,0.9984,True,0.075,0.828672
Furniture > Chairs & Seating > Stools & Ottomans > Counter & Bar Stools > Counter,material_class,vinyl,single,0.20453388762814012,0.03571428571428571,0.0,3,0,84,120,0.01375,True,-0.03571428571428571,0.0048125
Furniture > Chairs & Seating > Stools & Ottomans > Counter & Bar Stools > Counter,material_class,wicker/rattan,single,0.20453388762814012,0.07142857142857142,0.041666666666666664,6,5,84,120,0.17305,True,-0.02976190476190476,0.062298
Furniture > Chairs & Seating > Stools & Ottomans > Counter & Bar Stools > Counter,material_class,wood,single,0.20453388762814012,0.30952380952380953,0.2916666666666667,26,35,84,120,0.3906,True,-0.01785714285714285,0.148428
Furniture > Chairs & Seating > Stools & Ottomans > Counter & Bar Stools > Counter,style_family,boho/coastal,single,0.17144192412292575,0.19753086419753085,0.043859649122807015,16,5,81,114,0.00025,False,-0.15367121507472384,3.2500000000000004e-05
Furniture > Chairs & Seating > Stools & Ottomans > Counter & Bar Stools > Counter,style_family,contemporary,single,0.17144192412292575,0.25925925925925924,0.06140350877192982,21,7,81,114,0.0001,False,-0.19785575048732942,8.000000000000001e-06
Furniture > Chairs & Seating > Stools & Ottomans > Counter & Bar Stools > Counter,style_family,farmhouse/rustic,single,0.17144192412292575,0.12345679012345678,0.22807017543859648,10,26,81,114,0.97065,False,0.1046133853151397,0.834759
Furniture > Chairs & Seating > Stools & Ottomans > Counter & Bar Stools > Counter,style_family,gaming,single,0.17144192412292575,0.012345679012345678,0.0,1,0,81,114,0.13045,False,-0.012345679012345678,0.056093500000000004
Furniture > Chairs & Seating > Stools & Ottomans > Counter & Bar Stools > Counter,style_family,glam,single,0.17144192412292575,0.0,0.02631578947368421,0,3,81,114,0.93795,False,0.02631578947368421,0.637806
Furniture > Chairs & Seating > Stools & Ottomans > Counter & Bar Stools > Counter,style_family,industrial,single,0.17144192412292575,0.12345679012345678,0.08771929824561403,10,10,81,114,0.20925,False,-0.03573749187784275,0.071145
Furniture > Chairs & Seating > Stools & Ottomans > Counter & Bar Stools > Counter,style_family,mid-century,single,0.17144192412292575,0.024691358024691357,0.14035087719298245,2,16,81,114,0.99835,False,0.11565951916829109,0.8685645
Furniture > Chairs & Seating > Stools & Ottomans > Counter & Bar Stools > Counter,style_family,minimalist,single,0.17144192412292575,0.0,0.043859649122807015,0,5,81,114,0.98535,False,0.043859649122807015,0.7587195
Furniture > Chairs & Seating > Stools & Ottomans > Counter & Bar Stools > Counter,style_family,modern,single,0.17144192412292575,0.07407407407407407,0.22807017543859648,6,26,81,114,0.99855,False,0.1539961013645224,0.8887095
Furniture > Chairs & Seating > Stools & Ottomans > Counter & Bar Stools > Counter,style_family,scandinavian,single,0.17144192412292575,0.012345679012345678,0.02631578947368421,1,3,81,114,0.74865,False,0.01397011046133853,0.45667650000000004
Furniture > Chairs & Seating > Stools & Ottomans > Counter & Bar Stools > Counter,style_family,traditional,single,0.17144192412292575,0.13580246913580246,0.08771929824561403,11,10,81,114,0.1355,False,-0.04808317089018843,0.042005
Furniture > Chairs & Seating > Stools & Ottomans > Counter & Bar Stools > Counter,style_family,transitional,single,0.17144192412292575,0.037037037037037035,0.02631578947368421,3,3,81,114,0.3291,False,-0.010721247563352826,0.148095
Furniture > Chairs & Seating > Stools & Ottomans > Counter & Bar Stools > Counter,size_class,compact,single,0.13828533603177479,1.0,0.7333333333333333,77,11,77,15,0.0,False,-0.2666666666666667,0.0
Furniture > Chairs & Seating > Stools & Ottomans > Counter & Bar Stools > Counter,size_class,oversize,single,0.13828533603177479,0.0,0.06666666666666667,0,1,77,15,0.9736,False,0.06666666666666667,0.798352
Furniture > Chairs & Seating > Stools & Ottomans > Counter & Bar Stools > Counter,size_class,standard,single,0.13828533603177479,0.0,0.2,0,3,77,15,0.99965,False,0.2,0.9296745000000001
Furniture > Chairs & Seating > Stools & Ottomans > Counter & Bar Stools > Counter,form_factor,accent,single,0.16466188299903442,0.0,0.058823529411764705,0,7,83,119,0.99545,False,0.058823529411764705,0.79138275
Furniture > Chairs & Seating > Stools & Ottomans > Counter & Bar Stools > Counter,form_factor,bench,single,0.16466188299903442,0.0,0.008403361344537815,0,1,83,119,0.7558,False,0.008403361344537815,0.43080599999999997
Furniture > Chairs & Seating > Stools & Ottomans > Counter & Bar Stools > Counter,form_factor,dining,single,0.16466188299903442,0.0,0.05042016806722689,0,6,83,119,0.99075,False,0.05042016806722689,0.772785
Furniture > Chairs & Seating > Stools & Ottomans > Counter & Bar Stools > Counter,form_factor,folding,single,0.16466188299903442,0.0,0.008403361344537815,0,1,83,119,0.75935,False,0.008403361344537815,0.4328294999999999
Furniture > Chairs & Seating > Stools & Ottomans > Counter & Bar Stools > Counter,form_factor,guest,single,0.16466188299903442,0.0,0.15966386554621848,0,19,83,119,1.0,False,0.15966386554621848,0.9
Furniture > Chairs & Seating > Stools & Ottomans > Counter & Bar Stools > Counter,form_factor,ottoman,single,0.16466188299903442,0.0,0.058823529411764705,0,7,83,119,0.99555,False,0.058823529411764705,0.79146225
Furniture > Chairs & Seating > Stools & Ottomans > Counter & Bar Stools > Counter,form_factor,sofa,single,0.16466188299903442,0.0,0.008403361344537815,0,1,83,119,0.7577,False,0.008403361344537815,0.43188899999999997
Furniture > Chairs & Seating > Stools & Ottomans > Counter & Bar Stools > Counter,form_factor,stool,single,0.16466188299903442,1.0,0.6050420168067226,83,72,83,119,0.0,False,-0.39495798319327735,0.0
Furniture > Chairs & Seating > Stools & Ottomans > Counter & Bar Stools > Counter,form_factor,task,single,0.16466188299903442,0.0,0.04201680672268908,0,5,83,119,0.9828,False,0.04201680672268908,0.746928
Furniture > Chairs & Seating > Stools & Ottomans > Counter & Bar Stools > Counter,arm_type,armless,single,0.23083192419390244,0.8870967741935484,0.3448275862068966,55,10,62,29,0.0,False,-0.5422691879866518,0.0
Furniture > Chairs & Seating > Stools & Ottomans > Counter & Bar Stools > Counter,arm_type,fixed,single,0.23083192419390244,0.11290322580645161,0.6551724137931034,7,19,62,29,1.0,False,0.5422691879866518,1.0
Furniture > Chairs & Seating > Stools & Ottomans > Counter & Bar Stools > Counter,base_type,casters,single,0.07576717973385527,0.0,0.015625,0,1,68,64,0.82515,False,0.015625,0.5198445
Furniture > Chairs & Seating > Stools & Ottomans > Counter & Bar Stools > Counter,base_type,legs,single,0.07576717973385527,0.9117647058823529,0.828125,62,53,68,64,0.0729,False,-0.08363970588235292,0.016038
Furniture > Chairs & Seating > Stools & Ottomans > Counter & Bar Stools > Counter,base_type,pedestal,single,0.07576717973385527,0.0,0.140625,0,9,68,64,0.9999,False,0.140625,0.879912
Furniture > Chairs & Seating > Stools & Ottomans > Counter & Bar Stools > Counter,base_type,sled,single,0.07576717973385527,0.08823529411764706,0.015625,6,1,68,64,0.02775,False,-0.07261029411764706,0.00666
Furniture > Chairs & Seating > Stools & Ottomans > Counter & Bar Stools > Counter,swivel,no,single,0.03222233314812709,0.8690476190476191,0.6923076923076923,73,90,84,130,0.00165,True,-0.17673992673992678,0.0001485
Furniture > Chairs & Seating > Stools & Ottomans > Counter & Bar Stools > Counter,swivel,yes,single,0.03222233314812709,0.13095238095238096,0.3076923076923077,11,40,84,130,0.99875,True,0.17673992673992675,0.9088625
Furniture > Chairs & Seating > Stools & Ottomans > Counter & Bar Stools > Counter,height_adjustable,no,single,0.005171810835896901,0.9761904761904762,0.9384615384615385,82,122,84,130,0.09525,True,-0.037728937728937706,0.0314325
Furniture > Chairs & Seating > Stools & Ottomans > Counter & Bar Stools > Counter,height_adjustable,yes,single,0.005171810835896901,0.023809523809523808,0.06153846153846154,2,8,84,130,0.90365,True,0.037728937728937734,0.6596645
Furniture > Chairs & Seating > Stools & Ottomans > Counter & Bar Stools > Counter,recline_tilt,no,single,0.0006623556919308354,1.0,0.9923076923076923,84,129,84,130,0.26105,True,-0.007692307692307665,0.12008300000000001
Furniture > Chairs & Seating > Stools & Ottomans > Counter & Bar Stools > Counter,recline_tilt,yes,single,0.0006623556919308354,0.0,0.007692307692307693,0,1,84,130,0.7438,True,0.007692307692307693,0.39049500000000004
Furniture > Chairs & Seating > Stools & Ottomans > Counter & Bar Stools > Counter,stack_fold,folding,single,0.16588972924967926,0.0,0.3333333333333333,0,1,22,3,0.9846,False,0.3333333333333333,0.964908
Furniture > Chairs & Seating > Stools & Ottomans > Counter & Bar Stools > Counter,stack_fold,stacking,single,0.16588972924967926,1.0,0.6666666666666666,22,2,22,3,0.0153,False,-0.33333333333333337,0.000459
Furniture > Chairs & Seating > Stools & Ottomans > Counter & Bar Stools > Counter,lumbar,no,single,0.0026824280512866075,1.0,0.9846153846153847,84,128,84,130,0.13305,True,-0.01538461538461533,0.055881
Furniture > Chairs & Seating > Stools & Ottomans > Counter & Bar Stools > Counter,lumbar,yes,single,0.0026824280512866075,0.0,0.015384615384615385,0,2,84,130,0.8689,True,0.015384615384615385,0.538718
Furniture > Chairs & Seating > Stools & Ottomans > Counter & Bar Stools > Counter,headrest,no,single,0.0,1.0,1.0,84,130,84,130,0.57035,False,0.0,0.2794715
Furniture > Chairs & Seating > Stools & Ottomans > Counter & Bar Stools > Counter,back_height,high,single,0.06485950483073824,0.46153846153846156,0.2857142857142857,6,2,13,7,0.23075,False,-0.17582417582417587,0.023075000000000002
Furniture > Chairs & Seating > Stools & Ottomans > Counter & Bar Stools > Counter,back_height,low,single,0.06485950483073824,0.23076923076923078,0.5714285714285714,3,4,13,7,0.936,False,0.3406593406593406,0.92664
Furniture > Chairs & Seating > Stools & Ottomans > Counter & Bar Stools > Counter,back_height,mid,single,0.06485950483073824,0.3076923076923077,0.14285714285714285,4,1,13,7,0.21545,False,-0.16483516483516486,0.023699500000000002
Furniture > Chairs & Seating > Stools & Ottomans > Counter & Bar Stools > Counter,aesthetic_tags,cozy/plush,multi,0.10377134126781239,0.14285714285714285,0.18461538461538463,12,24,84,130,0.7854,False,0.041758241758241776,0.58905
Furniture > Chairs & Seating > Stools & Ottomans > Counter & Bar Stools > Counter,aesthetic_tags,curved/organic,multi,0.10377134126781239,0.2857142857142857,0.23846153846153847,24,31,84,130,0.22235,False,-0.047252747252747224,0.07115199999999999
Furniture > Chairs & Seating > Stools & Ottomans > Counter & Bar Stools > Counter,aesthetic_tags,luxe,multi,0.10377134126781239,0.047619047619047616,0.25384615384615383,4,33,84,130,1.0,False,0.20622710622710622,0.94
Furniture > Chairs & Seating > Stools & Ottomans > Counter & Bar Stools > Counter,aesthetic_tags,metal-accent,multi,0.10377134126781239,0.0,0.007692307692307693,0,1,84,130,0.73185,False,0.007692307692307693,0.38422125
Furniture > Chairs & Seating > Stools & Ottomans > Counter & Bar Stools > Counter,aesthetic_tags,nailhead,multi,0.10377134126781239,0.023809523809523808,0.046153846153846156,2,6,84,130,0.79405,False,0.022344322344322348,0.5320135
Furniture > Chairs & Seating > Stools & Ottomans > Counter & Bar Stools > Counter,aesthetic_tags,natural/woven,multi,0.10377134126781239,0.38095238095238093,0.3230769230769231,32,42,84,130,0.19115,False,-0.057875457875457836,0.0516105
Furniture > Chairs & Seating > Stools & Ottomans > Counter & Bar Stools > Counter,aesthetic_tags,playful/colourful,multi,0.10377134126781239,0.2619047619047619,0.015384615384615385,22,2,84,130,0.0,False,-0.24652014652014653,0.0
Furniture > Chairs & Seating > Stools & Ottomans > Counter & Bar Stools > Counter,aesthetic_tags,retro/vintage,multi,0.10377134126781239,0.07142857142857142,0.1076923076923077,6,14,84,130,0.811,False,0.036263736263736274,0.58392
Furniture > Chairs & Seating > Stools & Ottomans > Counter & Bar Stools > Counter,aesthetic_tags,sleek/minimal,multi,0.10377134126781239,0.19047619047619047,0.2692307692307692,16,35,84,130,0.90365,False,0.07875457875457875,0.7590659999999999
Furniture > Chairs & Seating > Stools & Ottomans > Counter & Bar Stools > Counter,aesthetic_tags,statement,multi,0.10377134126781239,0.05952380952380952,0.07692307692307693,5,10,84,130,0.6798,False,0.017399267399267407,0.44187
Furniture > Chairs & Seating > Stools & Ottomans > Counter & Bar Stools > Counter,aesthetic_tags,textured,multi,0.10377134126781239,0.14285714285714285,0.09230769230769231,12,12,84,130,0.1285,False,-0.050549450549450536,0.03855
Furniture > Chairs & Seating > Stools & Ottomans > Counter & Bar Stools > Counter,aesthetic_tags,tufted,multi,0.10377134126781239,0.0,0.038461538461538464,0,5,84,130,0.9787,False,0.038461538461538464,0.724238
Furniture > Chairs & Seating > Stools & Ottomans > Counter & Bar Stools > Counter,use_context,breakroom/dining,multi,0.07590059793387227,0.5357142857142857,0.7153846153846154,45,93,84,130,0.99585,False,0.1796703296703297,0.916182
Furniture > Chairs & Seating > Stools & Ottomans > Counter & Bar Stools > Counter,use_context,corporate office,multi,0.07590059793387227,0.07142857142857142,0.007692307692307693,6,1,84,130,0.0051,False,-0.06373626373626373,0.001275
Furniture > Chairs & Seating > Stools & Ottomans > Counter & Bar Stools > Counter,use_context,education,multi,0.07590059793387227,0.05952380952380952,0.0,5,0,84,130,0.00155,False,-0.05952380952380952,0.000403
Furniture > Chairs & Seating > Stools & Ottomans > Counter & Bar Stools > Counter,use_context,hospitality/events,multi,0.07590059793387227,0.5119047619047619,0.38461538461538464,43,50,84,130,0.03255,False,-0.12728937728937723,0.0048825000000000006
Furniture > Chairs & Seating > Stools & Ottomans > Counter & Bar Stools > Counter,use_context,outdoor,multi,0.07590059793387227,0.17857142857142858,0.023076923076923078,15,3,84,130,0.0,False,-0.1554945054945055,0.0
Furniture > Chairs & Seating > Stools & Ottomans > Counter & Bar Stools > Counter,use_context,reception/lobby,multi,0.07590059793387227,0.023809523809523808,0.007692307692307693,2,1,84,130,0.16535,False,-0.016117216117216115,0.0644865
Furniture > Chairs & Seating > Stools & Ottomans > Counter & Bar Stools > Counter,use_context,residential living,multi,0.07590059793387227,0.09523809523809523,0.12307692307692308,8,16,84,130,0.7324,False,0.02783882783882785,0.505356
Furniture > Chairs & Seating > Stools & Ottomans > Counter & Bar Stools > Counter,end_user_segment,big & tall,multi,0.0,0.3333333333333333,0.0,28,0,84,130,0.0,False,-0.3333333333333333,0.0
Furniture > Chairs & Seating > Stools & Ottomans > Counter & Bar Stools > Counter,key_benefits,comfort,multi,0.1760281810317249,0.20238095238095238,0.2076923076923077,17,27,84,130,0.53135,False,0.00531135531135532,0.2709885
Furniture > Chairs & Seating > Stools & Ottomans > Counter & Bar Stools > Counter,key_benefits,commercial-grade,multi,0.1760281810317249,0.6785714285714286,0.038461538461538464,57,5,84,130,0.0,False,-0.6401098901098902,0.0
Furniture > Chairs & Seating > Stools & Ottomans > Counter & Bar Stools > Counter,key_benefits,easy-clean,multi,0.1760281810317249,0.21428571428571427,0.1076923076923077,18,14,84,130,0.01755,False,-0.10659340659340658,0.002808
Furniture > Chairs & Seating > Stools & Ottomans > Counter & Bar Stools > Counter,key_benefits,ergonomic,multi,0.1760281810317249,0.25,0.1,21,13,84,130,0.0014,False,-0.15,0.00019600000000000002
Furniture > Chairs & Seating > Stools & Ottomans > Counter & Bar Stools > Counter,key_benefits,space-saving,multi,0.1760281810317249,0.07142857142857142,0.08461538461538462,6,11,84,130,0.63085,False,0.013186813186813195,0.37851
Furniture > Chairs & Seating > Stools & Ottomans > Counter & Bar Stools > Counter,key_benefits,sustainable,multi,0.1760281810317249,0.011904761904761904,0.0,1,0,84,130,0.12005,False,-0.011904761904761904,0.052822
Furniture > Chairs & Seating > Stools & Ottomans > Drafting Chairs & Office Stools,colour_family,beige/cream,single,0.15353192712443253,0.0,0.025,0,1,106,40,0.93405,False,0.025,0.6470828313253012
Furniture > Chairs & Seating > Stools & Ottomans > Drafting Chairs & Office Stools,colour_family,black,single,0.15353192712443253,0.5943396226415094,0.4,63,16,106,40,0.01715,False,-0.1943396226415094,0.0012397590361445782
Furniture > Chairs & Seating > Stools & Ottomans > Drafting Chairs & Office Stools,colour_family,blue,single,0.15353192712443253,0.08490566037735849,0.1,9,4,106,40,0.62155,False,0.01509433962264152,0.33698493975903615
Furniture > Chairs & Seating > Stools & Ottomans > Drafting Chairs & Office Stools,colour_family,brown/wood,single,0.15353192712443253,0.0,0.1,0,4,106,40,0.99905,False,0.1,0.8546090361445783
Furniture > Chairs & Seating > Stools & Ottomans > Drafting Chairs & Office Stools,colour_family,green,single,0.15353192712443253,0.009433962264150943,0.0,1,0,106,40,0.36385,False,-0.009433962264150943,0.17315753012048193
Furniture > Chairs & Seating > Stools & Ottomans > Drafting Chairs & Office Stools,colour_family,grey,single,0.15353192712443253,0.27358490566037735,0.125,29,5,106,40,0.02605,False,-0.14858490566037735,0.002981626506024096
Furniture > Chairs & Seating > Stools & Ottomans > Drafting Chairs & Office Stools,colour_family,metallic,single,0.15353192712443253,0.02830188679245283,0.1,3,4,106,40,0.95945,False,0.07169811320754718,0.745596686746988
Furniture > Chairs & Seating > Stools & Ottomans > Drafting Chairs & Office Stools,colour_family,multi/pattern,single,0.15353192712443253,0.009433962264150943,0.0,1,0,106,40,0.36425,False,-0.009433962264150943,0.17334789156626507
Furniture > Chairs & Seating > Stools & Ottomans > Drafting Chairs & Office Stools,colour_family,navy,single,0.15353192712443253,0.0,0.025,0,1,106,40,0.93215,False,0.025,0.6457665662650602
Furniture > Chairs & Seating > Stools & Ottomans > Drafting Chairs & Office Stools,colour_family,red/pink,single,0.15353192712443253,0.0,0.025,0,1,106,40,0.9341,False,0.025,0.647117469879518
Furniture > Chairs & Seating > Stools & Ottomans > Drafting Chairs & Office Stools,colour_family,yellow/orange,single,0.15353192712443253,0.0,0.1,0,4,106,40,0.99885,False,0.1,0.8544379518072289
Furniture > Chairs & Seating > Stools & Ottomans > Drafting Chairs & Office Stools,colour_tone,bold,single,0.11250794918821624,0.09433962264150944,0.225,10,9,106,40,0.97775,False,0.13066037735849056,0.9070692771084338
Furniture > Chairs & Seating > Stools & Ottomans > Drafting Chairs & Office Stools,colour_tone,dark-neutral,single,0.11250794918821624,0.5943396226415094,0.425,63,17,106,40,0.0328,False,-0.16933962264150942,0.002766265060240964
Furniture > Chairs & Seating > Stools & Ottomans > Drafting Chairs & Office Stools,colour_tone,light-neutral,single,0.11250794918821624,0.0,0.025,0,1,106,40,0.93615,False,0.025,0.6485376506024096
Furniture > Chairs & Seating > Stools & Ottomans > Drafting Chairs & Office Stools,colour_tone,metallic,single,0.11250794918821624,0.02830188679245283,0.1,3,4,106,40,0.9573,False,0.07169811320754718,0.7439259036144579
Furniture > Chairs & Seating > Stools & Ottomans > Drafting Chairs & Office Stools,colour_tone,mid-neutral,single,0.11250794918821624,0.27358490566037735,0.125,29,5,106,40,0.02495,False,-0.14858490566037735,0.002855722891566265
Furniture > Chairs & Seating > Stools & Ottomans > Drafting Chairs & Office Stools,colour_tone,pattern,single,0.11250794918821624,0.009433962264150943,0.0,1,0,106,40,0.3642,False,-0.009433962264150943,0.17332409638554216
Furniture > Chairs & Seating > Stools & Ottomans > Drafting Chairs & Office Stools,colour_tone,warm-neutral,single,0.11250794918821624,0.0,0.1,0,4,106,40,0.99935,False,0.1,0.8548656626506024
Furniture > Chairs & Seating > Stools & Ottomans > Drafting Chairs & Office Stools,material_class,fabric,single,0.09547606070949294,0.24528301886792453,0.08888888888888889,26,4,106,45,0.01075,True,-0.15639412997903562,0.0010361445783132529
Furniture > Chairs & Seating > Stools & Ottomans > Drafting Chairs & Office Stools,material_class,faux leather,single,0.09547606070949294,0.09433962264150944,0.3111111111111111,10,14,106,45,0.99915,True,0.21677148846960168,0.9509981927710843
Furniture > Chairs & Seating > Stools & Ottomans > Drafting Chairs & Office Stools,material_class,leather,single,0.09547606070949294,0.02830188679245283,0.044444444444444446,3,2,106,45,0.70815,True,0.016142557651991615,0.40953253012048185
Furniture > Chairs & Seating > Stools & Ottomans > Drafting Chairs & Office Stools,material_class,mesh,single,0.09547606070949294,0.05660377358490566,0.1111111111111111,6,5,106,45,0.8769,True,0.05450733752620544,0.6497512048192771
Furniture > Chairs & Seating > Stools & Ottomans > Drafting Chairs & Office Stools,material_class,metal,single,0.09547606070949294,0.05660377358490566,0.1111111111111111,6,5,106,45,0.878,True,0.05450733752620544,0.650566265060241
Furniture > Chairs & Seating > Stools & Ottomans > Drafting Chairs & Office Stools,material_class,plastic,single,0.09547606070949294,0.05660377358490566,0.022222222222222223,6,1,106,45,0.1837,True,-0.034381551362683435,0.05975783132530121
Furniture > Chairs & Seating > Stools & Ottomans > Drafting Chairs & Office Stools,material_class,vinyl,single,0.09547606070949294,0.33962264150943394,0.26666666666666666,36,12,106,45,0.19135,True,-0.07295597484276728,0.043803012048192765
Furniture > Chairs & Seating > Stools & Ottomans > Drafting Chairs & Office Stools,material_class,wood,single,0.09547606070949294,0.12264150943396226,0.044444444444444446,13,2,106,45,0.0636,True,-0.07819706498951781,0.01379277108433735
Furniture > Chairs & Seating > Stools & Ottomans > Drafting Chairs & Office Stools,style_family,boho/coastal,single,0.1816090604213117,0.018518518518518517,0.0,1,0,54,23,0.33985,False,-0.018518518518518517,0.14331024096385542
Furniture > Chairs & Seating > Stools & Ottomans > Drafting Chairs & Office Stools,style_family,contemporary,single,0.1816090604213117,0.3333333333333333,0.43478260869565216,18,10,54,23,0.80015,False,0.10144927536231885,0.7037463855421686
Furniture > Chairs & Seating > Stools & Ottomans > Drafting Chairs & Office Stools,style_family,gaming,single,0.1816090604213117,0.05555555555555555,0.0,3,0,54,23,0.1215,False,-0.05555555555555555,0.03366867469879518
Furniture > Chairs & Seating > Stools & Ottomans > Drafting Chairs & Office Stools,style_family,industrial,single,0.1816090604213117,0.24074074074074073,0.17391304347826086,13,4,54,23,0.26395,False,-0.06682769726247986,0.06360240963855422
Furniture > Chairs & Seating > Stools & Ottomans > Drafting Chairs & Office Stools,style_family,mid-century,single,0.1816090604213117,0.037037037037037035,0.0,2,0,54,23,0.19575,False,-0.037037037037037035,0.058960843373493985
Furniture > Chairs & Seating > Stools & Ottomans > Drafting Chairs & Office Stools,style_family,minimalist,single,0.1816090604213117,0.24074074074074073,0.0,13,0,54,23,0.00125,False,-0.24074074074074073,6.024096385542169e-05
Furniture > Chairs & Seating > Stools & Ottomans > Drafting Chairs & Office Stools,style_family,modern,single,0.1816090604213117,0.0,0.13043478260869565,0,3,54,23,0.9957,False,0.13043478260869565,0.9117253012048192
Furniture > Chairs & Seating > Stools & Ottomans > Drafting Chairs & Office Stools,style_family,scandinavian,single,0.1816090604213117,0.0,0.08695652173913043,0,2,54,23,0.98325,False,0.08695652173913043,0.8055542168674699
Furniture > Chairs & Seating > Stools & Ottomans > Drafting Chairs & Office Stools,style_family,traditional,single,0.1816090604213117,0.07407407407407407,0.17391304347826086,4,4,54,23,0.905,False,0.0998389694041868,0.7523493975903615
Furniture > Chairs & Seating > Stools & Ottomans > Drafting Chairs & Office Stools,size_class,compact,single,0.14580675087793915,0.4631578947368421,1.0,44,3,95,3,0.9719,False,0.5368421052631579,0.9719
Furniture > Chairs & Seating > Stools & Ottomans > Drafting Chairs & Office Stools,size_class,standard,single,0.14580675087793915,0.5368421052631579,0.0,51,0,95,3,0.0277,False,-0.5368421052631579,0.0006674698795180723
Furniture > Chairs & Seating > Stools & Ottomans > Drafting Chairs & Office Stools,form_factor,drafting,single,0.02317157993197679,0.46226415094339623,0.5,49,28,106,56,0.6727,False,0.037735849056603765,0.486289156626506
Furniture > Chairs & Seating > Stools & Ottomans > Drafting Chairs & Office Stools,form_factor,ottoman,single,0.02317157993197679,0.018867924528301886,0.0,2,0,106,56,0.16025,False,-0.018867924528301886,0.06467921686746989
Furniture > Chairs & Seating > Stools & Ottomans > Drafting Chairs & Office Stools,form_factor,stool,single,0.02317157993197679,0.5094339622641509,0.42857142857142855,54,24,106,56,0.16235,False,-0.0808625336927224,0.03325240963855421
Furniture > Chairs & Seating > Stools & Ottomans > Drafting Chairs & Office Stools,form_factor,task,single,0.02317157993197679,0.009433962264150943,0.07142857142857142,1,4,106,56,0.9822,False,0.06199460916442048,0.7455253012048193
Furniture > Chairs & Seating > Stools & Ottomans > Drafting Chairs & Office Stools,arm_type,adjustable,single,0.2288703506833619,0.19607843137254902,0.5833333333333334,20,7,102,12,0.9974,False,0.3872549019607844,0.9853831325301204
Furniture > Chairs & Seating > Stools & Ottomans > Drafting Chairs & Office Stools,arm_type,armless,single,0.2288703506833619,0.7352941176470589,0.16666666666666666,75,2,102,12,5e-05,False,-0.5686274509803922,0.0
Furniture > Chairs & Seating > Stools & Ottomans > Drafting Chairs & Office Stools,arm_type,fixed,single,0.2288703506833619,0.06862745098039216,0.25,7,3,102,12,0.97115,False,0.18137254901960784,0.9126469879518072
Furniture > Chairs & Seating > Stools & Ottomans > Drafting Chairs & Office Stools,base_type,casters,single,0.028487333075641302,0.7395833333333334,0.8636363636363636,71,38,96,44,0.9528,False,0.12405303030303028,0.8494843373493975
Furniture > Chairs & Seating > Stools & Ottomans > Drafting Chairs & Office Stools,base_type,legs,single,0.028487333075641302,0.22916666666666666,0.11363636363636363,22,5,96,44,0.05005,False,-0.11553030303030302,0.006633132530120482
Furniture > Chairs & Seating > Stools & Ottomans > Drafting Chairs & Office Stools,base_type,pedestal,single,0.028487333075641302,0.0,0.022727272727272728,0,1,96,44,0.918,False,0.022727272727272728,0.5861927710843373
Furniture > Chairs & Seating > Stools & Ottomans > Drafting Chairs & Office Stools,base_type,sled,single,0.028487333075641302,0.03125,0.0,3,0,96,44,0.11595,False,-0.03125,0.03911566265060241
Furniture > Chairs & Seating > Stools & Ottomans > Drafting Chairs & Office Stools,swivel,no,single,0.005401558330630531,0.6037735849056604,0.5172413793103449,64,30,106,58,0.14565,True,-0.08653220559531549,0.026322289156626506
Furniture > Chairs & Seating > Stools & Ottomans > Drafting Chairs & Office Stools,swivel,yes,single,0.005401558330630531,0.39622641509433965,0.4827586206896552,42,28,106,58,0.85865,True,0.08653220559531555,0.693127108433735
Furniture > Chairs & Seating > Stools & Ottomans > Drafting Chairs & Office Stools,height_adjustable,no,single,0.042162493470148804,0.2641509433962264,0.5,28,29,106,58,0.9985,True,0.2358490566037736,0.9624096385542169
Furniture > Chairs & Seating > Stools & Ottomans > Drafting Chairs & Office Stools,height_adjustable,yes,single,0.042162493470148804,0.7358490566037735,0.5,78,29,106,58,0.00115,True,-0.23584905660377353,6.927710843373494e-05
Furniture > Chairs & Seating > Stools & Ottomans > Drafting Chairs & Office Stools,recline_tilt,no,single,0.0005717306260615476,0.7641509433962265,0.7413793103448276,81,43,106,58,0.36665,True,-0.022771633051398843,0.13694156626506024
Furniture > Chairs & Seating > Stools & Ottomans > Drafting Chairs & Office Stools,recline_tilt,yes,single,0.0005717306260615476,0.2358490566037736,0.25862068965517243,25,15,106,58,0.63195,True,0.022771633051398843,0.4149551204819277
Furniture > Chairs & Seating > Stools & Ottomans > Drafting Chairs & Office Stools,lumbar,no,single,0.0004015243465293533,0.7358490566037735,0.7586206896551724,78,44,106,58,0.6207,True,0.022771633051398843,0.4075680722891566
Furniture > Chairs & Seating > Stools & Ottomans > Drafting Chairs & Office Stools,lumbar,yes,single,0.0004015243465293533,0.2641509433962264,0.2413793103448276,28,14,106,58,0.3719,True,-0.022771633051398815,0.1433831325301205
Furniture > Chairs & Seating > Stools & Ottomans > Drafting Chairs & Office Stools,headrest,no,single,0.0026528058415420585,0.9811320754716981,1.0,104,58,106,58,0.84305,False,0.018867924528301883,0.5281759036144579
Furniture > Chairs & Seating > Stools & Ottomans > Drafting Chairs & Office Stools,headrest,yes,single,0.0026528058415420585,0.018867924528301886,0.0,2,0,106,58,0.15555,False,-0.018867924528301886,0.06278222891566265
Furniture > Chairs & Seating > Stools & Ottomans > Drafting Chairs & Office Stools,back_height,low,single,0.0487949406953985,0.2222222222222222,0.5,2,1,9,2,0.7982,False,0.2777777777777778,0.778966265060241
Furniture > Chairs & Seating > Stools & Ottomans > Drafting Chairs & Office Stools,back_height,mid,single,0.0487949406953985,0.7777777777777778,0.5,7,1,9,2,0.20515,False,-0.2777777777777778,0.007415060240963855
Furniture > Chairs & Seating > Stools & Ottomans > Drafting Chairs & Office Stools,aesthetic_tags,cozy/plush,multi,0.13251578053941532,0.02830188679245283,0.034482758620689655,3,2,106,58,0.60275,False,0.006180871828236824,0.31226807228915665
Furniture > Chairs & Seating > Stools & Ottomans > Drafting Chairs & Office Stools,aesthetic_tags,curved/organic,multi,0.13251578053941532,0.10377358490566038,0.06896551724137931,11,4,106,58,0.2309,False,-0.03480806766428107,0.07233012048192772
Furniture > Chairs & Seating > Stools & Ottomans > Drafting Chairs & Office Stools,aesthetic_tags,luxe,multi,0.13251578053941532,0.08490566037735849,0.0,9,0,106,58,0.00375,False,-0.08490566037735849,0.0007228915662650603
Furniture > Chairs & Seating > Stools & Ottomans > Drafting Chairs & Office Stools,aesthetic_tags,natural/woven,multi,0.13251578053941532,0.12264150943396226,0.017241379310344827,13,1,106,58,0.006,False,-0.10540013012361743,0.0009397590361445784
Furniture > Chairs & Seating > Stools & Ottomans > Drafting Chairs & Office Stools,aesthetic_tags,playful/colourful,multi,0.13251578053941532,0.009433962264150943,0.0,1,0,106,58,0.2896,False,-0.009433962264150943,0.13782168674698797
Furniture > Chairs & Seating > Stools & Ottomans > Drafting Chairs & Office Stools,aesthetic_tags,sleek/minimal,multi,0.13251578053941532,0.1509433962264151,0.08620689655172414,16,5,106,58,0.1198,False,-0.06473649967469094,0.030310843373493976
Furniture > Chairs & Seating > Stools & Ottomans > Drafting Chairs & Office Stools,aesthetic_tags,statement,multi,0.13251578053941532,0.0,0.017241379310344827,0,1,106,58,0.89585,False,0.017241379310344827,0.5396686746987952
Furniture > Chairs & Seating > Stools & Ottomans > Drafting Chairs & Office Stools,aesthetic_tags,textured,multi,0.13251578053941532,0.03773584905660377,0.0,4,0,106,58,0.0539,False,-0.03773584905660377,0.015585542168674698
Furniture > Chairs & Seating > Stools & Ottomans > Drafting Chairs & Office Stools,aesthetic_tags,tufted,multi,0.13251578053941532,0.0,0.017241379310344827,0,1,106,58,0.8981,False,0.017241379310344827,0.5410240963855423
Furniture > Chairs & Seating > Stools & Ottomans > Drafting Chairs & Office Stools,use_context,breakroom/dining,multi,0.07542010073420687,0.009433962264150943,0.08620689655172414,1,5,106,58,0.99395,False,0.0767729342875732,0.7903698795180722
Furniture > Chairs & Seating > Stools & Ottomans > Drafting Chairs & Office Stools,use_context,corporate office,multi,0.07542010073420687,0.2641509433962264,0.25862068965517243,28,15,106,58,0.4771,False,-0.005530253741053981,0.24142409638554216
Furniture > Chairs & Seating > Stools & Ottomans > Drafting Chairs & Office Stools,use_context,education,multi,0.07542010073420687,0.018867924528301886,0.034482758620689655,2,2,106,58,0.7452,False,0.015614834092387769,0.41749156626506023
Furniture > Chairs & Seating > Stools & Ottomans > Drafting Chairs & Office Stools,use_context,healthcare,multi,0.07542010073420687,0.20754716981132076,0.10344827586206896,22,6,106,58,0.04125,False,-0.1040988939492518,0.006957831325301205
Furniture > Chairs & Seating > Stools & Ottomans > Drafting Chairs & Office Stools,use_context,home office,multi,0.07542010073420687,0.02830188679245283,0.017241379310344827,3,1,106,58,0.35235,False,-0.011060507482108003,0.15494909638554216
Furniture > Chairs & Seating > Stools & Ottomans > Drafting Chairs & Office Stools,use_context,hospitality/events,multi,0.07542010073420687,0.018867924528301886,0.034482758620689655,2,2,106,58,0.73585,False,0.015614834092387769,0.412253313253012
Furniture > Chairs & Seating > Stools & Ottomans > Drafting Chairs & Office Stools,use_context,reception/lobby,multi,0.07542010073420687,0.02830188679245283,0.0,3,0,106,58,0.09115,False,-0.02830188679245283,0.031847590361445785
Furniture > Chairs & Seating > Stools & Ottomans > Drafting Chairs & Office Stools,end_user_segment,big & tall,multi,0.12425601093475921,0.0,0.017241379310344827,0,1,106,58,0.898,False,0.017241379310344827,0.5409638554216868
Furniture > Chairs & Seating > Stools & Ottomans > Drafting Chairs & Office Stools,end_user_segment,remote workers,multi,0.12425601093475921,0.02830188679245283,0.017241379310344827,3,1,106,58,0.3562,False,-0.011060507482108003,0.1566421686746988
Furniture > Chairs & Seating > Stools & Ottomans > Drafting Chairs & Office Stools,key_benefits,comfort,multi,0.1222714136485133,0.2830188679245283,0.25862068965517243,30,15,106,58,0.3788,False,-0.024398178269355864,0.13691566265060243
Furniture > Chairs & Seating > Stools & Ottomans > Drafting Chairs & Office Stools,key_benefits,commercial-grade,multi,0.1222714136485133,0.6509433962264151,0.10344827586206896,69,6,106,58,0.0,False,-0.5474951203643461,0.0
Furniture > Chairs & Seating > Stools & Ottomans > Drafting Chairs & Office Stools,key_benefits,easy-clean,multi,0.1222714136485133,0.2169811320754717,0.22413793103448276,23,13,106,58,0.5491,False,0.007156798959011057,0.2910891566265061
Furniture > Chairs & Seating > Stools & Ottomans > Drafting Chairs & Office Stools,key_benefits,ergonomic,multi,0.1222714136485133,0.4056603773584906,0.5344827586206896,43,31,106,58,0.94135,False,0.12882238126219903,0.8506174698795181
Furniture > Chairs & Seating > Stools & Ottomans > Drafting Chairs & Office Stools,key_benefits,space-saving,multi,0.1222714136485133,0.07547169811320754,0.017241379310344827,8,1,106,58,0.04835,False,-0.05823031880286272,0.01281566265060241
Furniture > Chairs & Seating > Stools & Ottomans > Drafting Chairs & Office Stools,key_benefits,sustainable,multi,0.1222714136485133,0.11320754716981132,0.0,12,0,106,58,0.00075,False,-0.11320754716981132,0.00010843373493975903
Furniture > Chairs & Seating > Stools & Ottomans > Foot Rests,colour_family,beige/cream,single,0.29452916572527876,0.0,0.42857142857142855,0,6,29,14,0.99985,False,0.42857142857142855,0.9204968253968253
Furniture > Chairs & Seating > Stools & Ottomans > Foot Rests,colour_family,black,single,0.29452916572527876,0.8275862068965517,0.2857142857142857,24,4,29,14,0.00015,False,-0.541871921182266,3.571428571428571e-06
Furniture > Chairs & Seating > Stools & Ottomans > Foot Rests,colour_family,brown/wood,single,0.29452916572527876,0.034482758620689655,0.0,1,0,29,14,0.3127,False,-0.034482758620689655,0.13649603174603173
Furniture > Chairs & Seating > Stools & Ottomans > Foot Rests,colour_family,grey,single,0.29452916572527876,0.06896551724137931,0.21428571428571427,2,3,29,14,0.9165,False,0.14532019704433496,0.7492023809523809
Furniture > Chairs & Seating > Stools & Ottomans > Foot Rests,colour_family,white,single,0.29452916572527876,0.06896551724137931,0.0,2,0,29,14,0.17425,False,-0.06896551724137931,0.06361507936507936
Furniture > Chairs & Seating > Stools & Ottomans > Foot Rests,colour_family,yellow/orange,single,0.29452916572527876,0.0,0.07142857142857142,0,1,29,14,0.9136,False,0.07142857142857142,0.5873142857142858
Furniture > Chairs & Seating > Stools & Ottomans > Foot Rests,colour_tone,bold,single,0.21861650417405082,0.0,0.07142857142857142,0,1,29,14,0.91385,False,0.07142857142857142,0.5874750000000001
Furniture > Chairs & Seating > Stools & Ottomans > Foot Rests,colour_tone,dark-neutral,single,0.21861650417405082,0.8275862068965517,0.2857142857142857,24,4,29,14,0.00025,False,-0.541871921182266,5.9523809523809525e-06
Furniture > Chairs & Seating > Stools & Ottomans > Foot Rests,colour_tone,light-neutral,single,0.21861650417405082,0.06896551724137931,0.42857142857142855,2,6,29,14,0.9975,False,0.35960591133004927,0.9025000000000001
Furniture > Chairs & Seating > Stools & Ottomans > Foot Rests,colour_tone,mid-neutral,single,0.21861650417405082,0.06896551724137931,0.21428571428571427,2,3,29,14,0.91455,False,0.14532019704433496,0.7476083333333333
Furniture > Chairs & Seating > Stools & Ottomans > Foot Rests,colour_tone,warm-neutral,single,0.21861650417405082,0.034482758620689655,0.0,1,0,29,14,0.3119,False,-0.034482758620689655,0.1361468253968254
Furniture > Chairs & Seating > Stools & Ottomans > Foot Rests,material_class,fabric,single,0.44485011592549273,0.08333333333333333,0.9090909090909091,2,10,24,11,1.0,True,0.8257575757575757,1.0
Furniture > Chairs & Seating > Stools & Ottomans > Foot Rests,material_class,faux leather,single,0.44485011592549273,0.0,0.09090909090909091,0,1,24,11,0.923,True,0.09090909090909091,0.6446349206349207
Furniture > Chairs & Seating > Stools & Ottomans > Foot Rests,material_class,mesh,single,0.44485011592549273,0.125,0.0,3,0,24,11,0.1027,True,-0.125,0.02282222222222222
Furniture > Chairs & Seating > Stools & Ottomans > Foot Rests,material_class,metal,single,0.44485011592549273,0.16666666666666666,0.0,4,0,24,11,0.05915,True,-0.16666666666666666,0.011266666666666666
Furniture > Chairs & Seating > Stools & Ottomans > Foot Rests,material_class,plastic,single,0.44485011592549273,0.5,0.0,12,0,24,11,0.0002,True,-0.5,9.523809523809523e-06
Furniture > Chairs & Seating > Stools & Ottomans > Foot Rests,material_class,velvet,single,0.44485011592549273,0.041666666666666664,0.0,1,0,24,11,0.31765,True,-0.041666666666666664,0.1260515873015873
Furniture > Chairs & Seating > Stools & Ottomans > Foot Rests,material_class,wood,single,0.44485011592549273,0.08333333333333333,0.0,2,0,24,11,0.1803,True,-0.08333333333333333,0.057238095238095234
Furniture > Chairs & Seating > Stools & Ottomans > Foot Rests,style_family,contemporary,single,0.18317838756365115,0.09090909090909091,0.125,1,1,11,8,0.60625,False,0.03409090909090909,0.34642857142857136
Furniture > Chairs & Seating > Stools & Ottomans > Foot Rests,style_family,farmhouse/rustic,single,0.18317838756365115,0.0,0.125,0,1,11,8,0.8701,False,0.125,0.6560277777777778
Furniture > Chairs & Seating > Stools & Ottomans > Foot Rests,style_family,gaming,single,0.18317838756365115,0.2727272727272727,0.0,3,0,11,8,0.0439,False,-0.2727272727272727,0.004180952380952381
Furniture > Chairs & Seating > Stools & Ottomans > Foot Rests,style_family,industrial,single,0.18317838756365115,0.0,0.125,0,1,11,8,0.8704,False,0.125,0.6562539682539682
Furniture > Chairs & Seating > Stools & Ottomans > Foot Rests,style_family,mid-century,single,0.18317838756365115,0.0,0.25,0,2,11,8,0.96165,False,0.25,0.8242714285714285
Furniture > Chairs & Seating > Stools & Ottomans > Foot Rests,style_family,minimalist,single,0.18317838756365115,0.09090909090909091,0.0,1,0,11,8,0.2251,False,-0.09090909090909091,0.06431428571428571
Furniture > Chairs & Seating > Stools & Ottomans > Foot Rests,style_family,modern,single,0.18317838756365115,0.18181818181818182,0.25,2,2,11,8,0.6485,False,0.06818181818181818,0.40145238095238095
Furniture > Chairs & Seating > Stools & Ottomans > Foot Rests,style_family,scandinavian,single,0.18317838756365115,0.36363636363636365,0.125,4,1,11,8,0.121,False,-0.23863636363636365,0.015365079365079365
Furniture > Chairs & Seating > Stools & Ottomans > Foot Rests,size_class,compact,single,0.09577257436087472,1.0,0.8,25,4,25,5,0.0273,False,-0.19999999999999996,0.0039
Furniture > Chairs & Seating > Stools & Ottomans > Foot Rests,size_class,standard,single,0.09577257436087472,0.0,0.2,0,1,25,5,0.9721,False,0.2,0.8177984126984127
Furniture > Chairs & Seating > Stools & Ottomans > Foot Rests,form_factor,bench,single,0.05908872613795704,0.0,0.07692307692307693,0,1,29,13,0.9234,False,0.07692307692307693,0.6229285714285715
Furniture > Chairs & Seating > Stools & Ottomans > Foot Rests,form_factor,ottoman,single,0.05908872613795704,0.9310344827586207,0.8461538461538461,27,11,29,13,0.18855,False,-0.08488063660477452,0.05686428571428571
Furniture > Chairs & Seating > Stools & Ottomans > Foot Rests,form_factor,recliner,single,0.05908872613795704,0.06896551724137931,0.0,2,0,29,13,0.187,False,-0.06896551724137931,0.06826984126984127
Furniture > Chairs & Seating > Stools & Ottomans > Foot Rests,form_factor,stool,single,0.05908872613795704,0.0,0.07692307692307693,0,1,29,13,0.9197,False,0.07692307692307693,0.6204325396825398
Furniture > Chairs & Seating > Stools & Ottomans > Foot Rests,arm_type,fixed,single,0.0,1.0,1.0,1,1,1,1,0.49445,False,0.0,0.247225
Furniture > Chairs & Seating > Stools & Ottomans > Foot Rests,base_type,casters,single,0.06291785486083648,0.0,0.14285714285714285,0,1,25,7,0.95555,False,0.14285714285714285,0.7583730158730159
Furniture > Chairs & Seating > Stools & Ottomans > Foot Rests,base_type,legs,single,0.06291785486083648,1.0,0.8571428571428571,25,6,25,7,0.04655,False,-0.1428571428571429,0.009605555555555555
Furniture > Chairs & Seating > Stools & Ottomans > Foot Rests,swivel,no,single,0.0,1.0,1.0,29,15,29,15,0.39275,True,0.0,0.196375
Furniture > Chairs & Seating > Stools & Ottomans > Foot Rests,height_adjustable,no,single,0.1855893368434326,0.4482758620689655,0.9333333333333333,13,14,29,15,0.99975,True,0.4850574712643678,0.9521428571428571
Furniture > Chairs & Seating > Stools & Ottomans > Foot Rests,height_adjustable,yes,single,0.1855893368434326,0.5517241379310345,0.06666666666666667,16,1,29,15,0.0004,True,-0.4850574712643678,2.857142857142857e-05
Furniture > Chairs & Seating > Stools & Ottomans > Foot Rests,recline_tilt,no,single,0.4977282688748241,0.20689655172413793,1.0,6,15,29,15,1.0,True,0.7931034482758621,0.9841269841269841
Furniture > Chairs & Seating > Stools & Ottomans > Foot Rests,recline_tilt,yes,single,0.4977282688748241,0.7931034482758621,0.0,23,0,29,15,0.0,True,-0.7931034482758621,0.0
Furniture > Chairs & Seating > Stools & Ottomans > Foot Rests,lumbar,no,single,0.0,1.0,1.0,29,15,29,15,0.4027,True,0.0,0.20135
Furniture > Chairs & Seating > Stools & Ottomans > Foot Rests,headrest,no,single,0.0,1.0,1.0,29,15,29,15,0.3981,False,0.0,0.19905
Furniture > Chairs & Seating > Stools & Ottomans > Foot Rests,aesthetic_tags,cozy/plush,multi,0.2909552045780903,0.1724137931034483,0.4666666666666667,5,7,29,15,0.979,False,0.2942528735632184,0.8702222222222221
Furniture > Chairs & Seating > Stools & Ottomans > Foot Rests,aesthetic_tags,curved/organic,multi,0.2909552045780903,0.034482758620689655,0.13333333333333333,1,2,29,15,0.8835,False,0.09885057471264368,0.6310714285714285
Furniture > Chairs & Seating > Stools & Ottomans > Foot Rests,aesthetic_tags,luxe,multi,0.2909552045780903,0.0,0.4666666666666667,0,7,29,15,1.0,False,0.4666666666666667,0.9365079365079365
Furniture > Chairs & Seating > Stools & Ottomans > Foot Rests,aesthetic_tags,natural/woven,multi,0.2909552045780903,0.0,0.26666666666666666,0,4,29,15,0.99785,False,0.26666666666666666,0.8711388888888889
Furniture > Chairs & Seating > Stools & Ottomans > Foot Rests,aesthetic_tags,retro/vintage,multi,0.2909552045780903,0.0,0.06666666666666667,0,1,29,15,0.90995,False,0.06666666666666667,0.5488587301587301
Furniture > Chairs & Seating > Stools & Ottomans > Foot Rests,aesthetic_tags,sleek/minimal,multi,0.2909552045780903,0.06896551724137931,0.13333333333333333,2,2,29,15,0.7619,False,0.06436781609195402,0.4474650793650794
Furniture > Chairs & Seating > Stools & Ottomans > Foot Rests,aesthetic_tags,statement,multi,0.2909552045780903,0.0,0.13333333333333333,0,2,29,15,0.9756,False,0.13333333333333333,0.7588
Furniture > Chairs & Seating > Stools & Ottomans > Foot Rests,aesthetic_tags,textured,multi,0.2909552045780903,0.2413793103448276,0.0,7,0,29,15,0.0103,False,-0.2413793103448276,0.0011444444444444445
Furniture > Chairs & Seating > Stools & Ottomans > Foot Rests,aesthetic_tags,tufted,multi,0.2909552045780903,0.034482758620689655,0.0,1,0,29,15,0.30005,False,-0.034482758620689655,0.13097420634920634
Furniture > Chairs & Seating > Stools & Ottomans > Foot Rests,use_context,corporate office,multi,0.4464260275789693,0.3103448275862069,0.13333333333333333,9,2,29,15,0.09685,False,-0.17701149425287357,0.015373015873015873
Furniture > Chairs & Seating > Stools & Ottomans > Foot Rests,use_context,education,multi,0.4464260275789693,0.10344827586206896,0.0,3,0,29,15,0.08905,False,-0.10344827586206896,0.022615873015873016
Furniture > Chairs & Seating > Stools & Ottomans > Foot Rests,use_context,gaming,multi,0.4464260275789693,0.10344827586206896,0.0,3,0,29,15,0.0903,False,-0.10344827586206896,0.022933333333333333
Furniture > Chairs & Seating > Stools & Ottomans > Foot Rests,use_context,home office,multi,0.4464260275789693,0.034482758620689655,0.06666666666666667,1,1,29,15,0.70355,False,0.03218390804597701,0.385277380952381
Furniture > Chairs & Seating > Stools & Ottomans > Foot Rests,use_context,residential living,multi,0.4464260275789693,0.0,0.7333333333333333,0,11,29,15,1.0,False,0.7333333333333333,0.9682539682539683
Furniture > Chairs & Seating > Stools & Ottomans > Foot Rests,end_user_segment,gamers,multi,0.15191136719789727,0.10344827586206896,0.0,3,0,29,15,0.086,False,-0.10344827586206896,0.02184126984126984
Furniture > Chairs & Seating > Stools & Ottomans > Foot Rests,end_user_segment,remote workers,multi,0.15191136719789727,0.034482758620689655,0.06666666666666667,1,1,29,15,0.7004,False,0.03218390804597701,0.383552380952381
Furniture > Chairs & Seating > Stools & Ottomans > Foot Rests,key_benefits,comfort,multi,0.13350202772068717,0.27586206896551724,0.4,8,6,29,15,0.8005,False,0.12413793103448278,0.5844920634920635
Furniture > Chairs & Seating > Stools & Ottomans > Foot Rests,key_benefits,commercial-grade,multi,0.13350202772068717,0.06896551724137931,0.0,2,0,29,15,0.1549,False,-0.06896551724137931,0.05655079365079365
Furniture > Chairs & Seating > Stools & Ottomans > Foot Rests,key_benefits,easy-clean,multi,0.13350202772068717,0.1724137931034483,0.0,5,0,29,15,0.02945,False,-0.1724137931034483,0.005142063492063492
Furniture > Chairs & Seating > Stools & Ottomans > Foot Rests,key_benefits,ergonomic,multi,0.13350202772068717,0.5517241379310345,0.06666666666666667,16,1,29,15,0.0005,False,-0.4850574712643678,3.571428571428571e-05
Furniture > Chairs & Seating > Stools & Ottomans > Foot Rests,key_benefits,space-saving,multi,0.13350202772068717,0.20689655172413793,0.13333333333333333,6,2,29,15,0.28245,False,-0.0735632183908046,0.09414999999999998
Furniture > Chairs & Seating > Stools & Ottomans > Foot Rests,key_benefits,sustainable,multi,0.13350202772068717,0.034482758620689655,0.0,1,0,29,15,0.29755,False,-0.034482758620689655,0.1298829365079365
Furniture > Chairs & Seating > Stools & Ottomans > Ottomans,colour_family,beige/cream,single,0.083934564576901,0.06896551724137931,0.19589743589743588,2,191,29,975,0.96875,False,0.12693191865605657,0.9094387755102041
Furniture > Chairs & Seating > Stools & Ottomans > Ottomans,colour_family,black,single,0.083934564576901,0.10344827586206896,0.10256410256410256,3,100,29,975,0.46215,False,-0.0008841732979664035,0.1556219387755102
Furniture > Chairs & Seating > Stools & Ottomans > Ottomans,colour_family,blue,single,0.083934564576901,0.0,0.08,0,78,29,975,0.9722,False,0.08,0.8729959183673469
Furniture > Chairs & Seating > Stools & Ottomans > Ottomans,colour_family,brown/wood,single,0.083934564576901,0.2413793103448276,0.13538461538461538,7,132,29,975,0.05815,False,-0.10599469496021222,0.007417091836734694
Furniture > Chairs & Seating > Stools & Ottomans > Ottomans,colour_family,green,single,0.083934564576901,0.06896551724137931,0.050256410256410255,2,49,29,975,0.28955,False,-0.018709106984969054,0.06795561224489796
Furniture > Chairs & Seating > Stools & Ottomans > Ottomans,colour_family,grey,single,0.083934564576901,0.13793103448275862,0.13538461538461538,4,132,29,975,0.4577,False,-0.0025464190981432377,0.13777704081632652
Furniture > Chairs & Seating > Stools & Ottomans > Ottomans,colour_family,metallic,single,0.083934564576901,0.0,0.017435897435897435,0,17,29,975,0.6893,False,0.017435897435897435,0.4396045918367347
Furniture > Chairs & Seating > Stools & Ottomans > Ottomans,colour_family,multi/pattern,single,0.083934564576901,0.3448275862068966,0.12615384615384614,10,123,29,975,0.00145,False,-0.21867374005305043,6.658163265306122e-05
Furniture > Chairs & Seating > Stools & Ottomans > Ottomans,colour_family,navy,single,0.083934564576901,0.0,0.008205128205128205,0,8,29,975,0.50875,False,0.008205128205128205,0.2647576530612245
Furniture > Chairs & Seating > Stools & Ottomans > Ottomans,colour_family,purple,single,0.083934564576901,0.0,0.010256410256410256,0,10,29,975,0.5603,False,0.010256410256410256,0.31445408163265304
Furniture > Chairs & Seating > Stools & Ottomans > Ottomans,colour_family,red/pink,single,0.083934564576901,0.0,0.038974358974358976,0,38,29,975,0.86915,False,0.038974358974358976,0.6917724489795918
Furniture > Chairs & Seating > Stools & Ottomans > Ottomans,colour_family,white,single,0.083934564576901,0.034482758620689655,0.06153846153846154,1,60,29,975,0.6979,False,0.027055702917771887,0.4985
Furniture > Chairs & Seating > Stools & Ottomans > Ottomans,colour_family,yellow/orange,single,0.083934564576901,0.0,0.03794871794871795,0,37,29,975,0.86555,False,0.03794871794871795,0.6712428571428571
Furniture > Chairs & Seating > Stools & Ottomans > Ottomans,colour_tone,bold,single,0.08919559763587051,0.06896551724137931,0.21743589743589745,2,212,29,975,0.9825,False,0.14847038019451814,0.9323724489795919
Furniture > Chairs & Seating > Stools & Ottomans > Ottomans,colour_tone,dark-neutral,single,0.08919559763587051,0.10344827586206896,0.11076923076923077,3,108,29,975,0.52315,False,0.0073209549071618085,0.261575
Furniture > Chairs & Seating > Stools & Ottomans > Ottomans,colour_tone,light-neutral,single,0.08919559763587051,0.10344827586206896,0.25743589743589745,3,251,29,975,0.97725,False,0.1539876215738285,0.937362244897959
Furniture > Chairs & Seating > Stools & Ottomans > Ottomans,colour_tone,metallic,single,0.08919559763587051,0.0,0.017435897435897435,0,17,29,975,0.6888,False,0.017435897435897435,0.4392857142857143
Furniture > Chairs & Seating > Stools & Ottomans > Ottomans,colour_tone,mid-neutral,single,0.08919559763587051,0.13793103448275862,0.13538461538461538,4,132,29,975,0.46225,False,-0.0025464190981432377,0.13914668367346938
Furniture > Chairs & Seating > Stools & Ottomans > Ottomans,colour_tone,pattern,single,0.08919559763587051,0.3448275862068966,0.12615384615384614,10,123,29,975,0.0014,False,-0.21867374005305043,6.428571428571429e-05
Furniture > Chairs & Seating > Stools & Ottomans > Ottomans,colour_tone,warm-neutral,single,0.08919559763587051,0.2413793103448276,0.13538461538461538,7,132,29,975,0.0587,False,-0.10599469496021222,0.007487244897959184
Furniture > Chairs & Seating > Stools & Ottomans > Ottomans,material_class,boucle,single,0.15800154204246653,0.0,0.06702702702702702,0,62,29,925,0.95485,True,0.06702702702702702,0.8379295918367347
Furniture > Chairs & Seating > Stools & Ottomans > Ottomans,material_class,engineered wood,single,0.15800154204246653,0.0,0.010810810810810811,0,10,29,925,0.5743,True,0.010810810810810811,0.32817142857142856
Furniture > Chairs & Seating > Stools & Ottomans > Ottomans,material_class,fabric,single,0.15800154204246653,0.5517241379310345,0.6129729729729729,16,567,29,925,0.7499,True,0.061248835041938454,0.6351193877551021
Furniture > Chairs & Seating > Stools & Ottomans > Ottomans,material_class,faux leather,single,0.15800154204246653,0.10344827586206896,0.07567567567567568,3,70,29,925,0.2684,True,-0.027772600186393284,0.05477551020408164
Furniture > Chairs & Seating > Stools & Ottomans > Ottomans,material_class,glass,single,0.15800154204246653,0.0,0.001081081081081081,0,1,29,925,0.21855,True,0.001081081081081081,0.08251377551020407
Furniture > Chairs & Seating > Stools & Ottomans > Ottomans,material_class,leather,single,0.15800154204246653,0.0,0.046486486486486484,0,43,29,925,0.9023,True,0.046486486486486484,0.7365714285714285
Furniture > Chairs & Seating > Stools & Ottomans > Ottomans,material_class,metal,single,0.15800154204246653,0.0,0.022702702702702703,0,21,29,925,0.7558,True,0.022702702702702703,0.5244326530612246
Furniture > Chairs & Seating > Stools & Ottomans > Ottomans,material_class,plastic,single,0.15800154204246653,0.0,0.003243243243243243,0,3,29,925,0.34885,True,0.003243243243243243,0.15306683673469387
Furniture > Chairs & Seating > Stools & Ottomans > Ottomans,material_class,velvet,single,0.15800154204246653,0.0,0.07027027027027027,0,65,29,925,0.9584,True,0.07027027027027027,0.8508244897959184
Furniture > Chairs & Seating > Stools & Ottomans > Ottomans,material_class,vinyl,single,0.15800154204246653,0.20689655172413793,0.001081081081081081,6,1,29,925,0.0,True,-0.20581547064305686,0.0
Furniture > Chairs & Seating > Stools & Ottomans > Ottomans,material_class,wicker/rattan,single,0.15800154204246653,0.10344827586206896,0.021621621621621623,3,20,29,925,0.0102,True,-0.08182665424044734,0.0015612244897959186
Furniture > Chairs & Seating > Stools & Ottomans > Ottomans,material_class,wood,single,0.15800154204246653,0.034482758620689655,0.06702702702702702,1,62,29,925,0.73905,True,0.03254426840633737,0.5580581632653061
Furniture > Chairs & Seating > Stools & Ottomans > Ottomans,style_family,boho/coastal,single,0.12979078195318508,0.2962962962962963,0.24466750313676286,8,195,27,797,0.2596,False,-0.05162879315953342,0.04503265306122449
Furniture > Chairs & Seating > Stools & Ottomans > Ottomans,style_family,contemporary,single,0.12979078195318508,0.1111111111111111,0.0890840652446675,3,71,27,797,0.3183,False,-0.022027045866443606,0.06820714285714286
Furniture > Chairs & Seating > Stools & Ottomans > Ottomans,style_family,farmhouse/rustic,single,0.12979078195318508,0.25925925925925924,0.06900878293601004,7,55,27,797,0.0016,False,-0.1902504763232492,0.00011428571428571428
Furniture > Chairs & Seating > Stools & Ottomans > Ottomans,style_family,gaming,single,0.12979078195318508,0.0,0.005018820577164366,0,4,27,797,0.4139,False,0.005018820577164366,0.1942795918367347
Furniture > Chairs & Seating > Stools & Ottomans > Ottomans,style_family,glam,single,0.12979078195318508,0.0,0.06398996235884567,0,51,27,797,0.93955,False,0.06398996235884567,0.8149158163265305
Furniture > Chairs & Seating > Stools & Ottomans > Ottomans,style_family,industrial,single,0.12979078195318508,0.0,0.006273525721455458,0,5,27,797,0.4531,False,0.006273525721455458,0.21730306122448978
Furniture > Chairs & Seating > Stools & Ottomans > Ottomans,style_family,mid-century,single,0.12979078195318508,0.0,0.10915934755332497,0,87,27,797,0.9867,False,0.10915934755332497,0.8960846938775511
Furniture > Chairs & Seating > Stools & Ottomans > Ottomans,style_family,minimalist,single,0.12979078195318508,0.0,0.050188205771643665,0,40,27,797,0.90355,False,0.050188205771643665,0.7468117346938775
Furniture > Chairs & Seating > Stools & Ottomans > Ottomans,style_family,modern,single,0.12979078195318508,0.2962962962962963,0.18193224592220827,8,145,27,797,0.0733,False,-0.114364050374088,0.008227551020408164
Furniture > Chairs & Seating > Stools & Ottomans > Ottomans,style_family,scandinavian,single,0.12979078195318508,0.0,0.037641154328732745,0,30,27,797,0.8483,False,0.037641154328732745,0.6492091836734694
Furniture > Chairs & Seating > Stools & Ottomans > Ottomans,style_family,traditional,single,0.12979078195318508,0.0,0.12296110414052698,0,98,27,797,0.99195,False,0.12296110414052698,0.9210964285714286
Furniture > Chairs & Seating > Stools & Ottomans > Ottomans,style_family,transitional,single,0.12979078195318508,0.037037037037037035,0.020075282308657464,1,16,27,797,0.22565,False,-0.01696175472837957,0.05526122448979592
Furniture > Chairs & Seating > Stools & Ottomans > Ottomans,size_class,compact,single,0.08382739137015198,0.7241379310344828,0.3695652173913043,21,51,29,138,0.0002,False,-0.35457271364317844,4.081632653061224e-06
Furniture > Chairs & Seating > Stools & Ottomans > Ottomans,size_class,oversize,single,0.08382739137015198,0.0,0.021739130434782608,0,3,29,138,0.73895,False,0.021739130434782608,0.5052005102040816
Furniture > Chairs & Seating > Stools & Ottomans > Ottomans,size_class,standard,single,0.08382739137015198,0.27586206896551724,0.6086956521739131,8,84,29,138,0.99975,False,0.33283358320839584,0.9895484693877551
Furniture > Chairs & Seating > Stools & Ottomans > Ottomans,form_factor,bench,single,0.004276399008276779,0.0,0.03897338403041825,0,41,29,1052,0.8714,False,0.03897338403041825,0.6846714285714285
Furniture > Chairs & Seating > Stools & Ottomans > Ottomans,form_factor,ottoman,single,0.004276399008276779,0.9655172413793104,0.903041825095057,28,950,29,1052,0.12115,False,-0.06247541628425335,0.01977959183673469
Furniture > Chairs & Seating > Stools & Ottomans > Ottomans,form_factor,sofa,single,0.004276399008276779,0.0,0.019961977186311788,0,21,29,1052,0.7194,False,0.019961977186311788,0.4771530612244898
Furniture > Chairs & Seating > Stools & Ottomans > Ottomans,form_factor,stool,single,0.004276399008276779,0.034482758620689655,0.03802281368821293,1,40,29,1052,0.4787,False,0.003540055067523272,0.2149265306122449
Furniture > Chairs & Seating > Stools & Ottomans > Ottomans,base_type,casters,single,0.02344442270032196,0.0,0.03023758099352052,0,14,3,463,0.3488,False,0.03023758099352052,0.25982040816326535
Furniture > Chairs & Seating > Stools & Ottomans > Ottomans,base_type,legs,single,0.02344442270032196,1.0,0.9697624190064795,3,449,3,463,0.65065,False,-0.030237580993520474,0.12614642857142855
Furniture > Chairs & Seating > Stools & Ottomans > Ottomans,swivel,no,single,0.0008812645137956754,1.0,0.9915809167446211,29,1060,29,1069,0.4741,True,-0.008419083255378879,0.12578163265306125
Furniture > Chairs & Seating > Stools & Ottomans > Ottomans,swivel,yes,single,0.0008812645137956754,0.0,0.00841908325537886,0,9,29,1069,0.5182,True,0.00841908325537886,0.27760714285714283
Furniture > Chairs & Seating > Stools & Ottomans > Ottomans,height_adjustable,no,single,0.003582190467339703,1.0,0.9971936389148737,29,1066,29,1069,0.673,True,-0.00280636108512633,0.18885204081632653
Furniture > Chairs & Seating > Stools & Ottomans > Ottomans,height_adjustable,yes,single,0.003582190467339703,0.0,0.002806361085126286,0,3,29,1069,0.32505,True,0.002806361085126286,0.135990306122449
Furniture > Chairs & Seating > Stools & Ottomans > Ottomans,recline_tilt,no,single,0.003582190467339703,1.0,0.9971936389148737,29,1066,29,1069,0.6741,True,-0.00280636108512633,0.1891607142857143
Furniture > Chairs & Seating > Stools & Ottomans > Ottomans,recline_tilt,yes,single,0.003582190467339703,0.0,0.002806361085126286,0,3,29,1069,0.3235,True,0.002806361085126286,0.13534183673469388
Furniture > Chairs & Seating > Stools & Ottomans > Ottomans,stack_fold,folding,single,0.019279074532488685,1.0,0.6,1,21,1,35,0.2583,False,-0.4,0.0
Furniture > Chairs & Seating > Stools & Ottomans > Ottomans,stack_fold,stacking,single,0.019279074532488685,0.0,0.4,0,14,1,35,0.74365,False,0.4,0.74365
Furniture > Chairs & Seating > Stools & Ottomans > Ottomans,lumbar,no,single,0.005520636398088899,1.0,0.9990645463049579,29,1068,29,1069,0.7932,True,-0.00093545369504211,0.2549571428571429
Furniture > Chairs & Seating > Stools & Ottomans > Ottomans,lumbar,yes,single,0.005520636398088899,0.0,0.0009354536950420954,0,1,29,1069,0.20685,True,0.0009354536950420954,0.07387500000000001
Furniture > Chairs & Seating > Stools & Ottomans > Ottomans,headrest,no,single,0.005520636398088899,1.0,0.9990645463049579,29,1068,29,1069,0.79045,False,-0.00093545369504211,0.2540732142857143
Furniture > Chairs & Seating > Stools & Ottomans > Ottomans,headrest,yes,single,0.005520636398088899,0.0,0.0009354536950420954,0,1,29,1069,0.20495,False,0.0009354536950420954,0.07319642857142857
Furniture > Chairs & Seating > Stools & Ottomans > Ottomans,aesthetic_tags,channel-tufted,multi,0.1643584162836465,0.0,0.002806361085126286,0,3,29,1069,0.32885,False,0.002806361085126286,0.13758010204081633
Furniture > Chairs & Seating > Stools & Ottomans > Ottomans,aesthetic_tags,cozy/plush,multi,0.1643584162836465,0.5517241379310345,0.23292797006548177,16,249,29,1069,0.0001,False,-0.3187961678655527,3.0612244897959185e-06
Furniture > Chairs & Seating > Stools & Ottomans > Ottomans,aesthetic_tags,curved/organic,multi,0.1643584162836465,0.034482758620689655,0.04677268475210477,1,50,29,1069,0.5679,False,0.012289926131415115,0.33610408163265304
Furniture > Chairs & Seating > Stools & Ottomans > Ottomans,aesthetic_tags,luxe,multi,0.1643584162836465,0.034482758620689655,0.19270346117867165,1,206,29,1069,0.99275,False,0.15822070255798198,0.962359693877551
Furniture > Chairs & Seating > Stools & Ottomans > Ottomans,aesthetic_tags,metal-accent,multi,0.1643584162836465,0.0,0.011225444340505144,0,12,29,1069,0.5855,False,0.011225444340505144,0.34054591836734693
Furniture > Chairs & Seating > Stools & Ottomans > Ottomans,aesthetic_tags,nailhead,multi,0.1643584162836465,0.0,0.01777362020579981,0,19,29,1069,0.69685,False,0.01777362020579981,0.4550857142857142
Furniture > Chairs & Seating > Stools & Ottomans > Ottomans,aesthetic_tags,natural/woven,multi,0.1643584162836465,0.3103448275862069,0.12909260991580918,9,138,29,1069,0.0055,False,-0.18125221767039773,0.00044897959183673463
Furniture > Chairs & Seating > Stools & Ottomans > Ottomans,aesthetic_tags,playful/colourful,multi,0.1643584162836465,0.0,0.2656688493919551,0,284,29,1069,1.0,False,0.2656688493919551,0.9795918367346939
Furniture > Chairs & Seating > Stools & Ottomans > Ottomans,aesthetic_tags,retro/vintage,multi,0.1643584162836465,0.06896551724137931,0.04864359214218896,2,52,29,1069,0.2821,False,-0.020321925099190348,0.06332857142857143
Furniture > Chairs & Seating > Stools & Ottomans > Ottomans,aesthetic_tags,sleek/minimal,multi,0.1643584162836465,0.06896551724137931,0.11131898971000935,2,119,29,1069,0.7475,False,0.04235347246863004,0.6025765306122449
Furniture > Chairs & Seating > Stools & Ottomans > Ottomans,aesthetic_tags,statement,multi,0.1643584162836465,0.0,0.0617399438727783,0,66,29,1069,0.94565,False,0.0617399438727783,0.8105571428571428
Furniture > Chairs & Seating > Stools & Ottomans > Ottomans,aesthetic_tags,textured,multi,0.1643584162836465,0.034482758620689655,0.08699719363891488,1,93,29,1069,0.84245,False,0.052514435018225225,0.704907142857143
Furniture > Chairs & Seating > Stools & Ottomans > Ottomans,aesthetic_tags,tufted,multi,0.1643584162836465,0.13793103448275862,0.1253507951356408,4,134,29,1069,0.39715,False,-0.012580239347117828,0.10131377551020408
Furniture > Chairs & Seating > Stools & Ottomans > Ottomans,use_context,breakroom/dining,multi,0.06419853789069604,0.0,0.007483629560336763,0,8,29,1069,0.5003,False,0.007483629560336763,0.2552551020408163
Furniture > Chairs & Seating > Stools & Ottomans > Ottomans,use_context,corporate office,multi,0.06419853789069604,0.1724137931034483,0.04303086997193639,5,46,29,1069,0.0041,False,-0.1293829231315119,0.00037653061224489804
Furniture > Chairs & Seating > Stools & Ottomans > Ottomans,use_context,education,multi,0.06419853789069604,0.0,0.01403180542563143,0,15,29,1069,0.63185,False,0.01403180542563143,0.38039948979591837
Furniture > Chairs & Seating > Stools & Ottomans > Ottomans,use_context,gaming,multi,0.06419853789069604,0.0,0.0018709073900841909,0,2,29,1069,0.26975,False,0.0018709073900841909,0.10597321428571428
Furniture > Chairs & Seating > Stools & Ottomans > Ottomans,use_context,home office,multi,0.06419853789069604,0.0,0.01683816651075772,0,18,29,1069,0.67535,False,0.01683816651075772,0.4169252551020408
Furniture > Chairs & Seating > Stools & Ottomans > Ottomans,use_context,hospitality/events,multi,0.06419853789069604,0.0,0.00841908325537886,0,9,29,1069,0.52045,False,0.00841908325537886,0.27881249999999996
Furniture > Chairs & Seating > Stools & Ottomans > Ottomans,use_context,kids/teen,multi,0.06419853789069604,0.0,0.029934518241347054,0,32,29,1069,0.82045,False,0.029934518241347054,0.5985936224489796
Furniture > Chairs & Seating > Stools & Ottomans > Ottomans,use_context,outdoor,multi,0.06419853789069604,0.0,0.0205799812909261,0,22,29,1069,0.7234,False,0.0205799812909261,0.4871877551020408
Furniture > Chairs & Seating > Stools & Ottomans > Ottomans,use_context,reception/lobby,multi,0.06419853789069604,0.034482758620689655,0.0037418147801683817,1,4,29,1069,0.0303,False,-0.030740943840521274,0.00556530612244898
Furniture > Chairs & Seating > Stools & Ottomans > Ottomans,use_context,residential living,multi,0.06419853789069604,0.41379310344827586,0.3161833489242282,12,338,29,1069,0.1284,False,-0.09760975452404763,0.01834285714285714
Furniture > Chairs & Seating > Stools & Ottomans > Ottomans,end_user_segment,big & tall,multi,0.1373289354881977,0.0,0.009354536950420954,0,10,29,1069,0.53755,False,0.009354536950420954,0.2962010204081632
Furniture > Chairs & Seating > Stools & Ottomans > Ottomans,end_user_segment,gamers,multi,0.1373289354881977,0.0,0.0018709073900841909,0,2,29,1069,0.27375,False,0.0018709073900841909,0.10754464285714285
Furniture > Chairs & Seating > Stools & Ottomans > Ottomans,end_user_segment,kids,multi,0.1373289354881977,0.0,0.023386342376052385,0,25,29,1069,0.7567,False,0.023386342376052385,0.5327785714285714
Furniture > Chairs & Seating > Stools & Ottomans > Ottomans,end_user_segment,remote workers,multi,0.1373289354881977,0.0,0.01683816651075772,0,18,29,1069,0.6878,False,0.01683816651075772,0.4246112244897959
Furniture > Chairs & Seating > Stools & Ottomans > Ottomans,end_user_segment,teens,multi,0.1373289354881977,0.0,0.0009354536950420954,0,1,29,1069,0.206,False,0.0009354536950420954,0.07357142857142857
Furniture > Chairs & Seating > Stools & Ottomans > Ottomans,key_benefits,comfort,multi,0.3196123746475684,0.2413793103448276,0.11599625818521983,7,124,29,1069,0.0294,False,-0.12538305215960777,0.003
Furniture > Chairs & Seating > Stools & Ottomans > Ottomans,key_benefits,commercial-grade,multi,0.3196123746475684,0.0,0.0037418147801683817,0,4,29,1069,0.3705,False,0.0037418147801683817,0.17012755102040816
Furniture > Chairs & Seating > Stools & Ottomans > Ottomans,key_benefits,easy-clean,multi,0.3196123746475684,0.0,0.029934518241347054,0,32,29,1069,0.81595,False,0.029934518241347054,0.5953104591836734
Furniture > Chairs & Seating > Stools & Ottomans > Ottomans,key_benefits,ergonomic,multi,0.3196123746475684,0.0,0.006548175865294668,0,7,29,1069,0.46755,False,0.006548175865294668,0.22900408163265307
Furniture > Chairs & Seating > Stools & Ottomans > Ottomans,key_benefits,space-saving,multi,0.3196123746475684,0.0,0.11786716557530402,0,126,29,1069,0.9924,False,0.11786716557530402,0.9113877551020408
Furniture > Chairs & Seating > Stools & Ottomans > Ottomans,key_benefits,sustainable,multi,0.3196123746475684,0.41379310344827586,0.02245088868101029,12,24,29,1069,0.0,False,-0.39134221476726555,0.0
Furniture > Desks > Office Desks > Computer,colour_family,beige/cream,single,0.09555733615479778,0.011111111111111112,0.06930693069306931,3,56,270,808,0.99995,True,0.0581958195819582,0.7358122641509434
Furniture > Desks > Office Desks > Computer,colour_family,black,single,0.09555733615479778,0.10740740740740741,0.21782178217821782,29,176,270,808,1.0,True,0.11041437477081041,0.8584905660377359
Furniture > Desks > Office Desks > Computer,colour_family,blue,single,0.09555733615479778,0.0,0.0024752475247524753,0,2,270,808,0.7414,True,0.0024752475247524753,0.29026509433962266
Furniture > Desks > Office Desks > Computer,colour_family,brown/wood,single,0.09555733615479778,0.5370370370370371,0.3997524752475248,145,323,270,808,0.0,True,-0.13728456178951232,0.0
Furniture > Desks > Office Desks > Computer,colour_family,clear,single,0.09555733615479778,0.011111111111111112,0.01608910891089109,3,13,270,808,0.70765,True,0.004977997799779978,0.32712122641509433
Furniture > Desks > Office Desks > Computer,colour_family,green,single,0.09555733615479778,0.0,0.0024752475247524753,0,2,270,808,0.74975,True,0.0024752475247524753,0.2935341981132076
Furniture > Desks > Office Desks > Computer,colour_family,grey,single,0.09555733615479778,0.23703703703703705,0.08044554455445545,64,65,270,808,0.0,True,-0.15659149248258158,0.0
Furniture > Desks > Office Desks > Computer,colour_family,metallic,single,0.09555733615479778,0.011111111111111112,0.011138613861386138,3,9,270,808,0.4805,True,2.7502750275026563e-05,0.1382570754716981
Furniture > Desks > Office Desks > Computer,colour_family,multi/pattern,single,0.09555733615479778,0.014814814814814815,0.0,4,0,270,808,0.0005,True,-0.014814814814814815,0.00012028301886792453
Furniture > Desks > Office Desks > Computer,colour_family,navy,single,0.09555733615479778,0.0,0.0012376237623762376,0,1,270,808,0.6127,True,0.0012376237623762376,0.2023066037735849
Furniture > Desks > Office Desks > Computer,colour_family,purple,single,0.09555733615479778,0.003703703703703704,0.0,1,0,270,808,0.0574,True,-0.003703703703703704,0.01570377358490566
Furniture > Desks > Office Desks > Computer,colour_family,red/pink,single,0.09555733615479778,0.003703703703703704,0.012376237623762377,1,10,270,808,0.90005,True,0.008672533920058673,0.4670070754716981
Furniture > Desks > Office Desks > Computer,colour_family,white,single,0.09555733615479778,0.06296296296296296,0.18193069306930693,17,147,270,808,1.0,True,0.11896773010634397,0.8773584905660378
Furniture > Desks > Office Desks > Computer,colour_family,yellow/orange,single,0.09555733615479778,0.0,0.0049504950495049506,0,4,270,808,0.883,True,0.0049504950495049506,0.3998490566037736
Furniture > Desks > Office Desks > Computer,colour_tone,bold,single,0.09331018608451111,0.007407407407407408,0.022277227722772276,2,18,270,808,0.95105,False,0.014869820315364869,0.547302358490566
Furniture > Desks > Office Desks > Computer,colour_tone,dark-neutral,single,0.09331018608451111,0.10740740740740741,0.21905940594059406,29,177,270,808,0.99995,False,0.11165199853318665,0.8678811320754717
Furniture > Desks > Office Desks > Computer,colour_tone,light-neutral,single,0.09331018608451111,0.08518518518518518,0.26732673267326734,23,216,270,808,1.0,False,0.18214154748808215,0.9339622641509434
Furniture > Desks > Office Desks > Computer,colour_tone,metallic,single,0.09331018608451111,0.011111111111111112,0.011138613861386138,3,9,270,808,0.4748,False,2.7502750275026563e-05,0.13661698113207546
Furniture > Desks > Office Desks > Computer,colour_tone,mid-neutral,single,0.09331018608451111,0.23703703703703705,0.08044554455445545,64,65,270,808,0.0,False,-0.15659149248258158,0.0
Furniture > Desks > Office Desks > Computer,colour_tone,pattern,single,0.09331018608451111,0.014814814814814815,0.0,4,0,270,808,0.00035,False,-0.014814814814814815,8.419811320754717e-05
Furniture > Desks > Office Desks > Computer,colour_tone,warm-neutral,single,0.09331018608451111,0.5370370370370371,0.3997524752475248,145,323,270,808,0.0,False,-0.13728456178951232,0.0
Furniture > Desks > Office Desks > Computer,material_class,engineered wood,single,0.3514924319504216,0.9037037037037037,0.24542682926829268,244,161,270,656,0.0,True,-0.658276874435411,0.0
Furniture > Desks > Office Desks > Computer,material_class,fabric,single,0.3514924319504216,0.0,0.03353658536585366,0,22,270,656,0.99985,True,0.03353658536585366,0.6602783018867924
Furniture > Desks > Office Desks > Computer,material_class,faux leather,single,0.3514924319504216,0.0,0.001524390243902439,0,1,270,656,0.65575,True,0.001524390243902439,0.22889386792452832
Furniture > Desks > Office Desks > Computer,material_class,glass,single,0.3514924319504216,0.018518518518518517,0.042682926829268296,5,28,270,656,0.97025,True,0.02416440831074978,0.585811320754717
Furniture > Desks > Office Desks > Computer,material_class,mesh,single,0.3514924319504216,0.0,0.001524390243902439,0,1,270,656,0.65115,True,0.001524390243902439,0.2272882075471698
Furniture > Desks > Office Desks > Computer,material_class,metal,single,0.3514924319504216,0.018518518518518517,0.3003048780487805,5,197,270,656,1.0,True,0.281786359530262,0.9716981132075472
Furniture > Desks > Office Desks > Computer,material_class,velvet,single,0.3514924319504216,0.0,0.001524390243902439,0,1,270,656,0.6489,True,0.001524390243902439,0.22650283018867925
Furniture > Desks > Office Desks > Computer,material_class,wicker/rattan,single,0.3514924319504216,0.0,0.004573170731707317,0,3,270,656,0.8646,True,0.004573170731707317,0.3833603773584906
Furniture > Desks > Office Desks > Computer,material_class,wood,single,0.3514924319504216,0.05925925925925926,0.36890243902439024,16,242,270,656,1.0,True,0.309643179765131,0.9905660377358491
Furniture > Desks > Office Desks > Computer,style_family,boho/coastal,single,0.20165350621331177,0.004310344827586207,0.009987515605493134,1,8,232,801,0.78335,False,0.005677170777906927,0.3768948113207547
Furniture > Desks > Office Desks > Computer,style_family,contemporary,single,0.20165350621331177,0.35344827586206895,0.15730337078651685,82,126,232,801,0.0,False,-0.1961449050755521,0.0
Furniture > Desks > Office Desks > Computer,style_family,farmhouse/rustic,single,0.20165350621331177,0.04741379310344827,0.14232209737827714,11,114,232,801,1.0,False,0.09490830427482887,0.8207547169811321
Furniture > Desks > Office Desks > Computer,style_family,gaming,single,0.20165350621331177,0.07758620689655173,0.1772784019975031,18,142,232,801,0.99995,False,0.09969219510095138,0.8395806603773586
Furniture > Desks > Office Desks > Computer,style_family,glam,single,0.20165350621331177,0.0,0.011235955056179775,0,9,232,801,0.96895,False,0.011235955056179775,0.5210391509433963
Furniture > Desks > Office Desks > Computer,style_family,industrial,single,0.20165350621331177,0.02586206896551724,0.07240948813982521,6,58,232,801,0.9975,False,0.04654741917430798,0.6869575471698113
Furniture > Desks > Office Desks > Computer,style_family,mid-century,single,0.20165350621331177,0.008620689655172414,0.062421972534332085,2,50,232,801,0.99995,False,0.05380128287915967,0.7169452830188678
Furniture > Desks > Office Desks > Computer,style_family,minimalist,single,0.20165350621331177,0.008620689655172414,0.07116104868913857,2,57,232,801,1.0,False,0.06254035903396615,0.7452830188679245
Furniture > Desks > Office Desks > Computer,style_family,modern,single,0.20165350621331177,0.14655172413793102,0.2184769038701623,34,175,232,801,0.99355,False,0.07192517973223128,0.7498490566037737
Furniture > Desks > Office Desks > Computer,style_family,scandinavian,single,0.20165350621331177,0.004310344827586207,0.03245942571785269,1,26,232,801,0.99745,False,0.02814908089026648,0.6304636792452829
Furniture > Desks > Office Desks > Computer,style_family,traditional,single,0.20165350621331177,0.21982758620689655,0.04119850187265917,51,33,232,801,0.0,False,-0.17862908433423738,0.0
Furniture > Desks > Office Desks > Computer,style_family,transitional,single,0.20165350621331177,0.10344827586206896,0.003745318352059925,24,3,232,801,0.0,False,-0.09970295751000904,0.0
Furniture > Desks > Office Desks > Computer,size_class,compact,single,0.05085652412535373,0.0038022813688212928,0.05863192182410423,1,18,263,307,1.0,False,0.05482964045528294,0.7264150943396226
Furniture > Desks > Office Desks > Computer,size_class,oversize,single,0.05085652412535373,0.6349809885931559,0.4006514657980456,167,123,263,307,0.0,False,-0.23432952279511027,0.0
Furniture > Desks > Office Desks > Computer,size_class,standard,single,0.05085652412535373,0.3612167300380228,0.5407166123778502,95,166,263,307,1.0,False,0.1794998823398274,0.9245283018867925
Furniture > Desks > Office Desks > Computer,desk_type,computer,single,0.16169242169491554,1.0,0.6652314316469322,270,618,270,929,0.0,True,-0.3347685683530678,0.0
Furniture > Desks > Office Desks > Computer,desk_type,credenza,single,0.16169242169491554,0.0,0.0032292787944025836,0,3,270,929,0.80495,True,0.0032292787944025836,0.326536320754717
Furniture > Desks > Office Desks > Computer,desk_type,executive,single,0.16169242169491554,0.0,0.024757804090419805,0,23,270,929,0.9993,True,0.024757804090419805,0.6127783018867924
Furniture > Desks > Office Desks > Computer,desk_type,gaming,single,0.16169242169491554,0.0,0.08396124865446716,0,78,270,929,1.0,True,0.08396124865446716,0.7830188679245284
Furniture > Desks > Office Desks > Computer,desk_type,ladder,single,0.16169242169491554,0.0,0.005382131324004306,0,5,270,929,0.8951,True,0.005382131324004306,0.42221698113207545
Furniture > Desks > Office Desks > Computer,desk_type,standing,single,0.16169242169491554,0.0,0.02691065662002153,0,25,270,929,0.99955,True,0.02691065662002153,0.622361320754717
Furniture > Desks > Office Desks > Computer,desk_type,vanity,single,0.16169242169491554,0.0,0.013993541442411194,0,13,270,929,0.99055,True,0.013993541442411194,0.560688679245283
Furniture > Desks > Office Desks > Computer,desk_type,workstation,single,0.16169242169491554,0.0,0.016146393972012917,0,15,270,929,0.9948,True,0.016146393972012917,0.5818641509433962
Furniture > Desks > Office Desks > Computer,desk_type,writing,single,0.16169242169491554,0.0,0.1603875134553283,0,149,270,929,1.0,True,0.1603875134553283,0.9056603773584906
Furniture > Desks > Office Desks > Computer,shape,bow,single,0.10265799373254614,0.026515151515151516,0.0,7,0,264,399,0.00025,False,-0.026515151515151516,5.1886792452830194e-05
Furniture > Desks > Office Desks > Computer,shape,corner,single,0.10265799373254614,0.030303030303030304,0.10275689223057644,8,41,264,399,0.9998,False,0.07245386192754613,0.7639981132075473
Furniture > Desks > Office Desks > Computer,shape,l_shaped,single,0.10265799373254614,0.32575757575757575,0.6140350877192983,86,245,264,399,1.0,False,0.2882775119617225,0.9811320754716981
Furniture > Desks > Office Desks > Computer,shape,rectangular,single,0.10265799373254614,0.571969696969697,0.2631578947368421,151,105,264,399,0.0,False,-0.3088118022328549,0.0
Furniture > Desks > Office Desks > Computer,shape,u_shaped,single,0.10265799373254614,0.045454545454545456,0.020050125313283207,12,8,264,399,0.03245,False,-0.02540442014126225,0.007041037735849057
Furniture > Desks > Office Desks > Computer,sit_stand,electric,single,0.019875749286049967,0.3333333333333333,0.5416666666666666,1,13,3,24,0.745,False,0.20833333333333331,0.7028301886792453
Furniture > Desks > Office Desks > Computer,sit_stand,manual,single,0.019875749286049967,0.6666666666666666,0.4583333333333333,2,11,3,24,0.25265,False,-0.20833333333333331,0.01668443396226415
Furniture > Desks > Office Desks > Computer,drawers,no,single,0.022471186739817975,0.35185185185185186,0.5271565495207667,95,495,270,939,1.0,False,0.17530469766891488,0.9150943396226415
Furniture > Desks > Office Desks > Computer,drawers,yes,single,0.022471186739817975,0.6481481481481481,0.4728434504792332,175,444,270,939,0.0,False,-0.17530469766891493,0.0
Furniture > Desks > Office Desks > Computer,storage,no,single,2.97347421555935e-05,0.35185185185185186,0.34611288604898827,95,325,270,939,0.4286,False,-0.005738965802863594,0.11321509433962264
Furniture > Desks > Office Desks > Computer,storage,yes,single,2.97347421555935e-05,0.6481481481481481,0.6538871139510117,175,614,270,939,0.5724,False,0.005738965802863594,0.2808
Furniture > Desks > Office Desks > Computer,keyboard_tray,no,single,0.006269856832185165,0.8851851851851852,0.9371671991480298,239,880,270,939,0.9968,False,0.05198201396284463,0.7052830188679245
Furniture > Desks > Office Desks > Computer,keyboard_tray,yes,single,0.006269856832185165,0.11481481481481481,0.06283280085197018,31,59,270,939,0.00345,False,-0.05198201396284463,0.0006509433962264151
Furniture > Desks > Office Desks > Computer,cable_mgmt,no,single,0.2995091341966245,0.4,0.9616613418530351,108,903,270,939,1.0,False,0.5616613418530351,1.0
Furniture > Desks > Office Desks > Computer,cable_mgmt,yes,single,0.2995091341966245,0.6,0.038338658146964855,162,36,270,939,0.0,False,-0.5616613418530352,0.0
Furniture > Desks > Office Desks > Computer,width_band,40-48 in,single,0.06356140170009117,0.12927756653992395,0.17263843648208468,34,53,263,307,0.9276,False,0.043360869942160735,0.6213169811320755
Furniture > Desks > Office Desks > Computer,width_band,48-60 in,single,0.06356140170009117,0.20532319391634982,0.250814332247557,54,77,263,307,0.9016,False,0.04549113833120719,0.6124075471698113
Furniture > Desks > Office Desks > Computer,width_band,60-72 in,single,0.06356140170009117,0.4372623574144487,0.254071661237785,115,78,263,307,0.0,False,-0.18319069617666367,0.0
Furniture > Desks > Office Desks > Computer,width_band,72+ in,single,0.06356140170009117,0.19771863117870722,0.1465798045602606,52,45,263,307,0.0506,False,-0.051138826618446626,0.010024528301886793
Furniture > Desks > Office Desks > Computer,width_band,<40 in,single,0.06356140170009117,0.030418250950570342,0.1758957654723127,8,54,263,307,1.0,False,0.14547751452174235,0.8867924528301887
Furniture > Desks > Office Desks > Computer,aesthetic_tags,cozy/plush,multi,0.11618735501058952,0.003703703703703704,0.03194888178913738,1,30,270,939,0.9987,False,0.028245178085433677,0.6406754716981132
Furniture > Desks > Office Desks > Computer,aesthetic_tags,curved/organic,multi,0.11618735501058952,0.16296296296296298,0.10010649627263046,44,94,270,939,0.00245,False,-0.06285646669033251,0.00041603773584905656
Furniture > Desks > Office Desks > Computer,aesthetic_tags,luxe,multi,0.11618735501058952,0.044444444444444446,0.12247071352502663,12,115,270,939,0.99985,False,0.07802626908058219,0.7734688679245284
Furniture > Desks > Office Desks > Computer,aesthetic_tags,metal-accent,multi,0.11618735501058952,0.0,0.006389776357827476,0,6,270,939,0.92555,False,0.006389776357827476,0.462775
Furniture > Desks > Office Desks > Computer,aesthetic_tags,natural/woven,multi,0.11618735501058952,0.014814814814814815,0.16080937167199147,4,151,270,939,1.0,False,0.14599455685717666,0.8962264150943396
Furniture > Desks > Office Desks > Computer,aesthetic_tags,playful/colourful,multi,0.11618735501058952,0.0,0.011714589989350373,0,11,270,939,0.9828,False,0.011714589989350373,0.5377584905660378
Furniture > Desks > Office Desks > Computer,aesthetic_tags,retro/vintage,multi,0.11618735501058952,0.02962962962962963,0.0777422790202343,8,73,270,939,0.99915,False,0.04811264939060467,0.6975198113207547
Furniture > Desks > Office Desks > Computer,aesthetic_tags,sleek/minimal,multi,0.11618735501058952,0.16666666666666666,0.2736954206602769,45,257,270,939,0.9999,False,0.10702875399361025,0.8489716981132076
Furniture > Desks > Office Desks > Computer,aesthetic_tags,statement,multi,0.11618735501058952,0.003703703703703704,0.03514376996805112,1,33,270,939,0.9991,False,0.031440066264347415,0.6503575471698113
Furniture > Desks > Office Desks > Computer,aesthetic_tags,textured,multi,0.11618735501058952,0.040740740740740744,0.022364217252396165,11,21,270,939,0.0514,False,-0.01837652348834458,0.011637735849056604
Furniture > Desks > Office Desks > Computer,aesthetic_tags,tufted,multi,0.11618735501058952,0.0,0.0010649627263045794,0,1,270,939,0.5787,False,0.0010649627263045794,0.18016132075471697
Furniture > Desks > Office Desks > Computer,use_context,breakroom/dining,multi,0.09116526419066198,0.007407407407407408,0.01703940362087327,2,16,270,939,0.87765,False,0.009631996213465863,0.46366415094339625
Furniture > Desks > Office Desks > Computer,use_context,corporate office,multi,0.09116526419066198,0.6962962962962963,0.3152289669861555,188,296,270,939,0.0,False,-0.3810673293101408,0.0
Furniture > Desks > Office Desks > Computer,use_context,education,multi,0.09116526419066198,0.037037037037037035,0.055378061767838126,10,52,270,939,0.89085,False,0.01834102473080109,0.5294674528301887
Furniture > Desks > Office Desks > Computer,use_context,gaming,multi,0.09116526419066198,0.07407407407407407,0.16187433439829607,20,152,270,939,0.9999,False,0.087800260324222,0.8018066037735849
Furniture > Desks > Office Desks > Computer,use_context,home office,multi,0.09116526419066198,0.2740740740740741,0.49627263045793396,74,466,270,939,1.0,False,0.22219855638385988,0.9622641509433962
Furniture > Desks > Office Desks > Computer,use_context,hospitality/events,multi,0.09116526419066198,0.007407407407407408,0.013844515441959531,2,13,270,939,0.7937,False,0.006437108034552124,0.4043377358490566
Furniture > Desks > Office Desks > Computer,use_context,kids/teen,multi,0.09116526419066198,0.007407407407407408,0.010649627263045794,2,10,270,939,0.662,False,0.003242219855638386,0.2747924528301887
Furniture > Desks > Office Desks > Computer,use_context,outdoor,multi,0.09116526419066198,0.0,0.0010649627263045794,0,1,270,939,0.57555,False,0.0010649627263045794,0.1791806603773585
Furniture > Desks > Office Desks > Computer,use_context,reception/lobby,multi,0.09116526419066198,0.007407407407407408,0.0,2,0,270,939,0.00875,False,-0.007407407407407408,0.0022287735849056607
Furniture > Desks > Office Desks > Computer,use_context,residential living,multi,0.09116526419066198,0.05555555555555555,0.15335463258785942,15,144,270,939,1.0,False,0.09779907703230387,0.8301886792452831
Furniture > Desks > Office Desks > Computer,end_user_segment,big & tall,multi,0.002636883534104258,0.0,0.002129925452609159,0,2,270,939,0.7128,False,0.002129925452609159,0.2622566037735849
Furniture > Desks > Office Desks > Computer,end_user_segment,gamers,multi,0.002636883534104258,0.07407407407407407,0.16080937167199147,20,151,270,939,1.0,False,0.0867352975979174,0.7924528301886793
Furniture > Desks > Office Desks > Computer,end_user_segment,kids,multi,0.002636883534104258,0.007407407407407408,0.009584664536741214,2,9,270,939,0.60215,False,0.002177257129333806,0.22722641509433963
Furniture > Desks > Office Desks > Computer,end_user_segment,remote workers,multi,0.002636883534104258,0.27037037037037037,0.483493077742279,73,454,270,939,1.0,False,0.21312270737190864,0.9528301886792453
Furniture > Desks > Office Desks > Computer,end_user_segment,students,multi,0.002636883534104258,0.007407407407407408,0.021299254526091587,2,20,270,939,0.9425,False,0.01389184711868418,0.5245990566037736
Furniture > Desks > Office Desks > Computer,end_user_segment,teens,multi,0.002636883534104258,0.0,0.0010649627263045794,0,1,270,939,0.58115,False,0.0010649627263045794,0.1809240566037736
Furniture > Desks > Office Desks > Computer,key_benefits,comfort,multi,0.23983536735362454,0.0,0.004259850905218318,0,4,270,939,0.8592,False,0.004259850905218318,0.37286037735849054
Furniture > Desks > Office Desks > Computer,key_benefits,commercial-grade,multi,0.23983536735362454,0.42592592592592593,0.029818956336528223,115,28,270,939,0.0,False,-0.39610696958939773,0.0
Furniture > Desks > Office Desks > Computer,key_benefits,easy-clean,multi,0.23983536735362454,0.13703703703703704,0.0670926517571885,37,63,270,939,0.0003,False,-0.06994438527984854,4.8113207547169804e-05
Furniture > Desks > Office Desks > Computer,key_benefits,ergonomic,multi,0.23983536735362454,0.05925925925925926,0.06283280085197018,16,59,270,939,0.5761,False,0.0035735415927109215,0.24457075471698111
Furniture > Desks > Office Desks > Computer,key_benefits,space-saving,multi,0.23983536735362454,0.08148148148148149,0.1757188498402556,22,165,270,939,0.99995,False,0.09423736835877411,0.8112801886792453
Furniture > Desks > Office Desks > Computer,key_benefits,sustainable,multi,0.23983536735362454,0.0962962962962963,0.0362087326943557,26,34,270,939,0.0001,False,-0.0600875636019406,1.7924528301886792e-05
Furniture > Desks > Office Desks > Executive,colour_family,beige/cream,single,0.06928761408549164,0.0,0.06349206349206349,0,16,110,252,0.9994,True,0.06349206349206349,0.7884155555555555
Furniture > Desks > Office Desks > Executive,colour_family,black,single,0.06928761408549164,0.03636363636363636,0.0992063492063492,4,25,110,252,0.9823,True,0.06284271284271284,0.7585538888888889
Furniture > Desks > Office Desks > Executive,colour_family,blue,single,0.06928761408549164,0.0,0.007936507936507936,0,2,110,252,0.80515,True,0.007936507936507936,0.35784444444444446
Furniture > Desks > Office Desks > Executive,colour_family,brown/wood,single,0.06928761408549164,0.6272727272727273,0.5912698412698413,69,149,110,252,0.254,True,-0.036002886002886036,0.057855555555555556
Furniture > Desks > Office Desks > Executive,colour_family,clear,single,0.06928761408549164,0.0,0.015873015873015872,0,4,110,252,0.9217,True,0.015873015873015872,0.4966938888888888
Furniture > Desks > Office Desks > Executive,colour_family,green,single,0.06928761408549164,0.0,0.003968253968253968,0,1,110,252,0.665,True,0.003968253968253968,0.2475277777777778
Furniture > Desks > Office Desks > Executive,colour_family,grey,single,0.06928761408549164,0.2727272727272727,0.11904761904761904,30,30,110,252,0.00015,True,-0.15367965367965367,1.9166666666666664e-05
Furniture > Desks > Office Desks > Executive,colour_family,metallic,single,0.06928761408549164,0.0,0.007936507936507936,0,2,110,252,0.79745,True,0.007936507936507936,0.3544222222222222
Furniture > Desks > Office Desks > Executive,colour_family,multi/pattern,single,0.06928761408549164,0.01818181818181818,0.0,2,0,110,252,0.0187,True,-0.01818181818181818,0.005090555555555556
Furniture > Desks > Office Desks > Executive,colour_family,red/pink,single,0.06928761408549164,0.0,0.015873015873015872,0,4,110,252,0.92305,True,0.015873015873015872,0.49742138888888887
Furniture > Desks > Office Desks > Executive,colour_family,white,single,0.06928761408549164,0.045454545454545456,0.07142857142857142,5,18,110,252,0.8195,True,0.02597402597402597,0.48259444444444444
Furniture > Desks > Office Desks > Executive,colour_family,yellow/orange,single,0.06928761408549164,0.0,0.003968253968253968,0,1,110,252,0.66365,True,0.003968253968253968,0.24702527777777777
Furniture > Desks > Office Desks > Executive,colour_tone,bold,single,0.06791961219904191,0.0,0.031746031746031744,0,8,110,252,0.9864,False,0.031746031746031744,0.6137600000000001
Furniture > Desks > Office Desks > Executive,colour_tone,dark-neutral,single,0.06791961219904191,0.03636363636363636,0.0992063492063492,4,25,110,252,0.9828,False,0.06284271284271284,0.7589400000000001
Furniture > Desks > Office Desks > Executive,colour_tone,light-neutral,single,0.06791961219904191,0.045454545454545456,0.15079365079365079,5,38,110,252,0.9994,False,0.10533910533910533,0.8217288888888888
Furniture > Desks > Office Desks > Executive,colour_tone,metallic,single,0.06791961219904191,0.0,0.007936507936507936,0,2,110,252,0.80035,False,0.007936507936507936,0.3557111111111111
Furniture > Desks > Office Desks > Executive,colour_tone,mid-neutral,single,0.06791961219904191,0.2727272727272727,0.11904761904761904,30,30,110,252,0.00025,False,-0.15367965367965367,3.194444444444444e-05
Furniture > Desks > Office Desks > Executive,colour_tone,pattern,single,0.06791961219904191,0.01818181818181818,0.0,2,0,110,252,0.01925,False,-0.01818181818181818,0.005240277777777777
Furniture > Desks > Office Desks > Executive,colour_tone,warm-neutral,single,0.06791961219904191,0.6272727272727273,0.5912698412698413,69,149,110,252,0.2579,False,-0.036002886002886036,0.058743888888888894
Furniture > Desks > Office Desks > Executive,material_class,engineered wood,single,0.31973225074466277,0.9181818181818182,0.28342245989304815,101,53,110,187,0.0,True,-0.6347593582887701,0.0
Furniture > Desks > Office Desks > Executive,material_class,glass,single,0.31973225074466277,0.0,0.0106951871657754,0,2,110,187,0.85415,True,0.0106951871657754,0.3986033333333333
Furniture > Desks > Office Desks > Executive,material_class,leather,single,0.31973225074466277,0.0,0.0053475935828877,0,1,110,187,0.7235,True,0.0053475935828877,0.2813611111111111
Furniture > Desks > Office Desks > Executive,material_class,metal,single,0.31973225074466277,0.02727272727272727,0.16042780748663102,3,30,110,187,0.9999,True,0.13315508021390374,0.87769
Furniture > Desks > Office Desks > Executive,material_class,wood,single,0.31973225074466277,0.05454545454545454,0.5401069518716578,6,101,110,187,1.0,True,0.48556149732620324,0.9888888888888889
Furniture > Desks > Office Desks > Executive,style_family,boho/coastal,single,0.11098375301235314,0.01020408163265306,0.0038314176245210726,1,1,98,261,0.2189,False,-0.006372664008131988,0.07053444444444446
Furniture > Desks > Office Desks > Executive,style_family,contemporary,single,0.11098375301235314,0.4489795918367347,0.2681992337164751,44,70,98,261,0.0008,False,-0.1807803581202596,8e-05
Furniture > Desks > Office Desks > Executive,style_family,farmhouse/rustic,single,0.11098375301235314,0.07142857142857142,0.2222222222222222,7,58,98,261,0.99995,False,0.15079365079365079,0.9221761111111112
Furniture > Desks > Office Desks > Executive,style_family,gaming,single,0.11098375301235314,0.0,0.02681992337164751,0,7,98,261,0.96905,False,0.02681992337164751,0.58143
Furniture > Desks > Office Desks > Executive,style_family,glam,single,0.11098375301235314,0.0,0.007662835249042145,0,2,98,261,0.77385,False,0.007662835249042145,0.3267366666666667
Furniture > Desks > Office Desks > Executive,style_family,industrial,single,0.11098375301235314,0.0,0.06130268199233716,0,16,98,261,0.99875,False,0.06130268199233716,0.7546111111111111
Furniture > Desks > Office Desks > Executive,style_family,mid-century,single,0.11098375301235314,0.0,0.0421455938697318,0,11,98,261,0.9931,False,0.0421455938697318,0.7062044444444444
Furniture > Desks > Office Desks > Executive,style_family,minimalist,single,0.11098375301235314,0.0,0.03065134099616858,0,8,98,261,0.97935,False,0.03065134099616858,0.5984916666666668
Furniture > Desks > Office Desks > Executive,style_family,modern,single,0.11098375301235314,0.37755102040816324,0.2681992337164751,37,70,98,261,0.0237,False,-0.10935178669168816,0.0039499999999999995
Furniture > Desks > Office Desks > Executive,style_family,scandinavian,single,0.11098375301235314,0.0,0.019157088122605363,0,5,98,261,0.93955,False,0.019157088122605363,0.5324116666666666
Furniture > Desks > Office Desks > Executive,style_family,traditional,single,0.11098375301235314,0.07142857142857142,0.04980842911877394,7,13,98,261,0.2074,False,-0.02162014230979748,0.05069777777777778
Furniture > Desks > Office Desks > Executive,style_family,transitional,single,0.11098375301235314,0.02040816326530612,0.0,2,0,98,261,0.01445,False,-0.02040816326530612,0.0036927777777777775
Furniture > Desks > Office Desks > Executive,size_class,compact,single,0.059153518101709754,0.009259259259259259,0.02666666666666667,1,2,108,75,0.815,False,0.01740740740740741,0.4527777777777778
Furniture > Desks > Office Desks > Executive,size_class,oversize,single,0.059153518101709754,0.9259259259259259,0.7066666666666667,100,53,108,75,5e-05,False,-0.21925925925925926,3.3333333333333333e-06
Furniture > Desks > Office Desks > Executive,size_class,standard,single,0.059153518101709754,0.06481481481481481,0.26666666666666666,7,20,108,75,0.99985,False,0.20185185185185184,0.9443027777777778
Furniture > Desks > Office Desks > Executive,desk_type,computer,single,0.0640369832271867,0.0,0.12949640287769784,0,36,110,278,1.0,True,0.12949640287769784,0.8666666666666667
Furniture > Desks > Office Desks > Executive,desk_type,credenza,single,0.0640369832271867,0.0,0.007194244604316547,0,2,110,278,0.78085,True,0.007194244604316547,0.31667805555555556
Furniture > Desks > Office Desks > Executive,desk_type,executive,single,0.0640369832271867,1.0,0.8309352517985612,110,231,110,278,0.0,True,-0.1690647482014388,0.0
Furniture > Desks > Office Desks > Executive,desk_type,gaming,single,0.0640369832271867,0.0,0.0035971223021582736,0,1,110,278,0.6459,True,0.0035971223021582736,0.22965333333333335
Furniture > Desks > Office Desks > Executive,desk_type,standing,single,0.0640369832271867,0.0,0.007194244604316547,0,2,110,278,0.78575,True,0.007194244604316547,0.31866527777777776
Furniture > Desks > Office Desks > Executive,desk_type,writing,single,0.0640369832271867,0.0,0.02158273381294964,0,6,110,278,0.96235,True,0.02158273381294964,0.5560244444444444
Furniture > Desks > Office Desks > Executive,shape,bow,single,0.21006888116629857,0.06422018348623854,0.0,7,0,109,116,0.0013,False,-0.06422018348623854,0.0002311111111111111
Furniture > Desks > Office Desks > Executive,shape,corner,single,0.21006888116629857,0.009174311926605505,0.04310344827586207,1,5,109,116,0.94405,False,0.03392913634925657,0.6083877777777777
Furniture > Desks > Office Desks > Executive,shape,l_shaped,single,0.21006888116629857,0.26605504587155965,0.7586206896551724,29,88,109,116,1.0,False,0.4925656437836127,1.0
Furniture > Desks > Office Desks > Executive,shape,rectangular,single,0.21006888116629857,0.3944954128440367,0.13793103448275862,43,16,109,116,0.0,False,-0.2565643783612781,0.0
Furniture > Desks > Office Desks > Executive,shape,u_shaped,single,0.21006888116629857,0.26605504587155965,0.0603448275862069,29,7,109,116,0.0,False,-0.20571021828535274,0.0
Furniture > Desks > Office Desks > Executive,drawers,no,single,0.010234142637516028,0.4818181818181818,0.36395759717314485,53,103,110,283,0.01725,False,-0.11786058464503696,0.0024916666666666668
Furniture > Desks > Office Desks > Executive,drawers,yes,single,0.010234142637516028,0.5181818181818182,0.6360424028268551,57,180,110,283,0.984,False,0.1178605846450369,0.8309333333333333
Furniture > Desks > Office Desks > Executive,storage,no,single,0.011318199623786912,0.38181818181818183,0.26501766784452296,42,75,110,283,0.0118,False,-0.11680051397365887,0.0018355555555555556
Furniture > Desks > Office Desks > Executive,storage,yes,single,0.011318199623786912,0.6181818181818182,0.734982332155477,68,208,110,283,0.98775,False,0.11680051397365887,0.823125
Furniture > Desks > Office Desks > Executive,keyboard_tray,no,single,0.0003093608966566533,0.9454545454545454,0.9328621908127208,104,264,110,283,0.32755,False,-0.012592354641824621,0.098265
Furniture > Desks > Office Desks > Executive,keyboard_tray,yes,single,0.0003093608966566533,0.05454545454545454,0.06713780918727916,6,19,110,283,0.6707,False,0.012592354641824614,0.32789777777777773
Furniture > Desks > Office Desks > Executive,cable_mgmt,no,single,0.12603931468966684,0.5181818181818182,0.8904593639575972,57,252,110,283,1.0,False,0.372277545775779,0.9777777777777777
Furniture > Desks > Office Desks > Executive,cable_mgmt,yes,single,0.12603931468966684,0.4818181818181818,0.10954063604240283,53,31,110,283,0.0,False,-0.372277545775779,0.0
Furniture > Desks > Office Desks > Executive,width_band,40-48 in,single,0.13280670975391717,0.009259259259259259,0.06666666666666667,1,5,108,75,0.98525,False,0.05740740740740741,0.7334638888888889
Furniture > Desks > Office Desks > Executive,width_band,48-60 in,single,0.13280670975391717,0.046296296296296294,0.17333333333333334,5,13,108,75,0.99765,False,0.12703703703703706,0.853545
Furniture > Desks > Office Desks > Executive,width_band,60-72 in,single,0.13280670975391717,0.8055555555555556,0.38666666666666666,87,29,108,75,0.0,False,-0.4188888888888889,0.0
Furniture > Desks > Office Desks > Executive,width_band,72+ in,single,0.13280670975391717,0.12037037037037036,0.32,13,24,108,75,0.9995,False,0.19962962962962966,0.9328666666666667
Furniture > Desks > Office Desks > Executive,width_band,<40 in,single,0.13280670975391717,0.018518518518518517,0.05333333333333334,2,4,108,75,0.89845,False,0.03481481481481482,0.5889838888888889
Furniture > Desks > Office Desks > Executive,aesthetic_tags,cozy/plush,multi,0.20812986743676093,0.00909090909090909,0.02120141342756184,1,6,110,283,0.7823,False,0.012110504336652748,0.3737655555555556
Furniture > Desks > Office Desks > Executive,aesthetic_tags,curved/organic,multi,0.20812986743676093,0.2818181818181818,0.0812720848056537,31,23,110,283,0.0,False,-0.2005460970125281,0.0
Furniture > Desks > Office Desks > Executive,aesthetic_tags,luxe,multi,0.20812986743676093,0.07272727272727272,0.21908127208480566,8,62,110,283,0.9998,False,0.14635399935753293,0.8998200000000001
Furniture > Desks > Office Desks > Executive,aesthetic_tags,metal-accent,multi,0.20812986743676093,0.0,0.014134275618374558,0,4,110,283,0.9068,False,0.014134275618374558,0.46347555555555553
Furniture > Desks > Office Desks > Executive,aesthetic_tags,natural/woven,multi,0.20812986743676093,0.0,0.14840989399293286,0,42,110,283,1.0,False,0.14840989399293286,0.9111111111111111
Furniture > Desks > Office Desks > Executive,aesthetic_tags,playful/colourful,multi,0.20812986743676093,0.0,0.0035335689045936395,0,1,110,283,0.64365,False,0.0035335689045936395,0.21812583333333335
Furniture > Desks > Office Desks > Executive,aesthetic_tags,retro/vintage,multi,0.20812986743676093,0.03636363636363636,0.08480565371024736,4,24,110,283,0.9592,False,0.048442017346610994,0.7034133333333333
Furniture > Desks > Office Desks > Executive,aesthetic_tags,sleek/minimal,multi,0.20812986743676093,0.10909090909090909,0.24734982332155478,12,70,110,283,0.9994,False,0.13825891423064568,0.8883555555555555
Furniture > Desks > Office Desks > Executive,aesthetic_tags,statement,multi,0.20812986743676093,0.00909090909090909,0.04946996466431095,1,14,110,283,0.9799,False,0.040379055573401865,0.6859299999999999
Furniture > Desks > Office Desks > Executive,aesthetic_tags,textured,multi,0.20812986743676093,0.00909090909090909,0.08833922261484099,1,25,110,283,0.9996,False,0.0792483135239319,0.7996800000000001
Furniture > Desks > Office Desks > Executive,use_context,breakroom/dining,multi,0.11376444901038446,0.0,0.0353356890459364,0,10,110,283,0.9915,False,0.0353356890459364,0.6720166666666667
Furniture > Desks > Office Desks > Executive,use_context,corporate office,multi,0.11376444901038446,0.9090909090909091,0.5123674911660777,100,145,110,283,0.0,False,-0.39672341792483135,0.0
Furniture > Desks > Office Desks > Executive,use_context,education,multi,0.11376444901038446,0.02727272727272727,0.0176678445229682,3,5,110,283,0.25725,False,-0.009604882749759073,0.08003333333333333
Furniture > Desks > Office Desks > Executive,use_context,gaming,multi,0.11376444901038446,0.0,0.0353356890459364,0,10,110,283,0.991,False,0.0353356890459364,0.6716777777777778
Furniture > Desks > Office Desks > Executive,use_context,home office,multi,0.11376444901038446,0.2636363636363636,0.5477031802120141,29,155,110,283,1.0,False,0.2840668165756505,0.9666666666666667
Furniture > Desks > Office Desks > Executive,use_context,hospitality/events,multi,0.11376444901038446,0.05454545454545454,0.0,6,0,110,283,0.0001,False,-0.05454545454545454,1.888888888888889e-05
Furniture > Desks > Office Desks > Executive,use_context,kids/teen,multi,0.11376444901038446,0.0,0.014134275618374558,0,4,110,283,0.91055,False,0.014134275618374558,0.46539222222222215
Furniture > Desks > Office Desks > Executive,use_context,reception/lobby,multi,0.11376444901038446,0.01818181818181818,0.0035335689045936395,2,1,110,283,0.0734,False,-0.01464824927722454,0.021204444444444446
Furniture > Desks > Office Desks > Executive,use_context,residential living,multi,0.11376444901038446,0.01818181818181818,0.0989399293286219,2,28,110,283,0.999,False,0.08075811114680373,0.8103
Furniture > Desks > Office Desks > Executive,end_user_segment,big & tall,multi,0.012591166700446254,0.0,0.0035335689045936395,0,1,110,283,0.641,False,0.0035335689045936395,0.2172277777777778
Furniture > Desks > Office Desks > Executive,end_user_segment,gamers,multi,0.012591166700446254,0.0,0.0353356890459364,0,10,110,283,0.9922,False,0.0353356890459364,0.6724911111111112
Furniture > Desks > Office Desks > Executive,end_user_segment,kids,multi,0.012591166700446254,0.0,0.014134275618374558,0,4,110,283,0.9084,False,0.014134275618374558,0.4642933333333333
Furniture > Desks > Office Desks > Executive,end_user_segment,remote workers,multi,0.012591166700446254,0.2636363636363636,0.5371024734982333,29,152,110,283,1.0,False,0.27346610986186964,0.9555555555555556
Furniture > Desks > Office Desks > Executive,key_benefits,commercial-grade,multi,0.2530645260544824,0.509090909090909,0.053003533568904596,56,15,110,283,0.0,False,-0.45608737552200446,0.0
Furniture > Desks > Office Desks > Executive,key_benefits,easy-clean,multi,0.2530645260544824,0.1,0.06007067137809187,11,17,110,283,0.08855,False,-0.039929328621908136,0.01869388888888889
Furniture > Desks > Office Desks > Executive,key_benefits,ergonomic,multi,0.2530645260544824,0.0,0.045936395759717315,0,13,110,283,0.99725,False,0.045936395759717315,0.7202361111111111
Furniture > Desks > Office Desks > Executive,key_benefits,space-saving,multi,0.2530645260544824,0.02727272727272727,0.06007067137809187,3,17,110,283,0.91615,False,0.0327979441053646,0.5802283333333333
Furniture > Desks > Office Desks > Executive,key_benefits,sustainable,multi,0.2530645260544824,0.05454545454545454,0.01060070671378092,6,3,110,283,0.0063,False,-0.043944747831673625,0.00126
Furniture > Desks > Office Desks > Other,colour_family,beige/cream,single,0.12063352733904448,0.0,0.0728476821192053,0,22,66,302,0.99755,True,0.0728476821192053,0.7430729591836736
Furniture > Desks > Office Desks > Other,colour_family,black,single,0.12063352733904448,0.030303030303030304,0.10596026490066225,2,32,66,302,0.98165,True,0.07565723459763195,0.7512627551020408
Furniture > Desks > Office Desks > Other,colour_family,blue,single,0.12063352733904448,0.0,0.016556291390728478,0,5,66,302,0.85255,True,0.016556291390728478,0.4697724489795918
Furniture > Desks > Office Desks > Other,colour_family,brown/wood,single,0.12063352733904448,0.7878787878787878,0.4503311258278146,52,136,66,302,0.0,True,-0.33754766205097325,0.0
Furniture > Desks > Office Desks > Other,colour_family,clear,single,0.12063352733904448,0.0,0.013245033112582781,0,4,66,302,0.80865,True,0.013245033112582781,0.4125765306122449
Furniture > Desks > Office Desks > Other,colour_family,green,single,0.12063352733904448,0.0,0.0033112582781456954,0,1,66,302,0.51805,True,0.0033112582781456954,0.20351964285714286
Furniture > Desks > Office Desks > Other,colour_family,grey,single,0.12063352733904448,0.12121212121212122,0.06622516556291391,8,20,66,302,0.0662,True,-0.0549869556492073,0.013847959183673469
Furniture > Desks > Office Desks > Other,colour_family,metallic,single,0.12063352733904448,0.0,0.04966887417218543,0,15,66,302,0.9867,True,0.04966887417218543,0.6997515306122448
Furniture > Desks > Office Desks > Other,colour_family,multi/pattern,single,0.12063352733904448,0.015151515151515152,0.006622516556291391,1,2,66,302,0.22235,True,-0.008528998595223762,0.06466301020408163
Furniture > Desks > Office Desks > Other,colour_family,navy,single,0.12063352733904448,0.0,0.0033112582781456954,0,1,66,302,0.514,True,0.0033112582781456954,0.20192857142857143
Furniture > Desks > Office Desks > Other,colour_family,red/pink,single,0.12063352733904448,0.0,0.019867549668874173,0,6,66,302,0.8872,True,0.019867549668874173,0.5431836734693878
Furniture > Desks > Office Desks > Other,colour_family,white,single,0.12063352733904448,0.045454545454545456,0.19205298013245034,3,58,66,302,0.99945,True,0.1465984346779049,0.8464729591836735
Furniture > Desks > Office Desks > Other,colour_tone,bold,single,0.13597397264949568,0.0,0.039735099337748346,0,12,66,302,0.973,False,0.039735099337748346,0.6751428571428572
Furniture > Desks > Office Desks > Other,colour_tone,dark-neutral,single,0.13597397264949568,0.030303030303030304,0.10927152317880795,2,33,66,302,0.98435,False,0.07896849287577765,0.7633734693877551
Furniture > Desks > Office Desks > Other,colour_tone,light-neutral,single,0.13597397264949568,0.045454545454545456,0.2781456953642384,3,84,66,302,1.0,False,0.23269114990969292,0.9285714285714286
Furniture > Desks > Office Desks > Other,colour_tone,metallic,single,0.13597397264949568,0.0,0.04966887417218543,0,15,66,302,0.98665,False,0.04966887417218543,0.6997160714285714
Furniture > Desks > Office Desks > Other,colour_tone,mid-neutral,single,0.13597397264949568,0.12121212121212122,0.06622516556291391,8,20,66,302,0.07045,False,-0.0549869556492073,0.014736989795918368
Furniture > Desks > Office Desks > Other,colour_tone,pattern,single,0.13597397264949568,0.015151515151515152,0.006622516556291391,1,2,66,302,0.21805,False,-0.008528998595223762,0.0634125
Furniture > Desks > Office Desks > Other,colour_tone,warm-neutral,single,0.13597397264949568,0.7878787878787878,0.4503311258278146,52,136,66,302,0.0,False,-0.33754766205097325,0.0
Furniture > Desks > Office Desks > Other,material_class,engineered wood,single,0.34355252885148524,0.8636363636363636,0.17454545454545456,57,48,66,275,0.0,True,-0.6890909090909091,0.0
Furniture > Desks > Office Desks > Other,material_class,fabric,single,0.34355252885148524,0.0,0.0036363636363636364,0,1,66,275,0.5449,True,0.0036363636363636364,0.22796836734693882
Furniture > Desks > Office Desks > Other,material_class,glass,single,0.34355252885148524,0.0,0.02181818181818182,0,6,66,275,0.8961,True,0.02181818181818182,0.5669204081632654
Furniture > Desks > Office Desks > Other,material_class,leather,single,0.34355252885148524,0.0,0.0036363636363636364,0,1,66,275,0.5429,True,0.0036363636363636364,0.22713163265306124
Furniture > Desks > Office Desks > Other,material_class,metal,single,0.34355252885148524,0.030303030303030304,0.28363636363636363,2,78,66,275,1.0,True,0.2533333333333333,0.9387755102040817
Furniture > Desks > Office Desks > Other,material_class,plastic,single,0.34355252885148524,0.0,0.014545454545454545,0,4,66,275,0.82205,True,0.014545454545454545,0.4278015306122449
Furniture > Desks > Office Desks > Other,material_class,wicker/rattan,single,0.34355252885148524,0.0,0.0036363636363636364,0,1,66,275,0.5425,True,0.0036363636363636364,0.22696428571428573
Furniture > Desks > Office Desks > Other,material_class,wood,single,0.34355252885148524,0.10606060606060606,0.49454545454545457,7,136,66,275,1.0,True,0.3884848484848485,0.9591836734693877
Furniture > Desks > Office Desks > Other,style_family,boho/coastal,single,0.14954963863042153,0.034482758620689655,0.01079136690647482,2,3,58,278,0.09825,False,-0.023691391714214832,0.025063775510204084
Furniture > Desks > Office Desks > Other,style_family,contemporary,single,0.14954963863042153,0.46551724137931033,0.16906474820143885,27,47,58,278,0.0,False,-0.2964524931778715,0.0
Furniture > Desks > Office Desks > Other,style_family,farmhouse/rustic,single,0.14954963863042153,0.017241379310344827,0.14028776978417265,1,39,58,278,0.99885,False,0.12304639047382782,0.8153877551020409
Furniture > Desks > Office Desks > Other,style_family,gaming,single,0.14954963863042153,0.017241379310344827,0.017985611510791366,1,5,58,278,0.46605,False,0.0007442322004465388,0.15217959183673468
Furniture > Desks > Office Desks > Other,style_family,glam,single,0.14954963863042153,0.0,0.02877697841726619,0,8,58,278,0.9259,False,0.02877697841726619,0.6141173469387754
Furniture > Desks > Office Desks > Other,style_family,industrial,single,0.14954963863042153,0.0,0.08273381294964029,0,23,58,278,0.9981,False,0.08273381294964029,0.7944061224489796
Furniture > Desks > Office Desks > Other,style_family,mid-century,single,0.14954963863042153,0.06896551724137931,0.11870503597122302,4,33,58,278,0.8683,False,0.04973951872984371,0.6290744897959184
Furniture > Desks > Office Desks > Other,style_family,minimalist,single,0.14954963863042153,0.0,0.07553956834532374,0,21,58,278,0.99685,False,0.07553956834532374,0.752723469387755
Furniture > Desks > Office Desks > Other,style_family,modern,single,0.14954963863042153,0.1896551724137931,0.19424460431654678,11,54,58,278,0.52165,False,0.004589431902753682,0.22888724489795914
Furniture > Desks > Office Desks > Other,style_family,scandinavian,single,0.14954963863042153,0.034482758620689655,0.050359712230215826,2,14,58,278,0.67415,False,0.015876953609526172,0.36459132653061227
Furniture > Desks > Office Desks > Other,style_family,traditional,single,0.14954963863042153,0.1724137931034483,0.09352517985611511,10,26,58,278,0.0416,False,-0.07888861324733318,0.00806530612244898
Furniture > Desks > Office Desks > Other,style_family,transitional,single,0.14954963863042153,0.0,0.017985611510791366,0,5,58,278,0.84245,False,0.017985611510791366,0.4814
Furniture > Desks > Office Desks > Other,size_class,compact,single,0.16380050466604784,0.0,0.021052631578947368,0,2,65,95,0.87565,False,0.021052631578947368,0.5450474489795919
Furniture > Desks > Office Desks > Other,size_class,oversize,single,0.16380050466604784,0.6461538461538462,0.17894736842105263,42,17,65,95,0.0,False,-0.46720647773279356,0.0
Furniture > Desks > Office Desks > Other,size_class,standard,single,0.16380050466604784,0.35384615384615387,0.8,23,76,65,95,1.0,False,0.4461538461538462,0.9795918367346939
Furniture > Desks > Office Desks > Other,desk_type,computer,single,0.4196955783702286,0.030303030303030304,0.11178247734138973,2,37,66,331,0.9872,True,0.08147944703835942,0.7756571428571428
Furniture > Desks > Office Desks > Other,desk_type,credenza,single,0.4196955783702286,0.25757575757575757,0.00906344410876133,17,3,66,331,0.0,True,-0.24851231346699623,0.0
Furniture > Desks > Office Desks > Other,desk_type,executive,single,0.4196955783702286,0.0,0.012084592145015106,0,4,66,331,0.7938,True,0.012084592145015106,0.3969
Furniture > Desks > Office Desks > Other,desk_type,reception,single,0.4196955783702286,0.3181818181818182,0.0,21,0,66,331,0.0,True,-0.3181818181818182,0.0
Furniture > Desks > Office Desks > Other,desk_type,secretary,single,0.4196955783702286,0.10606060606060606,0.0,7,0,66,331,0.0,True,-0.10606060606060606,0.0
Furniture > Desks > Office Desks > Other,desk_type,standing,single,0.4196955783702286,0.0,0.006042296072507553,0,2,66,331,0.6397,True,0.006042296072507553,0.29373979591836735
Furniture > Desks > Office Desks > Other,desk_type,vanity,single,0.4196955783702286,0.0,0.0030211480362537764,0,1,66,331,0.5069,True,0.0030211480362537764,0.19138061224489794
Furniture > Desks > Office Desks > Other,desk_type,writing,single,0.4196955783702286,0.2878787878787879,0.8580060422960725,19,284,66,331,1.0,True,0.5701272544172846,0.9897959183673469
Furniture > Desks > Office Desks > Other,shape,bow,single,0.11970153018575694,0.034482758620689655,0.0,2,0,58,93,0.03505,False,-0.034482758620689655,0.008583673469387754
Furniture > Desks > Office Desks > Other,shape,corner,single,0.11970153018575694,0.0,0.1935483870967742,0,18,58,93,1.0,False,0.1935483870967742,0.8877551020408163
Furniture > Desks > Office Desks > Other,shape,l_shaped,single,0.11970153018575694,0.13793103448275862,0.021505376344086023,8,2,58,93,0.00235,False,-0.11642565813867259,0.0004076530612244898
Furniture > Desks > Office Desks > Other,shape,rectangular,single,0.11970153018575694,0.8275862068965517,0.7849462365591398,48,73,58,93,0.26465,False,-0.04263997033741196,0.05941122448979592
Furniture > Desks > Office Desks > Other,sit_stand,electric,single,0.10584334459644852,0.0,0.6666666666666666,0,2,1,3,0.85865,False,0.6666666666666666,0.85865
Furniture > Desks > Office Desks > Other,sit_stand,manual,single,0.10584334459644852,1.0,0.3333333333333333,1,1,1,3,0.13565,False,-0.6666666666666667,0.0013841836734693877
Furniture > Desks > Office Desks > Other,drawers,no,single,8.207617826328081e-05,0.45454545454545453,0.4444444444444444,30,148,66,333,0.4351,False,-0.01010101010101011,0.11987448979591835
Furniture > Desks > Office Desks > Other,drawers,yes,single,8.207617826328081e-05,0.5454545454545454,0.5555555555555556,36,185,66,333,0.56345,False,0.010101010101010166,0.2759755102040816
Furniture > Desks > Office Desks > Other,storage,no,single,0.01856081648606637,0.3939393939393939,0.5555555555555556,26,185,66,333,0.99295,False,0.16161616161616166,0.8511
Furniture > Desks > Office Desks > Other,storage,yes,single,0.01856081648606637,0.6060606060606061,0.4444444444444444,40,148,66,333,0.00805,False,-0.16161616161616166,0.001067857142857143
Furniture > Desks > Office Desks > Other,keyboard_tray,no,single,0.0005664918808913821,0.9848484848484849,0.96996996996997,65,323,66,333,0.27255,False,-0.014878514878514881,0.07230918367346939
Furniture > Desks > Office Desks > Other,keyboard_tray,yes,single,0.0005664918808913821,0.015151515151515152,0.03003003003003003,1,10,66,333,0.73065,False,0.014878514878514878,0.38769183673469393
Furniture > Desks > Office Desks > Other,cable_mgmt,no,single,0.19247604827284492,0.5757575757575758,0.975975975975976,38,325,66,333,1.0,False,0.40021840021840016,0.9693877551020408
Furniture > Desks > Office Desks > Other,cable_mgmt,yes,single,0.19247604827284492,0.42424242424242425,0.024024024024024024,28,8,66,333,0.0,False,-0.4002184002184002,0.0
Furniture > Desks > Office Desks > Other,width_band,40-48 in,single,0.1838092777897759,0.15384615384615385,0.3368421052631579,10,32,65,95,0.9961,False,0.18299595141700403,0.8639642857142856
Furniture > Desks > Office Desks > Other,width_band,48-60 in,single,0.1838092777897759,0.12307692307692308,0.18947368421052632,8,18,65,95,0.86535,False,0.06639676113360324,0.6357673469387755
Furniture > Desks > Office Desks > Other,width_band,60-72 in,single,0.1838092777897759,0.27692307692307694,0.12631578947368421,18,12,65,95,0.00935,False,-0.15060728744939272,0.0013357142857142858
Furniture > Desks > Office Desks > Other,width_band,72+ in,single,0.1838092777897759,0.36923076923076925,0.05263157894736842,24,5,65,95,0.0,False,-0.31659919028340083,0.0
Furniture > Desks > Office Desks > Other,width_band,<40 in,single,0.1838092777897759,0.07692307692307693,0.29473684210526313,5,28,65,95,0.99975,False,0.2178137651821862,0.9181377551020409
Furniture > Desks > Office Desks > Other,aesthetic_tags,cozy/plush,multi,0.1534423958053246,0.0,0.03303303303303303,0,11,66,333,0.9599,False,0.03303303303303303,0.6562581632653061
Furniture > Desks > Office Desks > Other,aesthetic_tags,curved/organic,multi,0.1534423958053246,0.21212121212121213,0.09009009009009009,14,30,66,333,0.00325,False,-0.12203112203112204,0.0005306122448979591
Furniture > Desks > Office Desks > Other,aesthetic_tags,luxe,multi,0.1534423958053246,0.015151515151515152,0.15015015015015015,1,50,66,333,0.9997,False,0.13499863499863501,0.8364836734693878
Furniture > Desks > Office Desks > Other,aesthetic_tags,metal-accent,multi,0.1534423958053246,0.0,0.024024024024024024,0,8,66,333,0.91745,False,0.024024024024024024,0.5944701530612245
Furniture > Desks > Office Desks > Other,aesthetic_tags,natural/woven,multi,0.1534423958053246,0.045454545454545456,0.3033033033033033,3,101,66,333,1.0,False,0.2578487578487578,0.9489795918367347
Furniture > Desks > Office Desks > Other,aesthetic_tags,playful/colourful,multi,0.1534423958053246,0.0,0.006006006006006006,0,2,66,333,0.63795,False,0.006006006006006006,0.2864265306122449
Furniture > Desks > Office Desks > Other,aesthetic_tags,retro/vintage,multi,0.1534423958053246,0.015151515151515152,0.12612612612612611,1,42,66,333,0.9992,False,0.11097461097461096,0.8054775510204082
Furniture > Desks > Office Desks > Other,aesthetic_tags,sleek/minimal,multi,0.1534423958053246,0.15151515151515152,0.33933933933933935,10,113,66,333,0.99915,False,0.18782418782418783,0.8768051020408163
Furniture > Desks > Office Desks > Other,aesthetic_tags,statement,multi,0.1534423958053246,0.045454545454545456,0.06306306306306306,3,21,66,333,0.69395,False,0.0176085176085176,0.3894617346938775
Furniture > Desks > Office Desks > Other,aesthetic_tags,textured,multi,0.1534423958053246,0.030303030303030304,0.024024024024024024,2,8,66,333,0.3444,False,-0.00627900627900628,0.10542857142857143
Furniture > Desks > Office Desks > Other,aesthetic_tags,tufted,multi,0.1534423958053246,0.0,0.003003003003003003,0,1,66,333,0.50025,False,0.003003003003003003,0.18121301020408162
Furniture > Desks > Office Desks > Other,use_context,breakroom/dining,multi,0.22972190635893178,0.0,0.03003003003003003,0,10,66,333,0.94625,False,0.03003003003003003,0.6372704081632653
Furniture > Desks > Office Desks > Other,use_context,corporate office,multi,0.22972190635893178,0.803030303030303,0.35735735735735735,53,119,66,333,0.0,False,-0.44567294567294563,0.0
Furniture > Desks > Office Desks > Other,use_context,education,multi,0.22972190635893178,0.045454545454545456,0.05405405405405406,3,18,66,333,0.5961,False,0.008599508599508601,0.285884693877551
Furniture > Desks > Office Desks > Other,use_context,gaming,multi,0.22972190635893178,0.015151515151515152,0.018018018018018018,1,6,66,333,0.5103,False,0.002866502866502866,0.1744392857142857
Furniture > Desks > Office Desks > Other,use_context,home office,multi,0.22972190635893178,0.10606060606060606,0.3183183183183183,7,106,66,333,0.99985,False,0.21225771225771223,0.8978244897959183
Furniture > Desks > Office Desks > Other,use_context,hospitality/events,multi,0.22972190635893178,0.0,0.024024024024024024,0,8,66,333,0.9234,False,0.024024024024024024,0.5983255102040816
Furniture > Desks > Office Desks > Other,use_context,kids/teen,multi,0.22972190635893178,0.0,0.018018018018018018,0,6,66,333,0.86565,False,0.018018018018018018,0.5123234693877551
Furniture > Desks > Office Desks > Other,use_context,reception/lobby,multi,0.22972190635893178,0.3333333333333333,0.006006006006006006,22,2,66,333,0.0,False,-0.32732732732732733,0.0
Furniture > Desks > Office Desks > Other,use_context,residential living,multi,0.22972190635893178,0.030303030303030304,0.15915915915915915,2,53,66,333,0.99865,False,0.12885612885612885,0.8254147959183674
Furniture > Desks > Office Desks > Other,end_user_segment,gamers,multi,0.032223619041322635,0.015151515151515152,0.018018018018018018,1,6,66,333,0.51755,False,0.002866502866502866,0.1769176020408163
Furniture > Desks > Office Desks > Other,end_user_segment,kids,multi,0.032223619041322635,0.0,0.018018018018018018,0,6,66,333,0.86855,False,0.018018018018018018,0.5140397959183673
Furniture > Desks > Office Desks > Other,end_user_segment,remote workers,multi,0.032223619041322635,0.07575757575757576,0.2882882882882883,5,96,66,333,1.0,False,0.21253071253071254,0.9081632653061225
Furniture > Desks > Office Desks > Other,end_user_segment,students,multi,0.032223619041322635,0.0,0.018018018018018018,0,6,66,333,0.86775,False,0.018018018018018018,0.5135663265306123
Furniture > Desks > Office Desks > Other,key_benefits,comfort,multi,0.25105589054754796,0.0,0.003003003003003003,0,1,66,333,0.50395,False,0.003003003003003003,0.18255331632653063
Furniture > Desks > Office Desks > Other,key_benefits,commercial-grade,multi,0.25105589054754796,0.4090909090909091,0.012012012012012012,27,4,66,333,0.0,False,-0.3970788970788971,0.0
Furniture > Desks > Office Desks > Other,key_benefits,easy-clean,multi,0.25105589054754796,0.16666666666666666,0.03303303303303303,11,11,66,333,0.0,False,-0.13363363363363362,0.0
Furniture > Desks > Office Desks > Other,key_benefits,ergonomic,multi,0.25105589054754796,0.015151515151515152,0.012012012012012012,1,4,66,333,0.36485,False,-0.00313950313950314,0.11541173469387755
Furniture > Desks > Office Desks > Other,key_benefits,space-saving,multi,0.25105589054754796,0.13636363636363635,0.14414414414414414,9,48,66,333,0.55755,False,0.007780507780507789,0.26170714285714286
Furniture > Desks > Office Desks > Other,key_benefits,sustainable,multi,0.25105589054754796,0.06060606060606061,0.024024024024024024,4,8,66,333,0.0616,False,-0.036582036582036584,0.014457142857142858
Furniture > Desks > Office Desks > Table,colour_family,beige/cream,single,0.08508724447060904,0.0,0.16853932584269662,0,15,57,89,0.99985,True,0.16853932584269662,0.8987415730337078
Furniture > Desks > Office Desks > Table,colour_family,black,single,0.08508724447060904,0.07017543859649122,0.07865168539325842,4,7,57,89,0.56395,True,0.0084762467967672,0.1932637640449438
Furniture > Desks > Office Desks > Table,colour_family,brown/wood,single,0.08508724447060904,0.543859649122807,0.43820224719101125,31,39,57,89,0.10785,True,-0.10565740193179579,0.010300280898876404
Furniture > Desks > Office Desks > Table,colour_family,clear,single,0.08508724447060904,0.0,0.033707865168539325,0,3,57,89,0.9298,True,0.033707865168539325,0.6163842696629213
Furniture > Desks > Office Desks > Table,colour_family,green,single,0.08508724447060904,0.0,0.011235955056179775,0,1,57,89,0.73945,True,0.011235955056179775,0.32818286516853934
Furniture > Desks > Office Desks > Table,colour_family,grey,single,0.08508724447060904,0.22807017543859648,0.16853932584269662,13,15,57,89,0.18505,True,-0.059530849595899854,0.04054466292134831
Furniture > Desks > Office Desks > Table,colour_family,metallic,single,0.08508724447060904,0.0,0.011235955056179775,0,1,57,89,0.74065,True,0.011235955056179775,0.32871544943820225
Furniture > Desks > Office Desks > Table,colour_family,white,single,0.08508724447060904,0.15789473684210525,0.0898876404494382,9,8,57,89,0.10345,True,-0.06800709639266705,0.018597752808988764
Furniture > Desks > Office Desks > Table,colour_tone,bold,single,0.022186806142665647,0.0,0.011235955056179775,0,1,57,89,0.74255,False,0.011235955056179775,0.32955870786516855
Furniture > Desks > Office Desks > Table,colour_tone,dark-neutral,single,0.022186806142665647,0.07017543859649122,0.07865168539325842,4,7,57,89,0.5638,False,0.0084762467967672,0.1932123595505618
Furniture > Desks > Office Desks > Table,colour_tone,light-neutral,single,0.022186806142665647,0.15789473684210525,0.29213483146067415,9,26,57,89,0.96905,False,0.1342400946185689,0.8383915730337078
Furniture > Desks > Office Desks > Table,colour_tone,metallic,single,0.022186806142665647,0.0,0.011235955056179775,0,1,57,89,0.74135,False,0.011235955056179775,0.3290261235955056
Furniture > Desks > Office Desks > Table,colour_tone,mid-neutral,single,0.022186806142665647,0.22807017543859648,0.16853932584269662,13,15,57,89,0.1855,False,-0.059530849595899854,0.04064325842696629
Furniture > Desks > Office Desks > Table,colour_tone,warm-neutral,single,0.022186806142665647,0.543859649122807,0.43820224719101125,31,39,57,89,0.1049,False,-0.10565740193179579,0.010018539325842696
Furniture > Desks > Office Desks > Table,material_class,engineered wood,single,0.5166466702254917,0.9298245614035088,0.10588235294117647,53,9,57,85,0.0,True,-0.8239422084623323,0.0
Furniture > Desks > Office Desks > Table,material_class,fabric,single,0.5166466702254917,0.0,0.011764705882352941,0,1,57,85,0.74615,True,0.011764705882352941,0.36049943820224717
Furniture > Desks > Office Desks > Table,material_class,glass,single,0.5166466702254917,0.0,0.03529411764705882,0,3,57,85,0.9339,True,0.03529411764705882,0.6348421348314607
Furniture > Desks > Office Desks > Table,material_class,leather,single,0.5166466702254917,0.0,0.03529411764705882,0,3,57,85,0.9316,True,0.03529411764705882,0.6332786516853932
Furniture > Desks > Office Desks > Table,material_class,metal,single,0.5166466702254917,0.017543859649122806,0.3411764705882353,1,29,57,85,1.0,True,0.3236326109391125,0.9662921348314607
Furniture > Desks > Office Desks > Table,material_class,plastic,single,0.5166466702254917,0.017543859649122806,0.011764705882352941,1,1,57,85,0.37335,True,-0.005779153766769865,0.11745842696629213
Furniture > Desks > Office Desks > Table,material_class,wicker/rattan,single,0.5166466702254917,0.0,0.011764705882352941,0,1,57,85,0.7476,True,0.011764705882352941,0.3612
Furniture > Desks > Office Desks > Table,material_class,wood,single,0.5166466702254917,0.03508771929824561,0.4470588235294118,2,38,57,85,1.0,True,0.4119711042311662,0.9775280898876404
Furniture > Desks > Office Desks > Table,style_family,boho/coastal,single,0.2997541009212612,0.0,0.023529411764705882,0,2,56,85,0.87465,False,0.023529411764705882,0.5306865168539326
Furniture > Desks > Office Desks > Table,style_family,contemporary,single,0.2997541009212612,0.5357142857142857,0.12941176470588237,30,11,56,85,0.0,False,-0.40630252100840336,0.0
Furniture > Desks > Office Desks > Table,style_family,farmhouse/rustic,single,0.2997541009212612,0.0,0.09411764705882353,0,8,56,85,0.9969,False,0.09411764705882353,0.8288831460674158
Furniture > Desks > Office Desks > Table,style_family,gaming,single,0.2997541009212612,0.0,0.058823529411764705,0,5,56,85,0.98055,False,0.058823529411764705,0.7106233146067416
Furniture > Desks > Office Desks > Table,style_family,glam,single,0.2997541009212612,0.0,0.011764705882352941,0,1,56,85,0.74405,False,0.011764705882352941,0.35948483146067417
Furniture > Desks > Office Desks > Table,style_family,industrial,single,0.2997541009212612,0.0,0.10588235294117647,0,9,56,85,0.9978,False,0.10588235294117647,0.8408426966292134
Furniture > Desks > Office Desks > Table,style_family,mid-century,single,0.2997541009212612,0.017857142857142856,0.10588235294117647,1,9,56,85,0.9848,False,0.0880252100840336,0.8077573033707866
Furniture > Desks > Office Desks > Table,style_family,minimalist,single,0.2997541009212612,0.0,0.16470588235294117,0,14,56,85,0.99985,False,0.16470588235294117,0.8875073033707864
Furniture > Desks > Office Desks > Table,style_family,modern,single,0.2997541009212612,0.2857142857142857,0.2,16,17,56,85,0.1187,False,-0.08571428571428569,0.014670786516853933
Furniture > Desks > Office Desks > Table,style_family,scandinavian,single,0.2997541009212612,0.0,0.058823529411764705,0,5,56,85,0.9825,False,0.058823529411764705,0.7120365168539327
Furniture > Desks > Office Desks > Table,style_family,traditional,single,0.2997541009212612,0.14285714285714285,0.023529411764705882,8,2,56,85,0.003,False,-0.11932773109243697,0.00023595505617977528
Furniture > Desks > Office Desks > Table,style_family,transitional,single,0.2997541009212612,0.017857142857142856,0.023529411764705882,1,2,56,85,0.577,False,0.005672268907563026,0.18801123595505617
Furniture > Desks > Office Desks > Table,size_class,compact,single,0.022732279451930827,0.0,0.0625,0,3,56,48,0.97835,False,0.0625,0.72551797752809
Furniture > Desks > Office Desks > Table,size_class,oversize,single,0.022732279451930827,0.5892857142857143,0.6041666666666666,33,29,56,48,0.5688,False,0.014880952380952328,0.28759550561797753
Furniture > Desks > Office Desks > Table,size_class,standard,single,0.022732279451930827,0.4107142857142857,0.3333333333333333,23,16,56,48,0.2105,False,-0.07738095238095238,0.0331123595505618
Furniture > Desks > Office Desks > Table,desk_type,computer,single,0.6695828917656532,0.0,0.8085106382978723,0,76,57,94,1.0,True,0.8085106382978723,1.0
Furniture > Desks > Office Desks > Table,desk_type,credenza,single,0.6695828917656532,0.0,0.010638297872340425,0,1,57,94,0.73325,True,0.010638297872340425,0.2965955056179775
Furniture > Desks > Office Desks > Table,desk_type,executive,single,0.6695828917656532,0.0,0.0425531914893617,0,4,57,94,0.95685,True,0.0425531914893617,0.6773207865168539
Furniture > Desks > Office Desks > Table,desk_type,gaming,single,0.6695828917656532,0.0,0.010638297872340425,0,1,57,94,0.73085,True,0.010638297872340425,0.2956247191011236
Furniture > Desks > Office Desks > Table,desk_type,standing,single,0.6695828917656532,0.0,0.010638297872340425,0,1,57,94,0.7294,True,0.010638297872340425,0.295038202247191
Furniture > Desks > Office Desks > Table,desk_type,vanity,single,0.6695828917656532,0.0,0.02127659574468085,0,2,57,94,0.8617,True,0.02127659574468085,0.513147191011236
Furniture > Desks > Office Desks > Table,desk_type,writing,single,0.6695828917656532,1.0,0.09574468085106383,57,9,57,94,0.0,True,-0.9042553191489362,0.0
Furniture > Desks > Office Desks > Table,shape,bow,single,0.024316533112099872,0.018867924528301886,0.0,1,0,53,19,0.3717,False,-0.018867924528301886,0.10441011235955056
Furniture > Desks > Office Desks > Table,shape,corner,single,0.024316533112099872,0.018867924528301886,0.10526315789473684,1,2,53,19,0.9392,False,0.08639523336643495,0.7598022471910112
Furniture > Desks > Office Desks > Table,shape,l_shaped,single,0.024316533112099872,0.11320754716981132,0.10526315789473684,6,2,53,19,0.49225,False,-0.007944389275074487,0.14933426966292138
Furniture > Desks > Office Desks > Table,shape,rectangular,single,0.024316533112099872,0.8490566037735849,0.7894736842105263,45,15,53,19,0.26935,False,-0.05958291956305861,0.0544752808988764
Furniture > Desks > Office Desks > Table,drawers,no,single,0.006616989491888551,0.8070175438596491,0.7222222222222222,46,78,57,108,0.1098,False,-0.08479532163742687,0.01480449438202247
Furniture > Desks > Office Desks > Table,drawers,yes,single,0.006616989491888551,0.19298245614035087,0.2777777777777778,11,30,57,108,0.88735,False,0.08479532163742692,0.7078859550561797
Furniture > Desks > Office Desks > Table,storage,no,single,0.0551224472529946,0.43859649122807015,0.7129629629629629,25,77,57,108,0.99975,False,0.27436647173489276,0.9548174157303371
Furniture > Desks > Office Desks > Table,storage,yes,single,0.0551224472529946,0.5614035087719298,0.28703703703703703,32,31,57,108,0.0003,False,-0.27436647173489276,1.685393258426966e-05
Furniture > Desks > Office Desks > Table,keyboard_tray,no,single,0.0024674748789689895,1.0,0.9814814814814815,57,106,57,108,0.16035,False,-0.01851851851851849,0.0468438202247191
Furniture > Desks > Office Desks > Table,keyboard_tray,yes,single,0.0024674748789689895,0.0,0.018518518518518517,0,2,57,108,0.83855,False,0.018518518518518517,0.461673595505618
Furniture > Desks > Office Desks > Table,cable_mgmt,no,single,0.27946381206850157,0.43859649122807015,0.9722222222222222,25,105,57,108,1.0,False,0.5336257309941521,0.9887640449438202
Furniture > Desks > Office Desks > Table,cable_mgmt,yes,single,0.27946381206850157,0.5614035087719298,0.027777777777777776,32,3,57,108,0.0,False,-0.533625730994152,0.0
Furniture > Desks > Office Desks > Table,width_band,40-48 in,single,0.019220484729016638,0.08928571428571429,0.0625,5,3,56,48,0.3094,False,-0.026785714285714288,0.08343370786516854
Furniture > Desks > Office Desks > Table,width_band,48-60 in,single,0.019220484729016638,0.2857142857142857,0.22916666666666666,16,11,56,48,0.2581,False,-0.05654761904761904,0.0638
Furniture > Desks > Office Desks > Table,width_band,60-72 in,single,0.019220484729016638,0.32142857142857145,0.3958333333333333,18,19,56,48,0.78415,False,0.07440476190476186,0.5991258426966292
Furniture > Desks > Office Desks > Table,width_band,72+ in,single,0.019220484729016638,0.26785714285714285,0.20833333333333334,15,10,56,48,0.24085,False,-0.05952380952380951,0.05682977528089888
Furniture > Desks > Office Desks > Table,width_band,<40 in,single,0.019220484729016638,0.03571428571428571,0.10416666666666667,2,5,56,48,0.9194,False,0.06845238095238096,0.6921325842696628
Furniture > Desks > Office Desks > Table,aesthetic_tags,cozy/plush,multi,0.19546677123337697,0.0,0.018518518518518517,0,2,57,108,0.839,False,0.018518518518518517,0.46192134831460674
Furniture > Desks > Office Desks > Table,aesthetic_tags,curved/organic,multi,0.19546677123337697,0.2631578947368421,0.18518518518518517,15,20,57,108,0.1241,False,-0.07797270955165692,0.01812696629213483
Furniture > Desks > Office Desks > Table,aesthetic_tags,luxe,multi,0.19546677123337697,0.017543859649122806,0.25925925925925924,1,28,57,108,1.0,False,0.24171539961013644,0.9325842696629213
Furniture > Desks > Office Desks > Table,aesthetic_tags,metal-accent,multi,0.19546677123337697,0.0,0.009259259259259259,0,1,57,108,0.6982,False,0.009259259259259259,0.25888314606741575
Furniture > Desks > Office Desks > Table,aesthetic_tags,natural/woven,multi,0.19546677123337697,0.0,0.25,0,27,57,108,1.0,False,0.25,0.9438202247191011
Furniture > Desks > Office Desks > Table,aesthetic_tags,retro/vintage,multi,0.19546677123337697,0.017543859649122806,0.09259259259259259,1,10,57,108,0.9756,False,0.07504873294346978,0.7618449438202247
Furniture > Desks > Office Desks > Table,aesthetic_tags,sleek/minimal,multi,0.19546677123337697,0.14035087719298245,0.26851851851851855,8,29,57,108,0.9723,False,0.1281676413255361,0.8302786516853933
Furniture > Desks > Office Desks > Table,aesthetic_tags,statement,multi,0.19546677123337697,0.0,0.018518518518518517,0,2,57,108,0.8414,False,0.018518518518518517,0.4632426966292135
Furniture > Desks > Office Desks > Table,aesthetic_tags,textured,multi,0.19546677123337697,0.0,0.027777777777777776,0,3,57,108,0.9053,False,0.027777777777777776,0.564541011235955
Furniture > Desks > Office Desks > Table,use_context,breakroom/dining,multi,0.2317576676008637,0.0,0.19444444444444445,0,21,57,108,1.0,False,0.19444444444444445,0.9101123595505618
Furniture > Desks > Office Desks > Table,use_context,corporate office,multi,0.2317576676008637,0.8070175438596491,0.3425925925925926,46,37,57,108,0.0,False,-0.46442495126705646,0.0
Furniture > Desks > Office Desks > Table,use_context,education,multi,0.2317576676008637,0.0,0.027777777777777776,0,3,57,108,0.9032,False,0.027777777777777776,0.5632314606741573
Furniture > Desks > Office Desks > Table,use_context,gaming,multi,0.2317576676008637,0.017543859649122806,0.046296296296296294,1,5,57,108,0.8225,False,0.028752436647173488,0.5313904494382022
Furniture > Desks > Office Desks > Table,use_context,healthcare,multi,0.2317576676008637,0.0,0.009259259259259259,0,1,57,108,0.7048,False,0.009259259259259259,0.26133033707865166
Furniture > Desks > Office Desks > Table,use_context,home office,multi,0.2317576676008637,0.22807017543859648,0.1388888888888889,13,15,57,108,0.07645,False,-0.08918128654970758,0.00858988764044944
Furniture > Desks > Office Desks > Table,use_context,hospitality/events,multi,0.2317576676008637,0.0,0.018518518518518517,0,2,57,108,0.8343,False,0.018518518518518517,0.4593337078651686
Furniture > Desks > Office Desks > Table,use_context,kids/teen,multi,0.2317576676008637,0.0,0.018518518518518517,0,2,57,108,0.83585,False,0.018518518518518517,0.4601870786516854
Furniture > Desks > Office Desks > Table,use_context,outdoor,multi,0.2317576676008637,0.0,0.018518518518518517,0,2,57,108,0.8351,False,0.018518518518518517,0.4597741573033708
Furniture > Desks > Office Desks > Table,use_context,reception/lobby,multi,0.2317576676008637,0.07017543859649122,0.009259259259259259,4,1,57,108,0.01575,False,-0.060916179337231965,0.0030084269662921347
Furniture > Desks > Office Desks > Table,use_context,residential living,multi,0.2317576676008637,0.0,0.2037037037037037,0,22,57,108,1.0,False,0.2037037037037037,0.9213483146067416
Furniture > Desks > Office Desks > Table,end_user_segment,gamers,multi,0.04233998000467594,0.017543859649122806,0.046296296296296294,1,5,57,108,0.82185,False,0.028752436647173488,0.5309705056179775
Furniture > Desks > Office Desks > Table,end_user_segment,kids,multi,0.04233998000467594,0.0,0.018518518518518517,0,2,57,108,0.83805,False,0.018518518518518517,0.4613983146067416
Furniture > Desks > Office Desks > Table,end_user_segment,remote workers,multi,0.04233998000467594,0.21052631578947367,0.1388888888888889,12,15,57,108,0.1196,False,-0.07163742690058478,0.020157303370786517
Furniture > Desks > Office Desks > Table,key_benefits,comfort,multi,0.24995468571011684,0.0,0.009259259259259259,0,1,57,108,0.7078,False,0.009259259259259259,0.2624426966292135
Furniture > Desks > Office Desks > Table,key_benefits,commercial-grade,multi,0.24995468571011684,0.3157894736842105,0.08333333333333333,18,9,57,108,0.0,False,-0.2324561403508772,0.0
Furniture > Desks > Office Desks > Table,key_benefits,easy-clean,multi,0.24995468571011684,0.08771929824561403,0.12962962962962962,5,14,57,108,0.78535,False,0.04191033138401559,0.5470977528089888
Furniture > Desks > Office Desks > Table,key_benefits,ergonomic,multi,0.24995468571011684,0.0,0.1388888888888889,0,15,57,108,0.99985,False,0.1388888888888889,0.8762730337078652
Furniture > Desks > Office Desks > Table,key_benefits,space-saving,multi,0.24995468571011684,0.017543859649122806,0.09259259259259259,1,10,57,108,0.97515,False,0.07504873294346978,0.7614935393258427
Furniture > Desks > Office Desks > Table,key_benefits,sustainable,multi,0.24995468571011684,0.05263157894736842,0.018518518518518517,3,2,57,108,0.1167,False,-0.0341130604288499,0.030158426966292135
Furniture > Desks > Office Desks > Workstations,colour_family,beige/cream,single,0.1861468582218979,0.0,0.06840390879478828,0,21,165,307,1.0,True,0.06840390879478828,0.6979166666666666
Furniture > Desks > Office Desks > Workstations,colour_family,black,single,0.1861468582218979,0.048484848484848485,0.14332247557003258,8,44,165,307,0.99965,True,0.09483762708518409,0.7445309895833333
Furniture > Desks > Office Desks > Workstations,colour_family,blue,single,0.1861468582218979,0.0,0.006514657980456026,0,2,165,307,0.838,True,0.006514657980456026,0.27496875
Furniture > Desks > Office Desks > Workstations,colour_family,brown/wood,single,0.1861468582218979,0.18181818181818182,0.36807817589576547,30,113,165,307,1.0,True,0.18625999407758365,0.890625
Furniture > Desks > Office Desks > Workstations,colour_family,clear,single,0.1861468582218979,0.0,0.013029315960912053,0,4,165,307,0.9443,True,0.013029315960912053,0.41313125
Furniture > Desks > Office Desks > Workstations,colour_family,green,single,0.1861468582218979,0.0,0.006514657980456026,0,2,165,307,0.83815,True,0.006514657980456026,0.27501796875
Furniture > Desks > Office Desks > Workstations,colour_family,grey,single,0.1861468582218979,0.46060606060606063,0.0781758957654723,76,24,165,307,0.0,True,-0.38243016484058834,0.0
Furniture > Desks > Office Desks > Workstations,colour_family,metallic,single,0.1861468582218979,0.0,0.019543973941368076,0,6,165,307,0.98015,True,0.019543973941368076,0.4849700520833333
Furniture > Desks > Office Desks > Workstations,colour_family,multi/pattern,single,0.1861468582218979,0.01818181818181818,0.003257328990228013,3,1,165,307,0.0495,True,-0.014924489191590168,0.0090234375
Furniture > Desks > Office Desks > Workstations,colour_family,red/pink,single,0.1861468582218979,0.0,0.009771986970684038,0,3,165,307,0.907,True,0.009771986970684038,0.340125
Furniture > Desks > Office Desks > Workstations,colour_family,white,single,0.1861468582218979,0.2909090909090909,0.28013029315960913,48,86,165,307,0.4069,True,-0.010778797749481761,0.08477083333333334
Furniture > Desks > Office Desks > Workstations,colour_family,yellow/orange,single,0.1861468582218979,0.0,0.003257328990228013,0,1,165,307,0.7067,True,0.003257328990228013,0.20612083333333334
Furniture > Desks > Office Desks > Workstations,colour_tone,bold,single,0.16524974457063724,0.0,0.026058631921824105,0,8,165,307,0.99255,False,0.026058631921824105,0.558309375
Furniture > Desks > Office Desks > Workstations,colour_tone,dark-neutral,single,0.16524974457063724,0.048484848484848485,0.14332247557003258,8,44,165,307,0.99935,False,0.09483762708518409,0.7443075520833332
Furniture > Desks > Office Desks > Workstations,colour_tone,light-neutral,single,0.16524974457063724,0.2909090909090909,0.36156351791530944,48,111,165,307,0.94105,False,0.07065442700621855,0.6665770833333334
Furniture > Desks > Office Desks > Workstations,colour_tone,metallic,single,0.16524974457063724,0.0,0.019543973941368076,0,6,165,307,0.9803,False,0.019543973941368076,0.48504427083333335
Furniture > Desks > Office Desks > Workstations,colour_tone,mid-neutral,single,0.16524974457063724,0.46060606060606063,0.0781758957654723,76,24,165,307,0.0,False,-0.38243016484058834,0.0
Furniture > Desks > Office Desks > Workstations,colour_tone,pattern,single,0.16524974457063724,0.01818181818181818,0.003257328990228013,3,1,165,307,0.0501,False,-0.014924489191590168,0.009132812499999999
Furniture > Desks > Office Desks > Workstations,colour_tone,warm-neutral,single,0.16524974457063724,0.18181818181818182,0.36807817589576547,30,113,165,307,1.0,False,0.18625999407758365,0.890625
Furniture > Desks > Office Desks > Workstations,material_class,engineered wood,single,0.2867700966479625,0.9575757575757575,0.39344262295081966,158,96,165,244,0.0,True,-0.5641331346249379,0.0
Furniture > Desks > Office Desks > Workstations,material_class,fabric,single,0.2867700966479625,0.0,0.028688524590163935,0,7,165,244,0.9945,True,0.028688524590163935,0.5904843750000001
Furniture > Desks > Office Desks > Workstations,material_class,glass,single,0.2867700966479625,0.0,0.00819672131147541,0,2,165,244,0.8742,True,0.00819672131147541,0.3096125
Furniture > Desks > Office Desks > Workstations,material_class,mesh,single,0.2867700966479625,0.0,0.004098360655737705,0,1,165,244,0.7426,True,0.004098360655737705,0.22432708333333334
Furniture > Desks > Office Desks > Workstations,material_class,metal,single,0.2867700966479625,0.006060606060606061,0.2459016393442623,1,60,165,244,1.0,True,0.23984103328365622,0.9270833333333334
Furniture > Desks > Office Desks > Workstations,material_class,plastic,single,0.2867700966479625,0.006060606060606061,0.004098360655737705,1,1,165,244,0.37575,True,-0.0019622454048683555,0.08610937499999999
Furniture > Desks > Office Desks > Workstations,material_class,wicker/rattan,single,0.2867700966479625,0.0,0.01639344262295082,0,4,165,244,0.9654,True,0.01639344262295082,0.45253125
Furniture > Desks > Office Desks > Workstations,material_class,wood,single,0.2867700966479625,0.030303030303030304,0.29918032786885246,5,73,165,244,1.0,True,0.2688772975658221,0.9583333333333334
Furniture > Desks > Office Desks > Workstations,style_family,boho/coastal,single,0.3253572404391687,0.0,0.011363636363636364,0,4,161,352,0.92305,False,0.011363636363636364,0.3749890625
Furniture > Desks > Office Desks > Workstations,style_family,contemporary,single,0.3253572404391687,0.8074534161490683,0.20170454545454544,130,71,161,352,0.0,False,-0.6057488706945229,0.0
Furniture > Desks > Office Desks > Workstations,style_family,farmhouse/rustic,single,0.3253572404391687,0.0,0.05113636363636364,0,18,161,352,0.99985,False,0.05113636363636364,0.6561515625000001
Furniture > Desks > Office Desks > Workstations,style_family,gaming,single,0.3253572404391687,0.012422360248447204,0.15056818181818182,2,53,161,352,1.0,False,0.13814582156973462,0.8020833333333334
Furniture > Desks > Office Desks > Workstations,style_family,glam,single,0.3253572404391687,0.0,0.005681818181818182,0,2,161,352,0.8107,False,0.005681818181818182,0.25334375
Furniture > Desks > Office Desks > Workstations,style_family,industrial,single,0.3253572404391687,0.012422360248447204,0.07670454545454546,2,27,161,352,0.99945,False,0.06428218520609826,0.687121875
Furniture > Desks > Office Desks > Workstations,style_family,mid-century,single,0.3253572404391687,0.0,0.028409090909090908,0,10,161,352,0.9942,False,0.028409090909090908,0.57995
Furniture > Desks > Office Desks > Workstations,style_family,minimalist,single,0.3253572404391687,0.012422360248447204,0.09375,2,33,161,352,0.9999,False,0.0813276397515528,0.72909375
Furniture > Desks > Office Desks > Workstations,style_family,modern,single,0.3253572404391687,0.07453416149068323,0.3409090909090909,12,120,161,352,1.0,False,0.2663749294184077,0.9479166666666666
Furniture > Desks > Office Desks > Workstations,style_family,scandinavian,single,0.3253572404391687,0.0,0.008522727272727272,0,3,161,352,0.88235,False,0.008522727272727272,0.32169010416666666
Furniture > Desks > Office Desks > Workstations,style_family,traditional,single,0.3253572404391687,0.055900621118012424,0.028409090909090908,9,10,161,352,0.0652,False,-0.027491530208921516,0.010187499999999999
Furniture > Desks > Office Desks > Workstations,style_family,transitional,single,0.3253572404391687,0.024844720496894408,0.002840909090909091,4,1,161,352,0.0115,False,-0.022003811405985316,0.0019166666666666666
Furniture > Desks > Office Desks > Workstations,size_class,compact,single,0.05953604854722905,0.0,0.03875968992248062,0,5,163,129,0.9968,False,0.03875968992248062,0.6022333333333333
Furniture > Desks > Office Desks > Workstations,size_class,oversize,single,0.05953604854722905,0.7852760736196319,0.5271317829457365,128,68,163,129,0.0,False,-0.25814429067389544,0.0
Furniture > Desks > Office Desks > Workstations,size_class,standard,single,0.05953604854722905,0.2147239263803681,0.43410852713178294,35,56,163,129,1.0,False,0.21938460075141483,0.9166666666666666
Furniture > Desks > Office Desks > Workstations,desk_type,computer,single,0.6573997785249248,0.0,0.553030303030303,0,219,165,396,1.0,True,0.553030303030303,1.0
Furniture > Desks > Office Desks > Workstations,desk_type,executive,single,0.6573997785249248,0.0,0.08080808080808081,0,32,165,396,1.0,True,0.08080808080808081,0.71875
Furniture > Desks > Office Desks > Workstations,desk_type,gaming,single,0.6573997785249248,0.0,0.05808080808080808,0,23,165,396,1.0,True,0.05808080808080808,0.6770833333333334
Furniture > Desks > Office Desks > Workstations,desk_type,secretary,single,0.6573997785249248,0.0,0.0025252525252525255,0,1,165,396,0.65435,True,0.0025252525252525255,0.1840359375
Furniture > Desks > Office Desks > Workstations,desk_type,standing,single,0.6573997785249248,0.0,0.012626262626262626,0,5,165,396,0.94655,True,0.012626262626262626,0.40425572916666663
Furniture > Desks > Office Desks > Workstations,desk_type,vanity,single,0.6573997785249248,0.0,0.007575757575757576,0,3,165,396,0.8679,True,0.007575757575757576,0.298340625
Furniture > Desks > Office Desks > Workstations,desk_type,workstation,single,0.6573997785249248,1.0,0.12878787878787878,165,51,165,396,0.0,True,-0.8712121212121212,0.0
Furniture > Desks > Office Desks > Workstations,desk_type,writing,single,0.6573997785249248,0.0,0.15656565656565657,0,62,165,396,1.0,True,0.15656565656565657,0.8541666666666666
Furniture > Desks > Office Desks > Workstations,shape,corner,single,0.08777499083404705,0.03067484662576687,0.23076923076923078,5,30,163,130,1.0,False,0.20009438414346392,0.90625
Furniture > Desks > Office Desks > Workstations,shape,l_shaped,single,0.08777499083404705,0.3067484662576687,0.25384615384615383,50,33,163,130,0.15795,False,-0.052902312411514885,0.023034375000000003
Furniture > Desks > Office Desks > Workstations,shape,rectangular,single,0.08777499083404705,0.656441717791411,0.46153846153846156,107,60,163,130,0.0002,False,-0.19490325625294946,2.5e-05
Furniture > Desks > Office Desks > Workstations,shape,u_shaped,single,0.08777499083404705,0.006134969325153374,0.05384615384615385,1,7,163,130,0.9941,False,0.047711184521000476,0.6420229166666667
Furniture > Desks > Office Desks > Workstations,drawers,no,single,0.02381428678258473,0.8,0.635678391959799,132,253,165,398,5e-05,False,-0.16432160804020102,6.770833333333333e-06
Furniture > Desks > Office Desks > Workstations,drawers,yes,single,0.02381428678258473,0.2,0.36432160804020103,33,145,165,398,0.99975,False,0.16432160804020102,0.8643671875000001
Furniture > Desks > Office Desks > Workstations,storage,no,single,0.00014247302528437762,0.4484848484848485,0.43467336683417085,74,173,165,398,0.37795,False,-0.013811481650677637,0.07480260416666666
Furniture > Desks > Office Desks > Workstations,storage,yes,single,0.00014247302528437762,0.5515151515151515,0.5653266331658291,91,225,165,398,0.6199,False,0.013811481650677582,0.2776635416666667
Furniture > Desks > Office Desks > Workstations,keyboard_tray,no,single,7.91554571944865e-05,0.9757575757575757,0.9773869346733668,161,389,165,398,0.5626,False,0.0016293589157910793,0.14065
Furniture > Desks > Office Desks > Workstations,keyboard_tray,yes,single,7.91554571944865e-05,0.024242424242424242,0.022613065326633167,4,9,165,398,0.4322,False,-0.0016293589157910758,0.10354791666666667
Furniture > Desks > Office Desks > Workstations,cable_mgmt,no,single,0.15340506693128902,0.5333333333333333,0.9271356783919598,88,369,165,398,1.0,False,0.39380234505862644,0.9791666666666666
Furniture > Desks > Office Desks > Workstations,cable_mgmt,yes,single,0.15340506693128902,0.4666666666666667,0.0728643216080402,77,29,165,398,0.0,False,-0.3938023450586265,0.0
Furniture > Desks > Office Desks > Workstations,width_band,40-48 in,single,0.14464025400710684,0.03067484662576687,0.14728682170542637,5,19,163,129,1.0,False,0.1166119750796595,0.7916666666666666
Furniture > Desks > Office Desks > Workstations,width_band,48-60 in,single,0.14464025400710684,0.13496932515337423,0.17829457364341086,22,23,163,129,0.84455,False,0.04332524849003663,0.5278437500000001
Furniture > Desks > Office Desks > Workstations,width_band,60-72 in,single,0.14464025400710684,0.6871165644171779,0.26356589147286824,112,34,163,129,0.0,False,-0.4235506729443097,0.0
Furniture > Desks > Office Desks > Workstations,width_band,72+ in,single,0.14464025400710684,0.09815950920245399,0.26356589147286824,16,34,163,129,0.99995,False,0.16540638227041427,0.87495625
Furniture > Desks > Office Desks > Workstations,width_band,<40 in,single,0.14464025400710684,0.049079754601226995,0.14728682170542637,8,19,163,129,0.99815,False,0.09820706710419938,0.7590098958333333
Furniture > Desks > Office Desks > Workstations,aesthetic_tags,cozy/plush,multi,0.09826820624242166,0.0,0.01256281407035176,0,5,165,398,0.94805,False,0.01256281407035176,0.3950208333333333
Furniture > Desks > Office Desks > Workstations,aesthetic_tags,curved/organic,multi,0.09826820624242166,0.04242424242424243,0.0829145728643216,7,33,165,398,0.96045,False,0.04049033044007918,0.5902765625
Furniture > Desks > Office Desks > Workstations,aesthetic_tags,luxe,multi,0.09826820624242166,0.01818181818181818,0.12060301507537688,3,48,165,398,1.0,False,0.10242119689355869,0.7708333333333334
Furniture > Desks > Office Desks > Workstations,aesthetic_tags,natural/woven,multi,0.09826820624242166,0.0,0.14321608040201006,0,57,165,398,1.0,False,0.14321608040201006,0.8333333333333334
Furniture > Desks > Office Desks > Workstations,aesthetic_tags,playful/colourful,multi,0.09826820624242166,0.0,0.010050251256281407,0,4,165,398,0.9164,False,0.010050251256281407,0.3531958333333333
Furniture > Desks > Office Desks > Workstations,aesthetic_tags,retro/vintage,multi,0.09826820624242166,0.0,0.04522613065326633,0,18,165,398,0.99965,False,0.04522613065326633,0.6351942708333334
Furniture > Desks > Office Desks > Workstations,aesthetic_tags,sleek/minimal,multi,0.09826820624242166,0.07272727272727272,0.314070351758794,12,125,165,398,1.0,False,0.24134307903152127,0.9375
Furniture > Desks > Office Desks > Workstations,aesthetic_tags,statement,multi,0.09826820624242166,0.0,0.020100502512562814,0,8,165,398,0.98355,False,0.020100502512562814,0.51738828125
Furniture > Desks > Office Desks > Workstations,aesthetic_tags,textured,multi,0.09826820624242166,0.0,0.022613065326633167,0,9,165,398,0.9893,False,0.022613065326633167,0.5461760416666667
Furniture > Desks > Office Desks > Workstations,use_context,breakroom/dining,multi,0.42145382895603445,0.006060606060606061,0.020100502512562814,1,8,165,398,0.8896,False,0.014039896451956753,0.4077333333333333
Furniture > Desks > Office Desks > Workstations,use_context,corporate office,multi,0.42145382895603445,0.9454545454545454,0.44472361809045224,156,177,165,398,0.0,False,-0.5007309273640932,0.0
Furniture > Desks > Office Desks > Workstations,use_context,education,multi,0.42145382895603445,0.006060606060606061,0.05778894472361809,1,23,165,398,0.9991,False,0.05172833866301203,0.6660666666666666
Furniture > Desks > Office Desks > Workstations,use_context,gaming,multi,0.42145382895603445,0.012121212121212121,0.15326633165829145,2,61,165,398,1.0,False,0.14114511953707934,0.8177083333333334
Furniture > Desks > Office Desks > Workstations,use_context,healthcare,multi,0.42145382895603445,0.6363636363636364,0.0,105,0,165,398,0.0,False,-0.6363636363636364,0.0
Furniture > Desks > Office Desks > Workstations,use_context,home office,multi,0.42145382895603445,0.03636363636363636,0.4321608040201005,6,172,165,398,1.0,False,0.3957971676564641,0.9895833333333334
Furniture > Desks > Office Desks > Workstations,use_context,hospitality/events,multi,0.42145382895603445,0.012121212121212121,0.022613065326633167,2,9,165,398,0.7894,False,0.010491853205421045,0.3124708333333333
Furniture > Desks > Office Desks > Workstations,use_context,kids/teen,multi,0.42145382895603445,0.0,0.020100502512562814,0,8,165,398,0.98405,False,0.020100502512562814,0.5176513020833333
Furniture > Desks > Office Desks > Workstations,use_context,reception/lobby,multi,0.42145382895603445,0.012121212121212121,0.005025125628140704,2,2,165,398,0.17825,False,-0.007096086493071418,0.0389921875
Furniture > Desks > Office Desks > Workstations,use_context,residential living,multi,0.42145382895603445,0.0,0.10552763819095477,0,42,165,398,1.0,False,0.10552763819095477,0.78125
Furniture > Desks > Office Desks > Workstations,end_user_segment,big & tall,multi,0.015668030774075175,0.0,0.002512562814070352,0,1,165,398,0.65185,False,0.002512562814070352,0.17314765625
Furniture > Desks > Office Desks > Workstations,end_user_segment,gamers,multi,0.015668030774075175,0.012121212121212121,0.15326633165829145,2,61,165,398,1.0,False,0.14114511953707934,0.8177083333333334
Furniture > Desks > Office Desks > Workstations,end_user_segment,kids,multi,0.015668030774075175,0.0,0.020100502512562814,0,8,165,398,0.9837,False,0.020100502512562814,0.5174671875
Furniture > Desks > Office Desks > Workstations,end_user_segment,remote workers,multi,0.015668030774075175,0.03636363636363636,0.41708542713567837,6,166,165,398,1.0,False,0.380721790772042,0.96875
Furniture > Desks > Office Desks > Workstations,end_user_segment,students,multi,0.015668030774075175,0.0,0.020100502512562814,0,8,165,398,0.9856,False,0.020100502512562814,0.5184666666666666
Furniture > Desks > Office Desks > Workstations,key_benefits,comfort,multi,0.3610828252769176,0.0,0.002512562814070352,0,1,165,398,0.6528,False,0.002512562814070352,0.1734
Furniture > Desks > Office Desks > Workstations,key_benefits,commercial-grade,multi,0.3610828252769176,0.8484848484848485,0.052763819095477386,140,21,165,398,0.0,False,-0.7957210293893712,0.0
Furniture > Desks > Office Desks > Workstations,key_benefits,easy-clean,multi,0.3610828252769176,0.6787878787878788,0.0728643216080402,112,29,165,398,0.0,False,-0.6059235571798386,0.0
Furniture > Desks > Office Desks > Workstations,key_benefits,ergonomic,multi,0.3610828252769176,0.030303030303030304,0.05778894472361809,5,23,165,398,0.9201,False,0.027485914420587787,0.527140625
Furniture > Desks > Office Desks > Workstations,key_benefits,space-saving,multi,0.3610828252769176,0.03636363636363636,0.18592964824120603,6,74,165,398,1.0,False,0.14956601187756968,0.84375
Furniture > Desks > Office Desks > Workstations,key_benefits,sustainable,multi,0.3610828252769176,0.0,0.017587939698492462,0,7,165,398,0.97385,False,0.017587939698492462,0.46663645833333334
Furniture > Desks > Sit & Stand Desks,colour_family,beige/cream,single,0.07563232403881504,0.016194331983805668,0.05985915492957746,4,17,247,284,0.9962,True,0.04366482294577179,0.7100574468085106
Furniture > Desks > Sit & Stand Desks,colour_family,black,single,0.07563232403881504,0.38866396761133604,0.27816901408450706,96,79,247,284,0.0032,True,-0.11049495352682898,0.00040851063829787235
Furniture > Desks > Sit & Stand Desks,colour_family,blue,single,0.07563232403881504,0.004048582995951417,0.0,1,0,247,284,0.1601,True,-0.004048582995951417,0.059611702127659566
Furniture > Desks > Sit & Stand Desks,colour_family,brown/wood,single,0.07563232403881504,0.23076923076923078,0.4154929577464789,57,118,247,284,1.0,True,0.1847237269772481,0.9308510638297872
Furniture > Desks > Sit & Stand Desks,colour_family,grey,single,0.07563232403881504,0.13360323886639677,0.035211267605633804,33,10,247,284,0.0,True,-0.09839197126076296,0.0
Furniture > Desks > Sit & Stand Desks,colour_family,metallic,single,0.07563232403881504,0.004048582995951417,0.0035211267605633804,1,1,247,284,0.46,True,-0.0005274562353880367,0.18840425531914895
Furniture > Desks > Sit & Stand Desks,colour_family,multi/pattern,single,0.07563232403881504,0.04048582995951417,0.0,10,0,247,284,5e-05,True,-0.04048582995951417,1.1436170212765957e-05
Furniture > Desks > Sit & Stand Desks,colour_family,navy,single,0.07563232403881504,0.0,0.0035211267605633804,0,1,247,284,0.79915,True,0.0035211267605633804,0.35706702127659573
Furniture > Desks > Sit & Stand Desks,colour_family,red/pink,single,0.07563232403881504,0.012145748987854251,0.0035211267605633804,3,1,247,284,0.1277,True,-0.00862462222729087,0.0393968085106383
Furniture > Desks > Sit & Stand Desks,colour_family,white,single,0.07563232403881504,0.1700404858299595,0.2007042253521127,42,57,247,284,0.81795,True,0.030663739522153177,0.5307973404255318
Furniture > Desks > Sit & Stand Desks,colour_tone,bold,single,0.06996706620103774,0.016194331983805668,0.0035211267605633804,4,1,247,284,0.06275,False,-0.012673205223242287,0.01802393617021277
Furniture > Desks > Sit & Stand Desks,colour_tone,dark-neutral,single,0.06996706620103774,0.38866396761133604,0.28169014084507044,96,80,247,284,0.0037,False,-0.1069738267662656,0.0005117021276595745
Furniture > Desks > Sit & Stand Desks,colour_tone,light-neutral,single,0.06996706620103774,0.1862348178137652,0.2605633802816901,46,74,247,284,0.97785,False,0.07432856246792494,0.7593941489361702
Furniture > Desks > Sit & Stand Desks,colour_tone,metallic,single,0.06996706620103774,0.004048582995951417,0.0035211267605633804,1,1,247,284,0.45425,False,-0.0005274562353880367,0.18604920212765957
Furniture > Desks > Sit & Stand Desks,colour_tone,mid-neutral,single,0.06996706620103774,0.13360323886639677,0.035211267605633804,33,10,247,284,0.0,False,-0.09839197126076296,0.0
Furniture > Desks > Sit & Stand Desks,colour_tone,pattern,single,0.06996706620103774,0.04048582995951417,0.0,10,0,247,284,0.00015,False,-0.04048582995951417,3.430851063829787e-05
Furniture > Desks > Sit & Stand Desks,colour_tone,warm-neutral,single,0.06996706620103774,0.23076923076923078,0.4154929577464789,57,118,247,284,1.0,False,0.1847237269772481,0.9308510638297872
Furniture > Desks > Sit & Stand Desks,material_class,engineered wood,single,0.3824319736032694,0.7982832618025751,0.13432835820895522,186,27,233,201,0.0,True,-0.6639549035936199,0.0
Furniture > Desks > Sit & Stand Desks,material_class,fabric,single,0.3824319736032694,0.0,0.03482587064676617,0,7,233,201,0.9988,True,0.03482587064676617,0.6694085106382979
Furniture > Desks > Sit & Stand Desks,material_class,faux leather,single,0.3824319736032694,0.0,0.004975124378109453,0,1,233,201,0.84025,True,0.004975124378109453,0.411186170212766
Furniture > Desks > Sit & Stand Desks,material_class,glass,single,0.3824319736032694,0.012875536480686695,0.04975124378109453,3,10,233,201,0.9878,True,0.03687570730040783,0.6725446808510638
Furniture > Desks > Sit & Stand Desks,material_class,leather,single,0.3824319736032694,0.0,0.03980099502487562,0,8,233,201,0.99965,True,0.03980099502487562,0.7018819148936171
Furniture > Desks > Sit & Stand Desks,material_class,mesh,single,0.3824319736032694,0.0,0.004975124378109453,0,1,233,201,0.8402,True,0.004975124378109453,0.4111617021276595
Furniture > Desks > Sit & Stand Desks,material_class,metal,single,0.3824319736032694,0.06866952789699571,0.4527363184079602,16,91,233,201,1.0,True,0.3840667905109645,0.9893617021276596
Furniture > Desks > Sit & Stand Desks,material_class,plastic,single,0.3824319736032694,0.034334763948497854,0.0,8,0,233,201,0.0007,True,-0.034334763948497854,0.00018617021276595743
Furniture > Desks > Sit & Stand Desks,material_class,wicker/rattan,single,0.3824319736032694,0.0,0.004975124378109453,0,1,233,201,0.8358,True,0.004975124378109453,0.40900851063829785
Furniture > Desks > Sit & Stand Desks,material_class,wood,single,0.3824319736032694,0.08583690987124463,0.2736318407960199,20,55,233,201,1.0,True,0.18779493092477523,0.9468085106382979
Furniture > Desks > Sit & Stand Desks,style_family,boho/coastal,single,0.14671139895792876,0.0,0.004,0,1,162,250,0.74075,False,0.004,0.3427938829787234
Furniture > Desks > Sit & Stand Desks,style_family,contemporary,single,0.14671139895792876,0.48148148148148145,0.232,78,58,162,250,0.0,False,-0.24948148148148144,0.0
Furniture > Desks > Sit & Stand Desks,style_family,farmhouse/rustic,single,0.14671139895792876,0.012345679012345678,0.148,2,37,162,250,1.0,False,0.13565432098765431,0.851063829787234
Furniture > Desks > Sit & Stand Desks,style_family,gaming,single,0.14671139895792876,0.030864197530864196,0.176,5,44,162,250,1.0,False,0.1451358024691358,0.8829787234042553
Furniture > Desks > Sit & Stand Desks,style_family,industrial,single,0.14671139895792876,0.030864197530864196,0.084,5,21,162,250,0.9871,False,0.05313580246913581,0.7350744680851063
Furniture > Desks > Sit & Stand Desks,style_family,mid-century,single,0.14671139895792876,0.037037037037037035,0.036,6,9,162,250,0.48085,False,-0.0010370370370370377,0.18927074468085106
Furniture > Desks > Sit & Stand Desks,style_family,minimalist,single,0.14671139895792876,0.16049382716049382,0.072,26,18,162,250,0.00215,False,-0.08849382716049382,0.00036595744680851063
Furniture > Desks > Sit & Stand Desks,style_family,modern,single,0.14671139895792876,0.12962962962962962,0.168,21,42,162,250,0.8551,False,0.03837037037037039,0.5912925531914894
Furniture > Desks > Sit & Stand Desks,style_family,scandinavian,single,0.14671139895792876,0.0,0.016,0,4,162,250,0.96335,False,0.016,0.5739106382978724
Furniture > Desks > Sit & Stand Desks,style_family,traditional,single,0.14671139895792876,0.11728395061728394,0.06,19,15,162,250,0.01955,False,-0.057283950617283946,0.003951595744680851
Furniture > Desks > Sit & Stand Desks,style_family,transitional,single,0.14671139895792876,0.0,0.004,0,1,162,250,0.743,False,0.004,0.3438351063829787
Furniture > Desks > Sit & Stand Desks,size_class,compact,single,0.0160136536519363,0.05907172995780591,0.007042253521126761,14,1,237,142,0.00205,False,-0.05202947643667915,0.00043617021276595746
Furniture > Desks > Sit & Stand Desks,size_class,oversize,single,0.0160136536519363,0.3206751054852321,0.38028169014084506,76,54,237,142,0.88135,False,0.05960658465561297,0.6657005319148936
Furniture > Desks > Sit & Stand Desks,size_class,standard,single,0.0160136536519363,0.620253164556962,0.6126760563380281,147,87,237,142,0.4466,False,-0.00757710821893387,0.14728297872340423
Furniture > Desks > Sit & Stand Desks,desk_type,computer,single,0.05402067765603522,0.07083333333333333,0.2166172106824926,17,73,240,337,1.0,True,0.14578387734915926,0.8936170212765957
Furniture > Desks > Sit & Stand Desks,desk_type,executive,single,0.05402067765603522,0.004166666666666667,0.02373887240356083,1,8,240,337,0.9754,True,0.019572205736894166,0.6122191489361702
Furniture > Desks > Sit & Stand Desks,desk_type,gaming,single,0.05402067765603522,0.0,0.011869436201780416,0,4,240,337,0.96715,True,0.011869436201780416,0.5555968085106383
Furniture > Desks > Sit & Stand Desks,desk_type,ladder,single,0.05402067765603522,0.0,0.002967359050445104,0,1,240,337,0.7599,True,0.002967359050445104,0.3314457446808511
Furniture > Desks > Sit & Stand Desks,desk_type,standing,single,0.05402067765603522,0.9166666666666666,0.7002967359050445,220,236,240,337,0.0,True,-0.21636993076162214,0.0
Furniture > Desks > Sit & Stand Desks,desk_type,workstation,single,0.05402067765603522,0.008333333333333333,0.026706231454005934,2,9,240,337,0.95225,True,0.018372898120672602,0.5875585106382979
Furniture > Desks > Sit & Stand Desks,desk_type,writing,single,0.05402067765603522,0.0,0.017804154302670624,0,6,240,337,0.99155,True,0.017804154302670624,0.6012590425531915
Furniture > Desks > Sit & Stand Desks,shape,corner,single,0.32039930388200966,0.03508771929824561,0.14942528735632185,8,13,228,87,0.99975,False,0.11433756805807624,0.8189441489361703
Furniture > Desks > Sit & Stand Desks,shape,l_shaped,single,0.32039930388200966,0.10964912280701754,0.5862068965517241,25,51,228,87,1.0,False,0.47655777374470654,1.0
Furniture > Desks > Sit & Stand Desks,shape,rectangular,single,0.32039930388200966,0.8508771929824561,0.20689655172413793,194,18,228,87,0.0,False,-0.6439806412583182,0.0
Furniture > Desks > Sit & Stand Desks,shape,u_shaped,single,0.32039930388200966,0.0043859649122807015,0.05747126436781609,1,5,228,87,0.9979,False,0.05308529945553539,0.7325010638297872
Furniture > Desks > Sit & Stand Desks,sit_stand,electric,single,0.02329916773757893,0.69377990430622,0.8450704225352113,145,180,209,213,0.9999,False,0.1512905182289912,0.9041648936170213
Furniture > Desks > Sit & Stand Desks,sit_stand,manual,single,0.02329916773757893,0.3062200956937799,0.15492957746478872,64,33,209,213,0.00015,False,-0.15129051822899117,1.5957446808510637e-05
Furniture > Desks > Sit & Stand Desks,drawers,no,single,0.012672405259887422,0.8178137651821862,0.7043478260869566,202,243,247,345,0.0008,False,-0.11346593909522962,9.361702127659576e-05
Furniture > Desks > Sit & Stand Desks,drawers,yes,single,0.012672405259887422,0.18218623481781376,0.2956521739130435,45,102,247,345,0.99925,False,0.11346593909522973,0.8079042553191489
Furniture > Desks > Sit & Stand Desks,storage,no,single,0.006221821331907275,0.7246963562753036,0.6376811594202898,179,220,247,345,0.0126,False,-0.0870151968550138,0.002278723404255319
Furniture > Desks > Sit & Stand Desks,storage,yes,single,0.006221821331907275,0.27530364372469635,0.36231884057971014,68,125,247,345,0.98735,False,0.0870151968550138,0.7772755319148936
Furniture > Desks > Sit & Stand Desks,keyboard_tray,no,single,0.03229017922685977,0.7327935222672065,0.8956521739130435,181,309,247,345,1.0,False,0.16285865164583702,0.9148936170212766
Furniture > Desks > Sit & Stand Desks,keyboard_tray,yes,single,0.03229017922685977,0.26720647773279355,0.10434782608695652,66,36,247,345,0.0,False,-0.16285865164583702,0.0
Furniture > Desks > Sit & Stand Desks,cable_mgmt,no,single,0.07677623434662344,0.5708502024291497,0.8608695652173913,141,297,247,345,1.0,False,0.2900193627882416,0.9574468085106383
Furniture > Desks > Sit & Stand Desks,cable_mgmt,yes,single,0.07677623434662344,0.4291497975708502,0.1391304347826087,106,48,247,345,0.0,False,-0.2900193627882415,0.0
Furniture > Desks > Sit & Stand Desks,width_band,40-48 in,single,0.08197871039573615,0.12236286919831224,0.15492957746478872,29,22,237,142,0.81585,False,0.03256670826647648,0.538113829787234
Furniture > Desks > Sit & Stand Desks,width_band,48-60 in,single,0.08197871039573615,0.2109704641350211,0.352112676056338,50,50,237,142,0.9983,False,0.1411422119213169,0.8708574468085106
Furniture > Desks > Sit & Stand Desks,width_band,60-72 in,single,0.08197871039573615,0.1940928270042194,0.33098591549295775,46,47,237,142,0.9984,False,0.13689308848873835,0.8603234042553191
Furniture > Desks > Sit & Stand Desks,width_band,72+ in,single,0.08197871039573615,0.12658227848101267,0.04929577464788732,30,7,237,142,0.00635,False,-0.07728650383312535,0.0012159574468085105
Furniture > Desks > Sit & Stand Desks,width_band,<40 in,single,0.08197871039573615,0.3459915611814346,0.11267605633802817,82,16,237,142,0.0,False,-0.2333155048434064,0.0
Furniture > Desks > Sit & Stand Desks,aesthetic_tags,cozy/plush,multi,0.1263517799776917,0.0,0.005797101449275362,0,2,247,345,0.88235,False,0.005797101449275362,0.4505617021276595
Furniture > Desks > Sit & Stand Desks,aesthetic_tags,curved/organic,multi,0.1263517799776917,0.044534412955465584,0.0463768115942029,11,16,247,345,0.5361,False,0.001842398638737315,0.2281276595744681
Furniture > Desks > Sit & Stand Desks,aesthetic_tags,luxe,multi,0.1263517799776917,0.044534412955465584,0.06956521739130435,11,24,247,345,0.8986,False,0.025030804435838765,0.5735744680851064
Furniture > Desks > Sit & Stand Desks,aesthetic_tags,natural/woven,multi,0.1263517799776917,0.0,0.09855072463768116,0,34,247,345,1.0,False,0.09855072463768116,0.7978723404255319
Furniture > Desks > Sit & Stand Desks,aesthetic_tags,retro/vintage,multi,0.1263517799776917,0.008097165991902834,0.017391304347826087,2,6,247,345,0.82915,False,0.009294138355923253,0.4674994680851064
Furniture > Desks > Sit & Stand Desks,aesthetic_tags,sleek/minimal,multi,0.1263517799776917,0.12955465587044535,0.17391304347826086,32,60,247,345,0.9308,False,0.04435838760781552,0.6733446808510638
Furniture > Desks > Sit & Stand Desks,aesthetic_tags,statement,multi,0.1263517799776917,0.02834008097165992,0.008695652173913044,7,3,247,345,0.0335,False,-0.019644428797746874,0.009265957446808512
Furniture > Desks > Sit & Stand Desks,aesthetic_tags,textured,multi,0.1263517799776917,0.004048582995951417,0.017391304347826087,1,6,247,345,0.93645,False,0.01334272135187467,0.5479228723404256
Furniture > Desks > Sit & Stand Desks,use_context,breakroom/dining,multi,0.21672760482867398,0.016194331983805668,0.02318840579710145,4,8,247,345,0.7214,False,0.006994073813295781,0.38372340425531914
Furniture > Desks > Sit & Stand Desks,use_context,corporate office,multi,0.21672760482867398,0.4291497975708502,0.27246376811594203,106,94,247,345,5e-05,False,-0.15668602945490817,4.787234042553191e-06
Furniture > Desks > Sit & Stand Desks,use_context,education,multi,0.21672760482867398,0.08097165991902834,0.04057971014492753,20,14,247,345,0.0202,False,-0.04039194977410081,0.004942553191489361
Furniture > Desks > Sit & Stand Desks,use_context,gaming,multi,0.21672760482867398,0.004048582995951417,0.13043478260869565,1,45,247,345,1.0,False,0.12638619961274422,0.8351063829787234
Furniture > Desks > Sit & Stand Desks,use_context,healthcare,multi,0.21672760482867398,0.020242914979757085,0.014492753623188406,5,5,247,345,0.2876,False,-0.005750161356568679,0.10096595744680852
Furniture > Desks > Sit & Stand Desks,use_context,home office,multi,0.21672760482867398,0.048582995951417005,0.3536231884057971,12,122,247,345,1.0,False,0.3050401924543801,0.973404255319149
Furniture > Desks > Sit & Stand Desks,use_context,hospitality/events,multi,0.21672760482867398,0.016194331983805668,0.008695652173913044,4,3,247,345,0.20065,False,-0.007498679809892625,0.0683063829787234
Furniture > Desks > Sit & Stand Desks,use_context,kids/teen,multi,0.21672760482867398,0.05668016194331984,0.06376811594202898,14,22,247,345,0.63545,False,0.007087953998709144,0.34814547872340423
Furniture > Desks > Sit & Stand Desks,use_context,residential living,multi,0.21672760482867398,0.0,0.06376811594202898,0,22,247,345,1.0,False,0.06376811594202898,0.7659574468085106
Furniture > Desks > Sit & Stand Desks,end_user_segment,big & tall,multi,0.27557585429271114,0.03643724696356275,0.0,9,0,247,345,5e-05,False,-0.03643724696356275,1.2765957446808511e-05
Furniture > Desks > Sit & Stand Desks,end_user_segment,gamers,multi,0.27557585429271114,0.004048582995951417,0.13043478260869565,1,45,247,345,1.0,False,0.12638619961274422,0.8351063829787234
Furniture > Desks > Sit & Stand Desks,end_user_segment,kids,multi,0.27557585429271114,0.05668016194331984,0.06376811594202898,14,22,247,345,0.6401,False,0.007087953998709144,0.350693085106383
Furniture > Desks > Sit & Stand Desks,end_user_segment,remote workers,multi,0.27557585429271114,0.048582995951417005,0.3536231884057971,12,122,247,345,1.0,False,0.3050401924543801,0.973404255319149
Furniture > Desks > Sit & Stand Desks,end_user_segment,students,multi,0.27557585429271114,0.024291497975708502,0.014492753623188406,6,5,247,345,0.19485,False,-0.009798744352520096,0.05804042553191489
Furniture > Desks > Sit & Stand Desks,key_benefits,comfort,multi,0.06458446802384041,0.008097165991902834,0.0,2,0,247,345,0.0446,False,-0.008097165991902834,0.01423404255319149
Furniture > Desks > Sit & Stand Desks,key_benefits,commercial-grade,multi,0.06458446802384041,0.44129554655870445,0.07246376811594203,109,25,247,345,0.0,False,-0.36883177844276244,0.0
Furniture > Desks > Sit & Stand Desks,key_benefits,easy-clean,multi,0.06458446802384041,0.03643724696356275,0.03188405797101449,9,11,247,345,0.37565,False,-0.0045531889925482585,0.13587340425531916
Furniture > Desks > Sit & Stand Desks,key_benefits,ergonomic,multi,0.06458446802384041,0.6518218623481782,0.2579710144927536,161,89,247,345,0.0,False,-0.39385084785542457,0.0
Furniture > Desks > Sit & Stand Desks,key_benefits,space-saving,multi,0.06458446802384041,0.11336032388663968,0.11014492753623188,28,38,247,345,0.45065,False,-0.0032153963504077954,0.17258936170212766
Furniture > Desks > Sit & Stand Desks,key_benefits,sustainable,multi,0.06458446802384041,0.02834008097165992,0.034782608695652174,7,12,247,345,0.66425,False,0.006442527723992255,0.3462579787234043
