archetype_id,node_id,l2_key,depth,facets,name,n_staples,n_competitor,vw,aas,ad,crs,ppr,n_labelled,safe_share,reject_share,share_CURATE,share_STYLE-EXTENSION,share_TRADE-UP,share_REVIEW,share_EDGE,share_SUBSTITUTE,share_UNDERCUT,share_OFF-BRAND,share_EXCLUDE,eligible,pct_vw,pct_ad,vos,p_staples,p_competitor,lsr,lsr_credibility,absent,thin,ppg,ppg_dir,cg,msg,dfg,within_archetype_ref,missing_colours,staples_colourways_mean,pct_lsr,pct_ppg,pct_cg,pct_msg,pct_dfg,tg,tg_original,exclusion_reason,rank_vos_node,rank_tg_node,tier,final,final_rank,rrf,shortlisted,stability_tg,stability_vos,brand_hhi
Furniture > Chairs & Seating > Accent & Waiting Room Chairs :: price_band=$200–$350 · colour_tone=dark-neutral,Furniture > Chairs & Seating > Accent & Waiting Room Chairs,Furniture > Chairs & Seating,2,"{""price_band"": ""$200\u2013$350"", ""colour_tone"": ""dark-neutral""}","Any style — dark neutral, $200–$350",16,37,0.4864864864864865,42.15827338129496,0.5,86.29397583007812,0.6199923998479969,37,0.16216216216216217,0.5405405405405406,0.0,0.16216216216216217,0.0,0.02702702702702703,0.0,0.13513513513513514,0.40540540540540543,0.2702702702702703,0.0,False,0.4444444444444444,0.47619047619047616,6.1063413198013,0.14035087719298245,0.03477443609022556,-1.4048173977104452,0.0,False,False,0.028458866062398343,1.0,0.0,0.17807520045942715,0.2173055242390079,True,navy,1.0,0.051587301587301584,0.031746031746031744,0.20916334661354583,0.545816733067729,0.7579365079365079,24.23144722696515,21.03842566242965,54% of its competitor products substitute or undercut a Staples product,0.10204081632653061,0.061224489795918366,Weak,,,,False,0.0,0.0,
Furniture > Chairs & Seating > Accent & Waiting Room Chairs :: price_band=under $200 · colour_tone=mid-neutral,Furniture > Chairs & Seating > Accent & Waiting Room Chairs,Furniture > Chairs & Seating,2,"{""price_band"": ""under $200"", ""colour_tone"": ""mid-neutral""}","Any style — mid neutral, under $200",5,18,0.6111111111111112,43.86690647482015,0.4,82.11343383789062,0.5341858662997763,18,0.0,0.6666666666666666,0.0,0.0,0.0,0.1111111111111111,0.0,0.0,0.6666666666666666,0.2222222222222222,0.0,False,0.5952380952380952,0.3055555555555556,8.511264397835804,0.043859649122807015,0.016917293233082706,-1.0127753099344217,0.0346,False,False,0.06104034737071488,1.0,0.0,0.16404266312794877,0.266206313416009,True,,1.6,0.11904761904761904,0.15476190476190477,0.20916334661354583,0.4900398406374502,0.7936507936507936,27.57138114209827,26.008663757667737,67% of its competitor products substitute or undercut a Staples product,0.3673469387755102,0.10204081632653061,Weak,,,,False,0.0,0.0,
Furniture > Chairs & Seating > Accent & Waiting Room Chairs :: price_band=under $200 · colour_tone=dark-neutral · style_family=modern,Furniture > Chairs & Seating > Accent & Waiting Room Chairs,Furniture > Chairs & Seating,3,"{""price_band"": ""under $200"", ""colour_tone"": ""dark-neutral"", ""style_family"": ""modern""}","Modern — dark neutral, under $200",4,11,0.21818181818181823,36.294964028776974,0.4,77.9831314086914,0.3250502768671313,11,0.0,0.6363636363636364,0.0,0.0,0.0,0.0,0.0,0.0,0.6363636363636364,0.36363636363636365,0.0,False,0.13095238095238096,0.3055555555555556,5.376571102562703,0.03508771929824561,0.010338345864661654,-1.2875283111873452,0.02305,False,False,0.18411066037454077,-1.0,0.0,0.0,0.118728861330327,True,,1.0,0.08333333333333333,0.376984126984127,0.20916334661354583,0.04183266932270916,0.6111111111111112,21.929622778726365,27.28842566242965,64% of its competitor products substitute or undercut a Staples product,0.0,0.02040816326530612,Weak,,,,False,0.0,0.0,
Furniture > Chairs & Seating > Accent & Waiting Room Chairs :: price_band=under $200 · colour_tone=dark-neutral,Furniture > Chairs & Seating > Accent & Waiting Room Chairs,Furniture > Chairs & Seating,2,"{""price_band"": ""under $200"", ""colour_tone"": ""dark-neutral""}","Any style — dark neutral, under $200",7,33,0.45454545454545453,43.63309352517986,0.4,82.57704162597656,0.3896291452083163,33,0.0,0.696969696969697,0.0,0.0,0.0,0.06060606060606061,0.0,0.0,0.696969696969697,0.24242424242424243,0.0,False,0.38492063492063494,0.3055555555555556,6.629478437792455,0.06140350877192982,0.03101503759398496,-0.7291555314915196,0.0546,False,False,0.12047747447501825,-1.0,0.0,0.11040106251526485,0.28649943630214203,True,beige/cream|navy,1.0,0.1984126984126984,0.2976190476190476,0.20916334661354583,0.2948207171314741,0.8095238095238095,29.127221273635616,31.28644153544552,70% of its competitor products substitute or undercut a Staples product,0.14285714285714285,0.14285714285714285,Weak,,,,False,0.0,0.0,
Furniture > Chairs & Seating > Accent & Waiting Room Chairs :: price_band=$200–$350 · colour_tone=mid-neutral · style_family=modern,Furniture > Chairs & Seating > Accent & Waiting Room Chairs,Furniture > Chairs & Seating,3,"{""price_band"": ""$200\u2013$350"", ""colour_tone"": ""mid-neutral"", ""style_family"": ""modern""}","Modern — mid neutral, $200–$350",1,11,0.7636363636363637,36.294964028776974,0.52,75.69552612304688,0.5487713164901725,11,0.09090909090909091,0.36363636363636365,0.0,0.09090909090909091,0.0,0.18181818181818182,0.0,0.0,0.36363636363636365,0.36363636363636365,0.0,False,0.7738095238095238,0.5753968253968254,14.605734303966564,0.008771929824561403,0.010338345864661654,-0.18891602251923534,0.5042,False,False,0.5646564595393657,-1.0,0.35030324921561984,0.27443020943310065,0.44095264937993234,False,,1.0,0.38293650793650796,0.7103174603174603,0.5697211155378487,0.7689243027888446,0.9523809523809523,55.27313365585278,54.90136675520142,36% of its competitor products substitute or undercut a Staples product,0.9795918367346939,0.3673469387755102,Vector-led,,,,False,0.0,0.0,
Furniture > Chairs & Seating > Accent & Waiting Room Chairs :: price_band=$200–$350 · colour_tone=light-neutral,Furniture > Chairs & Seating > Accent & Waiting Room Chairs,Furniture > Chairs & Seating,2,"{""price_band"": ""$200\u2013$350"", ""colour_tone"": ""light-neutral""}","Any style — light neutral, $200–$350",1,43,0.7953488372093024,36.294964028776974,0.6,80.0228500366211,0.731473193617087,43,0.16279069767441862,0.4418604651162791,0.0,0.16279069767441862,0.0,0.09302325581395349,0.0,0.20930232558139536,0.23255813953488372,0.3023255813953488,0.0,False,0.8015873015873016,0.7341269841269841,13.047694411119314,0.008771929824561403,0.040413533834586464,1.1414978802061986,0.9727,False,True,0.5189541391844303,-1.0,0.6919291852330024,0.1763322311110857,0.4079763246899662,False,beige/cream|blue,2.0,0.8075396825396826,0.6468253968253969,0.9760956175298805,0.5378486055776892,0.9285714285714286,77.83813160058179,82.52786473155,44% of its competitor products substitute or undercut a Staples product,0.8775510204081632,0.7755102040816326,Strong,,,,False,0.0,0.0,
Furniture > Chairs & Seating > Accent & Waiting Room Chairs :: price_band=$350–$600 · colour_tone=dark-neutral,Furniture > Chairs & Seating > Accent & Waiting Room Chairs,Furniture > Chairs & Seating,2,"{""price_band"": ""$350\u2013$600"", ""colour_tone"": ""dark-neutral""}","Any style — dark neutral, $350–$600",16,35,0.4228571428571429,38.92086330935251,0.4,82.57704162597656,1.1607178731668117,35,0.2857142857142857,0.45714285714285713,0.0,0.2,0.08571428571428572,0.0,0.0,0.4,0.05714285714285714,0.2571428571428571,0.0,False,0.3492063492063492,0.3055555555555556,6.103163634083838,0.14035087719298245,0.03289473684210526,-1.4596256342054403,0.0,False,False,0.05211967706874817,1.0,0.0,0.19152749733358193,0.328565388951522,True,brown/wood|navy|red/pink,1.25,0.03968253968253968,0.11904761904761904,0.20916334661354583,0.5737051792828686,0.8492063492063492,27.55651995193828,24.838028837032823,46% of its competitor products substitute or undercut a Staples product,0.08163265306122448,0.08163265306122448,Weak,,,,False,0.0,0.0,
Furniture > Chairs & Seating > Accent & Waiting Room Chairs :: price_band=$200–$350 · colour_tone=mid-neutral,Furniture > Chairs & Seating > Accent & Waiting Room Chairs,Furniture > Chairs & Seating,2,"{""price_band"": ""$200\u2013$350"", ""colour_tone"": ""mid-neutral""}","Any style — mid neutral, $200–$350",3,20,0.77,43.07553956834533,0.5,82.11343383789062,0.8513812515578174,20,0.25,0.5,0.0,0.25,0.0,0.05,0.0,0.2,0.3,0.2,0.0,False,0.7777777777777778,0.47619047619047616,10.70107173664842,0.02631578947368421,0.018796992481203006,-0.458136032131281,0.27105,False,False,0.05406554040041462,1.0,0.0,0.13511311732348222,0.3383596392333709,True,,1.6666666666666667,0.28174603174603174,0.1388888888888889,0.20916334661354583,0.3745019920318725,0.873015873015873,29.558551508252705,30.04636217036616,50% of its competitor products substitute or undercut a Staples product,0.6122448979591837,0.16326530612244897,Weak,,,,False,0.0,0.0,
Furniture > Chairs & Seating > Accent & Waiting Room Chairs :: price_band=$350–$600 · colour_tone=warm-neutral,Furniture > Chairs & Seating > Accent & Waiting Room Chairs,Furniture > Chairs & Seating,2,"{""price_band"": ""$350\u2013$600"", ""colour_tone"": ""warm-neutral""}","Any style — warm neutral, $350–$600",2,29,0.9724137931034482,39.82014388489209,0.75,82.57704162597656,1.2345751412080619,29,0.5172413793103449,0.3103448275862069,0.0,0.3793103448275862,0.13793103448275862,0.034482758620689655,0.0,0.06896551724137931,0.2413793103448276,0.13793103448275862,0.0,False,0.9325396825396826,0.9365079365079365,13.471958858698649,0.017543859649122806,0.02725563909774436,0.24230158169134366,0.7129,False,False,0.4640874011185478,1.0,0.6373022540452005,0.2212076878480803,0.4332018038331454,False,beige/cream|navy,1.0,0.5317460317460317,0.5753968253968254,0.9322709163346613,0.6414342629482072,0.9444444444444444,58.585736419401755,61.2247834060583,31% of its competitor products substitute or undercut a Staples product,0.9183673469387755,0.4489795918367347,Vector-led,,,,False,0.0,0.0,
Furniture > Chairs & Seating > Accent & Waiting Room Chairs :: price_band=$600+ · colour_tone=warm-neutral,Furniture > Chairs & Seating > Accent & Waiting Room Chairs,Furniture > Chairs & Seating,2,"{""price_band"": ""$600+"", ""colour_tone"": ""warm-neutral""}","Any style — warm neutral, $600+",2,45,0.9377777777777778,42.302158273381295,0.7,85.09540557861328,2.9541886684743828,45,0.8,0.022222222222222223,0.0,0.13333333333333333,0.6666666666666666,0.022222222222222223,0.0,0.022222222222222223,0.0,0.15555555555555556,0.0,True,0.9166666666666666,0.873015873015873,11.292621613147803,0.017543859649122806,0.042293233082706765,0.6756236443024743,0.91055,False,False,1.041470244799593,1.0,0.680218659068452,0.25608107492267074,0.3296223224351747,False,beige/cream|black|grey,1.0,0.6587301587301587,0.9047619047619048,0.9721115537848606,0.7330677290836654,0.8531746031746031,79.52610194144057,82.18032631379246,,0.6938775510204082,0.7959183673469388,Strong,70.58823529411764,3.0,0.030309988518943745,True,0.883,0.0,0.05709876543209877
Furniture > Chairs & Seating > Accent & Waiting Room Chairs :: price_band=$200–$350 · colour_tone=warm-neutral,Furniture > Chairs & Seating > Accent & Waiting Room Chairs,Furniture > Chairs & Seating,2,"{""price_band"": ""$200\u2013$350"", ""colour_tone"": ""warm-neutral""}","Any style — warm neutral, $200–$350",3,27,0.7851851851851852,42.302158273381295,0.75,86.57356262207031,0.7053966441721544,27,0.37037037037037035,0.4444444444444444,0.0,0.3333333333333333,0.037037037037037035,0.0,0.0,0.0,0.4444444444444444,0.18518518518518517,0.0,False,0.7896825396825397,0.9365079365079365,9.618573553262408,0.02631578947368421,0.02537593984962406,-0.16437491360311784,0.4387,False,False,0.1098907880912297,1.0,0.0,0.1553194556428057,-0.068630214205186,True,black,1.0,0.4007936507936508,0.2777777777777778,0.20916334661354583,0.4581673306772908,0.04365079365079365,23.234166508568897,19.014616138620124,44% of its competitor products substitute or undercut a Staples product,0.46938775510204084,0.04081632653061224,Weak,,,,False,0.0,0.0,
Furniture > Chairs & Seating > Accent & Waiting Room Chairs :: price_band=$350–$600 · colour_tone=light-neutral,Furniture > Chairs & Seating > Accent & Waiting Room Chairs,Furniture > Chairs & Seating,2,"{""price_band"": ""$350\u2013$600"", ""colour_tone"": ""light-neutral""}","Any style — light neutral, $350–$600",2,47,0.9446808510638297,39.82014388489209,0.6,85.1136703491211,1.2297649060238989,47,0.574468085106383,0.2765957446808511,0.0,0.46808510638297873,0.10638297872340426,0.0,0.0,0.10638297872340426,0.1702127659574468,0.14893617021276595,0.0,True,0.9206349206349206,0.7341269841269841,10.677635151184731,0.017543859649122806,0.044172932330827065,0.718641029386165,0.9242,False,False,0.4683946363788225,1.0,0.6997759141524972,0.14571846973994462,0.45152198421646,False,white,1.5,0.6825396825396826,0.5833333333333334,0.9860557768924303,0.40239043824701193,0.9682539682539683,70.90605830645671,77.55841712515019,,0.5918367346938775,0.7346938775510204,Gap-led,61.76470588235294,7.0,0.029631255487269532,False,0.048,0.0,
Furniture > Chairs & Seating > Accent & Waiting Room Chairs :: price_band=$600+ · colour_tone=mid-neutral,Furniture > Chairs & Seating > Accent & Waiting Room Chairs,Furniture > Chairs & Seating,2,"{""price_band"": ""$600+"", ""colour_tone"": ""mid-neutral""}","Any style — mid neutral, $600+",7,26,0.6307692307692307,43.56115107913669,0.4,82.33691024780273,3.807230404943157,26,0.5769230769230769,0.19230769230769232,0.0,0.07692307692307693,0.5,0.07692307692307693,0.0,0.19230769230769232,0.0,0.15384615384615385,0.0,True,0.6309523809523809,0.3055555555555556,8.672593204530529,0.06140350877192982,0.02443609022556391,-0.9635562373303636,0.01955,False,False,0.3029320413526265,1.0,0.0,0.1624809939734766,0.19475760992108232,True,,1.8571428571428572,0.14285714285714285,0.45634920634920634,0.20916334661354583,0.47808764940239046,0.7420634920634921,33.06670144817555,32.933266932270925,,0.3877551020408163,0.1836734693877551,Weak,14.705882352941178,15.0,0.02651914295749912,False,0.0,0.0,
Furniture > Chairs & Seating > Accent & Waiting Room Chairs :: price_band=$600+ · colour_tone=dark-neutral · style_family=contemporary,Furniture > Chairs & Seating > Accent & Waiting Room Chairs,Furniture > Chairs & Seating,3,"{""price_band"": ""$600+"", ""colour_tone"": ""dark-neutral"", ""style_family"": ""contemporary""}","Contemporary — dark neutral, $600+",6,6,0.5333333333333333,37.9136690647482,0.4,80.03762817382812,2.0174533215244717,6,0.3333333333333333,0.5,0.0,0.16666666666666666,0.16666666666666666,0.0,0.0,0.5,0.0,0.16666666666666666,0.0,False,0.48412698412698413,0.3055555555555556,8.144388971584661,0.05263157894736842,0.005639097744360902,-2.2257979497802753,0.0002,False,False,0.07533111686179932,-1.0,0.0,0.0,0.30644024802705755,True,navy,1.1666666666666667,0.003968253968253968,0.21428571428571427,0.20916334661354583,0.04183266932270916,0.8293650793650794,20.560575159678745,26.197155821159807,50% of its competitor products substitute or undercut a Staples product,0.30612244897959184,0.0,Weak,,,,False,0.0,0.0,
Furniture > Chairs & Seating > Accent & Waiting Room Chairs :: price_band=$200–$350 · colour_tone=bold · style_family=traditional · arm_type=fixed,Furniture > Chairs & Seating > Accent & Waiting Room Chairs,Furniture > Chairs & Seating,4,"{""price_band"": ""$200\u2013$350"", ""colour_tone"": ""bold"", ""style_family"": ""traditional"", ""arm_type"": ""fixed""}","Traditional with arms — bold, $200–$350",2,9,0.911111111111111,43.02158273381295,0.5,88.78009796142578,0.7715978888237291,9,0.4444444444444444,0.4444444444444444,0.0,0.4444444444444444,0.0,0.0,0.0,0.0,0.4444444444444444,0.1111111111111111,0.0,False,0.9007936507936508,0.47619047619047616,7.331863888586655,0.017543859649122806,0.008458646616541353,-0.8907968830479354,0.16245,False,False,0.5649529695458573,-1.0,0.3719415611419966,0.32049605263027836,0.3800732807215333,False,green|yellow/orange,1.5,0.1626984126984127,0.7142857142857143,0.6055776892430279,0.8824701195219123,0.9047619047619048,53.02508221083918,50.91115695946373,44% of its competitor products substitute or undercut a Staples product,0.1836734693877551,0.32653061224489793,Weak,,,,False,0.0,0.0,
Furniture > Chairs & Seating > Accent & Waiting Room Chairs :: price_band=$350–$600 · colour_tone=bold,Furniture > Chairs & Seating > Accent & Waiting Room Chairs,Furniture > Chairs & Seating,2,"{""price_band"": ""$350\u2013$600"", ""colour_tone"": ""bold""}","Any style — bold, $350–$600",8,41,0.8780487804878049,42.302158273381295,0.6,88.70047760009766,1.419766042161795,41,0.6585365853658537,0.17073170731707318,0.0,0.34146341463414637,0.3170731707317073,0.0,0.0,0.04878048780487805,0.12195121951219512,0.17073170731707318,0.0,True,0.8650793650793651,0.7341269841269841,7.906546278835171,0.07017543859649122,0.03853383458646616,-0.6401706860398937,0.05955,False,False,0.04755332006844341,1.0,0.0,0.31137807583813326,0.4611048478015784,True,green|yellow/orange,1.75,0.21825396825396826,0.09126984126984126,0.20916334661354583,0.852589641434263,0.9801587301587301,36.27351704293935,29.887632011635993,,0.2653061224489796,0.20408163265306123,Weak,11.76470588235294,17.0,0.02632034632034632,False,0.0,0.0,
Furniture > Chairs & Seating > Accent & Waiting Room Chairs :: price_band=under $200 · colour_tone=light-neutral · style_family=traditional,Furniture > Chairs & Seating > Accent & Waiting Room Chairs,Furniture > Chairs & Seating,3,"{""price_band"": ""under $200"", ""colour_tone"": ""light-neutral"", ""style_family"": ""traditional""}","Traditional — light neutral, under $200",1,9,1.0,43.63309352517986,0.6,85.34540557861328,0.6172721380289515,9,0.0,0.8888888888888888,0.0,0.0,0.0,0.0,0.0,0.0,0.8888888888888888,0.1111111111111111,0.0,False,0.9682539682539683,0.7341269841269841,10.993075309177103,0.008771929824561403,0.008458646616541353,-0.3799712592819447,0.4225,False,False,0.9276178861015791,-1.0,0.4934927626800212,0.32049605263027836,0.44630777903043967,False,beige/cream|green|white,1.0,0.3253968253968254,0.8373015873015873,0.7529880478087649,0.8824701195219123,0.9563492063492064,61.31758679567445,60.81372921014355,89% of its competitor products substitute or undercut a Staples product,0.673469387755102,0.46938775510204084,Vector-led,,,,False,0.0,0.0,
Furniture > Chairs & Seating > Accent & Waiting Room Chairs :: price_band=$600+ · colour_tone=dark-neutral,Furniture > Chairs & Seating > Accent & Waiting Room Chairs,Furniture > Chairs & Seating,2,"{""price_band"": ""$600+"", ""colour_tone"": ""dark-neutral""}","Any style — dark neutral, $600+",6,15,0.4266666666666667,43.357314148681056,0.5,84.24864196777344,2.314855396771505,15,0.6,0.2,0.0,0.06666666666666667,0.5333333333333333,0.13333333333333333,0.0,0.2,0.0,0.06666666666666667,0.0,True,0.35714285714285715,0.47619047619047616,6.4554396610972224,0.05263157894736842,0.014097744360902255,-1.3567601027566658,0.0062,False,False,0.2933687216722241,-1.0,0.0,0.2569518966820206,0.32680383314543404,True,navy,1.0,0.06746031746031746,0.44841269841269843,0.20916334661354583,0.7370517928286853,0.8452380952380952,37.020608044014416,33.47890185290584,,0.12244897959183673,0.24489795918367346,Weak,8.823529411764705,18.0,0.026144907723855092,False,0.0,0.0,
Furniture > Chairs & Seating > Accent & Waiting Room Chairs :: price_band=$600+ · colour_tone=bold,Furniture > Chairs & Seating > Accent & Waiting Room Chairs,Furniture > Chairs & Seating,2,"{""price_band"": ""$600+"", ""colour_tone"": ""bold""}","Any style — bold, $600+",6,25,0.7120000000000001,41.58273381294964,0.6,80.34468841552734,2.5581093313392893,25,0.6,0.08,0.0,0.16,0.44,0.08,0.0,0.08,0.0,0.24,0.0,True,0.7380952380952381,0.7341269841269841,12.587709770479254,0.05263157894736842,0.023496240601503758,-0.8589216745174864,0.044,False,False,0.49202573235804214,-1.0,0.0,0.19726025164368438,0.253523111612176,True,green|red/pink|yellow/orange,1.1666666666666667,0.17857142857142858,0.6150793650793651,0.20916334661354583,0.601593625498008,0.7857142857142857,39.37365616897489,38.39953677354076,,0.8571428571428571,0.2653061224489796,Vector-led,52.94117647058824,12.0,0.029206349206349208,False,0.0,1.0,
Furniture > Chairs & Seating > Accent & Waiting Room Chairs :: price_band=$600+ · colour_tone=warm-neutral · style_family=modern,Furniture > Chairs & Seating > Accent & Waiting Room Chairs,Furniture > Chairs & Seating,3,"{""price_band"": ""$600+"", ""colour_tone"": ""warm-neutral"", ""style_family"": ""modern""}","Modern — warm neutral, $600+",1,9,0.8888888888888888,38.92086330935251,0.75,84.03173828125,2.7387221722289605,9,0.7777777777777778,0.0,0.0,0.2222222222222222,0.5555555555555556,0.0,0.0,0.0,0.0,0.2222222222222222,0.0,True,0.873015873015873,0.9365079365079365,11.876342228114828,0.008771929824561403,0.008458646616541353,-0.3799712592819447,0.4255,False,False,0.9593240432734249,1.0,0.48081455196451184,0.24821681515666252,0.36598083427282974,False,,2.0,0.3253968253968254,0.8611111111111112,0.7091633466135459,0.7151394422310757,0.8968253968253969,57.73358945171694,59.34199709100108,,0.7755102040816326,0.40816326530612246,Vector-led,55.88235294117647,11.0,0.029273504273504274,False,0.0,0.685,
Furniture > Chairs & Seating > Accent & Waiting Room Chairs :: price_band=$350–$600,Furniture > Chairs & Seating > Accent & Waiting Room Chairs,Furniture > Chairs & Seating,1,"{""price_band"": ""$350\u2013$600""}",Any style — $350–$600,2,18,0.5777777777777778,44.67625899280576,0.5,88.97465515136719,1.5640694314896584,18,0.5,0.3333333333333333,0.0,0.16666666666666666,0.3333333333333333,0.0,0.0,0.1111111111111111,0.2222222222222222,0.16666666666666666,0.0,False,0.5436507936507936,0.47619047619047616,5.48752640399103,0.017543859649122806,0.016917293233082706,-0.22431794957015133,0.43985,False,False,0.4716958241010553,1.0,0.2394142971698307,0.06571032319260021,0.07208286358511845,False,,1.0,0.36507936507936506,0.5912698412698413,0.5258964143426295,0.17928286852589642,0.503968253968254,36.351498766837416,41.76792828685259,33% of its competitor products substitute or undercut a Staples product,0.061224489795918366,0.22448979591836735,Weak,,,,False,0.0,0.0,
Furniture > Chairs & Seating > Accent & Waiting Room Chairs :: price_band=$350–$600 · colour_tone=mid-neutral,Furniture > Chairs & Seating > Accent & Waiting Room Chairs,Furniture > Chairs & Seating,2,"{""price_band"": ""$350\u2013$600"", ""colour_tone"": ""mid-neutral""}","Any style — mid neutral, $350–$600",7,23,0.6347826086956522,41.007194244604314,0.4,82.11347961425781,1.1716668029101611,23,0.2608695652173913,0.34782608695652173,0.0,0.13043478260869565,0.13043478260869565,0.043478260869565216,0.0,0.21739130434782608,0.13043478260869565,0.34782608695652173,0.0,False,0.6388888888888888,0.3055555555555556,8.709134076710798,0.06140350877192982,0.021616541353383457,-1.0837005491724268,0.0116,False,False,0.0669408434589233,-1.0,0.0,0.1651780698980846,0.29565952649379934,True,,1.2857142857142858,0.1111111111111111,0.17857142857142858,0.20916334661354583,0.4940239043824701,0.8174603174603174,28.325586542718018,26.941203440207424,35% of its competitor products substitute or undercut a Staples product,0.40816326530612246,0.12244897959183673,Weak,,,,False,0.0,0.0,
Furniture > Chairs & Seating > Accent & Waiting Room Chairs :: price_band=$200–$350 · colour_tone=dark-neutral · style_family=modern,Furniture > Chairs & Seating > Accent & Waiting Room Chairs,Furniture > Chairs & Seating,3,"{""price_band"": ""$200\u2013$350"", ""colour_tone"": ""dark-neutral"", ""style_family"": ""modern""}","Modern — dark neutral, $200–$350",1,9,0.24444444444444446,37.62589928057554,0.35,77.34540557861328,0.5319906398127963,9,0.1111111111111111,0.4444444444444444,0.0,0.1111111111111111,0.0,0.2222222222222222,0.0,0.1111111111111111,0.3333333333333333,0.2222222222222222,0.0,False,0.1626984126984127,0.22023809523809523,5.463189593472274,0.008771929824561403,0.008458646616541353,-0.3799712592819447,0.4251,False,False,0.5304798701839937,-1.0,0.10155267093835607,0.24821681515666252,0.0140924464487035,False,navy|red/pink,1.0,0.3253968253968254,0.6746031746031746,0.4701195219123506,0.7151394422310757,0.2896825396825397,41.31063049389743,37.75556504142162,44% of its competitor products substitute or undercut a Staples product,0.04081632653061224,0.2857142857142857,Weak,,,,False,0.0,0.0,
Furniture > Chairs & Seating > Accent & Waiting Room Chairs :: price_band=under $200 · colour_tone=light-neutral,Furniture > Chairs & Seating > Accent & Waiting Room Chairs,Furniture > Chairs & Seating,2,"{""price_band"": ""under $200"", ""colour_tone"": ""light-neutral""}","Any style — light neutral, under $200",1,47,0.8723404255319149,33.23741007194245,0.6,85.09540557861328,0.4392619964340164,47,0.0,0.574468085106383,0.0,0.0,0.0,0.02127659574468085,0.0,0.0,0.574468085106383,0.40425531914893614,0.0,False,0.8611111111111112,0.7341269841269841,9.997166926558329,0.008771929824561403,0.044172932330827065,1.2294666531521559,0.97985,False,True,0.9702640018061128,-1.0,0.6997759141524972,0.17314622100554278,0.3762683201803833,False,beige/cream,1.0,0.8373015873015873,0.8650793650793651,0.9860557768924303,0.5258964143426295,0.9007936507936508,82.79833048757351,88.66952823626131,57% of its competitor products substitute or undercut a Staples product,0.5102040816326531,0.8571428571428571,Gap-led,,,,False,0.0,0.0,
Furniture > Chairs & Seating > Accent & Waiting Room Chairs :: price_band=$350–$600 · colour_tone=bold · style_family=modern,Furniture > Chairs & Seating > Accent & Waiting Room Chairs,Furniture > Chairs & Seating,3,"{""price_band"": ""$350\u2013$600"", ""colour_tone"": ""bold"", ""style_family"": ""modern""}","Modern — bold, $350–$600",1,15,0.9466666666666667,31.115107913669064,0.7,74.58415985107422,1.145197243297409,15,0.4666666666666667,0.06666666666666667,0.0,0.2,0.26666666666666666,0.06666666666666667,0.0,0.0,0.06666666666666667,0.4,0.0,False,0.9246031746031746,0.873015873015873,18.494362714969366,0.008771929824561403,0.014097744360902255,0.10957696603676123,0.63965,False,False,0.469884794145494,1.0,0.43630831258371183,0.316779739679338,0.46293686583990984,False,green|red/pink|yellow/orange,1.0,0.4861111111111111,0.5873015873015873,0.6613545816733067,0.8705179282868526,0.9841269841269841,57.99296860178333,56.09911544298994,only 47% safe to add; largest group is OFF-BRAND (40%),1.0,0.42857142857142855,Vector-led,,,,False,0.0,0.0,
Furniture > Chairs & Seating > Accent & Waiting Room Chairs :: price_band=$600+ · colour_tone=light-neutral · style_family=modern,Furniture > Chairs & Seating > Accent & Waiting Room Chairs,Furniture > Chairs & Seating,3,"{""price_band"": ""$600+"", ""colour_tone"": ""light-neutral"", ""style_family"": ""modern""}","Modern — light neutral, $600+",1,15,0.9333333333333333,38.92086330935251,0.5714285714285714,80.0228500366211,2.8329758387632036,15,0.8,0.0,0.0,0.4,0.4,0.0,0.0,0.0,0.0,0.2,0.0,True,0.9126984126984127,0.6626984126984127,13.847191039663995,0.008771929824561403,0.014097744360902255,0.10957696603676123,0.6427,False,False,0.9437866119013821,1.0,0.5695934951171604,0.316779739679338,0.48703494926719276,False,white,1.0,0.4861111111111111,0.8492063492063492,0.8605577689243028,0.8705179282868526,0.996031746031746,66.39768307721495,66.86889347372416,,0.9387755102040817,0.6326530612244898,Vector-led,76.47058823529412,2.0,0.030886196246139225,True,0.031,1.0,0.11111111111111112
Furniture > Chairs & Seating > Accent & Waiting Room Chairs :: price_band=$200–$350 · colour_tone=light-neutral · style_family=mid-century · arm_type=fixed,Furniture > Chairs & Seating > Accent & Waiting Room Chairs,Furniture > Chairs & Seating,4,"{""price_band"": ""$200\u2013$350"", ""colour_tone"": ""light-neutral"", ""style_family"": ""mid-century"", ""arm_type"": ""fixed""}","Mid-century with arms — light neutral, $200–$350",1,11,1.0,45.647482014388494,0.5599999999999999,88.78009796142578,0.8264394505883742,11,0.45454545454545453,0.45454545454545453,0.0,0.45454545454545453,0.0,0.0,0.0,0.0,0.45454545454545453,0.09090909090909091,0.0,False,0.9682539682539683,0.6527777777777778,8.256178111954883,0.008771929824561403,0.010338345864661654,-0.18891602251923534,0.50925,False,False,0.5574335273476214,-1.0,0.5242776548726761,0.4462015626417023,0.4791431792559188,False,beige/cream|green,1.0,0.38293650793650796,0.7023809523809523,0.7948207171314741,0.9701195219123506,0.9880952380952381,62.04454009359388,59.91923180294694,45% of its competitor products substitute or undercut a Staples product,0.32653061224489793,0.4897959183673469,Weak,,,,False,0.0,0.0,
Furniture > Chairs & Seating > Accent & Waiting Room Chairs :: price_band=$200–$350 · colour_tone=bold · style_family=modern · arm_type=fixed,Furniture > Chairs & Seating > Accent & Waiting Room Chairs,Furniture > Chairs & Seating,4,"{""price_band"": ""$200\u2013$350"", ""colour_tone"": ""bold"", ""style_family"": ""modern"", ""arm_type"": ""fixed""}","Modern with arms — bold, $200–$350",1,10,0.82,42.09232613908873,0.6,88.78009796142578,0.6476315377437908,10,0.4,0.3,0.0,0.4,0.0,0.1,0.0,0.0,0.3,0.2,0.0,False,0.8214285714285714,0.7341269841269841,7.623380185415089,0.008771929824561403,0.009398496240601503,-0.27988780072496194,0.46625,False,False,0.6220114314686185,-1.0,0.38553462893382573,0.26182041283883045,0.3883173618940247,False,green|red/pink|yellow/orange,1.0,0.3412698412698413,0.7380952380952381,0.6254980079681275,0.749003984063745,0.9206349206349206,55.16118067412887,55.347261746664145,30% of its competitor products substitute or undercut a Staples product,0.22448979591836735,0.3469387755102041,Weak,,,,False,0.0,0.0,
Furniture > Chairs & Seating > Accent & Waiting Room Chairs :: price_band=under $200,Furniture > Chairs & Seating > Accent & Waiting Room Chairs,Furniture > Chairs & Seating,1,"{""price_band"": ""under $200""}",Any style — under $200,0,32,0.6125,42.66187050359713,0.6666666666666666,79.74942016601562,0.3278199589308693,32,0.0,0.65625,0.0,0.0,0.0,0.15625,0.0,0.0,0.65625,0.1875,0.0,False,0.5992063492063492,0.8293650793650794,12.250987986535995,0.0,0.03007518796992481,1.9485893201153617,0.9907,True,True,1.172491179624561,-1.0,0.6157466591378213,0.09213404098754663,-0.03537204058624577,False,grey|metallic|multi/pattern|red/pink,,0.9404761904761905,0.9484126984126984,0.9043824701195219,0.250996015936255,0.10714285714285714,70.82274078290014,76.8574906722317,66% of its competitor products substitute or undercut a Staples product,0.8163265306122449,0.7142857142857143,Strong,,,,False,0.0,0.0,
Furniture > Chairs & Seating > Accent & Waiting Room Chairs :: price_band=$200–$350 · colour_tone=pattern,Furniture > Chairs & Seating > Accent & Waiting Room Chairs,Furniture > Chairs & Seating,2,"{""price_band"": ""$200\u2013$350"", ""colour_tone"": ""pattern""}","Any style — pattern, $200–$350",0,15,1.0,35.79136690647482,0.75,85.1136703491211,0.8361149202314458,15,0.4666666666666667,0.13333333333333333,0.0,0.4666666666666667,0.0,0.0,0.0,0.0,0.13333333333333333,0.4,0.0,False,0.9682539682539683,0.9365079365079365,11.569884215896499,0.0,0.014097744360902255,1.208189254704871,0.92475,True,True,0.5758094593292323,-1.0,0.6487110488752394,0.25525938544415083,0.3859921082299887,False,black|blue|green|multi/pattern,,0.8333333333333334,0.7261904761904762,0.9362549800796812,0.7250996015936255,0.9166666666666666,82.36079491557578,84.37986150635552,only 47% safe to add; largest group is OFF-BRAND (40%),0.7142857142857143,0.8367346938775511,Strong,,,,False,0.0,0.0,
Furniture > Chairs & Seating > Accent & Waiting Room Chairs :: price_band=$600+ · colour_tone=light-neutral,Furniture > Chairs & Seating > Accent & Waiting Room Chairs,Furniture > Chairs & Seating,2,"{""price_band"": ""$600+"", ""colour_tone"": ""light-neutral""}","Any style — light neutral, $600+",0,44,0.8863636363636364,39.964028776978424,0.6,85.10456085205078,2.74290352951678,44,0.6590909090909091,0.18181818181818182,0.0,0.4090909090909091,0.25,0.045454545454545456,0.0,0.18181818181818182,0.0,0.11363636363636363,0.0,True,0.8690476190476191,0.7341269841269841,10.344811897783147,0.0,0.041353383458646614,2.2628384199518647,0.9973,True,True,0.9086326075798246,1.0,0.693993623980369,0.19163831947763604,0.3833850056369786,False,beige/cream|black|white,,0.9603174603174603,0.8253968253968254,0.9800796812749004,0.5776892430278885,0.9087301587301587,87.11653386454184,92.02222854613294,,0.5510204081632653,0.9591836734693877,Gap-led,70.58823529411764,4.0,0.0304147465437788,True,0.997,0.0,0.053507728894173594
Furniture > Chairs & Seating > Accent & Waiting Room Chairs :: price_band=$200–$350 · colour_tone=light-neutral · style_family=modern · arm_type=fixed,Furniture > Chairs & Seating > Accent & Waiting Room Chairs,Furniture > Chairs & Seating,4,"{""price_band"": ""$200\u2013$350"", ""colour_tone"": ""light-neutral"", ""style_family"": ""modern"", ""arm_type"": ""fixed""}","Modern with arms — light neutral, $200–$350",0,17,0.9058823529411765,44.100719424460436,0.5666666666666667,88.70045471191406,0.6296181980925337,17,0.35294117647058826,0.4117647058823529,0.0,0.35294117647058826,0.0,0.058823529411764705,0.0,0.058823529411764705,0.35294117647058826,0.17647058823529413,0.0,False,0.8809523809523809,0.6587301587301587,7.835254640769802,0.0,0.015977443609022556,1.3295501117091384,0.94185,True,True,0.5583821203026982,-1.0,0.5868648203362901,0.3341293932627333,0.45039458850056374,False,beige/cream|white,,0.8630952380952381,0.7063492063492064,0.8784860557768924,0.8924302788844621,0.9642857142857143,85.3633481945235,84.72249889331562,41% of its competitor products substitute or undercut a Staples product,0.24489795918367346,0.9387755102040817,Gap-led,,,,False,0.0,0.0,
Furniture > Chairs & Seating > Accent & Waiting Room Chairs :: price_band=$200–$350 · colour_tone=light-neutral · style_family=traditional,Furniture > Chairs & Seating > Accent & Waiting Room Chairs,Furniture > Chairs & Seating,3,"{""price_band"": ""$200\u2013$350"", ""colour_tone"": ""light-neutral"", ""style_family"": ""traditional""}","Traditional — light neutral, $200–$350",0,11,1.0,38.92086330935251,0.6,85.34540557861328,0.810890430485603,11,0.18181818181818182,0.6363636363636364,0.0,0.18181818181818182,0.0,0.0,0.0,0.18181818181818182,0.45454545454545453,0.18181818181818182,0.0,False,0.9682539682539683,0.7341269841269841,10.785907841277641,0.0,0.010338345864661654,0.9096962661488743,0.874,True,True,0.49999371602113174,-1.0,0.5242776548726761,0.3503044944789745,0.4802705749718151,False,beige/cream|blue|white,,0.7380952380952381,0.626984126984127,0.7948207171314741,0.9083665338645418,0.9920634920634921,65.88511035224182,64.32895402516917,64% of its competitor products substitute or undercut a Staples product,0.6326530612244898,0.6122448979591837,Weak,,,,False,0.0,0.0,
Furniture > Chairs & Seating > Accent & Waiting Room Chairs :: price_band=$200–$350 · colour_tone=bold,Furniture > Chairs & Seating > Accent & Waiting Room Chairs,Furniture > Chairs & Seating,2,"{""price_band"": ""$200\u2013$350"", ""colour_tone"": ""bold""}","Any style — bold, $200–$350",0,34,0.788235294117647,36.54676258992806,0.6,85.1136703491211,0.8144512447855294,34,0.4411764705882353,0.29411764705882354,0.0,0.4411764705882353,0.0,0.0,0.0,0.0,0.29411764705882354,0.2647058823529412,0.0,False,0.7976190476190477,0.7341269841269841,9.707384574992941,0.0,0.03195488721804511,2.008308554816984,0.9922,True,True,0.5394339999627487,-1.0,0.5235808728748684,0.2781700492325938,0.34660372040586246,False,black|blue|green|red/pink|yellow/orange,,0.9484126984126984,0.6865079365079365,0.7848605577689243,0.7848605577689243,0.8809523809523809,83.68470562195661,83.67340163156896,only 44% safe to add; largest group is OFF-BRAND (26%),0.4897959183673469,0.8775510204081632,Gap-led,,,,False,0.0,0.0,
Furniture > Chairs & Seating > Accent & Waiting Room Chairs :: price_band=$350–$600 · colour_tone=light-neutral · style_family=modern · arm_type=fixed,Furniture > Chairs & Seating > Accent & Waiting Room Chairs,Furniture > Chairs & Seating,4,"{""price_band"": ""$350\u2013$600"", ""colour_tone"": ""light-neutral"", ""style_family"": ""modern"", ""arm_type"": ""fixed""}","Modern with arms — light neutral, $350–$600",0,11,0.8545454545454546,46.33093525179856,0.5,88.97465515136719,1.4291970221744497,11,0.6363636363636364,0.18181818181818182,0.0,0.5454545454545454,0.09090909090909091,0.0,0.0,0.18181818181818182,0.0,0.18181818181818182,0.0,True,0.8492063492063492,0.47619047619047616,7.0582414497827655,0.0,0.010338345864661654,0.9096962661488743,0.8724,True,True,0.4887254234722418,1.0,0.5242776548726761,0.27443020943310065,0.495913190529876,False,beige/cream|white,,0.7380952380952381,0.6071428571428571,0.7948207171314741,0.7689243027888446,1.0,63.51569910832858,63.99165243786757,,0.16326530612244897,0.5102040816326531,Weak,26.47058823529412,14.0,0.027242401779095628,False,0.0,0.0,
Furniture > Chairs & Seating > Accent & Waiting Room Chairs :: price_band=under $200 · colour_tone=warm-neutral,Furniture > Chairs & Seating > Accent & Waiting Room Chairs,Furniture > Chairs & Seating,2,"{""price_band"": ""under $200"", ""colour_tone"": ""warm-neutral""}","Any style — warm neutral, under $200",0,28,0.8428571428571429,42.254196642685855,0.75,83.56552124023438,0.537811601283225,28,0.0,0.7857142857142857,0.0,0.0,0.0,0.07142857142857142,0.0,0.0,0.7857142857142857,0.14285714285714285,0.0,False,0.8333333333333334,0.9365079365079365,12.093961574340556,0.0,0.02631578947368421,1.8172533180542747,0.9858,True,True,0.9190345997964207,-1.0,0.6334682026597844,0.25743314852769833,0.36259864712514095,False,beige/cream|brown/wood|grey,,0.9325396825396826,0.8293650793650794,0.9243027888446215,0.7410358565737052,0.8888888888888888,87.5396034907987,89.63684942768609,79% of its competitor products substitute or undercut a Staples product,0.7959183673469388,0.9795918367346939,Strong,,,,False,0.0,0.0,
Furniture > Chairs & Seating > Accent & Waiting Room Chairs :: price_band=under $200 · colour_tone=light-neutral · style_family=modern · arm_type=fixed,Furniture > Chairs & Seating > Accent & Waiting Room Chairs,Furniture > Chairs & Seating,4,"{""price_band"": ""under $200"", ""colour_tone"": ""light-neutral"", ""style_family"": ""modern"", ""arm_type"": ""fixed""}","Modern with arms — light neutral, under $200",0,11,0.8363636363636363,41.007194244604314,0.6,88.78009796142578,0.4896293642262829,11,0.0,1.0,0.0,0.0,0.0,0.0,0.0,0.0,1.0,0.0,0.0,False,0.8253968253968254,0.7341269841269841,7.606890504104544,0.0,0.010338345864661654,0.9096962661488743,0.8673,True,True,0.9928415884259039,-1.0,0.5242776548726761,0.27443020943310065,0.45250845546786916,False,beige/cream|brown/wood|white,,0.7380952380952381,0.8690476190476191,0.7948207171314741,0.7689243027888446,0.9722222222222222,68.33712767975717,69.98371592993107,100% of its competitor products substitute or undercut a Staples product,0.20408163265306123,0.6530612244897959,Weak,,,,False,0.0,0.0,
Furniture > Chairs & Seating > Accent & Waiting Room Chairs :: price_band=under $200 · colour_tone=bold,Furniture > Chairs & Seating > Accent & Waiting Room Chairs,Furniture > Chairs & Seating,2,"{""price_band"": ""under $200"", ""colour_tone"": ""bold""}","Any style — bold, under $200",0,24,0.85,38.489208633093526,0.6833333333333333,80.42139434814453,0.4535821904916646,24,0.0,0.625,0.0,0.0,0.0,0.041666666666666664,0.0,0.0,0.625,0.3333333333333333,0.0,False,0.8452380952380952,0.8551587301587301,13.893261506784262,0.0,0.022556390977443608,1.6660223483303511,0.97435,True,True,1.0402756497461594,-1.0,0.48950014447574663,0.21289728964012888,0.4114289740698986,False,blue|green|purple|red/pink|yellow/orange,,0.9007936507936508,0.9007936507936508,0.7370517928286853,0.6215139442231076,0.9325396825396826,83.91023208752293,87.4394485549864,62% of its competitor products substitute or undercut a Staples product,0.9591836734693877,0.8979591836734694,Strong,,,,False,0.0,0.0,
Furniture > Chairs & Seating > Accent & Waiting Room Chairs :: price_band=$200–$350 · colour_tone=bold · style_family=mid-century,Furniture > Chairs & Seating > Accent & Waiting Room Chairs,Furniture > Chairs & Seating,3,"{""price_band"": ""$200\u2013$350"", ""colour_tone"": ""bold"", ""style_family"": ""mid-century""}","Mid-century — bold, $200–$350",0,11,1.0,44.31654676258992,0.5,85.34540557861328,0.8421819040497461,11,0.45454545454545453,0.5454545454545454,0.0,0.45454545454545453,0.0,0.0,0.0,0.0,0.5454545454545454,0.0,0.0,False,0.9682539682539683,0.47619047619047616,10.078133771608206,0.0,0.010338345864661654,0.9096962661488743,0.8695,True,True,0.5203502170611722,-1.0,0.3977354862524072,0.4462015626417023,0.43672491544532127,False,blue|green|red/pink|yellow/orange,,0.7380952380952381,0.6626984126984127,0.6314741035856574,0.9701195219123506,0.9484126984126984,64.42072977929551,61.0818630240941,55% of its competitor products substitute or undercut a Staples product,0.5306122448979592,0.5306122448979592,Weak,,,,False,0.0,0.0,
Furniture > Chairs & Seating > Accent & Waiting Room Chairs :: price_band=under $200 · colour_tone=bold · style_family=modern · arm_type=fixed,Furniture > Chairs & Seating > Accent & Waiting Room Chairs,Furniture > Chairs & Seating,4,"{""price_band"": ""under $200"", ""colour_tone"": ""bold"", ""style_family"": ""modern"", ""arm_type"": ""fixed""}","Modern with arms — bold, under $200",0,11,1.0,40.28776978417266,0.55,88.7801513671875,0.5334209164377564,11,0.0,0.7272727272727273,0.0,0.0,0.0,0.0,0.0,0.0,0.7272727272727273,0.2727272727272727,0.0,False,0.9682539682539683,0.623015873015873,7.992252316833755,0.0,0.010338345864661654,0.9096962661488743,0.87275,True,True,0.9275562357093061,-1.0,0.3977354862524072,0.27443020943310065,0.44644870349492677,False,blue|green|red/pink|yellow/orange,,0.7380952380952381,0.8333333333333334,0.6314741035856574,0.7689243027888446,0.9603174603174603,64.99407133371278,65.58583127806236,73% of its competitor products substitute or undercut a Staples product,0.2857142857142857,0.5714285714285714,Weak,,,,False,0.0,0.0,
Furniture > Chairs & Seating > Accent & Waiting Room Chairs :: price_band=$200–$350 · colour_tone=warm-neutral · style_family=mid-century,Furniture > Chairs & Seating > Accent & Waiting Room Chairs,Furniture > Chairs & Seating,3,"{""price_band"": ""$200\u2013$350"", ""colour_tone"": ""warm-neutral"", ""style_family"": ""mid-century""}","Mid-century — warm neutral, $200–$350",0,14,0.9285714285714286,44.46642685851319,0.6,81.95460510253906,0.863364962892782,14,0.5714285714285714,0.21428571428571427,0.0,0.5714285714285714,0.0,0.07142857142857142,0.0,0.0,0.21428571428571427,0.14285714285714285,0.0,True,0.9087301587301587,0.7341269841269841,13.098423086669307,0.0,0.013157894736842105,1.1414978802061986,0.90785,True,True,0.5468065421959101,-1.0,0.5459734382919188,0.4879932829832241,0.45271984216459976,False,beige/cream|brown/wood|green|white,,0.8075396825396826,0.6944444444444444,0.8286852589641435,0.9800796812749004,0.9761904761904762,83.92710902422058,81.7225147030924,,0.8979591836734694,0.9183673469387755,Strong,91.17647058823529,1.0,0.03200204813108039,True,0.98,1.0,0.15625
Furniture > Chairs & Seating > Accent & Waiting Room Chairs :: price_band=under $200 · colour_tone=mid-neutral · style_family=modern,Furniture > Chairs & Seating > Accent & Waiting Room Chairs,Furniture > Chairs & Seating,3,"{""price_band"": ""under $200"", ""colour_tone"": ""mid-neutral"", ""style_family"": ""modern""}","Modern — mid neutral, under $200",0,11,0.6727272727272727,30.431654676258997,0.5833333333333334,80.76896667480469,0.3885355528742919,11,0.0,0.36363636363636365,0.0,0.0,0.0,0.09090909090909091,0.0,0.0,0.36363636363636365,0.5454545454545454,0.0,False,0.6944444444444444,0.6666666666666666,10.970566630649337,0.0,0.010338345864661654,0.9096962661488743,0.8702,True,True,1.0192626740915478,-1.0,0.35030324921561984,0.27443020943310065,0.39021984216459976,False,brown/wood|grey,,0.7380952380952381,0.8888888888888888,0.5697211155378487,0.7689243027888446,0.9246031746031746,64.64317333839247,65.02537469170935,36% of its competitor products substitute or undercut a Staples product,0.6530612244897959,0.5510204081632653,Weak,,,,False,0.0,0.0,
Furniture > Chairs & Seating > Accent & Waiting Room Chairs :: price_band=$600+ · colour_tone=light-neutral · style_family=traditional · arm_type=fixed,Furniture > Chairs & Seating > Accent & Waiting Room Chairs,Furniture > Chairs & Seating,4,"{""price_band"": ""$600+"", ""colour_tone"": ""light-neutral"", ""style_family"": ""traditional"", ""arm_type"": ""fixed""}","Traditional with arms — light neutral, $600+",0,17,1.0,44.172661870503596,0.6,88.89627075195312,3.2445559138500735,17,0.7058823529411765,0.11764705882352941,0.0,0.4117647058823529,0.29411764705882354,0.0,0.0,0.11764705882352941,0.0,0.17647058823529413,0.0,True,0.9682539682539683,0.7341269841269841,8.347384107162169,0.0,0.015977443609022556,1.3295501117091384,0.9436,True,True,1.030834090254433,1.0,0.5868648203362901,0.4167178098675376,0.3585118376550169,False,beige/cream|white,,0.8630952380952381,0.8968253968253969,0.8784860557768924,0.952191235059761,0.8849206349206349,88.87881015620059,87.89710206791881,,0.3469387755102041,1.0,Gap-led,61.76470588235294,8.0,0.029906956136464335,False,1.0,0.0,
Furniture > Chairs & Seating > Accent & Waiting Room Chairs :: price_band=$200–$350,Furniture > Chairs & Seating > Accent & Waiting Room Chairs,Furniture > Chairs & Seating,1,"{""price_band"": ""$200\u2013$350""}",Any style — $200–$350,0,23,0.6188207266229899,40.17985611510792,0.6666666666666666,80.51692199707031,0.8732747458607675,23,0.2608695652173913,0.43478260869565216,0.0,0.2608695652173913,0.0,0.13043478260869565,0.0,0.13043478260869565,0.30434782608695654,0.17391304347826086,0.0,False,0.6150793650793651,0.8293650793650794,11.780765607580554,0.0,0.021616541353383457,1.6243496519297833,0.97005,True,True,0.5171403399984806,-1.0,0.5982212969382708,0.053070510394462776,0.17178692220969555,False,beige/cream|black|brown/wood|green|metallic,,0.8968253968253969,0.6428571428571429,0.8884462151394422,0.14741035856573706,0.7023809523809523,70.31959463732372,79.27686081072535,43% of its competitor products substitute or undercut a Staples product,0.7346938775510204,0.6938775510204082,Strong,,,,False,0.0,0.0,
Furniture > Chairs & Seating > Accent & Waiting Room Chairs :: price_band=$600+,Furniture > Chairs & Seating > Accent & Waiting Room Chairs,Furniture > Chairs & Seating,1,"{""price_band"": ""$600+""}",Any style — $600+,0,46,0.8565217391304347,44.910071942446045,0.5,85.09545135498047,3.030000425311412,46,0.7608695652173914,0.17391304347826086,0.0,0.1956521739130435,0.5652173913043478,0.0,0.0,0.17391304347826086,0.0,0.06521739130434782,0.0,True,0.8531746031746031,0.47619047619047616,9.504726153991532,0.0,0.043233082706766915,2.3068015433729805,0.99745,True,True,1.1095095933293753,1.0,0.3758983962314537,0.1533045452375592,0.25591882750845546,False,multi/pattern,,0.9642857142857143,0.9206349206349206,0.6175298804780877,0.450199203187251,0.7896825396825397,80.02387276291658,84.91012141908556,,0.4489795918367347,0.8163265306122449,Gap-led,61.76470588235294,9.0,0.029709507042253523,False,0.805,0.0,
Furniture > Chairs & Seating > Accent & Waiting Room Chairs :: price_band=$600+ · colour_tone=metallic,Furniture > Chairs & Seating > Accent & Waiting Room Chairs,Furniture > Chairs & Seating,2,"{""price_band"": ""$600+"", ""colour_tone"": ""metallic""}","Any style — metallic, $600+",0,19,0.6947368421052632,49.02877697841726,0.75,85.1136703491211,2.6207326454282605,19,0.7368421052631579,0.0,0.0,0.631578947368421,0.10526315789473684,0.21052631578947367,0.0,0.0,0.0,0.05263157894736842,0.0,True,0.7222222222222222,0.9365079365079365,10.512924211856447,0.0,0.017857142857142856,1.437763696349371,0.95395,True,True,0.9054809660705674,1.0,0.7199250908625854,0.0916870030802446,0.06891206313416004,False,black|grey|metallic|red/pink,,0.876984126984127,0.8214285714285714,1.0,0.24701195219123506,0.49206349206349204,73.20914753683678,81.07142857142856,,0.5714285714285714,0.7551020408163265,Gap-led,61.76470588235294,10.0,0.02964426877470356,False,0.166,0.0,
Furniture > Chairs & Seating > Accent & Waiting Room Chairs :: price_band=$350–$600 · colour_tone=light-neutral · style_family=traditional,Furniture > Chairs & Seating > Accent & Waiting Room Chairs,Furniture > Chairs & Seating,3,"{""price_band"": ""$350\u2013$600"", ""colour_tone"": ""light-neutral"", ""style_family"": ""traditional""}","Traditional — light neutral, $350–$600",0,10,1.0,36.63669064748201,0.6,82.9801025390625,1.2007135141786065,10,0.6,0.1,0.0,0.5,0.1,0.0,0.0,0.1,0.0,0.3,0.0,True,0.9682539682539683,0.7341269841269841,12.410162117794608,0.0,0.009398496240601503,0.8187244879431476,0.8527,True,True,0.5451910994875515,1.0,0.5097673763319721,0.3360248497074519,0.41607948139797063,False,beige/cream|white,,0.7063492063492064,0.6904761904761905,0.7689243027888446,0.9023904382470119,0.9365079365079365,65.2879750837918,63.7316606589515,,0.8367346938775511,0.5918367346938775,Vector-led,64.70588235294117,5.0,0.029910714285714284,True,0.0,0.911,0.16666666666666669
Furniture > Chairs & Seating > Accent & Waiting Room Chairs :: price_band=$600+ · colour_tone=warm-neutral · style_family=traditional · arm_type=fixed,Furniture > Chairs & Seating > Accent & Waiting Room Chairs,Furniture > Chairs & Seating,4,"{""price_band"": ""$600+"", ""colour_tone"": ""warm-neutral"", ""style_family"": ""traditional"", ""arm_type"": ""fixed""}","Traditional with arms — warm neutral, $600+",0,10,0.9199999999999999,38.00359712230215,0.75,84.30665588378906,3.7749122064971115,10,0.8,0.0,0.0,0.1,0.7,0.1,0.0,0.0,0.0,0.1,0.0,True,0.9047619047619048,0.9365079365079365,11.852878872277982,0.0,0.009398496240601503,0.8187244879431476,0.85285,True,True,1.335205312593111,1.0,0.49679300414565314,0.3360248497074519,0.3300450958286358,False,beige/cream|brown/wood,,0.7063492063492064,0.9761904761904762,0.7609561752988048,0.9023904382470119,0.8611111111111112,69.75178650477454,69.20721874407134,,0.7551020408163265,0.673469387755102,Strong,64.70588235294117,6.0,0.029857397504456328,False,0.09,0.404,
Furniture > Chairs & Seating > Accent & Waiting Room Chairs :: price_band=$600+ · colour_tone=mid-neutral · style_family=contemporary,Furniture > Chairs & Seating > Accent & Waiting Room Chairs,Furniture > Chairs & Seating,3,"{""price_band"": ""$600+"", ""colour_tone"": ""mid-neutral"", ""style_family"": ""contemporary""}","Contemporary — mid neutral, $600+",0,11,0.36363636363636365,66.33093525179856,0.6,89.24365234375,7.886015000462977,11,0.7272727272727273,0.18181818181818182,0.0,0.09090909090909091,0.6363636363636364,0.0,0.0,0.18181818181818182,0.0,0.09090909090909091,0.0,True,0.2777777777777778,0.7341269841269841,5.459110523104953,0.0,0.010338345864661654,0.9096962661488743,0.87265,True,True,1.6264446607933603,1.0,0.35030324921561984,0.12198280918512154,0.18489289740698983,False,grey,,0.7380952380952381,1.0,0.5697211155378487,0.3426294820717131,0.7222222222222222,57.43525896414343,63.75553342186808,,0.02040816326530612,0.3877551020408163,Weak,14.705882352941178,16.0,0.02651914295749912,False,0.0,0.0,
Furniture > Chairs & Seating > Accent & Waiting Room Chairs :: price_band=$350–$600 · colour_tone=metallic,Furniture > Chairs & Seating > Accent & Waiting Room Chairs,Furniture > Chairs & Seating,2,"{""price_band"": ""$350\u2013$600"", ""colour_tone"": ""metallic""}","Any style — metallic, $350–$600",0,10,0.8400000000000001,44.52038369304556,0.775,88.19791030883789,1.1671721532379262,10,0.8,0.1,0.0,0.7,0.1,0.1,0.0,0.0,0.1,0.0,0.0,True,0.8293650793650794,0.9841269841269841,8.88469789185371,0.0,0.009398496240601503,0.8187244879431476,0.8523,True,True,0.5237285786260089,1.0,0.6163755503544088,0.20142598602812428,-0.05813134160090189,False,metallic|red/pink,,0.7063492063492064,0.6666666666666666,0.9083665338645418,0.6095617529880478,0.07539682539682539,49.59432112818567,48.70304496300512,,0.42857142857142855,0.30612244897959184,Weak,29.411764705882355,13.0,0.027402402402402402,False,0.0,0.0,
Furniture > Chairs & Seating > Breakroom & Dining Chairs :: price_band=under $200,Furniture > Chairs & Seating > Breakroom & Dining Chairs,Furniture > Chairs & Seating,1,"{""price_band"": ""under $200""}",Any style — under $200,3,20,1.0,42.82374100719425,0.6666666666666666,86.8339729309082,0.8351613045378843,20,0.4,0.55,0.0,0.4,0.0,0.0,0.0,0.05,0.5,0.05,0.0,False,0.9682539682539683,0.8293650793650794,10.157942451275801,0.0967741935483871,0.02706359945872801,-1.3732523657494942,0.027,False,False,0.745647833589601,1.0,0.0,0.07392409983550943,0.24802705749718157,True,grey|white,1.6666666666666667,0.05952380952380952,0.7658730158730159,0.20916334661354583,0.20318725099601595,0.7777777777777778,34.211052614937074,39.92731455131854,55% of its competitor products substitute or undercut a Staples product,0.5454545454545454,0.15151515151515152,Weak,,,,False,0.0,0.0,
Furniture > Chairs & Seating > Breakroom & Dining Chairs :: price_band=under $200 · colour_tone=dark-neutral,Furniture > Chairs & Seating > Breakroom & Dining Chairs,Furniture > Chairs & Seating,2,"{""price_band"": ""under $200"", ""colour_tone"": ""dark-neutral""}","Any style — dark neutral, under $200",3,25,0.56,41.726618705035975,0.48,81.53820037841797,0.7532360708255769,25,0.12,0.68,0.0,0.12,0.0,0.08,0.0,0.2,0.48,0.12,0.0,False,0.5238095238095238,0.38095238095238093,8.421021961683932,0.0967741935483871,0.03382949932341001,-1.1549987997294764,0.0473,False,False,0.2573496827618629,1.0,0.0,0.1523474442947561,0.08300450958286365,True,beige/cream|navy,1.0,0.09523809523809523,0.4246031746031746,0.20916334661354583,0.44621513944223107,0.5198412698412699,27.787026497185863,26.86183836084235,68% of its competitor products substitute or undercut a Staples product,0.24242424242424243,0.09090909090909091,Weak,,,,False,0.0,0.0,
Furniture > Chairs & Seating > Breakroom & Dining Chairs :: price_band=under $200 · colour_tone=bold,Furniture > Chairs & Seating > Breakroom & Dining Chairs,Furniture > Chairs & Seating,2,"{""price_band"": ""under $200"", ""colour_tone"": ""bold""}","Any style — bold, under $200",2,33,0.8181818181818182,41.223021582733814,0.75,76.40186309814453,0.7792112212649899,33,0.21212121212121213,0.5151515151515151,0.0,0.18181818181818182,0.030303030303030304,0.030303030303030304,0.0,0.030303030303030304,0.48484848484848486,0.24242424242424243,0.0,False,0.8174603174603174,0.9365079365079365,17.124063361767863,0.06451612903225806,0.044654939106901215,-0.5456595764416231,0.2624,False,False,0.3422132309484459,-1.0,0.5742772527875935,0.2898630091829934,0.11288049605411499,False,green|yellow/orange,1.5,0.2619047619047619,0.47619047619047616,0.8685258964143426,0.8286852589641435,0.5912698412698413,48.434357806867766,45.684009991778915,52% of its competitor products substitute or undercut a Staples product,0.9696969696969697,0.3939393939393939,Vector-led,,,,False,0.0,0.0,
Furniture > Chairs & Seating > Breakroom & Dining Chairs :: price_band=$400+ · colour_tone=dark-neutral,Furniture > Chairs & Seating > Breakroom & Dining Chairs,Furniture > Chairs & Seating,2,"{""price_band"": ""$400+"", ""colour_tone"": ""dark-neutral""}","Any style — dark neutral, $400+",2,23,0.7391304347826086,41.58273381294964,0.55,76.2822494506836,2.6475451716289657,23,0.782608695652174,0.08695652173913043,0.0,0.21739130434782608,0.5652173913043478,0.08695652173913043,0.0,0.08695652173913043,0.0,0.043478260869565216,0.0,True,0.7579365079365079,0.623015873015873,14.74232755167239,0.06451612903225806,0.03112313937753721,-0.9002045941225306,0.1457,False,False,1.0041307358116207,1.0,0.41382337632213045,0.22310382649655786,0.011414881623449835,False,navy|white,1.0,0.15873015873015872,0.8809523809523809,0.6414342629482072,0.6613545816733067,0.28174603174603174,44.16484854233859,43.26519319547208,,0.7575757575757576,0.2727272727272727,Vector-led,57.14285714285714,3.0,0.029957522915269395,True,0.0,1.0,0.08024691358024691
Furniture > Chairs & Seating > Breakroom & Dining Chairs :: price_band=$200–$250 · colour_tone=warm-neutral,Furniture > Chairs & Seating > Breakroom & Dining Chairs,Furniture > Chairs & Seating,2,"{""price_band"": ""$200\u2013$250"", ""colour_tone"": ""warm-neutral""}","Any style — warm neutral, $200–$250",7,26,0.5384615384615384,41.74460431654677,0.3875,85.06310272216797,0.9870059438587357,26,0.23076923076923078,0.5769230769230769,0.0,0.19230769230769232,0.038461538461538464,0.038461538461538464,0.0,0.5769230769230769,0.0,0.15384615384615385,0.0,False,0.49603174603174605,0.25396825396825395,6.153107886737484,0.22580645161290322,0.035182679296346414,-1.878672570948577,5e-05,False,False,0.025948972157280592,-1.0,0.0,0.18884781980714088,-0.059611048478015904,True,grey,1.2857142857142858,0.011904761904761904,0.015873015873015872,0.20916334661354583,0.5657370517928287,0.07142857142857142,13.220728198317838,6.216997091001075,58% of its competitor products substitute or undercut a Staples product,0.06060606060606061,0.0,Weak,,,,False,0.0,0.0,
Furniture > Chairs & Seating > Breakroom & Dining Chairs :: price_band=under $200 · colour_tone=warm-neutral,Furniture > Chairs & Seating > Breakroom & Dining Chairs,Furniture > Chairs & Seating,2,"{""price_band"": ""under $200"", ""colour_tone"": ""warm-neutral""}","Any style — warm neutral, under $200",4,34,0.5588235294117647,41.58273381294964,0.35000000000000003,85.06312561035156,0.7136981329892335,34,0.058823529411764705,0.7058823529411765,0.0,0.058823529411764705,0.0,0.0,0.0,0.14705882352941177,0.5588235294117647,0.23529411764705882,0.0,False,0.5198412698412699,0.2261904761904762,6.202154585553099,0.12903225806451613,0.046008119079837616,-1.104032356137449,0.02965,False,False,0.08522521923223984,-1.0,0.0,0.1679288345081033,-0.13268038331454335,True,black|grey|red/pink|white,1.0,0.10515873015873016,0.23412698412698413,0.20916334661354583,0.5059760956175299,0.011904761904761904,17.428480522355024,12.114814551318537,71% of its competitor products substitute or undercut a Staples product,0.09090909090909091,0.06060606060606061,Weak,,,,False,0.0,0.0,
Furniture > Chairs & Seating > Breakroom & Dining Chairs :: price_band=$400+,Furniture > Chairs & Seating > Breakroom & Dining Chairs,Furniture > Chairs & Seating,1,"{""price_band"": ""$400+""}",Any style — $400+,1,20,0.95,42.03237410071942,0.78,84.49110412597656,3.518707657003505,20,0.75,0.0,0.0,0.55,0.2,0.05,0.0,0.0,0.0,0.2,0.0,True,0.9285714285714286,0.9880952380952381,12.2671965988959,0.03225806451612903,0.02706359945872801,-0.5259545053622907,0.3619,False,False,1.3196399307681792,1.0,0.3542628557675992,0.23541031927084716,0.008385005636978526,False,beige/cream|black|brown/wood|metallic,2.0,0.27380952380952384,0.9722222222222222,0.5856573705179283,0.6892430278884463,0.25793650793650796,47.22866470625434,45.96909979131095,,0.696969696969697,0.3333333333333333,Vector-led,57.14285714285714,4.0,0.029877369007803793,True,0.01,1.0,0.07555555555555556
Furniture > Chairs & Seating > Breakroom & Dining Chairs :: price_band=$250–$400 · colour_tone=warm-neutral,Furniture > Chairs & Seating > Breakroom & Dining Chairs,Furniture > Chairs & Seating,2,"{""price_band"": ""$250\u2013$400"", ""colour_tone"": ""warm-neutral""}","Any style — warm neutral, $250–$400",3,33,0.6363636363636364,41.58273381294964,0.4,85.06310272216797,1.4285899822503139,33,0.3333333333333333,0.5454545454545454,0.0,0.24242424242424243,0.09090909090909091,0.0,0.0,0.5151515151515151,0.030303030303030304,0.12121212121212122,0.0,False,0.6527777777777778,0.3055555555555556,7.392077632350601,0.0967741935483871,0.044654939106901215,-0.8821318130628361,0.09475,False,False,0.0841299961359861,1.0,0.0,0.08691999391179052,-0.060597519729425064,True,navy|white,1.0,0.16666666666666666,0.23015873015873015,0.20916334661354583,0.23107569721115537,0.06746031746031746,15.13533168911655,14.203108202112185,55% of its competitor products substitute or undercut a Staples product,0.15151515151515152,0.030303030303030304,Weak,,,,False,0.0,0.0,
Furniture > Chairs & Seating > Breakroom & Dining Chairs :: price_band=$200–$250,Furniture > Chairs & Seating > Breakroom & Dining Chairs,Furniture > Chairs & Seating,1,"{""price_band"": ""$200\u2013$250""}",Any style — $200–$250,1,13,1.0,41.510791366906474,0.7333333333333334,85.06310272216797,0.9556433727166418,13,0.6923076923076923,0.23076923076923078,0.0,0.6923076923076923,0.0,0.0,0.0,0.15384615384615385,0.07692307692307693,0.07692307692307693,0.0,True,0.9682539682539683,0.8968253968253969,11.717294015038211,0.03225806451612903,0.017591339648173207,-0.9436897060622694,0.2318,False,False,0.3596462908079099,1.0,0.32966374250502517,0.2876425283938938,-0.00267756482525372,False,beige/cream|blue|metallic,2.0,0.15476190476190477,0.49603174603174605,0.5537848605577689,0.8207171314741036,0.20634920634920634,36.341736229684436,30.311808322266494,,0.6666666666666666,0.18181818181818182,Vector-led,35.714285714285715,13.0,0.028665028665028666,False,0.0,0.007,
Furniture > Chairs & Seating > Breakroom & Dining Chairs :: price_band=$200–$250 · colour_tone=bold,Furniture > Chairs & Seating > Breakroom & Dining Chairs,Furniture > Chairs & Seating,2,"{""price_band"": ""$200\u2013$250"", ""colour_tone"": ""bold""}","Any style — bold, $200–$250",1,14,0.6428571428571429,42.482014388489205,0.6333333333333333,86.12752532958984,1.1806501669202363,14,0.7142857142857143,0.0,0.0,0.6428571428571429,0.07142857142857142,0.14285714285714285,0.0,0.0,0.0,0.14285714285714285,0.0,True,0.6666666666666666,0.8095238095238095,8.737259042458238,0.03225806451612903,0.018944519621109608,-0.8722307420801245,0.2498,False,False,0.3492762714386638,1.0,0.46003976870590935,0.1684125308151,0.09293968432919941,False,beige/cream|blue|green|purple,1.0,0.17063492063492064,0.48412698412698413,0.6812749003984063,0.5099601593625498,0.5357142857142857,38.57289097577942,39.42906943653956,,0.30303030303030304,0.21212121212121213,Weak,10.714285714285714,15.0,0.027212143650499815,False,0.0,0.0,
Furniture > Chairs & Seating > Breakroom & Dining Chairs :: price_band=$250–$400 · colour_tone=light-neutral,Furniture > Chairs & Seating > Breakroom & Dining Chairs,Furniture > Chairs & Seating,2,"{""price_band"": ""$250\u2013$400"", ""colour_tone"": ""light-neutral""}","Any style — light neutral, $250–$400",1,32,1.0,41.76258992805756,0.5,76.0009536743164,1.4577442483447693,32,0.5,0.3125,0.0,0.46875,0.03125,0.0625,0.0,0.3125,0.0,0.125,0.0,False,0.9682539682539683,0.47619047619047616,16.320543643197365,0.03225806451612903,0.04330175913396482,-0.06513930217096138,0.56445,False,False,0.5202206288608354,1.0,0.6733735565764648,0.28448376463439456,0.1339487034949267,False,brown/wood|grey|white,1.0,0.43253968253968256,0.6587301587301587,0.9621513944223108,0.8007968127490039,0.6309523809523809,56.652556440903055,55.89977392019225,31% of its competitor products substitute or undercut a Staples product,0.8787878787878788,0.6060606060606061,Vector-led,,,,False,0.0,0.0,
Furniture > Chairs & Seating > Breakroom & Dining Chairs :: price_band=$200–$250 · colour_tone=mid-neutral,Furniture > Chairs & Seating > Breakroom & Dining Chairs,Furniture > Chairs & Seating,2,"{""price_band"": ""$200\u2013$250"", ""colour_tone"": ""mid-neutral""}","Any style — mid neutral, $200–$250",1,11,0.9090909090909091,41.76258992805756,0.55,85.06310272216797,0.9913849084375946,11,0.5454545454545454,0.2727272727272727,0.0,0.36363636363636365,0.18181818181818182,0.0,0.0,0.18181818181818182,0.09090909090909091,0.18181818181818182,0.0,True,0.8908730158730159,0.623015873015873,10.185986998418537,0.03225806451612903,0.014884979702300407,-1.104032356137449,0.1899,False,False,0.36310723749304896,1.0,0.46483430498021305,0.27974958869518657,0.040445321307779,False,,1.0,0.10515873015873016,0.5198412698412699,0.6892430278884463,0.7928286852589641,0.38095238095238093,40.18246458610004,36.24021770062607,,0.5757575757575758,0.24242424242424243,Weak,32.14285714285714,14.0,0.028381642512077296,False,0.0,0.0,
Furniture > Chairs & Seating > Breakroom & Dining Chairs :: price_band=$200–$250 · colour_tone=dark-neutral,Furniture > Chairs & Seating > Breakroom & Dining Chairs,Furniture > Chairs & Seating,2,"{""price_band"": ""$200\u2013$250"", ""colour_tone"": ""dark-neutral""}","Any style — dark neutral, $200–$250",1,21,0.7619047619047619,41.76258992805756,0.6,76.91897583007812,0.9879027380136296,21,0.6666666666666666,0.19047619047619047,0.0,0.6666666666666666,0.0,0.047619047619047616,0.0,0.14285714285714285,0.047619047619047616,0.09523809523809523,0.0,True,0.7658730158730159,0.7341269841269841,15.082580824396006,0.03225806451612903,0.028416779431664412,-0.47832645637303617,0.3905,False,False,0.3397899087947531,1.0,0.4028843838410404,0.1434915981374792,0.006200676437429498,False,beige/cream|brown/wood|grey|navy,1.0,0.2777777777777778,0.4722222222222222,0.6374501992031872,0.3904382470119522,0.24603174603174602,33.414358439258834,34.33630557136533,,0.7878787878787878,0.12121212121212122,Vector-led,46.42857142857143,10.0,0.02946236559139785,False,0.0,1.0,
Furniture > Chairs & Seating > Breakroom & Dining Chairs :: price_band=$250–$400 · colour_tone=mid-neutral,Furniture > Chairs & Seating > Breakroom & Dining Chairs,Furniture > Chairs & Seating,2,"{""price_band"": ""$250\u2013$400"", ""colour_tone"": ""mid-neutral""}","Any style — mid neutral, $250–$400",1,33,0.8484848484848485,41.726618705035975,0.6,84.86447143554688,1.4516311141578289,33,0.6363636363636364,0.09090909090909091,0.0,0.5151515151515151,0.12121212121212122,0.030303030303030304,0.0,0.09090909090909091,0.0,0.24242424242424243,0.0,True,0.8412698412698413,0.7341269841269841,10.402391943300481,0.03225806451612903,0.044654939106901215,-0.0348339526756325,0.58445,False,False,0.4959850499258209,1.0,0.6224559624556545,0.2324418142501833,0.06017474633596387,False,,1.0,0.4365079365079365,0.623015873015873,0.9123505976095617,0.6852589641434262,0.4444444444444444,50.73001644216784,50.35018655536584,,0.6060606060606061,0.45454545454545453,Weak,53.57142857142857,7.0,0.029631255487269532,False,0.029,0.0,
Furniture > Chairs & Seating > Breakroom & Dining Chairs :: price_band=$250–$400 · colour_tone=bold,Furniture > Chairs & Seating > Breakroom & Dining Chairs,Furniture > Chairs & Seating,2,"{""price_band"": ""$250\u2013$400"", ""colour_tone"": ""bold""}","Any style — bold, $250–$400",0,17,0.7058823529411765,41.58273381294964,0.6666666666666667,85.12521362304688,1.540153585838865,17,0.7058823529411765,0.0,0.0,0.47058823529411764,0.23529411764705882,0.0,0.0,0.0,0.0,0.29411764705882354,0.0,True,0.7301587301587301,0.8452380952380952,9.886216682964662,0.0,0.023004059539918808,0.41443377809092485,0.76745,True,True,0.46746793415306176,1.0,0.48846556542156416,0.27983934080304973,0.14867531003382184,False,blue|green|purple|red/pink|yellow/orange,,0.5634920634920635,0.5793650793650794,0.7250996015936255,0.796812749003984,0.6666666666666666,54.27709795737684,52.18056346044394,,0.5151515151515151,0.5454545454545454,Weak,50.0,9.0,0.029437229437229435,False,0.24,0.0,
Furniture > Chairs & Seating > Breakroom & Dining Chairs :: price_band=$200–$250 · colour_tone=light-neutral · style_family=modern,Furniture > Chairs & Seating > Breakroom & Dining Chairs,Furniture > Chairs & Seating,3,"{""price_band"": ""$200\u2013$250"", ""colour_tone"": ""light-neutral"", ""style_family"": ""modern""}","Modern — light neutral, $200–$250",0,14,1.0,41.6726618705036,0.48333333333333334,76.0009536743164,1.0226418890727325,14,0.2857142857142857,0.42857142857142855,0.0,0.2857142857142857,0.0,0.0,0.0,0.42857142857142855,0.0,0.2857142857142857,0.0,False,0.9682539682539683,0.38492063492063494,15.766471793146536,0.0,0.018944519621109608,0.2263815465879852,0.7262,True,True,0.3624442432171455,1.0,0.5521202054962402,0.6121410842282144,0.21624859075535507,False,beige/cream|white|yellow/orange,,0.5257936507936508,0.5119047619047619,0.8386454183266933,0.9900398406374502,0.753968253968254,58.17928682097009,53.85128138240689,43% of its competitor products substitute or undercut a Staples product,0.8181818181818182,0.6666666666666666,Strong,,,,False,0.0,0.0,
Furniture > Chairs & Seating > Breakroom & Dining Chairs :: price_band=$250–$400 · colour_tone=light-neutral · style_family=traditional,Furniture > Chairs & Seating > Breakroom & Dining Chairs,Furniture > Chairs & Seating,3,"{""price_band"": ""$250\u2013$400"", ""colour_tone"": ""light-neutral"", ""style_family"": ""traditional""}","Traditional — light neutral, $250–$400",0,15,0.8666666666666667,42.15827338129496,0.5,86.56997680664062,1.5322795274002983,15,0.4,0.3333333333333333,0.0,0.3333333333333333,0.06666666666666667,0.06666666666666667,0.0,0.3333333333333333,0.0,0.2,0.0,False,0.8571428571428571,0.47619047619047616,8.477523855984966,0.0,0.02029769959404601,0.2930729210866574,0.7388,True,True,0.5049377962792941,1.0,0.5634453894593148,0.3532404769845724,0.16290868094701239,False,beige/cream|white,,0.5476190476190477,0.6309523809523809,0.8565737051792829,0.9123505976095617,0.6865079365079365,59.03386454183267,56.21877569088725,33% of its competitor products substitute or undercut a Staples product,0.2727272727272727,0.7575757575757576,Gap-led,,,,False,0.0,0.0,
Furniture > Chairs & Seating > Breakroom & Dining Chairs :: price_band=$400+ · colour_tone=light-neutral · style_family=traditional,Furniture > Chairs & Seating > Breakroom & Dining Chairs,Furniture > Chairs & Seating,3,"{""price_band"": ""$400+"", ""colour_tone"": ""light-neutral"", ""style_family"": ""traditional""}","Traditional — light neutral, $400+",0,13,1.0,41.76258992805756,0.5333333333333334,76.0009536743164,2.4077834179357023,13,0.46153846153846156,0.3076923076923077,0.0,0.38461538461538464,0.07692307692307693,0.07692307692307693,0.0,0.3076923076923077,0.0,0.15384615384615385,0.0,False,0.9682539682539683,0.5912698412698413,17.01099239661485,0.0,0.017591339648173207,0.15492258260584024,0.70985,True,True,1.0878691167172738,1.0,0.5397697473431344,0.33463810359254254,0.11048478015783536,False,beige/cream|white,,0.503968253968254,0.9126984126984127,0.8167330677290837,0.896414342629482,0.5793650793650794,61.46110004426738,59.558867703788025,31% of its competitor products substitute or undercut a Staples product,0.9393939393939394,0.8181818181818182,Strong,,,,False,0.0,0.0,
Furniture > Chairs & Seating > Breakroom & Dining Chairs :: price_band=under $200 · colour_tone=light-neutral,Furniture > Chairs & Seating > Breakroom & Dining Chairs,Furniture > Chairs & Seating,2,"{""price_band"": ""under $200"", ""colour_tone"": ""light-neutral""}","Any style — light neutral, under $200",0,32,0.8125,41.58273381294964,0.5,85.19999694824219,0.7570393509479805,32,0.09375,0.65625,0.0,0.09375,0.0,0.09375,0.0,0.15625,0.5,0.15625,0.0,False,0.8095238095238095,0.47619047619047616,8.999608570345874,0.0,0.04330175913396482,1.0334729864971484,0.9036,True,True,0.3758481914209093,-1.0,0.6733735565764648,0.0814097820068439,0.15818771138669674,False,beige/cream|blue|grey|white,,0.7777777777777778,0.5238095238095238,0.9621513944223108,0.21912350597609562,0.6785714285714286,65.59610763296021,73.1319167773351,66% of its competitor products substitute or undercut a Staples product,0.36363636363636365,0.9090909090909091,Gap-led,,,,False,0.0,0.0,
Furniture > Chairs & Seating > Breakroom & Dining Chairs :: price_band=$400+ · colour_tone=light-neutral · style_family=modern,Furniture > Chairs & Seating > Breakroom & Dining Chairs,Furniture > Chairs & Seating,3,"{""price_band"": ""$400+"", ""colour_tone"": ""light-neutral"", ""style_family"": ""modern""}","Modern — light neutral, $400+",0,14,1.0,42.98561151079137,0.5166666666666667,86.56997680664062,2.41883877668835,14,0.7857142857142857,0.14285714285714285,0.0,0.5714285714285714,0.21428571428571427,0.0,0.0,0.14285714285714285,0.0,0.07142857142857142,0.0,True,0.9682539682539683,0.5674603174603174,9.488797547733647,0.0,0.018944519621109608,0.2263815465879852,0.72625,True,True,1.1687824053745026,1.0,0.5521202054962402,0.6121410842282144,0.24499718151071015,False,beige/cream|black|white,,0.5257936507936508,0.9404761904761905,0.8386454183266933,0.9900398406374502,0.7738095238095238,67.04833444001771,64.962392493518,,0.42424242424242425,0.9393939393939394,Gap-led,60.71428571428571,2.0,0.03028233151183971,True,1.0,0.0,0.14049586776859505
Furniture > Chairs & Seating > Breakroom & Dining Chairs :: price_band=under $200 · colour_tone=light-neutral · style_family=modern,Furniture > Chairs & Seating > Breakroom & Dining Chairs,Furniture > Chairs & Seating,3,"{""price_band"": ""under $200"", ""colour_tone"": ""light-neutral"", ""style_family"": ""modern""}","Modern — light neutral, under $200",0,18,1.0,41.27697841726619,0.5333333333333334,76.92025375366211,0.7742982668493992,18,0.2222222222222222,0.7222222222222222,0.0,0.2222222222222222,0.0,0.0,0.0,0.0,0.7222222222222222,0.05555555555555555,0.0,False,0.9682539682539683,0.5912698412698413,16.3257511881534,0.0,0.02435723951285521,0.47000362924573563,0.7837,True,True,0.36202509656933934,-1.0,0.5924590050223859,0.6545925549114611,0.1402198421645997,False,beige/cream|brown/wood|clear|grey|white,,0.5873015873015873,0.5079365079365079,0.8844621513944223,0.9960159362549801,0.6547619047619048,58.465107822677545,53.760671599317014,72% of its competitor products substitute or undercut a Staples product,0.9090909090909091,0.696969696969697,Strong,,,,False,0.0,0.0,
Furniture > Chairs & Seating > Breakroom & Dining Chairs :: price_band=$200–$250 · colour_tone=light-neutral,Furniture > Chairs & Seating > Breakroom & Dining Chairs,Furniture > Chairs & Seating,2,"{""price_band"": ""$200\u2013$250"", ""colour_tone"": ""light-neutral""}","Any style — light neutral, $200–$250",0,30,0.9,42.89568345323741,0.49,85.68507385253906,0.9761377933966766,30,0.4,0.43333333333333335,0.0,0.4,0.0,0.06666666666666667,0.0,0.4,0.03333333333333333,0.1,0.0,False,0.876984126984127,0.3888888888888889,8.88315790765999,0.0,0.04059539918809202,0.9699595807748224,0.8834,True,True,0.359938676172721,1.0,0.6651851161714359,0.10998719367900078,0.17397125140924463,False,beige/cream|clear|green|grey|white,,0.7619047619047619,0.503968253968254,0.9482071713147411,0.2908366533864542,0.7063492063492064,52.59359387845443,59.023667235818635,43% of its competitor products substitute or undercut a Staples product,0.3333333333333333,0.48484848484848486,Weak,,,,False,0.0,0.0,
Furniture > Chairs & Seating > Breakroom & Dining Chairs :: price_band=$400+ · colour_tone=light-neutral · style_family=mid-century,Furniture > Chairs & Seating > Breakroom & Dining Chairs,Furniture > Chairs & Seating,3,"{""price_band"": ""$400+"", ""colour_tone"": ""light-neutral"", ""style_family"": ""mid-century""}","Mid-century — light neutral, $400+",0,11,0.6363636363636364,41.76258992805756,0.5,85.06310272216797,3.1174946354103406,11,0.5454545454545454,0.18181818181818182,0.0,0.2727272727272727,0.2727272727272727,0.0,0.0,0.18181818181818182,0.0,0.2727272727272727,0.0,True,0.6527777777777778,0.47619047619047616,8.037326179682777,0.0,0.014884979702300407,-0.005420067469339145,0.6671,True,True,1.2462495549372143,1.0,0.5113323351526462,0.4252537928349075,0.23844419391206306,False,beige/cream|brown/wood|white,,0.4503968253968254,0.9642857142857143,0.7749003984063745,0.9581673306772909,0.7698412698412699,64.71129371403276,62.88392066654019,,0.21212121212121213,0.8787878787878788,Gap-led,46.42857142857143,11.0,0.02946236559139785,False,1.0,0.0,
Furniture > Chairs & Seating > Breakroom & Dining Chairs :: price_band=$400+ · colour_tone=warm-neutral,Furniture > Chairs & Seating > Breakroom & Dining Chairs,Furniture > Chairs & Seating,2,"{""price_band"": ""$400+"", ""colour_tone"": ""warm-neutral""}","Any style — warm neutral, $400+",0,44,0.5454545454545454,41.58273381294964,0.3333333333333333,85.06310272216797,2.525480233457064,44,0.3409090909090909,0.45454545454545453,0.0,0.22727272727272727,0.11363636363636363,0.022727272727272728,0.0,0.45454545454545453,0.0,0.18181818181818182,0.0,False,0.5119047619047619,0.1865079365079365,6.000634522838272,0.0,0.05953991880920163,1.347722086333651,0.9481,True,True,1.0617472274014772,1.0,0.24935238884603542,0.27844334273010074,0.0968855693348365,False,beige/cream|black|brown/wood|white,,0.8690476190476191,0.9087301587301587,0.5378486055776892,0.7888446215139442,0.5515873015873016,76.76547777145387,74.92363877822046,45% of its competitor products substitute or undercut a Staples product,0.030303030303030304,0.9696969696969697,Gap-led,,,,False,0.0,0.0,
Furniture > Chairs & Seating > Breakroom & Dining Chairs :: price_band=$250–$400 · colour_tone=dark-neutral,Furniture > Chairs & Seating > Breakroom & Dining Chairs,Furniture > Chairs & Seating,2,"{""price_band"": ""$250\u2013$400"", ""colour_tone"": ""dark-neutral""}","Any style — dark neutral, $250–$400",0,27,0.5925925925925926,41.58273381294964,0.55,76.0009536743164,1.5234335082911423,27,0.7407407407407407,0.1111111111111111,0.0,0.5555555555555556,0.18518518518518517,0.0,0.0,0.1111111111111111,0.0,0.14814814814814814,0.0,True,0.5595238095238095,0.623015873015873,12.77440158620087,0.0,0.036535859269282815,0.8664189018339821,0.86955,True,True,0.5350692173532977,1.0,0.4323793678513946,0.13951321210705864,-0.0014092446448703555,False,black|blue|navy|red/pink,,0.7162698412698413,0.6785714285714286,0.6573705179282868,0.38645418326693226,0.21031746031746032,44.91828321634099,46.85276750142288,,0.7272727272727273,0.30303030303030304,Vector-led,57.14285714285714,5.0,0.029910714285714284,True,0.001,0.993,0.07
Furniture > Chairs & Seating > Breakroom & Dining Chairs :: price_band=$250–$400 · colour_tone=light-neutral · style_family=mid-century,Furniture > Chairs & Seating > Breakroom & Dining Chairs,Furniture > Chairs & Seating,3,"{""price_band"": ""$250\u2013$400"", ""colour_tone"": ""light-neutral"", ""style_family"": ""mid-century""}","Mid-century — light neutral, $250–$400",0,12,0.5,42.57194244604317,0.46666666666666673,87.09796905517578,1.6019337816274528,12,0.4166666666666667,0.4166666666666667,0.0,0.16666666666666666,0.25,0.0,0.0,0.4166666666666667,0.0,0.16666666666666666,0.0,False,0.45634920634920634,0.37103174603174605,5.494083535547355,0.0,0.016238159675236806,0.07796154146971192,0.69565,True,True,0.5237582175111473,1.0,0.5262375775008412,0.4386160714737545,0.2741685456595264,False,beige/cream|brown/wood|white,,0.47619047619047616,0.6706349206349206,0.8047808764940239,0.9641434262948207,0.8015873015873016,60.303705811673936,57.22656991083286,42% of its competitor products substitute or undercut a Staples product,0.0,0.7878787878787878,Gap-led,,,,False,0.0,0.0,
Furniture > Chairs & Seating > Breakroom & Dining Chairs :: price_band=$250–$400 · colour_tone=light-neutral · style_family=modern,Furniture > Chairs & Seating > Breakroom & Dining Chairs,Furniture > Chairs & Seating,3,"{""price_band"": ""$250\u2013$400"", ""colour_tone"": ""light-neutral"", ""style_family"": ""modern""}","Modern — light neutral, $250–$400",0,22,0.9090909090909091,41.58273381294964,0.5549999999999999,86.12752532958984,1.3749671235172898,22,0.5454545454545454,0.2727272727272727,0.0,0.4090909090909091,0.13636363636363635,0.045454545454545456,0.0,0.2727272727272727,0.0,0.13636363636363635,0.0,True,0.8908730158730159,0.6468253968253969,9.535209504311874,0.0,0.029769959404600813,0.665748206371831,0.8271,True,True,0.48978886475148226,1.0,0.6226403323278915,0.6862258534773786,0.15184611048478014,False,beige/cream|brown/wood|white,,0.6507936507936508,0.6111111111111112,0.9163346613545816,1.0,0.6746031746031746,62.475178650477446,58.48542338582179,,0.45454545454545453,0.8484848484848485,Gap-led,57.14285714285714,6.0,0.029957522915269395,False,0.99,0.0,
Furniture > Chairs & Seating > Breakroom & Dining Chairs :: price_band=$400+ · colour_tone=light-neutral,Furniture > Chairs & Seating > Breakroom & Dining Chairs,Furniture > Chairs & Seating,2,"{""price_band"": ""$400+"", ""colour_tone"": ""light-neutral""}","Any style — light neutral, $400+",0,33,0.9090909090909091,41.58273381294964,0.5,75.06310272216797,3.102698685493985,33,0.42424242424242425,0.3333333333333333,0.0,0.24242424242424243,0.18181818181818182,0.030303030303030304,0.0,0.3333333333333333,0.0,0.21212121212121213,0.0,False,0.8908730158730159,0.47619047619047616,16.076535330223848,0.0,0.044654939106901215,1.0637783359924773,0.9048,True,True,1.1762240092482688,1.0,0.6771954253504356,0.20985437172587382,0.14120631341600898,False,beige/cream|clear|green|white,,0.7896825396825397,0.9523809523809523,0.9681274900398407,0.6175298804780877,0.6626984126984127,80.41184468475305,84.06493075317776,33% of its competitor products substitute or undercut a Staples product,0.8484848484848485,1.0,Strong,,,,False,0.0,0.0,
Furniture > Chairs & Seating > Breakroom & Dining Chairs :: price_band=$400+ · colour_tone=mid-neutral,Furniture > Chairs & Seating > Breakroom & Dining Chairs,Furniture > Chairs & Seating,2,"{""price_band"": ""$400+"", ""colour_tone"": ""mid-neutral""}","Any style — mid neutral, $400+",0,19,0.6842105263157895,41.58273381294964,0.6,85.06310272216797,2.1692481235628445,19,0.8421052631578947,0.10526315789473684,0.0,0.5789473684210527,0.2631578947368421,0.0,0.0,0.10526315789473684,0.0,0.05263157894736842,0.0,True,0.7103174603174603,0.7341269841269841,9.379218430919327,0.0,0.02571041948579161,0.5226473627311576,0.79605,True,True,1.0294554991700686,1.0,0.5495470581768207,0.2847241725210611,0.04763246899661777,False,brown/wood|grey,,0.5992063492063492,0.8928571428571429,0.8326693227091634,0.8047808764940239,0.40476190476190477,58.97643552773035,57.55616423196105,,0.3939393939393939,0.7272727272727273,Gap-led,46.42857142857143,12.0,0.0293236301369863,False,0.938,0.0,
Furniture > Chairs & Seating > Breakroom & Dining Chairs :: price_band=$250–$400 · colour_tone=warm-neutral · style_family=traditional,Furniture > Chairs & Seating > Breakroom & Dining Chairs,Furniture > Chairs & Seating,3,"{""price_band"": ""$250\u2013$400"", ""colour_tone"": ""warm-neutral"", ""style_family"": ""traditional""}","Traditional — warm neutral, $250–$400",0,11,0.6363636363636364,41.58273381294964,0.375,84.07372283935547,1.2581456896177707,11,0.09090909090909091,0.7272727272727273,0.0,0.09090909090909091,0.0,0.09090909090909091,0.0,0.7272727272727273,0.0,0.09090909090909091,0.0,False,0.6527777777777778,0.24404761904761904,7.636810852683298,0.0,0.014884979702300407,-0.005420067469339145,0.67005,True,True,0.4880696609030004,1.0,0.11936063955201698,0.31237919035968476,0.07257609921082298,False,beige/cream|blue|brown/wood,,0.4503968253968254,0.6031746031746031,0.47410358565737054,0.8565737051792829,0.5079365079365079,47.52464348953393,42.60211139568709,73% of its competitor products substitute or undercut a Staples product,0.18181818181818182,0.36363636363636365,Weak,,,,False,0.0,0.0,
Furniture > Chairs & Seating > Breakroom & Dining Chairs :: price_band=$400+ · colour_tone=bold,Furniture > Chairs & Seating > Breakroom & Dining Chairs,Furniture > Chairs & Seating,2,"{""price_band"": ""$400+"", ""colour_tone"": ""bold""}","Any style — bold, $400+",0,11,0.9090909090909091,41.58273381294964,0.6875,75.06310272216797,2.5546472200287984,11,0.7272727272727273,0.0,0.0,0.18181818181818182,0.5454545454545454,0.18181818181818182,0.0,0.0,0.0,0.09090909090909091,0.0,True,0.8908730158730159,0.8611111111111112,18.476216913507287,0.0,0.014884979702300407,-0.005420067469339145,0.6688,True,True,1.2071948868642692,1.0,0.4233742936072836,0.2974027296249664,0.09301014656144302,False,blue|green|yellow/orange,,0.4503968253968254,0.9563492063492064,0.649402390438247,0.8366533864541833,0.5396825396825397,57.39500332005312,55.57237320559034,,1.0,0.6363636363636364,Vector-led,85.71428571428572,1.0,0.03177805800756621,True,0.787,1.0,0.15625
Furniture > Chairs & Seating > Breakroom & Dining Chairs :: price_band=$250–$400,Furniture > Chairs & Seating > Breakroom & Dining Chairs,Furniture > Chairs & Seating,1,"{""price_band"": ""$250\u2013$400""}",Any style — $250–$400,0,27,1.0,41.58273381294964,0.7,85.06310272216797,1.3799622797736788,27,0.6666666666666666,0.18518518518518517,0.0,0.48148148148148145,0.18518518518518517,0.037037037037037035,0.0,0.18518518518518517,0.0,0.1111111111111111,0.0,True,0.9682539682539683,0.873015873015873,11.631607702973362,0.0,0.036535859269282815,0.8664189018339821,0.8673,True,True,0.47368410444606734,1.0,0.37387946621235274,0.22529305389762067,0.03480834272829758,False,beige/cream|black|metallic|red/pink,,0.7162698412698413,0.5952380952380952,0.6095617529880478,0.6653386454183267,0.3531746031746032,48.86060915069879,46.67040172642763,,0.6363636363636364,0.42424242424242425,Weak,53.57142857142857,8.0,0.029631255487269532,False,0.005,0.0,
Furniture > Chairs & Seating > Breakroom & Dining Chairs :: price_band=under $200 · colour_tone=mid-neutral,Furniture > Chairs & Seating > Breakroom & Dining Chairs,Furniture > Chairs & Seating,2,"{""price_band"": ""under $200"", ""colour_tone"": ""mid-neutral""}","Any style — mid neutral, under $200",0,20,0.8,41.58273381294964,0.5599999999999999,85.06310272216797,0.6941298971755825,20,0.05,0.7,0.0,0.05,0.0,0.1,0.0,0.0,0.7,0.15,0.0,False,0.8055555555555556,0.6527777777777778,9.715594986680028,0.0,0.02706359945872801,0.572657783305819,0.8084,True,True,0.36299052055594727,-1.0,0.5569364734904214,0.2850163059912593,0.06736189402480264,False,grey|yellow/orange,,0.623015873015873,0.5158730158730159,0.848605577689243,0.8087649402390438,0.47619047619047616,53.22365300701954,50.295524252197566,70% of its competitor products substitute or undercut a Staples product,0.48484848484848486,0.5151515151515151,Weak,,,,False,0.0,0.0,
Furniture > Chairs & Seating > Breakroom & Dining Chairs :: price_band=under $200 · colour_tone=light-neutral · style_family=mid-century,Furniture > Chairs & Seating > Breakroom & Dining Chairs,Furniture > Chairs & Seating,3,"{""price_band"": ""under $200"", ""colour_tone"": ""light-neutral"", ""style_family"": ""mid-century""}","Mid-century — light neutral, under $200",0,11,0.6363636363636364,34.42446043165468,0.35,85.68507385253906,0.6147019351487077,11,0.18181818181818182,0.7272727272727273,0.0,0.18181818181818182,0.0,0.0,0.0,0.18181818181818182,0.5454545454545454,0.09090909090909091,0.0,False,0.6527777777777778,0.22023809523809523,6.471533399100336,0.0,0.014884979702300407,-0.005420067469339145,0.66675,True,True,0.35815165680080663,-1.0,0.5113323351526462,0.4252537928349075,0.1878523111612176,False,beige/cream|white,,0.4503968253968254,0.49206349206349204,0.7749003984063745,0.9581673306772909,0.7301587301587301,54.67161117435021,50.284714317333844,73% of its competitor products substitute or undercut a Staples product,0.12121212121212122,0.5757575757575758,Weak,,,,False,0.0,0.0,
Furniture > Chairs & Seating > Kids Seating :: price_band=$125–$200,Furniture > Chairs & Seating > Kids Seating,Furniture > Chairs & Seating,1,"{""price_band"": ""$125\u2013$200""}",Any style — $125–$200,10,23,0.42309325756328753,26.36690647482014,0.3333333333333333,80.09191131591797,1.2751371821624549,23,0.17391304347826086,0.21739130434782608,0.0,0.17391304347826086,0.0,0.0,0.0,0.21739130434782608,0.0,0.6086956521739131,0.0,False,0.3531746031746032,0.1865079365079365,5.666962366782598,0.1388888888888889,0.16666666666666666,0.16161067200433507,0.7021,False,False,0.09657529661465486,-1.0,0.14879427787792626,0.17482259720256776,0.3250422773393461,True,,1.1,0.5079365079365079,0.24206349206349206,0.4860557768924303,0.5338645418326693,0.8412698412698413,41.64801113008284,41.48698855372162,only 17% safe to add; largest group is OFF-BRAND (61%),0.0,0.4444444444444444,Weak,,,,False,0.0,0.0,
Furniture > Chairs & Seating > Kids Seating :: price_band=under $100,Furniture > Chairs & Seating > Kids Seating,Furniture > Chairs & Seating,1,"{""price_band"": ""under $100""}",Any style — under $100,10,16,0.40560590203804986,22.410071942446045,0.5,80.29247283935547,0.4868227838318263,16,0.0,0.25,0.0,0.0,0.0,0.0625,0.0,0.0,0.25,0.6875,0.0,False,0.32142857142857145,0.47619047619047616,6.521628525960361,0.1388888888888889,0.11594202898550725,-0.1920293682392433,0.3116,False,False,0.101558261289132,1.0,0.3611747192741182,0.1745172605091236,0.36302142051860203,True,beige/cream|grey|navy|white,1.0,0.376984126984127,0.25396825396825395,0.5936254980079682,0.5298804780876494,0.8928571428571429,41.9220340858787,42.67608138873079,only 0% safe to add; largest group is OFF-BRAND (69%),0.1111111111111111,0.5555555555555556,Weak,,,,False,0.0,0.0,
Furniture > Chairs & Seating > Kids Seating :: price_band=under $100 · colour_tone=bold,Furniture > Chairs & Seating > Kids Seating,Furniture > Chairs & Seating,2,"{""price_band"": ""under $100"", ""colour_tone"": ""bold""}","Any style — bold, under $100",9,11,0.4076967501383889,30.887290167865704,0.25,72.68769073486328,0.5563799366257053,11,0.0,0.36363636363636365,0.0,0.0,0.0,0.0,0.0,0.0,0.36363636363636365,0.6363636363636364,0.0,False,0.3253968253968254,0.10714285714285714,7.261691804848618,0.125,0.07971014492753623,-0.4529592552195913,0.14735,False,False,0.28230479485007826,-1.0,0.0,0.12194238561920634,0.19348928974069896,True,,1.6666666666666667,0.2857142857142857,0.44047619047619047,0.20916334661354583,0.3386454183266932,0.7341269841269841,33.03856004553216,34.87771137671536,36% of its competitor products substitute or undercut a Staples product,0.2222222222222222,0.1111111111111111,Weak,,,,False,0.0,0.0,
Furniture > Chairs & Seating > Kids Seating :: price_band=$100–$125,Furniture > Chairs & Seating > Kids Seating,Furniture > Chairs & Seating,1,"{""price_band"": ""$100\u2013$125""}",Any style — $100–$125,11,24,0.5155824085019916,30.887290167865704,0.35416666666666663,72.68769073486328,0.863232225729178,24,0.125,0.2916666666666667,0.0,0.125,0.0,0.0,0.0,0.20833333333333334,0.08333333333333333,0.5833333333333334,0.0,False,0.46825396825396826,0.23015873015873015,9.857445006832842,0.1527777777777778,0.17391304347826086,0.11231159019917623,0.64165,False,False,0.042177884989001886,1.0,0.18066359251727887,0.12064114611933707,0.336879932356257,True,green|navy,1.3636363636363635,0.49206349206349204,0.07142857142857142,0.5099601593625498,0.33067729083665337,0.8690476190476191,35.68495857838487,37.97698096502877,only 12% safe to add; largest group is OFF-BRAND (58%),0.3333333333333333,0.2222222222222222,Weak,,,,False,0.0,0.0,
Furniture > Chairs & Seating > Kids Seating :: price_band=$200+,Furniture > Chairs & Seating > Kids Seating,Furniture > Chairs & Seating,1,"{""price_band"": ""$200+""}",Any style — $200+,8,13,0.5476320839188001,24.20863309352518,0.5,72.68769073486328,2.2693284098776827,13,0.07692307692307693,0.07692307692307693,0.0,0.0,0.07692307692307693,0.07692307692307693,0.0,0.07692307692307693,0.0,0.7692307692307693,0.0,False,0.5158730158730159,0.47619047619047616,11.575403918494668,0.1111111111111111,0.09420289855072464,-0.18139097003418753,0.33985,False,False,0.24151356529391604,-1.0,0.1678581409950083,0.06901466496071744,0.21202085682074406,True,,1.0,0.39285714285714285,0.4126984126984127,0.49800796812749004,0.18326693227091634,0.75,36.59809175994435,42.152619680010126,only 8% safe to add; largest group is OFF-BRAND (77%),0.4444444444444444,0.3333333333333333,Weak,,,,False,0.0,0.0,
Furniture > Chairs & Seating > Kids Seating :: price_band=$125–$200 · colour_tone=bold,Furniture > Chairs & Seating > Kids Seating,Furniture > Chairs & Seating,2,"{""price_band"": ""$125\u2013$200"", ""colour_tone"": ""bold""}","Any style — bold, $125–$200",14,14,0.6902311200066933,21.933025008564577,0.46875,70.3115005493164,1.0948830767573892,14,0.07142857142857142,0.21428571428571427,0.0,0.07142857142857142,0.0,0.0,0.0,0.21428571428571427,0.0,0.7142857142857143,0.0,False,0.7142857142857143,0.376984126984127,14.294231030768124,0.19444444444444445,0.10144927536231885,-0.6440144919823005,0.0317,False,False,0.02140710469311077,-1.0,0.0,0.05803579029021763,0.34174182638105977,True,,1.9285714285714286,0.21428571428571427,0.003968253968253968,0.20916334661354583,0.1593625498007968,0.876984126984127,22.512015430342124,25.572155821159807,only 7% safe to add; largest group is OFF-BRAND (71%),1.0,0.0,Vector-led,,,,False,0.0,0.0,
Furniture > Chairs & Seating > Kids Seating :: price_band=$200+ · colour_tone=bold,Furniture > Chairs & Seating > Kids Seating,Furniture > Chairs & Seating,2,"{""price_band"": ""$200+"", ""colour_tone"": ""bold""}","Any style — bold, $200+",6,11,0.5749993958959224,34.172661870503596,0.3333333333333333,70.19583129882812,2.929986891818953,11,0.18181818181818182,0.18181818181818182,0.0,0.09090909090909091,0.09090909090909091,0.18181818181818182,0.0,0.18181818181818182,0.0,0.45454545454545453,0.0,False,0.5396825396825397,0.1865079365079365,11.68329709501616,0.08333333333333333,0.07971014492753623,-0.07346963351468767,0.4583,False,False,0.34600001610294584,1.0,0.0,0.2889238837697976,0.17016629086809465,True,yellow/orange,2.3333333333333335,0.42857142857142855,0.4801587301587302,0.20916334661354583,0.8247011952191236,0.6984126984126984,43.087333206855114,37.65548915449314,only 18% safe to add; largest group is OFF-BRAND (45%),0.5555555555555556,0.6666666666666666,Gap-led,,,,False,0.0,0.0,
Furniture > Chairs & Seating > Kids Seating :: price_band=$125–$200 · colour_tone=light-neutral,Furniture > Chairs & Seating > Kids Seating,Furniture > Chairs & Seating,2,"{""price_band"": ""$125\u2013$200"", ""colour_tone"": ""light-neutral""}","Any style — light neutral, $125–$200",2,8,0.7810974759447775,26.486810551558754,0.5,76.49008178710938,1.1538579890760827,8,0.375,0.0,0.0,0.375,0.0,0.0,0.0,0.0,0.0,0.625,0.0,False,0.7817460317460317,0.47619047619047616,12.93736140793176,0.027777777777777776,0.057971014492753624,0.5797609396398151,0.83335,False,False,0.43361568090114233,1.0,0.4543971569721932,0.08041463843303048,0.43263810597519725,False,beige/cream,1.0,0.6309523809523809,0.5555555555555556,0.6733067729083665,0.2151394422310757,0.9404761904761905,49.586613862012264,57.20621482324669,only 38% safe to add; largest group is OFF-BRAND (62%),0.7777777777777778,0.7777777777777778,Strong,,,,False,0.0,0.0,
Furniture > Chairs & Seating > Kids Seating :: price_band=$100–$125 · colour_tone=light-neutral,Furniture > Chairs & Seating > Kids Seating,Furniture > Chairs & Seating,2,"{""price_band"": ""$100\u2013$125"", ""colour_tone"": ""light-neutral""}","Any style — light neutral, $100–$125",1,9,0.6039309846101019,22.25419664268585,0.5,71.33561706542969,0.8268799752685679,9,0.0,0.1111111111111111,0.0,0.0,0.0,0.1111111111111111,0.0,0.0,0.1111111111111111,0.7777777777777778,0.0,False,0.5873015873015873,0.47619047619047616,12.901721901653481,0.013888888888888888,0.06521739130434782,1.2018121985160304,0.9624,False,True,0.45435564224129166,-1.0,0.4745402705224566,0.059182304323323796,0.3195462232243518,False,white,1.0,0.8273809523809523,0.5674603174603174,0.6992031872509961,0.16733067729083664,0.8373015873015873,65.86507146019098,73.87493676089294,only 0% safe to add; largest group is OFF-BRAND (78%),0.6666666666666666,0.8888888888888888,Strong,,,,False,0.0,0.0,
Furniture > Chairs & Seating > Kids Seating :: price_band=$200+ · colour_tone=light-neutral,Furniture > Chairs & Seating > Kids Seating,Furniture > Chairs & Seating,2,"{""price_band"": ""$200+"", ""colour_tone"": ""light-neutral""}","Any style — light neutral, $200+",1,9,0.6442627160100316,21.654676258992804,0.5,71.80962371826172,1.8965544491860282,9,0.1111111111111111,0.1111111111111111,0.0,0.0,0.1111111111111111,0.0,0.0,0.1111111111111111,0.0,0.7777777777777778,0.0,False,0.6706349206349206,0.47619047619047616,13.694810434565557,0.013888888888888888,0.06521739130434782,1.2018121985160304,0.9625,False,True,0.7025424281359992,1.0,0.4745402705224566,0.14737064509157266,0.28008737316798193,False,beige/cream,6.0,0.8273809523809523,0.7579365079365079,0.6992031872509961,0.4103585657370518,0.8055555555555556,72.84382312021755,78.00192088787706,only 11% safe to add; largest group is OFF-BRAND (78%),0.8888888888888888,1.0,Strong,,,,False,0.0,0.0,
Furniture > Chairs & Seating > Office Chairs > Computer and Desk :: price_band=$150–$250 · colour_tone=dark-neutral · style_family=contemporary,Furniture > Chairs & Seating > Office Chairs > Computer and Desk,Furniture > Chairs & Seating,3,"{""price_band"": ""$150\u2013$250"", ""colour_tone"": ""dark-neutral"", ""style_family"": ""contemporary""}","Contemporary — dark neutral, $150–$250",5,11,0.24165014507327623,46.402877697841724,0.1,75.27882385253906,0.8660611634858588,11,0.09090909090909091,0.9090909090909091,0.0,0.09090909090909091,0.0,0.0,0.0,0.5454545454545454,0.36363636363636365,0.0,0.0,False,0.15873015873015872,0.03968253968253968,5.452449199567172,0.0625,0.03806228373702422,-0.5378328251773016,0.17025,False,False,0.12242671121432289,1.0,0.0,0.0,0.00014092446448703277,True,metallic|navy|red/pink,1.2,0.26587301587301587,0.3055555555555556,0.20916334661354583,0.04183266932270916,0.2222222222222222,17.862162461266045,20.919378043382032,91% of its competitor products substitute or undercut a Staples product,0.15789473684210525,0.05263157894736842,Weak,,,,False,0.0,0.0,
Furniture > Chairs & Seating > Office Chairs > Computer and Desk :: price_band=under $150 · colour_tone=dark-neutral,Furniture > Chairs & Seating > Office Chairs > Computer and Desk,Furniture > Chairs & Seating,2,"{""price_band"": ""under $150"", ""colour_tone"": ""dark-neutral""}","Any style — dark neutral, under $150",2,13,0.2541081722288187,44.076738609112695,0.25,74.71102142333984,0.41384992718632635,13,0.0,0.5384615384615384,0.0,0.0,0.0,0.23076923076923078,0.0,0.0,0.5384615384615384,0.23076923076923078,0.0,False,0.17063492063492064,0.10714285714285714,5.963182733541647,0.025,0.04498269896193772,0.4109671852621479,0.78315,False,False,1.1361213248728055,-1.0,0.1396242229997579,0.04486891216783369,-0.06630496054114994,False,red/pink,1.0,0.5595238095238095,0.9325396825396826,0.47808764940239046,0.13147410358565736,0.051587301587301584,38.359696136090555,43.698657749952574,54% of its competitor products substitute or undercut a Staples product,0.21052631578947367,0.5263157894736842,Weak,,,,False,0.0,0.0,
Furniture > Chairs & Seating > Office Chairs > Computer and Desk :: price_band=$150–$250 · colour_tone=light-neutral · style_family=contemporary,Furniture > Chairs & Seating > Office Chairs > Computer and Desk,Furniture > Chairs & Seating,3,"{""price_band"": ""$150\u2013$250"", ""colour_tone"": ""light-neutral"", ""style_family"": ""contemporary""}","Contemporary — light neutral, $150–$250",2,9,0.400746577579786,33.141486810551555,0.3333333333333333,63.516170501708984,0.6503084738016979,9,0.0,0.2222222222222222,0.0,0.0,0.0,0.5555555555555556,0.0,0.1111111111111111,0.1111111111111111,0.2222222222222222,0.0,False,0.30952380952380953,0.1865079365079365,10.410192252804158,0.025,0.031141868512110725,0.05956929842425923,0.58885,False,False,0.5146287197950528,-1.0,0.417660645540035,0.11738562619010097,0.13733089064261553,False,,3.0,0.4722222222222222,0.6388888888888888,0.6454183266932271,0.3187250996015936,0.6507936507936508,45.26572282299374,50.160350660848664,only 0% safe to add; largest group is REVIEW (56%),0.631578947368421,0.7368421052631579,Gap-led,,,,False,0.0,0.0,
Furniture > Chairs & Seating > Office Chairs > Computer and Desk :: price_band=under $150 · colour_tone=mid-neutral,Furniture > Chairs & Seating > Office Chairs > Computer and Desk,Furniture > Chairs & Seating,2,"{""price_band"": ""under $150"", ""colour_tone"": ""mid-neutral""}","Any style — mid neutral, under $150",1,9,0.11422522736407927,41.52278177458034,0.2,74.38176727294922,0.39015775841770656,9,0.0,0.5555555555555556,0.0,0.0,0.0,0.3333333333333333,0.0,0.0,0.5555555555555556,0.1111111111111111,0.0,False,0.06349206349206349,0.057539682539682536,4.291686611999943,0.0125,0.031141868512110725,0.57039492219025,0.81465,False,False,0.8675767531457839,-1.0,0.3746688056219981,0.03360916647712178,0.05545377677564825,False,,2.0,0.6170634920634921,0.7976190476190477,0.6135458167330677,0.10756972111553785,0.43253968253968256,44.055820369316386,51.660797287042314,56% of its competitor products substitute or undercut a Staples product,0.0,0.6842105263157895,Gap-led,,,,False,0.0,0.0,
Furniture > Chairs & Seating > Office Chairs > Computer and Desk :: price_band=$150–$250,Furniture > Chairs & Seating > Office Chairs > Computer and Desk,Furniture > Chairs & Seating,1,"{""price_band"": ""$150\u2013$250""}",Any style — $150–$250,6,35,0.6646418478905617,40.39568345323741,0.16666666666666669,65.57781219482422,0.705104621752127,35,0.11428571428571428,0.3142857142857143,0.0,0.11428571428571428,0.0,0.3142857142857143,0.0,0.05714285714285714,0.2571428571428571,0.22857142857142856,0.02857142857142857,False,0.6785714285714286,0.04365079365079365,15.058223280340922,0.075,0.12110726643598616,0.42229875127169775,0.8741,False,False,0.11015048589523929,-1.0,0.16567184995093992,0.3138554326226117,0.00183201803833144,True,metallic|white|yellow/orange,1.3333333333333333,0.5714285714285714,0.28174603174603174,0.4940239043824701,0.8645418326693227,0.23015873015873015,39.46578764307848,31.5273034844748,31% of its competitor products substitute or undercut a Staples product,0.8947368421052632,0.5789473684210527,Vector-led,,,,False,0.0,0.0,
Furniture > Chairs & Seating > Office Chairs > Computer and Desk :: price_band=$350+,Furniture > Chairs & Seating > Office Chairs > Computer and Desk,Furniture > Chairs & Seating,1,"{""price_band"": ""$350+""}",Any style — $350+,15,14,0.4321476481359294,39.064748201438846,0.6,73.26419448852539,1.5639455500848194,14,0.35714285714285715,0.14285714285714285,0.0,0.2857142857142857,0.07142857142857142,0.35714285714285715,0.0,0.07142857142857142,0.07142857142857142,0.14285714285714285,0.0,False,0.3611111111111111,0.7341269841269841,12.384719993505929,0.1875,0.04844290657439446,-1.342123142806753,0.0001,False,False,0.2642847341101,-1.0,0.2399186335437144,0.14914759768106733,0.11640360766629088,True,green|grey|metallic,1.1333333333333333,0.07142857142857142,0.43253968253968256,0.5298804780876494,0.4262948207171315,0.6031746031746031,33.29104218048441,34.724593688737116,only 36% safe to add; largest group is REVIEW (36%),0.6842105263157895,0.42105263157894735,Vector-led,,,,False,0.0,0.0,
Furniture > Chairs & Seating > Office Chairs > Computer and Desk :: price_band=$150–$250 · colour_tone=bold,Furniture > Chairs & Seating > Office Chairs > Computer and Desk,Furniture > Chairs & Seating,2,"{""price_band"": ""$150\u2013$250"", ""colour_tone"": ""bold""}","Any style — bold, $150–$250",6,15,0.3222491352669249,43.70503597122302,0.6,69.02001190185547,0.6795307414428271,15,0.0,0.4666666666666667,0.0,0.0,0.0,0.3333333333333333,0.0,0.06666666666666667,0.4,0.2,0.0,False,0.21825396825396826,0.7341269841269841,12.790433192843917,0.075,0.05190311418685121,-0.40639392128447127,0.20615,False,False,0.13547300515445077,-1.0,0.0,0.3194006135173637,0.018954340473506193,True,purple,2.3333333333333335,0.30753968253968256,0.32142857142857145,0.20916334661354583,0.8764940239043825,0.31746031746031744,32.857281192689555,23.950132011636,47% of its competitor products substitute or undercut a Staples product,0.7368421052631579,0.3157894736842105,Vector-led,,,,False,0.0,0.0,
Furniture > Chairs & Seating > Office Chairs > Computer and Desk :: price_band=$250–$350,Furniture > Chairs & Seating > Office Chairs > Computer and Desk,Furniture > Chairs & Seating,1,"{""price_band"": ""$250\u2013$350""}",Any style — $250–$350,7,33,0.5956762287830428,33.27338129496403,0.3333333333333333,67.4996109008789,1.2646202192074807,33,0.15151515151515152,0.09090909090909091,0.0,0.15151515151515152,0.0,0.36363636363636365,0.0,0.06060606060606061,0.030303030303030304,0.3939393939393939,0.0,False,0.5674603174603174,0.1865079365079365,13.058795144931768,0.0875,0.11418685121107267,0.22121064998067508,0.7496,False,False,0.07151694337516558,1.0,0.14812111169985273,0.2559868269570932,-0.00887824126268319,True,green|metallic,2.4285714285714284,0.5198412698412699,0.1984126984126984,0.4820717131474104,0.7290836653386454,0.18253968253968253,33.97090210586226,27.349767596281538,only 15% safe to add; largest group is OFF-BRAND (39%),0.7894736842105263,0.47368421052631576,Vector-led,,,,False,0.0,0.0,
Furniture > Chairs & Seating > Office Chairs > Computer and Desk :: price_band=$150–$250 · colour_tone=mid-neutral,Furniture > Chairs & Seating > Office Chairs > Computer and Desk,Furniture > Chairs & Seating,2,"{""price_band"": ""$150\u2013$250"", ""colour_tone"": ""mid-neutral""}","Any style — mid neutral, $150–$250",6,15,0.26050108149762896,47.37410071942446,0.5,73.7249755859375,0.7281641772518516,15,0.06666666666666667,0.4666666666666667,0.0,0.06666666666666667,0.0,0.2,0.0,0.06666666666666667,0.4,0.26666666666666666,0.0,False,0.17857142857142858,0.47619047619047616,8.973631946319337,0.075,0.05190311418685121,-0.40639392128447127,0.2069,False,False,0.0635465053908766,-1.0,0.0,0.15421792374801907,0.09540586245772267,True,,1.3333333333333333,0.30753968253968256,0.16666666666666666,0.20916334661354583,0.4541832669322709,0.5476190476190477,26.87976269525074,24.68425899576298,47% of its competitor products substitute or undercut a Staples product,0.42105263157894735,0.2631578947368421,Weak,,,,False,0.0,0.0,
Furniture > Chairs & Seating > Office Chairs > Computer and Desk :: price_band=$250–$350 · colour_tone=light-neutral,Furniture > Chairs & Seating > Office Chairs > Computer and Desk,Furniture > Chairs & Seating,2,"{""price_band"": ""$250\u2013$350"", ""colour_tone"": ""light-neutral""}","Any style — light neutral, $250–$350",3,12,0.2523355871897261,53.67505995203837,0.5,72.17328643798828,1.0660653420605835,12,0.25,0.3333333333333333,0.0,0.25,0.0,0.25,0.0,0.16666666666666666,0.16666666666666666,0.16666666666666666,0.0,False,0.16666666666666666,0.47619047619047616,9.880509068755998,0.0375,0.04152249134948097,-0.0024660924951933317,0.5283,False,False,0.026532362679438194,1.0,0.0,0.16271120069772532,-0.02614148816234496,True,clear,2.3333333333333335,0.4603174603174603,0.01984126984126984,0.20916334661354583,0.4820717131474104,0.13095238095238096,20.785192563081008,15.353901852905839,33% of its competitor products substitute or undercut a Staples product,0.5263157894736842,0.10526315789473684,Weak,,,,False,0.0,0.0,
Furniture > Chairs & Seating > Office Chairs > Computer and Desk :: price_band=under $150 · colour_tone=bold,Furniture > Chairs & Seating > Office Chairs > Computer and Desk,Furniture > Chairs & Seating,2,"{""price_band"": ""under $150"", ""colour_tone"": ""bold""}","Any style — bold, under $150",2,24,0.5962247190677108,30.071942446043167,0.6,65.14230728149414,0.4343994372957094,24,0.0,0.2916666666666667,0.0,0.0,0.0,0.20833333333333334,0.0,0.0,0.2916666666666667,0.5,0.0,False,0.5753968253968254,0.7341269841269841,18.5678613738626,0.025,0.08304498269896193,1.0069506173684453,0.9715,False,False,1.0034038773532525,-1.0,0.4789953440650264,0.1048470149574908,-0.018531567080045108,False,purple|yellow/orange,3.0,0.7738095238095238,0.876984126984127,0.7051792828685259,0.2749003984063745,0.15079365079365079,61.586115854044145,66.12739518118003,only 0% safe to add; largest group is OFF-BRAND (50%),1.0,0.8947368421052632,Strong,,,,False,0.0,0.0,
Furniture > Chairs & Seating > Office Chairs > Computer and Desk :: price_band=under $150 · colour_tone=light-neutral,Furniture > Chairs & Seating > Office Chairs > Computer and Desk,Furniture > Chairs & Seating,2,"{""price_band"": ""under $150"", ""colour_tone"": ""light-neutral""}","Any style — light neutral, under $150",1,17,0.34935226643735634,42.05035971223022,0.4,74.72016906738281,0.47208412318037135,17,0.0,0.5882352941176471,0.0,0.0,0.0,0.17647058823529413,0.0,0.0,0.5882352941176471,0.23529411764705882,0.0,False,0.25793650793650796,0.3055555555555556,8.054442239177408,0.0125,0.058823529411764705,1.181304004513223,0.96955,False,True,0.8866262614350044,-1.0,0.5037343274970214,0.04383432391922565,0.07321025930101463,False,white,2.0,0.8174603174603174,0.8134920634920635,0.7649402390438247,0.12749003984063745,0.5119047619047619,65.94597799279073,74.48531271738442,59% of its competitor products substitute or undercut a Staples product,0.2631578947368421,1.0,Gap-led,,,,False,0.0,0.0,
Furniture > Chairs & Seating > Office Chairs > Computer and Desk :: price_band=$250–$350 · colour_tone=dark-neutral,Furniture > Chairs & Seating > Office Chairs > Computer and Desk,Furniture > Chairs & Seating,2,"{""price_band"": ""$250\u2013$350"", ""colour_tone"": ""dark-neutral""}","Any style — dark neutral, $250–$350",3,11,0.5127893732431066,26.402877697841724,0.25,67.4996337890625,1.050011496895838,11,0.0,0.36363636363636365,0.0,0.0,0.0,0.09090909090909091,0.0,0.18181818181818182,0.18181818181818182,0.5454545454545454,0.0,False,0.4642857142857143,0.10714285714285714,10.235110189471191,0.0375,0.03806228373702422,-0.08584770143424446,0.48945,False,False,0.06505273767758882,-1.0,0.0,0.18015911221355985,-0.0704622322435175,True,,1.0,0.4166666666666667,0.1746031746031746,0.20916334661354583,0.549800796812749,0.03968253968253968,22.763430405362676,16.63366375766774,36% of its competitor products substitute or undercut a Staples product,0.5789473684210527,0.21052631578947367,Weak,,,,False,0.0,0.0,
Furniture > Chairs & Seating > Office Chairs > Computer and Desk :: price_band=$350+ · colour_tone=dark-neutral · style_family=contemporary,Furniture > Chairs & Seating > Office Chairs > Computer and Desk,Furniture > Chairs & Seating,3,"{""price_band"": ""$350+"", ""colour_tone"": ""dark-neutral"", ""style_family"": ""contemporary""}","Contemporary — dark neutral, $350+",9,6,0.0,59.91007194244604,0.325,78.27057266235352,1.4891509176892994,6,0.3333333333333333,0.6666666666666666,0.0,0.0,0.3333333333333333,0.0,0.0,0.6666666666666666,0.0,0.0,0.0,False,0.00992063492063492,0.15476190476190477,4.843162928282624,0.1125,0.020761245674740483,-1.6549213900129847,0.0004,False,False,0.3947351651991704,-1.0,0.0,0.0,0.059188275084554674,True,,1.0,0.023809523809523808,0.5396825396825397,0.20916334661354583,0.04183266932270916,0.44047619047619047,21.582400556504144,26.90152090052489,67% of its competitor products substitute or undercut a Staples product,0.10526315789473684,0.15789473684210525,Weak,,,,False,0.0,0.0,
Furniture > Chairs & Seating > Office Chairs > Computer and Desk :: price_band=$350+ · colour_tone=light-neutral,Furniture > Chairs & Seating > Office Chairs > Computer and Desk,Furniture > Chairs & Seating,2,"{""price_band"": ""$350+"", ""colour_tone"": ""light-neutral""}","Any style — light neutral, $350+",2,15,0.32376107676614096,42.84172661870503,0.5,73.9328384399414,3.405229839877529,15,0.4,0.2,0.0,0.2,0.2,0.3333333333333333,0.0,0.13333333333333333,0.06666666666666667,0.06666666666666667,0.0,False,0.2261904761904762,0.47619047619047616,9.106784805691213,0.025,0.05190311418685121,0.549117523742965,0.84805,False,False,0.8705526432029607,1.0,0.4879623145419092,0.07093139001938811,0.05009864712514092,False,red/pink|white,1.0,0.6111111111111112,0.8055555555555556,0.7211155378486056,0.18725099601593626,0.4166666666666667,46.68105356352369,53.58897742363878,only 40% safe to add; largest group is REVIEW (33%),0.47368421052631576,0.7894736842105263,Gap-led,,,,False,0.0,0.0,
Furniture > Chairs & Seating > Office Chairs > Computer and Desk :: price_band=$150–$250 · colour_tone=light-neutral,Furniture > Chairs & Seating > Office Chairs > Computer and Desk,Furniture > Chairs & Seating,2,"{""price_band"": ""$150\u2013$250"", ""colour_tone"": ""light-neutral""}","Any style — light neutral, $150–$250",2,12,0.3228734700587646,49.37050359712231,0.3333333333333333,72.19691467285156,0.7599351259898538,12,0.0,0.5,0.0,0.0,0.0,0.3333333333333333,0.0,0.08333333333333333,0.4166666666666667,0.16666666666666666,0.0,False,0.2222222222222222,0.1865079365079365,8.194639523410219,0.025,0.04152249134948097,0.3340061441260196,0.737,False,False,0.5138998587952026,-1.0,0.45829902119207866,0.15727167694220845,-0.041079481397970685,False,beige/cream|red/pink,2.5,0.5555555555555556,0.6349206349206349,0.6772908366533864,0.46215139442231074,0.09126984126984126,40.881316005818,40.96645165370265,50% of its competitor products substitute or undercut a Staples product,0.3157894736842105,0.631578947368421,Weak,,,,False,0.0,0.0,
Furniture > Chairs & Seating > Office Chairs > Computer and Desk :: price_band=$150–$250 · colour_tone=bold · style_family=modern,Furniture > Chairs & Seating > Office Chairs > Computer and Desk,Furniture > Chairs & Seating,3,"{""price_band"": ""$150\u2013$250"", ""colour_tone"": ""bold"", ""style_family"": ""modern""}","Modern — bold, $150–$250",1,9,0.49969957869666337,37.94964028776978,0.75,74.76840209960938,0.6795307414428271,9,0.0,0.4444444444444444,0.0,0.0,0.0,0.4444444444444444,0.0,0.0,0.4444444444444444,0.1111111111111111,0.0,False,0.4523809523809524,0.9365079365079365,13.916420543461992,0.0125,0.031141868512110725,0.57039492219025,0.81395,False,False,0.5653105099322409,-1.0,0.3611901486533429,0.2152134396408526,0.13296223224351747,False,green|red/pink,1.0,0.6170634920634921,0.7222222222222222,0.5976095617529881,0.6254980079681275,0.626984126984127,52.9944310061342,53.346040441408974,44% of its competitor products substitute or undercut a Staples product,0.8421052631578947,0.8421052631578947,Strong,,,,False,0.0,0.0,
Furniture > Chairs & Seating > Office Chairs > Computer and Desk :: price_band=$350+ · colour_tone=mid-neutral,Furniture > Chairs & Seating > Office Chairs > Computer and Desk,Furniture > Chairs & Seating,2,"{""price_band"": ""$350+"", ""colour_tone"": ""mid-neutral""}","Any style — mid neutral, $350+",4,10,0.015270935960591148,54.26258992805755,0.29166666666666663,77.44302749633789,1.8521825810315038,10,0.1,0.8,0.0,0.0,0.1,0.1,0.0,0.8,0.0,0.0,0.0,False,0.023809523809523808,0.14484126984126985,4.73047623050884,0.05,0.03460207612456748,-0.4281339079208772,0.2507,False,False,0.23006928641482932,-1.0,0.0,0.3958837290602846,-0.01113303269447577,True,,1.25,0.2976190476190476,0.4007936507936508,0.20916334661354583,0.9322709163346613,0.17063492063492064,32.90524410295327,22.824139948143934,80% of its competitor products substitute or undercut a Staples product,0.05263157894736842,0.3684210526315789,Weak,,,,False,0.0,0.0,
Furniture > Chairs & Seating > Office Chairs > Computer and Desk :: price_band=$250–$350 · colour_tone=dark-neutral · style_family=contemporary,Furniture > Chairs & Seating > Office Chairs > Computer and Desk,Furniture > Chairs & Seating,3,"{""price_band"": ""$250\u2013$350"", ""colour_tone"": ""dark-neutral"", ""style_family"": ""contemporary""}","Contemporary — dark neutral, $250–$350",3,9,0.4700514546088566,46.402877697841724,0.2,73.9350814819336,1.2732626385213777,9,0.2222222222222222,0.4444444444444444,0.0,0.2222222222222222,0.0,0.0,0.0,0.3333333333333333,0.1111111111111111,0.3333333333333333,0.0,False,0.4126984126984127,0.057539682539682536,8.844031187615956,0.0375,0.031141868512110725,-0.2769029381969536,0.3665,False,False,0.05271997487086022,1.0,0.0,0.0,-0.20941375422773395,True,white|yellow/orange,1.0,0.3492063492063492,0.12301587301587301,0.20916334661354583,0.04183266932270916,0.0,12.336368810472395,13.369774868778853,44% of its competitor products substitute or undercut a Staples product,0.3684210526315789,0.0,Weak,,,,False,0.0,0.0,
Furniture > Chairs & Seating > Office Chairs > Computer and Desk :: price_band=under $150,Furniture > Chairs & Seating > Office Chairs > Computer and Desk,Furniture > Chairs & Seating,1,"{""price_band"": ""under $150""}",Any style — under $150,0,10,0.7875317686670802,33.47122302158274,0.0,65.04891204833984,0.5026687078488974,10,0.0,0.3,0.0,0.0,0.0,0.3,0.0,0.0,0.3,0.4,0.0,False,0.7936507936507936,0.017857142857142856,16.14813003297945,0.0,0.03460207612456748,1.769090669415342,0.9768,True,True,1.4393169612349979,-1.0,,0.03560428814208709,-0.0677846674182638,False,,,0.9206349206349206,0.9920634920634921,0.5,0.11155378486055777,0.047619047619047616,61.95108455068613,67.97619047619047,30% of its competitor products substitute or undercut a Staples product,0.9473684210526315,0.9473684210526315,Strong,,,,False,0.0,0.0,
Furniture > Chairs & Seating > Office Chairs > Executive :: price_band=$400+ · colour_tone=mid-neutral · style_family=contemporary,Furniture > Chairs & Seating > Office Chairs > Executive,Furniture > Chairs & Seating,3,"{""price_band"": ""$400+"", ""colour_tone"": ""mid-neutral"", ""style_family"": ""contemporary""}","Contemporary — mid neutral, $400+",3,9,0.29165623637128735,33.81294964028777,0.4,76.95144653320312,2.4615834333364104,9,0.4444444444444444,0.1111111111111111,0.0,0.2222222222222222,0.2222222222222222,0.3333333333333333,0.0,0.1111111111111111,0.0,0.1111111111111111,0.0,False,0.18253968253968253,0.3055555555555556,5.991946157560209,0.015957446808510637,0.018036072144288578,0.025667746748577813,0.5558,False,False,0.647508222733829,1.0,0.0,0.0,-0.03861330326944756,True,,1.3333333333333333,0.4662698412698413,0.746031746031746,0.20916334661354583,0.04183266932270916,0.0992063492063492,28.333392619996207,32.97790978941377,only 44% safe to add; largest group is REVIEW (33%),0.08823529411764706,0.5588235294117647,Weak,,,,False,0.0,0.0,
Furniture > Chairs & Seating > Office Chairs > Executive :: price_band=$300–$400 · colour_tone=light-neutral · style_family=contemporary,Furniture > Chairs & Seating > Office Chairs > Executive,Furniture > Chairs & Seating,3,"{""price_band"": ""$300\u2013$400"", ""colour_tone"": ""light-neutral"", ""style_family"": ""contemporary""}","Contemporary — light neutral, $300–$400",3,9,0.6779285096135337,43.20143884892086,0.6666666666666666,72.55831146240234,0.9820276645591964,9,0.5555555555555556,0.1111111111111111,0.0,0.5555555555555556,0.0,0.3333333333333333,0.0,0.1111111111111111,0.0,0.0,0.0,True,0.7023809523809523,0.8293650793650794,17.919889534269274,0.015957446808510637,0.018036072144288578,0.025667746748577813,0.55225,False,False,0.06955227468096285,1.0,0.0,0.0,-0.16248590755355127,True,white,1.6666666666666667,0.4662698412698413,0.1865079365079365,0.20916334661354583,0.04183266932270916,0.007936507936507936,15.773868810472393,17.16441772592171,,0.8823529411764706,0.23529411764705882,Vector-led,50.0,1.0,0.03278688524590164,True,1.0,1.0,0.28
Furniture > Chairs & Seating > Office Chairs > Executive :: price_band=under $200 · colour_tone=dark-neutral · style_family=contemporary,Furniture > Chairs & Seating > Office Chairs > Executive,Furniture > Chairs & Seating,3,"{""price_band"": ""under $200"", ""colour_tone"": ""dark-neutral"", ""style_family"": ""contemporary""}","Contemporary — dark neutral, under $200",3,8,0.17751307379430564,55.755395683453244,0.225,75.60730743408203,0.39498636333865,8,0.0,0.625,0.0,0.0,0.0,0.375,0.0,0.0,0.625,0.0,0.0,False,0.1111111111111111,0.07539682539682539,5.759490201276392,0.015957446808510637,0.01603206412825651,-0.08555788836164642,0.483,False,False,0.12245192403961,-1.0,0.0,0.0,-0.03952931228861328,True,,1.0,0.42063492063492064,0.30952380952380953,0.20916334661354583,0.04183266932270916,0.09523809523809523,18.745098969202555,21.18723518623917,62% of its competitor products substitute or undercut a Staples product,0.058823529411764705,0.29411764705882354,Weak,,,,False,0.0,0.0,
Furniture > Chairs & Seating > Office Chairs > Executive :: price_band=$200–$300 · colour_tone=dark-neutral,Furniture > Chairs & Seating > Office Chairs > Executive,Furniture > Chairs & Seating,2,"{""price_band"": ""$200\u2013$300"", ""colour_tone"": ""dark-neutral""}","Any style — dark neutral, $200–$300",13,9,0.2222222222222222,48.45323741007195,0.25,66.18065643310547,0.7087330010769115,9,0.0,0.2222222222222222,0.0,0.0,0.0,0.5555555555555556,0.0,0.0,0.2222222222222222,0.2222222222222222,0.0,False,0.1349206349206349,0.10714285714285714,7.875162610801861,0.06914893617021277,0.018036072144288578,-1.324258970200438,0.00065,False,False,0.04838188793415893,-1.0,0.0,0.1165285100963692,0.049041713641488155,True,,1.6923076923076923,0.07539682539682539,0.0992063492063492,0.20916334661354583,0.3107569721115538,0.4126984126984127,17.292852399924115,16.23683836084234,only 0% safe to add; largest group is REVIEW (56%),0.20588235294117646,0.2647058823529412,Weak,,,,False,0.0,0.0,
Furniture > Chairs & Seating > Office Chairs > Executive :: price_band=$200–$300 · colour_tone=light-neutral,Furniture > Chairs & Seating > Office Chairs > Executive,Furniture > Chairs & Seating,2,"{""price_band"": ""$200\u2013$300"", ""colour_tone"": ""light-neutral""}","Any style — light neutral, $200–$300",6,9,0.32432480849621714,58.09352517985612,0.6,79.74789428710938,0.6216113949025649,9,0.1111111111111111,0.6666666666666666,0.0,0.1111111111111111,0.0,0.1111111111111111,0.0,0.0,0.6666666666666666,0.1111111111111111,0.0,False,0.23015873015873015,0.7341269841269841,9.343992482100743,0.031914893617021274,0.018036072144288578,-0.5933714616576456,0.13525,False,False,0.05394185811160871,-1.0,0.0,0.2630776311793822,-0.04474351747463362,True,,2.3333333333333335,0.25793650793650796,0.1349206349206349,0.20916334661354583,0.7529880478087649,0.08333333333333333,22.894572503636248,13.736838360842347,67% of its competitor products substitute or undercut a Staples product,0.38235294117647056,0.35294117647058826,Weak,,,,False,0.0,0.0,
Furniture > Chairs & Seating > Office Chairs > Executive :: price_band=under $200 · colour_tone=warm-neutral,Furniture > Chairs & Seating > Office Chairs > Executive,Furniture > Chairs & Seating,2,"{""price_band"": ""under $200"", ""colour_tone"": ""warm-neutral""}","Any style — warm neutral, under $200",1,21,0.4431503868337593,43.093525179856115,0.5,73.44447326660156,0.44191748120907126,21,0.0,0.47619047619047616,0.0,0.0,0.0,0.2857142857142857,0.0,0.0,0.47619047619047616,0.23809523809523808,0.0,False,0.373015873015873,0.47619047619047616,11.052020854551364,0.005319148936170213,0.04208416833667335,1.6897267436629033,0.9976,False,True,0.8622049054930158,-1.0,0.4892852882431573,0.10535831049172142,0.07010992108229991,False,blue|white|yellow/orange,1.0,0.9047619047619048,0.7896825396825397,0.7310756972111554,0.2788844621513944,0.5,70.1097198507557,76.03024410295326,48% of its competitor products substitute or undercut a Staples product,0.5294117647058824,0.9117647058823529,Gap-led,,,,False,0.0,0.0,
Furniture > Chairs & Seating > Office Chairs > Executive :: price_band=under $200 · colour_tone=dark-neutral,Furniture > Chairs & Seating > Office Chairs > Executive,Furniture > Chairs & Seating,2,"{""price_band"": ""under $200"", ""colour_tone"": ""dark-neutral""}","Any style — dark neutral, under $200",2,20,0.4107989358378082,45.25179856115108,0.3333333333333333,69.3625259399414,0.44235560733512896,20,0.0,0.4,0.0,0.0,0.0,0.45,0.0,0.0,0.4,0.15,0.0,False,0.32936507936507936,0.1865079365079365,10.128646764355569,0.010638297872340425,0.04008016032064128,1.1312730709076582,0.98195,False,False,0.8694985447826279,-1.0,0.16539236973995194,0.4016184425666417,-0.0035935738444193566,False,blue|grey|white,1.0,0.8015873015873016,0.8015873015873016,0.4900398406374502,0.9442231075697212,0.1984126984126984,68.57743628659962,61.86428887624107,40% of its competitor products substitute or undercut a Staples product,0.47058823529411764,0.8529411764705882,Gap-led,,,,False,0.0,0.0,
Furniture > Chairs & Seating > Office Chairs > Executive :: price_band=$300–$400,Furniture > Chairs & Seating > Office Chairs > Executive,Furniture > Chairs & Seating,1,"{""price_band"": ""$300\u2013$400""}",Any style — $300–$400,9,42,0.629890016395927,41.600719424460436,0.4,73.66365814208984,0.9552519314040095,42,0.23809523809523808,0.2857142857142857,0.0,0.23809523809523808,0.0,0.23809523809523808,0.0,0.16666666666666666,0.11904761904761904,0.23809523809523808,0.0,False,0.626984126984127,0.3055555555555556,12.72924693529827,0.047872340425531915,0.0841683366733467,0.5253511939613268,0.9529,False,False,0.027929764198644808,1.0,0.04747306444948288,0.19738910382026198,-0.011414881623449835,True,clear|metallic|multi/pattern|red/pink|white,2.0,0.6031746031746031,0.023809523809523808,0.4262948207171315,0.6055776892430279,0.16666666666666666,39.56538923670398,33.56557895402516,only 24% safe to add; largest group is OFF-BRAND (24%),0.6176470588235294,0.6470588235294118,Weak,,,,False,0.0,0.0,
Furniture > Chairs & Seating > Office Chairs > Executive :: price_band=$200–$300 · colour_tone=mid-neutral,Furniture > Chairs & Seating > Office Chairs > Executive,Furniture > Chairs & Seating,2,"{""price_band"": ""$200\u2013$300"", ""colour_tone"": ""mid-neutral""}","Any style — mid neutral, $200–$300",8,9,0.3831369341518871,40.41966426858513,0.375,73.44447326660156,0.6964867544978043,9,0.0,0.5555555555555556,0.0,0.0,0.0,0.0,0.0,0.0,0.5555555555555556,0.4444444444444444,0.0,False,0.2896825396825397,0.24404761904761904,8.302002285110824,0.0425531914893617,0.018036072144288578,-0.8616354482523249,0.0366,False,False,0.028349805834298115,1.0,0.0,0.11280126482615038,-0.04805524239007891,True,,2.5,0.1746031746031746,0.027777777777777776,0.20916334661354583,0.29880478087649404,0.07936507936507936,12.4211092139379,9.520568519572503,56% of its competitor products substitute or undercut a Staples product,0.2647058823529412,0.11764705882352941,Weak,,,,False,0.0,0.0,
Furniture > Chairs & Seating > Office Chairs > Executive :: price_band=under $200 · colour_tone=mid-neutral,Furniture > Chairs & Seating > Office Chairs > Executive,Furniture > Chairs & Seating,2,"{""price_band"": ""under $200"", ""colour_tone"": ""mid-neutral""}","Any style — mid neutral, under $200",2,21,0.44101662401712793,40.89928057553957,0.5,73.44447326660156,0.37141061173176376,21,0.0,0.5238095238095238,0.0,0.0,0.0,0.09523809523809523,0.0,0.0,0.5238095238095238,0.38095238095238093,0.0,False,0.36507936507936506,0.47619047619047616,10.782371723897736,0.010638297872340425,0.04208416833667335,1.1789011198969126,0.98715,False,False,1.0137431512379151,-1.0,0.4892852882431573,0.16632664430102453,0.03727452085682076,False,,1.0,0.8134920634920635,0.8849206349206349,0.7310756972111554,0.49800796812749004,0.36507936507936506,70.08308037690509,72.5183393410485,52% of its competitor products substitute or undercut a Staples product,0.5,0.8823529411764706,Gap-led,,,,False,0.0,0.0,
Furniture > Chairs & Seating > Office Chairs > Executive :: price_band=$200–$300 · colour_tone=warm-neutral,Furniture > Chairs & Seating > Office Chairs > Executive,Furniture > Chairs & Seating,2,"{""price_band"": ""$200\u2013$300"", ""colour_tone"": ""warm-neutral""}","Any style — warm neutral, $200–$300",7,7,0.4888847077568541,37.02637889688249,0.55,63.65519714355469,0.7096680538081873,7,0.0,0.42857142857142855,0.0,0.0,0.0,0.14285714285714285,0.0,0.0,0.42857142857142855,0.42857142857142855,0.0,False,0.44841269841269843,0.623015873015873,17.031858599746528,0.03723404255319149,0.014028056112224449,-0.9728610833625494,0.03075,False,False,0.05280977907535662,-1.0,0.0,0.31312407276041243,0.04114994363021418,True,,1.1428571428571428,0.1349206349206349,0.12698412698412698,0.20916334661354583,0.8605577689243028,0.38492063492063494,26.7204199076709,17.4173939163979,43% of its competitor products substitute or undercut a Staples product,0.7941176470588235,0.5,Vector-led,,,,False,0.0,0.0,
Furniture > Chairs & Seating > Office Chairs > Executive :: price_band=$200–$300 · colour_tone=dark-neutral · style_family=contemporary,Furniture > Chairs & Seating > Office Chairs > Executive,Furniture > Chairs & Seating,3,"{""price_band"": ""$200\u2013$300"", ""colour_tone"": ""dark-neutral"", ""style_family"": ""contemporary""}","Contemporary — dark neutral, $200–$300",9,16,0.35171684093101707,42.60791366906475,0.2,64.36074256896973,0.7032686738553107,16,0.0,0.4375,0.0,0.0,0.0,0.5625,0.0,0.0,0.4375,0.0,0.0,False,0.26587301587301587,0.057539682539682536,9.332193686683878,0.047872340425531915,0.03206412825651302,-0.4207925010625095,0.1588,False,False,0.04295565603301015,1.0,0.0,0.0,-0.0060597519729425064,True,,2.2222222222222223,0.30158730158730157,0.07539682539682539,0.20916334661354583,0.04183266932270916,0.19444444444444445,13.467321191424778,15.234854233858218,44% of its competitor products substitute or undercut a Staples product,0.35294117647058826,0.14705882352941177,Weak,,,,False,0.0,0.0,
Furniture > Chairs & Seating > Office Chairs > Executive :: price_band=$400+ · colour_tone=dark-neutral,Furniture > Chairs & Seating > Office Chairs > Executive,Furniture > Chairs & Seating,2,"{""price_band"": ""$400+"", ""colour_tone"": ""dark-neutral""}","Any style — dark neutral, $400+",16,9,0.36263452592973344,48.489208633093526,0.3333333333333333,71.645751953125,2.6091204267408825,9,0.1111111111111111,0.3333333333333333,0.0,0.0,0.1111111111111111,0.2222222222222222,0.0,0.3333333333333333,0.0,0.2222222222222222,0.1111111111111111,False,0.27380952380952384,0.1865079365079365,8.940346641213814,0.0851063829787234,0.018036072144288578,-1.524929665662589,5e-05,False,False,0.6330310022696284,1.0,0.0,0.03211351833684689,0.024873167981961666,True,,1.5,0.031746031746031744,0.7420634920634921,0.20916334661354583,0.10358565737051793,0.3253968253968254,24.969012837538735,29.79834629735028,33% of its competitor products substitute or undercut a Staples product,0.29411764705882354,0.47058823529411764,Weak,,,,False,0.0,0.0,
Furniture > Chairs & Seating > Office Chairs > Executive :: price_band=$200–$300 · colour_tone=light-neutral · style_family=contemporary,Furniture > Chairs & Seating > Office Chairs > Executive,Furniture > Chairs & Seating,3,"{""price_band"": ""$200\u2013$300"", ""colour_tone"": ""light-neutral"", ""style_family"": ""contemporary""}","Contemporary — light neutral, $200–$300",2,12,0.3818715614333535,45.593525179856115,0.6,69.44404983520508,0.7400120122728564,12,0.0,0.3333333333333333,0.0,0.0,0.0,0.4166666666666667,0.0,0.0,0.3333333333333333,0.25,0.0,False,0.2857142857142857,0.7341269841269841,13.716069499147908,0.010638297872340425,0.02404809619238477,0.6365768290715511,0.8716,False,False,0.38601664200768354,-1.0,0.4743454389753856,0.06518240129304159,0.0250140924464487,False,red/pink,2.5,0.6468253968253969,0.5317460317460317,0.6932270916334662,0.1752988047808765,0.32936507936507936,39.9227297160564,45.06493865806615,33% of its competitor products substitute or undercut a Staples product,0.6470588235294118,0.6764705882352942,Gap-led,,,,False,0.0,0.0,
Furniture > Chairs & Seating > Office Chairs > Executive :: price_band=$300–$400 · colour_tone=warm-neutral · style_family=contemporary,Furniture > Chairs & Seating > Office Chairs > Executive,Furniture > Chairs & Seating,3,"{""price_band"": ""$300\u2013$400"", ""colour_tone"": ""warm-neutral"", ""style_family"": ""contemporary""}","Contemporary — warm neutral, $300–$400",7,5,0.48402091807088904,55.97122302158274,0.4,79.05894470214844,0.9756090124698924,5,0.2,0.6,0.0,0.2,0.0,0.0,0.0,0.6,0.0,0.2,0.0,False,0.4384920634920635,0.3055555555555556,9.248072322679054,0.03723404255319149,0.01002004008016032,-1.283016011666389,0.01185,False,False,0.0400049926640887,-1.0,0.0,0.0,-0.0063416009019166,True,,1.4285714285714286,0.0873015873015873,0.05555555555555555,0.20916334661354583,0.04183266932270916,0.19047619047619047,9.26097198507557,10.909457408461392,60% of its competitor products substitute or undercut a Staples product,0.3235294117647059,0.029411764705882353,Weak,,,,False,0.0,0.0,
Furniture > Chairs & Seating > Office Chairs > Executive :: price_band=$300–$400 · colour_tone=dark-neutral · style_family=contemporary,Furniture > Chairs & Seating > Office Chairs > Executive,Furniture > Chairs & Seating,3,"{""price_band"": ""$300\u2013$400"", ""colour_tone"": ""dark-neutral"", ""style_family"": ""contemporary""}","Contemporary — dark neutral, $300–$400",15,9,0.45964329526532727,53.05755395683454,0.2,72.3141098022461,1.0,9,0.0,0.5555555555555556,0.0,0.0,0.0,0.4444444444444444,0.0,0.3333333333333333,0.2222222222222222,0.0,0.0,False,0.39285714285714285,0.057539682539682536,9.699566046478571,0.0797872340425532,0.018036072144288578,-1.462409308681255,0.0001,False,False,0.03236302396868081,1.0,0.0,0.0,0.053692220969560306,True,,1.0666666666666667,0.03571428571428571,0.03968253968253968,0.20916334661354583,0.04183266932270916,0.42857142857142855,11.612162461266045,14.37175899576298,56% of its competitor products substitute or undercut a Staples product,0.4117647058823529,0.08823529411764706,Weak,,,,False,0.0,0.0,
Furniture > Chairs & Seating > Office Chairs > Executive :: price_band=$200–$300 · colour_tone=mid-neutral · style_family=contemporary,Furniture > Chairs & Seating > Office Chairs > Executive,Furniture > Chairs & Seating,3,"{""price_band"": ""$200\u2013$300"", ""colour_tone"": ""mid-neutral"", ""style_family"": ""contemporary""}","Contemporary — mid neutral, $200–$300",5,5,0.48402091807088904,44.02877697841727,0.3333333333333333,80.09721374511719,0.713138516843509,5,0.0,0.4,0.0,0.0,0.0,0.4,0.0,0.2,0.2,0.2,0.0,False,0.4384920634920635,0.1865079365079365,7.484139126950479,0.026595744680851064,0.01002004008016032,-0.9728610833625494,0.05895,False,False,0.019710979474220555,1.0,0.0,0.0,-0.018742953776775623,True,metallic,2.2,0.1349206349206349,0.0,0.20916334661354583,0.04183266932270916,0.14682539682539683,8.328432302535889,9.480885979889965,40% of its competitor products substitute or undercut a Staples product,0.17647058823529413,0.0,Weak,,,,False,0.0,0.0,
Furniture > Chairs & Seating > Office Chairs > Executive :: price_band=$200–$300 · colour_tone=dark-neutral · style_family=modern,Furniture > Chairs & Seating > Office Chairs > Executive,Furniture > Chairs & Seating,3,"{""price_band"": ""$200\u2013$300"", ""colour_tone"": ""dark-neutral"", ""style_family"": ""modern""}","Modern — dark neutral, $200–$300",4,6,0.23668409839240753,50.305755395683455,0.29166666666666663,73.71671676635742,0.6634382091104323,6,0.0,0.8333333333333334,0.0,0.0,0.0,0.16666666666666666,0.0,0.16666666666666666,0.6666666666666666,0.0,0.0,False,0.15079365079365079,0.14484126984126985,6.701835786970942,0.02127659574468085,0.012024048096192385,-0.6051363032372319,0.1837,False,False,0.029405600718330982,-1.0,0.0,0.0,-0.06503664036076665,True,,1.25,0.24801587301587302,0.03571428571428571,0.20916334661354583,0.04183266932270916,0.05555555555555555,9.65283706444065,10.527512964016948,83% of its competitor products substitute or undercut a Staples product,0.11764705882352941,0.058823529411764705,Weak,,,,False,0.0,0.0,
Furniture > Chairs & Seating > Office Chairs > Executive :: price_band=$300–$400 · colour_tone=dark-neutral,Furniture > Chairs & Seating > Office Chairs > Executive,Furniture > Chairs & Seating,2,"{""price_band"": ""$300\u2013$400"", ""colour_tone"": ""dark-neutral""}","Any style — dark neutral, $300–$400",11,7,0.5092488859667388,31.294964028776977,0.4,73.25335693359375,1.0101013016248666,7,0.14285714285714285,0.14285714285714285,0.0,0.14285714285714285,0.0,0.2857142857142857,0.0,0.0,0.14285714285714285,0.42857142857142855,0.0,False,0.4603174603174603,0.3055555555555556,10.094628107067221,0.05851063829787234,0.014028056112224449,-1.400305098189489,0.0009,False,False,0.06426266461803982,1.0,0.0,0.30021969547950206,0.06722096956031567,True,navy,1.2727272727272727,0.05555555555555555,0.17063492063492064,0.20916334661354583,0.8446215139442231,0.4722222222222222,27.2750268766205,18.865806614810598,only 14% safe to add; largest group is OFF-BRAND (43%),0.4411764705882353,0.5294117647058824,Weak,,,,False,0.0,0.0,
Furniture > Chairs & Seating > Office Chairs > Executive :: price_band=$200–$300 · colour_tone=bold,Furniture > Chairs & Seating > Office Chairs > Executive,Furniture > Chairs & Seating,2,"{""price_band"": ""$200\u2013$300"", ""colour_tone"": ""bold""}","Any style — bold, $200–$300",10,6,0.6164947552667382,33.830935251798564,0.75,74.26044464111328,0.6628726954681632,6,0.0,0.5,0.0,0.0,0.0,0.16666666666666666,0.0,0.0,0.5,0.3333333333333333,0.0,False,0.6071428571428571,0.9365079365079365,15.671118393196995,0.05319148936170213,0.012024048096192385,-1.4524341636244356,0.00105,False,False,0.09977725349634842,-1.0,0.0,0.056282214840848555,0.13486471251409243,True,,2.7,0.04365079365079365,0.25,0.20916334661354583,0.15139442231075698,0.6428571428571429,20.815112565610576,24.054298678302665,50% of its competitor products substitute or undercut a Staples product,0.7058823529411765,0.3235294117647059,Vector-led,,,,False,0.0,0.0,
Furniture > Chairs & Seating > Office Chairs > Executive :: price_band=$400+ · colour_tone=dark-neutral · style_family=contemporary,Furniture > Chairs & Seating > Office Chairs > Executive,Furniture > Chairs & Seating,3,"{""price_band"": ""$400+"", ""colour_tone"": ""dark-neutral"", ""style_family"": ""contemporary""}","Contemporary — dark neutral, $400+",18,18,0.5382056060828305,43.723021582733814,0.2833333333333333,71.19094848632812,1.8413139723397305,18,0.1111111111111111,0.3888888888888889,0.0,0.0,0.1111111111111111,0.2777777777777778,0.0,0.3888888888888889,0.0,0.2222222222222222,0.0,False,0.49206349206349204,0.1349206349206349,11.129737344637057,0.09574468085106383,0.036072144288577156,-0.9728610833625494,0.00085,False,False,0.23363196510197753,1.0,0.0,0.0,-0.10893461104847803,True,,1.1111111111111112,0.1349206349206349,0.40476190476190477,0.20916334661354583,0.04183266932270916,0.01984126984126984,14.518908493012075,17.060251059255044,39% of its competitor products substitute or undercut a Staples product,0.5588235294117647,0.20588235294117646,Weak,,,,False,0.0,0.0,
Furniture > Chairs & Seating > Office Chairs > Executive :: price_band=$400+ · colour_tone=dark-neutral · style_family=modern,Furniture > Chairs & Seating > Office Chairs > Executive,Furniture > Chairs & Seating,3,"{""price_band"": ""$400+"", ""colour_tone"": ""dark-neutral"", ""style_family"": ""modern""}","Modern — dark neutral, $400+",2,8,0.3354769154652557,44.16067146282973,0.25,79.24977111816406,2.4390705735100617,8,0.125,0.75,0.0,0.0,0.125,0.125,0.0,0.75,0.0,0.0,0.0,False,0.25396825396825395,0.10714285714285714,5.676296552832547,0.010638297872340425,0.01603206412825651,0.25091434825956643,0.68405,False,False,0.9951810806436354,1.0,0.08559648815952285,0.38833034958717916,-0.0641910935738444,False,,1.0,0.5357142857142857,0.873015873015873,0.4581673306772908,0.9243027888446215,0.05952380952380952,48.46522639600329,41.55421962941884,75% of its competitor products substitute or undercut a Staples product,0.029411764705882353,0.7058823529411765,Gap-led,,,,False,0.0,0.0,
Furniture > Chairs & Seating > Office Chairs > Executive :: price_band=$300–$400 · colour_tone=mid-neutral · style_family=contemporary,Furniture > Chairs & Seating > Office Chairs > Executive,Furniture > Chairs & Seating,3,"{""price_band"": ""$300\u2013$400"", ""colour_tone"": ""mid-neutral"", ""style_family"": ""contemporary""}","Contemporary — mid neutral, $300–$400",5,7,0.4811336207626999,36.546762589928065,0.0,83.54632568359375,0.8870818113295066,7,0.14285714285714285,0.2857142857142857,0.0,0.14285714285714285,0.0,0.14285714285714285,0.0,0.2857142857142857,0.0,0.42857142857142855,0.0,False,0.43253968253968256,0.017857142857142856,5.08002966956269,0.026595744680851064,0.014028056112224449,-0.6627061550587098,0.13195,False,False,0.0853513016328714,-1.0,0.0,0.0,-0.028889515219842177,True,,1.0,0.20634920634920634,0.23809523809523808,0.20916334661354583,0.04183266932270916,0.12301587301587301,13.983194207297792,16.20707645608044,only 14% safe to add; largest group is OFF-BRAND (43%),0.0,0.17647058823529413,Weak,,,,False,0.0,0.0,
Furniture > Chairs & Seating > Office Chairs > Executive :: price_band=$400+ · colour_tone=light-neutral,Furniture > Chairs & Seating > Office Chairs > Executive,Furniture > Chairs & Seating,2,"{""price_band"": ""$400+"", ""colour_tone"": ""light-neutral""}","Any style — light neutral, $400+",7,16,0.458718926901972,38.273381294964025,0.725,63.580833435058594,2.0994459086284776,16,0.3125,0.0,0.0,0.1875,0.125,0.375,0.0,0.0,0.0,0.3125,0.0,False,0.3888888888888889,0.8908730158730159,18.666221282341933,0.03723404255319149,0.03206412825651302,-0.18440372299827906,0.3623,False,False,0.538049151814735,1.0,0.0,0.13805677801261168,-0.0008455467869222244,True,,1.7142857142857142,0.3888888888888889,0.6825396825396826,0.20916334661354583,0.3784860557768924,0.21825396825396826,32.5448997660153,32.4173939163979,only 31% safe to add; largest group is REVIEW (38%),0.9411764705882353,0.6176470588235294,Vector-led,,,,False,0.0,0.0,
Furniture > Chairs & Seating > Office Chairs > Executive :: price_band=$400+ · colour_tone=warm-neutral · style_family=traditional,Furniture > Chairs & Seating > Office Chairs > Executive,Furniture > Chairs & Seating,3,"{""price_band"": ""$400+"", ""colour_tone"": ""warm-neutral"", ""style_family"": ""traditional""}","Traditional — warm neutral, $400+",4,6,0.18355943108696726,64.04676258992805,0.46666666666666673,76.68655395507812,2.726179385663044,6,0.5,0.3333333333333333,0.0,0.0,0.5,0.16666666666666666,0.0,0.3333333333333333,0.0,0.0,0.0,False,0.11904761904761904,0.37103174603174605,7.890893989542077,0.02127659574468085,0.012024048096192385,-0.6051363032372319,0.18345,False,False,0.5850094753330193,1.0,0.0,0.0,-0.10125422773393461,True,,1.5,0.24801587301587302,0.7301587301587301,0.20916334661354583,0.04183266932270916,0.027777777777777776,23.12505928666287,27.3330685195725,33% of its competitor products substitute or undercut a Staples product,0.23529411764705882,0.38235294117647056,Weak,,,,False,0.0,0.0,
Furniture > Chairs & Seating > Office Chairs > Executive :: price_band=$300–$400 · colour_tone=mid-neutral,Furniture > Chairs & Seating > Office Chairs > Executive,Furniture > Chairs & Seating,2,"{""price_band"": ""$300\u2013$400"", ""colour_tone"": ""mid-neutral""}","Any style — mid neutral, $300–$400",4,10,0.41451125750238793,33.47721822541966,0.525,70.75043487548828,0.9451202780572578,10,0.1,0.3,0.0,0.1,0.0,0.4,0.0,0.0,0.3,0.1,0.1,False,0.3373015873015873,0.5793650793650794,11.613792513925436,0.02127659574468085,0.02004008016032064,-0.1255632229753456,0.4498,False,False,0.034448505048833504,1.0,0.0,0.15030187661644728,0.18263810597519728,True,,2.25,0.4087301587301587,0.047619047619047616,0.20916334661354583,0.43824701195219123,0.7182539682539683,28.590123632454308,26.891600265604254,30% of its competitor products substitute or undercut a Staples product,0.5882352941176471,0.5882352941176471,Weak,,,,False,0.0,0.0,
Furniture > Chairs & Seating > Office Chairs > Executive :: price_band=$400+ · colour_tone=bold,Furniture > Chairs & Seating > Office Chairs > Executive,Furniture > Chairs & Seating,2,"{""price_band"": ""$400+"", ""colour_tone"": ""bold""}","Any style — bold, $400+",3,11,0.4785191575788728,37.33812949640288,0.6666666666666667,65.34274291992188,1.7365338899518756,11,0.18181818181818182,0.09090909090909091,0.0,0.09090909090909091,0.09090909090909091,0.5454545454545454,0.0,0.09090909090909091,0.0,0.18181818181818182,0.0,False,0.4246031746031746,0.8452380952380952,17.827531569331594,0.015957446808510637,0.022044088176352707,0.21672298351128702,0.683,False,False,0.2479859833841772,-1.0,0.0,0.07995824848312491,-0.10315670800450957,True,yellow/orange,1.3333333333333333,0.5158730158730159,0.4166666666666667,0.20916334661354583,0.20717131474103587,0.023809523809523808,23.963273888572694,24.10390185290584,only 18% safe to add; largest group is REVIEW (55%),0.8529411764705882,0.4117647058823529,Vector-led,,,,False,0.0,0.0,
Furniture > Chairs & Seating > Office Chairs > Executive :: price_band=$400+ · colour_tone=warm-neutral · style_family=contemporary,Furniture > Chairs & Seating > Office Chairs > Executive,Furniture > Chairs & Seating,3,"{""price_band"": ""$400+"", ""colour_tone"": ""warm-neutral"", ""style_family"": ""contemporary""}","Contemporary — warm neutral, $400+",5,12,0.29215422290839427,36.2589928057554,0.4,73.50019836425781,2.494783687736812,12,0.3333333333333333,0.3333333333333333,0.0,0.16666666666666666,0.16666666666666666,0.25,0.0,0.3333333333333333,0.0,0.08333333333333333,0.0,False,0.1865079365079365,0.3055555555555556,7.130949247751633,0.026595744680851064,0.02404809619238477,-0.15188053129271897,0.40955,False,False,0.5196048200945058,1.0,0.0,0.0,-0.12070180383314544,True,grey,1.8,0.40476190476190477,0.6547619047619048,0.20916334661354583,0.04183266932270916,0.015873015873015872,24.18160690571049,27.953108202112187,33% of its competitor products substitute or undercut a Staples product,0.14705882352941177,0.4411764705882353,Weak,,,,False,0.0,0.0,
Furniture > Chairs & Seating > Office Chairs > Executive :: price_band=$400+,Furniture > Chairs & Seating > Office Chairs > Executive,Furniture > Chairs & Seating,1,"{""price_band"": ""$400+""}",Any style — $400+,2,31,0.7822115330802973,35.73141486810551,0.4,69.6485366821289,2.1162810923638893,31,0.16129032258064516,0.0967741935483871,0.0,0.12903225806451613,0.03225806451612903,0.3548387096774194,0.0,0.0967741935483871,0.0,0.3870967741935484,0.0,False,0.7857142857142857,0.3055555555555556,16.303426986531854,0.010638297872340425,0.06212424849699399,1.560835730594883,0.99925,False,True,0.8429023722871037,1.0,0.46026392777437153,0.02278825191146399,-0.0899802705749718,False,metallic|white,1.5,0.8888888888888888,0.7817460317460317,0.6852589641434262,0.08764940239043825,0.031746031746031744,58.815847720230174,64.99486182255106,only 16% safe to add; largest group is OFF-BRAND (39%),0.7352941176470589,0.7352941176470589,Strong,,,,False,0.0,0.0,
Furniture > Chairs & Seating > Office Chairs > Executive :: price_band=under $200 · colour_tone=light-neutral,Furniture > Chairs & Seating > Office Chairs > Executive,Furniture > Chairs & Seating,2,"{""price_band"": ""under $200"", ""colour_tone"": ""light-neutral""}","Any style — light neutral, under $200",1,28,0.5923512684625878,37.985611510791365,0.6333333333333333,68.64715576171875,0.4667740826231178,28,0.0,0.39285714285714285,0.0,0.0,0.0,0.2857142857142857,0.0,0.0,0.39285714285714285,0.32142857142857145,0.0,False,0.5555555555555556,0.8095238095238095,17.756300419346445,0.005319148936170213,0.056112224448897796,1.9715778958038912,0.99965,False,True,0.8536696628358978,-1.0,0.5790192717124512,0.1259973523467891,0.104706877113867,False,white,2.0,0.9444444444444444,0.7857142857142857,0.8725099601593626,0.36254980079681276,0.5674603174603174,75.80764244608866,81.4978182508063,39% of its competitor products substitute or undercut a Staples product,0.8235294117647058,0.9705882352941176,Strong,,,,False,0.0,0.0,
Furniture > Chairs & Seating > Office Chairs > Executive :: price_band=$400+ · colour_tone=warm-neutral,Furniture > Chairs & Seating > Office Chairs > Executive,Furniture > Chairs & Seating,2,"{""price_band"": ""$400+"", ""colour_tone"": ""warm-neutral""}","Any style — warm neutral, $400+",1,9,0.4044510372466633,44.172661870503596,0.5333333333333334,66.68424987792969,2.6091204267408825,9,0.1111111111111111,0.2222222222222222,0.0,0.0,0.1111111111111111,0.4444444444444444,0.0,0.2222222222222222,0.0,0.2222222222222222,0.0,False,0.3134920634920635,0.5912698412698413,14.03948613057796,0.005319148936170213,0.018036072144288578,0.8729656071357814,0.90015,False,False,0.89354638699817,1.0,0.3809800259900604,0.36551047695303757,-0.013599210822998836,False,,4.0,0.7222222222222222,0.8174603174603174,0.6215139442231076,0.9163346613545816,0.15476190476190477,67.01614178207804,61.23980269398596,only 11% safe to add; largest group is REVIEW (44%),0.6764705882352942,0.7941176470588235,Strong,,,,False,0.0,0.0,
Furniture > Chairs & Seating > Office Chairs > Executive :: price_band=under $200,Furniture > Chairs & Seating > Office Chairs > Executive,Furniture > Chairs & Seating,1,"{""price_band"": ""under $200""}",Any style — under $200,0,38,0.8166221334681456,37.81175059952038,0.5166666666666667,69.44916915893555,0.4656990199719992,38,0.0,0.3157894736842105,0.0,0.0,0.0,0.34210526315789475,0.0,0.0,0.3157894736842105,0.34210526315789475,0.0,False,0.8134920634920635,0.5674603174603174,18.983423521080642,0.0,0.07615230460921844,3.3709443384911344,1.0,True,True,0.8825460980188952,-1.0,0.6137943196974557,0.1181547414047805,-0.06362739571589626,False,beige/cream|blue|brown/wood|metallic|multi/pattern|white,,0.9920634920634921,0.8095238095238095,0.900398406374502,0.32270916334661354,0.06349206349206349,70.21169291089609,74.23812685764877,32% of its competitor products substitute or undercut a Staples product,0.9705882352941176,0.9411764705882353,Strong,,,,False,0.0,0.0,
Furniture > Chairs & Seating > Office Chairs > Executive :: price_band=$200–$300,Furniture > Chairs & Seating > Office Chairs > Executive,Furniture > Chairs & Seating,1,"{""price_band"": ""$200\u2013$300""}",Any style — $200–$300,0,32,0.6701175385342005,40.007993605115914,0.55,71.9141845703125,0.7551410396645348,32,0.03125,0.4375,0.0,0.03125,0.0,0.15625,0.0,0.03125,0.40625,0.375,0.0,False,0.6904761904761905,0.623015873015873,16.472112657077183,0.0,0.06412825651302605,3.201526186533088,1.0,True,True,0.35971972807118796,-1.0,0.57035816096244,0.1828402008687774,-0.03332863585118373,False,black|grey|metallic|multi/pattern,,0.9841269841269841,0.5,0.8645418326693227,0.5617529880478087,0.1111111111111111,67.50553342186808,66.45750332005312,44% of its competitor products substitute or undercut a Staples product,0.7647058823529411,0.8235294117647058,Strong,,,,False,0.0,0.0,
Furniture > Chairs & Seating > Office Chairs > Executive :: price_band=under $200 · colour_tone=bold,Furniture > Chairs & Seating > Office Chairs > Executive,Furniture > Chairs & Seating,2,"{""price_band"": ""under $200"", ""colour_tone"": ""bold""}","Any style — bold, under $200",0,24,0.7088937321977212,37.038369304556355,0.75,62.66387176513672,0.4655361624461359,24,0.0,0.16666666666666666,0.0,0.0,0.0,0.4583333333333333,0.0,0.0,0.16666666666666666,0.375,0.0,False,0.7341269841269841,0.9365079365079365,25.224259669519633,0.0,0.04809619238476954,2.918959214748077,0.9999,True,True,0.8669852392369158,-1.0,0.6033737455941495,0.39580479429096715,-0.0030298759864711977,False,black|blue|green|purple|red/pink|yellow/orange,,0.9801587301587301,0.7936507936507936,0.8924302788844621,0.9282868525896414,0.20238095238095238,80.52504268639727,76.04305002213368,only 0% safe to add; largest group is REVIEW (46%),1.0,1.0,Strong,,,,False,0.0,0.0,
Furniture > Chairs & Seating > Office Chairs > Executive :: price_band=under $200 · colour_tone=bold · style_family=contemporary,Furniture > Chairs & Seating > Office Chairs > Executive,Furniture > Chairs & Seating,3,"{""price_band"": ""under $200"", ""colour_tone"": ""bold"", ""style_family"": ""contemporary""}","Contemporary — bold, under $200",0,10,0.846386057885652,33.327338129496404,0.6833333333333333,73.44447326660156,0.3811602675105339,10,0.0,0.4,0.0,0.0,0.0,0.2,0.0,0.0,0.4,0.4,0.0,False,0.8373015873015873,0.8551587301587301,18.33811579443677,0.0,0.02004008016032064,2.0716613543608737,0.9882,True,True,0.9401721784862044,-1.0,0.48402972096862373,0.05956478892435412,-0.036781285231116095,False,blue|purple|red/pink|yellow/orange,,0.9523809523809523,0.8452380952380952,0.7131474103585658,0.17131474103585656,0.10317460317460317,65.0526465566306,70.7907259849491,40% of its competitor products substitute or undercut a Staples product,0.9117647058823529,0.7647058823529411,Strong,,,,False,0.0,0.0,
Furniture > Chairs & Seating > Office Chairs > Other :: price_band=$300–$400,Furniture > Chairs & Seating > Office Chairs > Other,Furniture > Chairs & Seating,1,"{""price_band"": ""$300\u2013$400""}",Any style — $300–$400,15,14,0.3501752475386028,38.593525179856115,0.55,70.77885818481445,0.8837471808908528,14,0.14285714285714285,0.14285714285714285,0.0,0.14285714285714285,0.0,0.35714285714285715,0.0,0.0,0.14285714285714285,0.35714285714285715,0.0,False,0.2619047619047619,0.623015873015873,11.378469697273797,0.1744186046511628,0.09210526315789473,-0.6312211772365242,0.03455,False,False,0.04999932054589181,-1.0,0.1700098480138479,0.08003759570407123,0.1100620067643743,True,beige/cream|metallic,1.3333333333333333,0.2222222222222222,0.10714285714285714,0.50199203187251,0.21115537848605578,0.5753968253968254,25.359909568076894,28.11523746284702,only 14% safe to add; largest group is OFF-BRAND (36%),0.7,0.4,Vector-led,,,,False,0.0,0.0,
Furniture > Chairs & Seating > Office Chairs > Other :: price_band=$300–$400 · colour_tone=mid-neutral,Furniture > Chairs & Seating > Office Chairs > Other,Furniture > Chairs & Seating,2,"{""price_band"": ""$300\u2013$400"", ""colour_tone"": ""mid-neutral""}","Any style — mid neutral, $300–$400",5,7,0.1458940517059477,56.25899280575539,0.25,78.808349609375,0.8438785628388784,7,0.0,0.7142857142857143,0.0,0.0,0.0,0.2857142857142857,0.0,0.2857142857142857,0.42857142857142855,0.0,0.0,False,0.10317460317460317,0.10714285714285714,5.12819426706124,0.05813953488372093,0.046052631578947366,-0.25437487443401235,0.33645,False,False,0.041323805066791994,-1.0,0.0,0.3043091674974606,0.0622886133032694,True,,1.2,0.3531746031746032,0.06349206349206349,0.20916334661354583,0.848605577689243,0.44841269841269843,30.043121166129133,20.919378043382032,71% of its competitor products substitute or undercut a Staples product,0.2,0.5,Weak,,,,False,0.0,0.0,
Furniture > Chairs & Seating > Office Chairs > Other :: price_band=$400+,Furniture > Chairs & Seating > Office Chairs > Other,Furniture > Chairs & Seating,1,"{""price_band"": ""$400+""}",Any style — $400+,36,27,0.4050036722366296,45.539568345323744,0.5,71.83352661132812,1.1718797957532299,27,0.37037037037037035,0.07407407407407407,0.0,0.2962962962962963,0.07407407407407407,0.25925925925925924,0.0,0.07407407407407407,0.0,0.2962962962962963,0.0,False,0.31746031746031744,0.47619047619047616,11.225000626347418,0.4186046511627907,0.17763157894736842,-0.8476560586537719,5e-05,False,False,0.09774659395317338,-1.0,0.2352294892102517,0.08565349161198763,0.02952367531003383,True,beige/cream|metallic,1.25,0.18253968253968253,0.24603174603174602,0.5219123505976095,0.22709163346613545,0.3412698412698413,24.469186745083153,26.608881932587114,only 37% safe to add; largest group is OFF-BRAND (30%),0.6,0.2,Weak,,,,False,0.0,0.0,
Furniture > Chairs & Seating > Office Chairs > Other :: price_band=$300–$400 · colour_tone=bold,Furniture > Chairs & Seating > Office Chairs > Other,Furniture > Chairs & Seating,2,"{""price_band"": ""$300\u2013$400"", ""colour_tone"": ""bold""}","Any style — bold, $300–$400",5,6,0.5298497389283144,23.776978417266186,0.55,70.22172164916992,0.9502510668125919,6,0.0,0.0,0.0,0.0,0.0,0.16666666666666666,0.0,0.0,0.0,0.8333333333333334,0.0,False,0.47619047619047616,0.623015873015873,13.143257112472558,0.05813953488372093,0.039473684210526314,-0.39747571807468557,0.24815,False,False,0.02537589698847199,1.0,0.0,0.0942791281494149,0.044250281848928985,True,yellow/orange,2.0,0.3134920634920635,0.011904761904761904,0.20916334661354583,0.2589641434262948,0.4007936507936508,18.75802346170872,17.982870106874092,only 0% safe to add; largest group is OFF-BRAND (83%),0.9,0.0,Vector-led,,,,False,0.0,0.0,
Furniture > Chairs & Seating > Office Chairs > Other :: price_band=$200–$300,Furniture > Chairs & Seating > Office Chairs > Other,Furniture > Chairs & Seating,1,"{""price_band"": ""$200\u2013$300""}",Any style — $200–$300,8,29,0.3783572907368981,26.85051958433253,0.5,75.39810943603516,0.6454438013273129,29,0.0,0.2413793103448276,0.0,0.0,0.0,0.13793103448275862,0.0,0.034482758620689655,0.20689655172413793,0.6206896551724138,0.0,False,0.28174603174603174,0.47619047619047616,8.029685396839389,0.09302325581395349,0.19078947368421054,0.6797942971116516,0.9801,False,False,0.07205468515964455,-1.0,0.18841858120613914,0.02393978034626657,-0.07356257046223225,True,metallic|red/pink|white|yellow/orange,1.75,0.6626984126984127,0.20634920634920634,0.5139442231075697,0.09163346613545817,0.03571428571428571,36.94080819578827,39.346344779611705,only 0% safe to add; largest group is OFF-BRAND (62%),0.4,0.6,Weak,,,,False,0.0,0.0,
Furniture > Chairs & Seating > Office Chairs > Other :: price_band=$200–$300 · colour_tone=dark-neutral,Furniture > Chairs & Seating > Office Chairs > Other,Furniture > Chairs & Seating,2,"{""price_band"": ""$200\u2013$300"", ""colour_tone"": ""dark-neutral""}","Any style — dark neutral, $200–$300",10,8,0.13939419450172136,31.264988009592322,0.29166666666666663,64.46413803100586,0.5897432158010636,8,0.0,0.0,0.0,0.0,0.0,0.625,0.0,0.0,0.0,0.375,0.0,False,0.09523809523809523,0.14484126984126985,6.142815251193581,0.11627906976744186,0.05263157894736842,-0.7758388964050588,0.03885,False,False,0.1389381207915361,-1.0,0.0,0.07331714024386501,0.06715050732807215,True,,1.3,0.19047619047619047,0.3253968253968254,0.20916334661354583,0.199203187250996,0.46825396825396826,22.990577373047493,25.01660026560425,only 0% safe to add; largest group is REVIEW (62%),0.3,0.1,Weak,,,,False,0.0,0.0,
Furniture > Chairs & Seating > Office Chairs > Other :: price_band=under $200,Furniture > Chairs & Seating > Office Chairs > Other,Furniture > Chairs & Seating,1,"{""price_band"": ""under $200""}",Any style — under $200,2,25,0.5858740772242039,32.230215827338135,0.4,66.25199127197266,0.3818854842974236,25,0.0,0.2,0.0,0.0,0.0,0.36,0.0,0.0,0.2,0.44,0.0,False,0.5476190476190477,0.3055555555555556,14.157563283494913,0.023255813953488372,0.16447368421052633,1.7578579175523736,0.9998,False,True,0.9292897496051895,-1.0,0.3413860918849232,0.03820844077521784,0.050662344983089025,False,purple|yellow/orange,1.0,0.9166666666666666,0.8412698412698413,0.5577689243027888,0.11553784860557768,0.42063492063492064,65.31785556187947,72.68315626383355,only 0% safe to add; largest group is OFF-BRAND (44%),1.0,0.7,Strong,,,,False,0.0,0.0,
Furniture > Chairs & Seating > Office Chairs > Other :: price_band=under $200 · colour_tone=dark-neutral · style_family=contemporary,Furniture > Chairs & Seating > Office Chairs > Other,Furniture > Chairs & Seating,3,"{""price_band"": ""under $200"", ""colour_tone"": ""dark-neutral"", ""style_family"": ""contemporary""}","Contemporary — dark neutral, under $200",3,8,0.0,37.68585131894484,0.225,68.31335067749023,0.4125643159063397,8,0.0,0.25,0.0,0.0,0.0,0.625,0.0,0.0,0.25,0.125,0.0,False,0.00992063492063492,0.07539682539682539,4.321141512989929,0.03488372093023256,0.05263157894736842,0.322773392263051,0.732,False,False,0.18840116479085425,-1.0,0.0,0.0,0.00986471251409246,True,,1.0,0.5515873015873016,0.38095238095238093,0.20916334661354583,0.04183266932270916,0.2619047619047619,24.96533706444065,28.597949471953456,only 0% safe to add; largest group is REVIEW (62%),0.1,0.3,Weak,,,,False,0.0,0.0,
Furniture > Chairs & Seating > Office Chairs > Other :: price_band=under $200 · colour_tone=light-neutral,Furniture > Chairs & Seating > Office Chairs > Other,Furniture > Chairs & Seating,2,"{""price_band"": ""under $200"", ""colour_tone"": ""light-neutral""}","Any style — light neutral, under $200",1,9,0.32717123996810726,30.0,0.75,71.51700592041016,0.3813809623479616,9,0.0,0.4444444444444444,0.0,0.0,0.0,0.0,0.0,0.0,0.4444444444444444,0.5555555555555556,0.0,False,0.23412698412698413,0.9365079365079365,12.2329938461667,0.011627906976744186,0.05921052631578947,1.2812968877604791,0.97145,False,True,0.954066940122822,-1.0,0.5426789368466602,0.05739640276225919,0.19384160090191654,False,white,1.0,0.8472222222222222,0.8571428571428571,0.8247011952191236,0.1553784860557769,0.7380952380952381,72.568258711187,82.33727787263643,44% of its competitor products substitute or undercut a Staples product,0.8,1.0,Strong,,,,False,0.0,0.0,
Furniture > Chairs & Seating > Office Chairs > Other :: price_band=under $200 · colour_tone=bold · style_family=gaming,Furniture > Chairs & Seating > Office Chairs > Other,Furniture > Chairs & Seating,3,"{""price_band"": ""under $200"", ""colour_tone"": ""bold"", ""style_family"": ""gaming""}","Gaming — bold, under $200",1,9,0.6353052406881561,22.158273381294965,0.6,80.41216278076172,0.4302857662353405,9,0.0,0.0,0.0,0.0,0.0,0.0,0.0,0.0,0.0,1.0,0.0,False,0.6428571428571429,0.7341269841269841,10.563569403268628,0.011627906976744186,0.05921052631578947,1.2812968877604791,0.96665,False,True,0.8422487777754225,-1.0,0.4437365046006516,0.2167378079461949,0.018108793686583968,False,blue|green,1.0,0.8472222222222222,0.7777777777777778,0.6693227091633466,0.6334661354581673,0.30952380952380953,69.39302314551318,68.67415259596534,only 0% safe to add; largest group is OFF-BRAND (100%),0.5,0.9,Gap-led,,,,False,0.0,0.0,
Furniture > Chairs & Seating > Office Chairs > Other :: price_band=under $200 · colour_tone=dark-neutral,Furniture > Chairs & Seating > Office Chairs > Other,Furniture > Chairs & Seating,2,"{""price_band"": ""under $200"", ""colour_tone"": ""dark-neutral""}","Any style — dark neutral, under $200",0,10,0.1366144497417468,31.28896882494005,0.225,75.02266311645508,0.2950007021576597,10,0.0,0.3,0.0,0.0,0.0,0.3,0.0,0.0,0.3,0.4,0.0,False,0.0873015873015873,0.07539682539682539,3.796600842634346,0.0,0.06578947368421052,2.4799926349855714,0.99885,True,True,1.1085495853617928,-1.0,0.052952660399258805,0.19269391124541824,-0.043897970687711396,False,black,,0.9722222222222222,0.9166666666666666,0.4302788844621514,0.5816733067729084,0.0873015873015873,68.8499177891608,67.29605387971922,30% of its competitor products substitute or undercut a Staples product,0.0,0.8,Gap-led,,,,False,0.0,0.0,
Furniture > Chairs & Seating > Office Chairs > Task :: price_band=$150–$250 · colour_tone=dark-neutral,Furniture > Chairs & Seating > Office Chairs > Task,Furniture > Chairs & Seating,2,"{""price_band"": ""$150\u2013$250"", ""colour_tone"": ""dark-neutral""}","Any style — dark neutral, $150–$250",10,15,0.13476593505534615,51.89448441247002,0.2,78.73768615722656,0.513875385427373,15,0.0,0.6666666666666666,0.0,0.0,0.0,0.13333333333333333,0.0,0.13333333333333333,0.5333333333333333,0.2,0.0,False,0.07936507936507936,0.057539682539682536,4.375415491531248,0.05649717514124294,0.030927835051546393,-0.6149603068466852,0.06615,False,False,0.11033335019443734,-1.0,0.0,0.2777647731353523,0.031426155580608794,True,navy,1.3,0.23412698412698413,0.2857142857142857,0.20916334661354583,0.7808764940239044,0.3492063492063492,29.900200784164927,22.407473281477266,67% of its competitor products substitute or undercut a Staples product,0.038461538461538464,0.46153846153846156,Weak,,,,False,0.0,0.0,
Furniture > Chairs & Seating > Office Chairs > Task :: price_band=$400+ · colour_tone=dark-neutral,Furniture > Chairs & Seating > Office Chairs > Task,Furniture > Chairs & Seating,2,"{""price_band"": ""$400+"", ""colour_tone"": ""dark-neutral""}","Any style — dark neutral, $400+",35,15,0.40012005831403824,39.78417266187051,0.3333333333333333,72.82723999023438,1.5348961603758227,15,0.06666666666666667,0.4666666666666667,0.0,0.0,0.06666666666666667,0.3333333333333333,0.0,0.4,0.06666666666666667,0.13333333333333333,0.0,False,0.3055555555555556,0.1865079365079365,8.246375678788723,0.1977401129943503,0.030927835051546393,-1.8331177461645778,0.0,False,False,0.1420010675050623,1.0,0.0,0.10872399126760024,0.014937993235625703,True,,1.2571428571428571,0.015873015873015872,0.32936507936507936,0.20916334661354583,0.2868525896414343,0.29365079365079366,18.710080313665973,18.56818756719155,47% of its competitor products substitute or undercut a Staples product,0.4230769230769231,0.11538461538461539,Weak,,,,False,0.0,0.0,
Furniture > Chairs & Seating > Office Chairs > Task :: price_band=under $150 · colour_tone=dark-neutral,Furniture > Chairs & Seating > Office Chairs > Task,Furniture > Chairs & Seating,2,"{""price_band"": ""under $150"", ""colour_tone"": ""dark-neutral""}","Any style — dark neutral, under $150",4,20,0.3134131445317886,43.45323741007195,0.0,71.97136306762695,0.2485979732330429,20,0.0,0.55,0.0,0.0,0.0,0.3,0.0,0.0,0.55,0.15,0.0,False,0.21031746031746032,0.017857142857142856,6.431643169257038,0.022598870056497175,0.041237113402061855,0.5119224157596799,0.87485,False,False,0.381032856699295,-1.0,0.0,0.14961539678807967,0.02149098083427283,True,navy,1.0,0.5952380952380952,0.5277777777777778,0.20916334661354583,0.4302788844621514,0.32142857142857145,35.385284259786246,34.222949471953456,55% of its competitor products substitute or undercut a Staples product,0.19230769230769232,0.5,Weak,,,,False,0.0,0.0,
Furniture > Chairs & Seating > Office Chairs > Task :: price_band=under $150 · colour_tone=dark-neutral · style_family=contemporary,Furniture > Chairs & Seating > Office Chairs > Task,Furniture > Chairs & Seating,3,"{""price_band"": ""under $150"", ""colour_tone"": ""dark-neutral"", ""style_family"": ""contemporary""}","Contemporary — dark neutral, under $150",2,13,0.33314044829927236,42.50999200639489,0.0,65.99842834472656,0.3073001780531232,13,0.0,0.46153846153846156,0.0,0.0,0.0,0.5384615384615384,0.0,0.0,0.46153846153846156,0.0,0.0,False,0.24603174603174602,0.017857142857142856,8.252472067392212,0.011299435028248588,0.026804123711340205,0.68197387996182,0.884,False,False,1.1229674520369148,-1.0,0.07279219055531028,0.1250782385171097,0.01085118376550169,False,,1.0,0.6666666666666666,0.9246031746031746,0.4541832669322709,0.3545816733067729,0.2698412698412698,46.33782330993487,49.26223676721685,46% of its competitor products substitute or undercut a Staples product,0.46153846153846156,0.5769230769230769,Weak,,,,False,0.0,0.0,
Furniture > Chairs & Seating > Office Chairs > Task :: price_band=$150–$250,Furniture > Chairs & Seating > Office Chairs > Task,Furniture > Chairs & Seating,1,"{""price_band"": ""$150\u2013$250""}",Any style — $150–$250,8,50,0.6770002549674318,45.10791366906475,0.0,70.50867462158203,0.48138422422671623,50,0.0,0.6,0.0,0.0,0.0,0.26,0.0,0.02,0.58,0.14,0.0,False,0.6984126984126984,0.017857142857142856,13.391236441838654,0.04519774011299435,0.10309278350515463,0.7774820991766347,0.9927,False,False,0.10579683404347207,-1.0,0.34805748715808826,0.04493184427723428,0.006905298759864717,True,green|metallic,1.875,0.6944444444444444,0.2698412698412698,0.5617529880478087,0.13545816733067728,0.25396825396825395,43.97007209258204,47.36601214190855,60% of its competitor products substitute or undercut a Staples product,0.7692307692307693,0.5384615384615384,Vector-led,,,,False,0.0,0.0,
Furniture > Chairs & Seating > Office Chairs > Task :: price_band=$250–$400 · colour_tone=dark-neutral,Furniture > Chairs & Seating > Office Chairs > Task,Furniture > Chairs & Seating,2,"{""price_band"": ""$250\u2013$400"", ""colour_tone"": ""dark-neutral""}","Any style — dark neutral, $250–$400",19,20,0.13320828969441456,55.50359712230215,0.3333333333333333,72.30051803588867,0.7494462251374142,20,0.05,0.55,0.0,0.05,0.0,0.25,0.0,0.2,0.35,0.15,0.0,False,0.07539682539682539,0.1865079365079365,6.8436098205176075,0.10734463276836158,0.041237113402061855,-0.9544146530337472,0.001,False,False,0.05328263709662089,-1.0,0.0,0.14866387501687195,0.027057497181510706,True,,1.263157894736842,0.14682539682539683,0.13095238095238096,0.20916334661354583,0.41832669322709165,0.3333333333333333,19.600842661101623,16.693187567191554,55% of its competitor products substitute or undercut a Staples product,0.23076923076923078,0.15384615384615385,Weak,,,,False,0.0,0.0,
Furniture > Chairs & Seating > Office Chairs > Task :: price_band=under $150 · colour_tone=mid-neutral,Furniture > Chairs & Seating > Office Chairs > Task,Furniture > Chairs & Seating,2,"{""price_band"": ""under $150"", ""colour_tone"": ""mid-neutral""}","Any style — mid neutral, under $150",2,18,0.12173708872215815,52.65587529976019,0.4,71.84811782836914,0.28439240753606554,18,0.0,0.5555555555555556,0.0,0.0,0.0,0.2777777777777778,0.0,0.0,0.5555555555555556,0.1111111111111111,0.05555555555555555,False,0.06746031746031746,0.3055555555555556,7.452187699252262,0.011299435028248588,0.03711340206185567,0.9970549266017155,0.9656,False,False,1.3119280728801992,-1.0,0.48461616038450855,0.09948635330402099,0.09533540022547915,False,,1.5,0.7698412698412699,0.9682539682539683,0.7171314741035857,0.27091633466135456,0.5436507936507936,69.28500284575982,76.36643900588123,56% of its competitor products substitute or undercut a Staples product,0.34615384615384615,0.7307692307692307,Gap-led,,,,False,0.0,0.0,
Furniture > Chairs & Seating > Office Chairs > Task :: price_band=under $150 · colour_tone=bold,Furniture > Chairs & Seating > Office Chairs > Task,Furniture > Chairs & Seating,2,"{""price_band"": ""under $150"", ""colour_tone"": ""bold""}","Any style — bold, under $150",1,22,0.39316970170482435,45.83333333333333,0.5,76.7265625,0.28955421871484216,22,0.0,0.7727272727272727,0.0,0.0,0.0,0.045454545454545456,0.0,0.0,0.7727272727272727,0.18181818181818182,0.0,False,0.29365079365079366,0.47619047619047616,9.046163504464285,0.005649717514124294,0.04536082474226804,1.7036251274938015,0.9974,False,True,1.2388604170543014,-1.0,0.5544904331343755,0.20408435327947916,0.06482525366403608,False,green|purple|red/pink|yellow/orange,1.0,0.9087301587301587,0.9603174603174603,0.8446215139442231,0.6135458167330677,0.4603174603174603,79.78917662682602,81.91227154872574,77% of its competitor products substitute or undercut a Staples product,0.5,0.9615384615384616,Gap-led,,,,False,0.0,0.0,
Furniture > Chairs & Seating > Office Chairs > Task :: price_band=$250–$400 · colour_tone=mid-neutral,Furniture > Chairs & Seating > Office Chairs > Task,Furniture > Chairs & Seating,2,"{""price_band"": ""$250\u2013$400"", ""colour_tone"": ""mid-neutral""}","Any style — mid neutral, $250–$400",6,9,0.02076930241221943,54.42446043165467,0.6,78.69932556152344,0.6364919914822702,9,0.1111111111111111,0.5555555555555556,0.0,0.1111111111111111,0.0,0.3333333333333333,0.0,0.2222222222222222,0.3333333333333333,0.0,0.0,False,0.031746031746031744,0.7341269841269841,7.691478459901757,0.03389830508474576,0.018556701030927835,-0.6249354519035049,0.12115,False,False,0.14903618286174602,-1.0,0.0,0.09127057355531543,0.05686302142051859,True,,1.3333333333333333,0.2261904761904762,0.34523809523809523,0.20916334661354583,0.24302788844621515,0.4365079365079365,24.193582811610696,25.502711376715364,56% of its competitor products substitute or undercut a Staples product,0.38461538461538464,0.34615384615384615,Weak,,,,False,0.0,0.0,
Furniture > Chairs & Seating > Office Chairs > Task :: price_band=$150–$250 · colour_tone=bold,Furniture > Chairs & Seating > Office Chairs > Task,Furniture > Chairs & Seating,2,"{""price_band"": ""$150\u2013$250"", ""colour_tone"": ""bold""}","Any style — bold, $150–$250",6,20,0.41296165791926687,48.67625899280576,0.5,77.72735214233398,0.5005684118425808,20,0.05,0.85,0.0,0.05,0.0,0.1,0.0,0.0,0.85,0.0,0.0,False,0.3333333333333333,0.47619047619047616,9.244850402717029,0.03389830508474576,0.041237113402061855,0.14419763563436258,0.6617,False,False,0.04987000016782258,-1.0,0.0,0.14484776668906518,0.04206595264937993,True,green,2.3333333333333335,0.5,0.10317460317460317,0.20916334661354583,0.3944223107569721,0.39285714285714285,25.76013406690697,23.369774868778855,85% of its competitor products substitute or undercut a Staples product,0.5384615384615384,0.38461538461538464,Weak,,,,False,0.0,0.0,
Furniture > Chairs & Seating > Office Chairs > Task :: price_band=$250–$400 · colour_tone=dark-neutral · style_family=contemporary,Furniture > Chairs & Seating > Office Chairs > Task,Furniture > Chairs & Seating,3,"{""price_band"": ""$250\u2013$400"", ""colour_tone"": ""dark-neutral"", ""style_family"": ""contemporary""}","Contemporary — dark neutral, $250–$400",20,13,0.1818239918987784,53.393285371702625,0.0,79.52735900878906,0.726363879649807,13,0.0,0.7692307692307693,0.0,0.0,0.0,0.07692307692307693,0.0,0.15384615384615385,0.6153846153846154,0.0,0.15384615384615385,False,0.11507936507936507,0.017857142857142856,4.430890744024042,0.11299435028248588,0.026804123711340205,-1.4221602743083874,0.0,False,False,0.023901804814985148,1.0,0.0,0.0,-0.011555806087936868,True,,1.05,0.047619047619047616,0.007936507936507936,0.20916334661354583,0.04183266932270916,0.1626984126984127,7.197479921583507,8.468981217985203,77% of its competitor products substitute or undercut a Staples product,0.07692307692307693,0.0,Weak,,,,False,0.0,0.0,
Furniture > Chairs & Seating > Office Chairs > Task :: price_band=$400+ · colour_tone=mid-neutral,Furniture > Chairs & Seating > Office Chairs > Task,Furniture > Chairs & Seating,2,"{""price_band"": ""$400+"", ""colour_tone"": ""mid-neutral""}","Any style — mid neutral, $400+",14,8,0.10744410173079039,40.28776978417267,0.375,70.7558822631836,1.4747561348661056,8,0.25,0.25,0.0,0.125,0.125,0.375,0.0,0.125,0.125,0.125,0.0,False,0.05555555555555555,0.24404761904761904,6.049883118391283,0.07909604519774012,0.016494845360824743,-1.5385075595386666,5e-05,False,False,0.21424184344442923,-1.0,0.0,0.12160440583243548,0.06841882750845547,True,,1.5,0.027777777777777776,0.3888888888888889,0.20916334661354583,0.3346613545816733,0.4880952380952381,23.742687978245744,24.15350502750901,only 25% safe to add; largest group is REVIEW (38%),0.15384615384615385,0.3076923076923077,Weak,,,,False,0.0,0.0,
Furniture > Chairs & Seating > Office Chairs > Task :: price_band=$150–$250 · colour_tone=dark-neutral · style_family=contemporary,Furniture > Chairs & Seating > Office Chairs > Task,Furniture > Chairs & Seating,3,"{""price_band"": ""$150\u2013$250"", ""colour_tone"": ""dark-neutral"", ""style_family"": ""contemporary""}","Contemporary — dark neutral, $150–$250",8,7,0.2926110586095531,45.93525179856115,0.2,76.99604034423828,0.5306493077666926,7,0.0,0.7142857142857143,0.0,0.0,0.0,0.2857142857142857,0.0,0.14285714285714285,0.5714285714285714,0.0,0.0,False,0.19047619047619047,0.057539682539682536,5.47275614188498,0.04519774011299435,0.01443298969072165,-1.1295882165624147,0.0128,False,False,0.07994156930075344,-1.0,0.0,0.0,-0.008455467869222105,True,,1.125,0.0992063492063492,0.2222222222222222,0.20916334661354583,0.04183266932270916,0.1865079365079365,12.743114842218429,15.205092329096312,71% of its competitor products substitute or undercut a Staples product,0.11538461538461539,0.038461538461538464,Weak,,,,False,0.0,0.0,
Furniture > Chairs & Seating > Office Chairs > Task :: price_band=$150–$250 · colour_tone=dark-neutral · style_family=modern,Furniture > Chairs & Seating > Office Chairs > Task,Furniture > Chairs & Seating,3,"{""price_band"": ""$150\u2013$250"", ""colour_tone"": ""dark-neutral"", ""style_family"": ""modern""}","Modern — dark neutral, $150–$250",3,7,0.23894701316233546,50.3357314148681,0.25,70.50868225097656,0.4542386813472063,7,0.0,0.5714285714285714,0.0,0.0,0.0,0.2857142857142857,0.0,0.0,0.5714285714285714,0.14285714285714285,0.0,False,0.15476190476190477,0.10714285714285714,7.297206787940532,0.01694915254237288,0.01443298969072165,-0.24228502156151185,0.3855,False,False,0.13360633511151485,-1.0,0.0,0.0,0.0008455467869222105,True,navy,1.0,0.35912698412698413,0.31746031746031744,0.20916334661354583,0.04183266932270916,0.2261904761904762,19.791725953329536,22.9283066148106,57% of its competitor products substitute or undercut a Staples product,0.2692307692307692,0.19230769230769232,Weak,,,,False,0.0,0.0,
Furniture > Chairs & Seating > Office Chairs > Task :: price_band=$250–$400 · colour_tone=bold,Furniture > Chairs & Seating > Office Chairs > Task,Furniture > Chairs & Seating,2,"{""price_band"": ""$250\u2013$400"", ""colour_tone"": ""bold""}","Any style — bold, $250–$400",7,15,0.6398074767966927,33.84892086330935,0.5,73.12059020996094,0.6921845594756538,15,0.06666666666666667,0.4666666666666667,0.0,0.06666666666666667,0.0,0.2,0.0,0.13333333333333333,0.3333333333333333,0.26666666666666666,0.0,False,0.6626984126984127,0.47619047619047616,13.945270772373977,0.03954802259887006,0.030927835051546393,-0.2784880702254724,0.2865,False,False,0.06745366588270364,-1.0,0.0,0.13236773396328066,0.002395715896279585,True,,2.7142857142857144,0.34523809523809523,0.18253968253968253,0.20916334661354583,0.3665338645418327,0.23809523809523808,21.899347056219565,19.550330424334405,47% of its competitor products substitute or undercut a Staples product,0.8076923076923077,0.2692307692307692,Vector-led,,,,False,0.0,0.0,
Furniture > Chairs & Seating > Office Chairs > Task :: price_band=$400+ · colour_tone=light-neutral,Furniture > Chairs & Seating > Office Chairs > Task,Furniture > Chairs & Seating,2,"{""price_band"": ""$400+"", ""colour_tone"": ""light-neutral""}","Any style — light neutral, $400+",2,10,0.6020430276987343,45.09592326139088,0.55,67.4021224975586,1.892366956553779,10,0.3,0.0,0.0,0.3,0.0,0.7,0.0,0.0,0.0,0.0,0.0,False,0.5833333333333334,0.623015873015873,18.04428576905583,0.011299435028248588,0.020618556701030927,0.430659451680914,0.7835,False,False,0.7305266477684058,1.0,0.6039602288626741,0.17041286350757015,0.1362034949267193,False,,2.0,0.5793650793650794,0.7619047619047619,0.896414342629482,0.5179282868525896,0.6468253968253969,56.29450452159615,60.05130272560552,only 30% safe to add; largest group is REVIEW (70%),1.0,0.6153846153846154,Vector-led,,,,False,0.0,0.0,
Furniture > Chairs & Seating > Office Chairs > Task :: price_band=$400+ · colour_tone=dark-neutral · style_family=gaming,Furniture > Chairs & Seating > Office Chairs > Task,Furniture > Chairs & Seating,3,"{""price_band"": ""$400+"", ""colour_tone"": ""dark-neutral"", ""style_family"": ""gaming""}","Gaming — dark neutral, $400+",13,5,0.0,39.82014388489209,0.25,74.03343963623047,0.9651154678015768,5,0.2,0.2,0.0,0.2,0.0,0.2,0.0,0.2,0.0,0.2,0.2,False,0.00992063492063492,0.10714285714285714,3.9134315210109136,0.07344632768361582,0.010309278350515464,-1.902366666814367,0.0001,False,False,0.1622127219722756,-1.0,0.0,0.0,0.015078917700112738,True,,1.0,0.007936507936507936,0.35714285714285715,0.20916334661354583,0.04183266932270916,0.2976190476190476,15.510971985075573,19.203108202112187,only 20% safe to add; largest group is OFF-BRAND (20%),0.0,0.07692307692307693,Weak,,,,False,0.0,0.0,
Furniture > Chairs & Seating > Office Chairs > Task :: price_band=$400+ · colour_tone=bold,Furniture > Chairs & Seating > Office Chairs > Task,Furniture > Chairs & Seating,2,"{""price_band"": ""$400+"", ""colour_tone"": ""bold""}","Any style — bold, $400+",8,12,0.47838288779356986,38.615107913669064,0.3333333333333333,68.26504516601562,1.26541781133055,12,0.25,0.25,0.0,0.25,0.0,0.5,0.0,0.25,0.0,0.0,0.0,False,0.42063492063492064,0.1865079365079365,11.163024945539522,0.04519774011299435,0.024742268041237112,-0.6187625927964239,0.0907,False,False,0.1502100800378478,1.0,0.0,0.08263317319396024,0.0018320180383314556,True,purple,2.0,0.23015873015873015,0.3492063492063492,0.20916334661354583,0.22310756972111553,0.23412698412698413,21.007873268829442,21.623743122747108,only 25% safe to add; largest group is REVIEW (50%),0.6538461538461539,0.23076923076923078,Weak,,,,False,0.0,0.0,
Furniture > Chairs & Seating > Office Chairs > Task :: price_band=$400+,Furniture > Chairs & Seating > Office Chairs > Task,Furniture > Chairs & Seating,1,"{""price_band"": ""$400+""}",Any style — $400+,1,23,0.7554813722169094,39.35251798561151,0.5,73.12056732177734,1.4878167760189274,23,0.2608695652173913,0.2608695652173913,0.0,0.13043478260869565,0.13043478260869565,0.34782608695652173,0.0,0.2608695652173913,0.0,0.043478260869565216,0.08695652173913043,False,0.7619047619047619,0.47619047619047616,15.589058025107885,0.005649717514124294,0.04742268041237113,1.7471102394335405,0.99765,False,True,0.6625239840159669,1.0,0.5614083005902624,0.16037970950899885,0.06567080045095829,False,metallic|multi/pattern,1.0,0.9126984126984127,0.753968253968254,0.852589641434263,0.4701195219123506,0.4642857142857143,73.82873268829442,77.13115790805034,only 26% safe to add; largest group is REVIEW (35%),0.9230769230769231,0.8076923076923077,Strong,,,,False,0.0,0.0,
Furniture > Chairs & Seating > Office Chairs > Task :: price_band=$150–$250 · colour_tone=warm-neutral,Furniture > Chairs & Seating > Office Chairs > Task,Furniture > Chairs & Seating,2,"{""price_band"": ""$150\u2013$250"", ""colour_tone"": ""warm-neutral""}","Any style — warm neutral, $150–$250",3,7,0.2345871905793888,44.616306954436446,0.6666666666666666,74.44145202636719,0.5465010814204981,7,0.0,0.5714285714285714,0.0,0.0,0.0,0.2857142857142857,0.0,0.14285714285714285,0.42857142857142855,0.14285714285714285,0.0,False,0.14285714285714285,0.8293650793650794,10.3633753698466,0.01694915254237288,0.01443298969072165,-0.24228502156151185,0.39,False,False,0.046322180705163696,-1.0,0.0,0.22625161585867365,0.0374859075535513,True,grey,1.3333333333333333,0.35912698412698413,0.08333333333333333,0.20916334661354583,0.6693227091633466,0.36904761904761907,26.664394011256558,19.932274868778855,57% of its competitor products substitute or undercut a Staples product,0.5769230769230769,0.4230769230769231,Weak,,,,False,0.0,0.0,
Furniture > Chairs & Seating > Office Chairs > Task :: price_band=$250–$400 · colour_tone=light-neutral,Furniture > Chairs & Seating > Office Chairs > Task,Furniture > Chairs & Seating,2,"{""price_band"": ""$250\u2013$400"", ""colour_tone"": ""light-neutral""}","Any style — light neutral, $250–$400",2,14,0.44657354711021735,52.37410071942446,0.5,75.84197235107422,0.7640433725872374,14,0.14285714285714285,0.6428571428571429,0.0,0.14285714285714285,0.0,0.14285714285714285,0.0,0.0,0.6428571428571429,0.07142857142857142,0.0,False,0.376984126984127,0.47619047619047616,10.769957425593514,0.011299435028248588,0.0288659793814433,0.7534328439439651,0.90605,False,False,0.3131549377982204,-1.0,0.6487974630468402,0.14652610073590944,0.1218291995490417,False,clear,3.0,0.6904761904761905,0.4603174603174603,0.9402390438247012,0.4063745019920319,0.6150793650793651,62.79840953645734,66.7809713526845,64% of its competitor products substitute or undercut a Staples product,0.6153846153846154,0.6538461538461539,Weak,,,,False,0.0,0.0,
Furniture > Chairs & Seating > Office Chairs > Task :: price_band=under $150 · colour_tone=light-neutral · style_family=modern,Furniture > Chairs & Seating > Office Chairs > Task,Furniture > Chairs & Seating,3,"{""price_band"": ""under $150"", ""colour_tone"": ""light-neutral"", ""style_family"": ""modern""}","Modern — light neutral, under $150",1,16,0.6284002471934287,54.802158273381295,0.6,82.06383895874023,0.36441283806766034,16,0.0,0.75,0.0,0.0,0.0,0.1875,0.0,0.0,0.75,0.0625,0.0,False,0.623015873015873,0.7341269841269841,11.269206824962088,0.005649717514124294,0.032989690721649485,1.3934701991899618,0.98645,False,True,1.1666517348586225,-1.0,0.6655670772722693,0.46067230762662564,0.1286640360766629,False,beige/cream|clear,1.0,0.873015873015873,0.9365079365079365,0.952191235059761,0.9760956175298805,0.623015873015873,87.555255169797,85.47239612976665,75% of its competitor products substitute or undercut a Staples product,0.6923076923076923,1.0,Strong,,,,False,0.0,0.0,
Furniture > Chairs & Seating > Office Chairs > Task :: price_band=$150–$250 · colour_tone=light-neutral,Furniture > Chairs & Seating > Office Chairs > Task,Furniture > Chairs & Seating,2,"{""price_band"": ""$150\u2013$250"", ""colour_tone"": ""light-neutral""}","Any style — light neutral, $150–$250",1,24,0.6151715066633083,52.76978417266187,0.6333333333333333,75.54508972167969,0.4676599954061218,24,0.0,0.6666666666666666,0.0,0.0,0.0,0.25,0.0,0.041666666666666664,0.625,0.041666666666666664,0.041666666666666664,False,0.6031746031746031,0.8095238095238095,15.458410405821894,0.005649717514124294,0.049484536082474224,1.7887829358341083,0.9988,False,True,0.6538711061814397,-1.0,0.7121207989909729,0.07326892973640936,0.14987316798196165,False,white,1.0,0.9285714285714286,0.75,0.9960159362549801,0.1952191235059761,0.6706349206349206,75.42804970593816,84.58301713779801,67% of its competitor products substitute or undercut a Staples product,0.8846153846153846,0.8461538461538461,Strong,,,,False,0.0,0.0,
Furniture > Chairs & Seating > Office Chairs > Task :: price_band=under $150 · colour_tone=dark-neutral · style_family=modern,Furniture > Chairs & Seating > Office Chairs > Task,Furniture > Chairs & Seating,3,"{""price_band"": ""under $150"", ""colour_tone"": ""dark-neutral"", ""style_family"": ""modern""}","Modern — dark neutral, under $150",1,10,0.23047779108286415,45.989208633093526,0.25,67.64641952514648,0.23730390272136465,10,0.0,0.4,0.0,0.0,0.0,0.5,0.0,0.0,0.4,0.1,0.0,False,0.1388888888888889,0.10714285714285714,7.352459229854493,0.005649717514124294,0.020618556701030927,0.9414850754469046,0.9188,False,False,1.3800839957917808,-1.0,0.06310932648539398,0.4020867783093597,0.05193066516347239,False,,2.0,0.753968253968254,0.9841269841269841,0.44223107569721115,0.9482071713147411,0.4246031746031746,73.29704989565546,68.3287484980712,40% of its competitor products substitute or undercut a Staples product,0.3076923076923077,0.7692307692307693,Gap-led,,,,False,0.0,0.0,
Furniture > Chairs & Seating > Office Chairs > Task :: price_band=under $150,Furniture > Chairs & Seating > Office Chairs > Task,Furniture > Chairs & Seating,1,"{""price_band"": ""under $150""}",Any style — under $150,0,53,0.7629728535010812,43.093525179856115,0.0,69.74403381347656,0.25226830848995463,53,0.0,0.4716981132075472,0.0,0.0,0.0,0.33962264150943394,0.0,0.0,0.4716981132075472,0.16981132075471697,0.018867924528301886,False,0.7698412698412699,0.017857142857142856,14.528111142906356,0.0,0.10927835051546392,3.6684037608534976,1.0,True,True,1.3855868096520734,-1.0,0.6720015862921818,0.039731080977004236,0.03706313416009019,False,brown/wood|metallic,,0.996031746031746,0.9880952380952381,0.9561752988047809,0.12350597609561753,0.3611111111111111,76.23490166318852,85.9092202618099,47% of its competitor products substitute or undercut a Staples product,0.8461538461538461,0.8846153846153846,Strong,,,,False,0.0,0.0,
Furniture > Chairs & Seating > Office Chairs > Task :: price_band=$250–$400,Furniture > Chairs & Seating > Office Chairs > Task,Furniture > Chairs & Seating,1,"{""price_band"": ""$250\u2013$400""}",Any style — $250–$400,0,37,0.6648116208022558,43.92086330935252,0.4,74.48754119873047,0.7849405926420766,37,0.1891891891891892,0.40540540540540543,0.0,0.16216216216216217,0.02702702702702703,0.24324324324324326,0.0,0.10810810810810811,0.2972972972972973,0.16216216216216217,0.0,False,0.6825396825396826,0.3055555555555556,13.146425516702033,0.0,0.07628865979381444,3.313063039927902,1.0,True,True,0.3299827825271866,-1.0,0.6499005597751428,0.08990405306823981,0.06989853438556934,False,beige/cream|brown/wood|grey|metallic|multi/pattern|yellow/orange,,0.9880952380952381,0.46825396825396826,0.9442231075697212,0.2350597609561753,0.49603174603174605,69.07813191677732,75.09477961171189,41% of its competitor products substitute or undercut a Staples product,0.7307692307692307,0.6923076923076923,Strong,,,,False,0.0,0.0,
Furniture > Chairs & Seating > Office Chairs > Task :: price_band=under $150 · colour_tone=light-neutral,Furniture > Chairs & Seating > Office Chairs > Task,Furniture > Chairs & Seating,2,"{""price_band"": ""under $150"", ""colour_tone"": ""light-neutral""}","Any style — light neutral, under $150",0,22,0.7197462943057255,40.16187050359712,0.6,73.18771743774414,0.30247679094241253,22,0.0,0.5909090909090909,0.0,0.0,0.0,0.22727272727272727,0.0,0.0,0.5909090909090909,0.18181818181818182,0.0,False,0.746031746031746,0.7341269841269841,17.152665583018205,0.0,0.04536082474226804,2.802237416161911,0.99985,True,True,1.1721675898805968,-1.0,0.7027183247247,0.10553263032003626,0.06806651634723788,False,beige/cream|clear|grey|white,,0.9761904761904762,0.9444444444444444,0.9920318725099602,0.28286852589641437,0.48412698412698413,79.44096629355593,87.30095491051667,59% of its competitor products substitute or undercut a Staples product,0.9615384615384616,0.9230769230769231,Strong,,,,False,0.0,0.0,
Furniture > Chairs & Seating > Sofas & Benches > Benches & Beam Seating :: price_band=$175–$250 · colour_tone=warm-neutral,Furniture > Chairs & Seating > Sofas & Benches > Benches & Beam Seating,Furniture > Chairs & Seating,2,"{""price_band"": ""$175\u2013$250"", ""colour_tone"": ""warm-neutral""}","Any style — warm neutral, $175–$250",12,7,0.0,35.46762589928058,0.25,88.36192321777344,1.0,7,0.14285714285714285,0.42857142857142855,0.0,0.14285714285714285,0.0,0.0,0.0,0.42857142857142855,0.0,0.42857142857142855,0.0,False,0.00992063492063492,0.10714285714285714,1.6020147599419239,0.3333333333333333,0.027559055118110236,-2.4411712562801924,0.0,False,False,0.1129154114026588,1.0,0.0,0.13457709081963365,0.1109075535512965,True,,1.0,0.0,0.2896825396825397,0.20916334661354583,0.3705179282868526,0.5833333333333334,23.238869917156773,23.091997091001076,43% of its competitor products substitute or undercut a Staples product,0.07692307692307693,0.15384615384615385,Weak,,,,False,0.0,0.0,
Furniture > Chairs & Seating > Sofas & Benches > Benches & Beam Seating :: price_band=under $175 · colour_tone=dark-neutral,Furniture > Chairs & Seating > Sofas & Benches > Benches & Beam Seating,Furniture > Chairs & Seating,2,"{""price_band"": ""under $175"", ""colour_tone"": ""dark-neutral""}","Any style — dark neutral, under $175",3,10,0.5649076517150396,38.86091127098321,0.75,88.36192321777344,0.5390454036285136,10,0.0,0.7,0.0,0.0,0.0,0.0,0.0,0.0,0.7,0.3,0.0,False,0.5317460317460317,0.9365079365079365,6.8664121414050365,0.08333333333333333,0.03937007874015748,-0.8317333438460921,0.1196,False,False,0.30078136526973753,-1.0,0.0,0.05072069320001473,0.011062570462232246,True,,1.6666666666666667,0.1865079365079365,0.4523809523809524,0.20916334661354583,0.1394422310756972,0.2777777777777778,21.70725826851325,24.31223518623917,70% of its competitor products substitute or undercut a Staples product,0.6153846153846154,0.07692307692307693,Weak,,,,False,0.0,0.0,
Furniture > Chairs & Seating > Sofas & Benches > Benches & Beam Seating :: price_band=$250–$400 · colour_tone=warm-neutral,Furniture > Chairs & Seating > Sofas & Benches > Benches & Beam Seating,Furniture > Chairs & Seating,2,"{""price_band"": ""$250\u2013$400"", ""colour_tone"": ""warm-neutral""}","Any style — warm neutral, $250–$400",7,15,0.0,39.02877697841727,0.25,88.36192321777344,1.4285918377065574,15,0.2,0.4666666666666667,0.0,0.13333333333333333,0.06666666666666667,0.0,0.0,0.4666666666666667,0.0,0.3333333333333333,0.0,False,0.00992063492063492,0.10714285714285714,1.7263496090182293,0.19444444444444445,0.05905511811023622,-1.2044086291312657,0.0053,False,False,0.062037577817437885,1.0,0.0,0.22130054814318306,0.16206313416009022,True,,1.0,0.09126984126984126,0.1626984126984127,0.20916334661354583,0.6454183266932271,0.6825396825396826,27.90801081388731,23.498743122747108,47% of its competitor products substitute or undercut a Staples product,0.15384615384615385,0.3076923076923077,Weak,,,,False,0.0,0.0,
Furniture > Chairs & Seating > Sofas & Benches > Benches & Beam Seating :: price_band=under $175 · colour_tone=warm-neutral,Furniture > Chairs & Seating > Sofas & Benches > Benches & Beam Seating,Furniture > Chairs & Seating,2,"{""price_band"": ""under $175"", ""colour_tone"": ""warm-neutral""}","Any style — warm neutral, under $175",3,12,0.0,33.25539568345324,0.3333333333333333,88.36196899414062,0.7180579594680117,12,0.0,0.5833333333333334,0.0,0.0,0.0,0.0,0.0,0.0,0.5833333333333334,0.4166666666666667,0.0,False,0.00992063492063492,0.1865079365079365,1.7556837607698785,0.08333333333333333,0.047244094488188976,-0.6573799567013143,0.1729,False,False,0.10261421990390396,1.0,0.0,0.12043651708334703,0.010076099210822975,True,white,1.0,0.21031746031746032,0.25793650793650796,0.20916334661354583,0.32669322709163345,0.26587301587301587,20.865229557958642,19.629695503699487,58% of its competitor products substitute or undercut a Staples product,0.23076923076923078,0.0,Weak,,,,False,0.0,0.0,
Furniture > Chairs & Seating > Sofas & Benches > Benches & Beam Seating :: price_band=under $175 · colour_tone=light-neutral,Furniture > Chairs & Seating > Sofas & Benches > Benches & Beam Seating,Furniture > Chairs & Seating,2,"{""price_band"": ""under $175"", ""colour_tone"": ""light-neutral""}","Any style — light neutral, under $175",1,21,0.39615529589144366,28.02158273381295,0.5,88.36192321777344,0.6856993190151912,21,0.0,0.42857142857142855,0.0,0.0,0.0,0.0,0.0,0.0,0.42857142857142855,0.5714285714285714,0.0,False,0.2976190476190476,0.47619047619047616,3.922508323083963,0.027777777777777776,0.08267716535433071,0.732242194511251,0.8849,False,False,0.4631605333487314,-1.0,0.4947979433790606,0.17063227464948083,0.036217587373167937,False,clear|white,2.0,0.6865079365079365,0.5714285714285714,0.7569721115537849,0.5219123505976095,0.35714285714285715,47.98287010687409,48.58190254853601,43% of its competitor products substitute or undercut a Staples product,0.3076923076923077,0.6153846153846154,Weak,,,,False,0.0,0.0,
Furniture > Chairs & Seating > Sofas & Benches > Benches & Beam Seating :: price_band=$175–$250 · colour_tone=mid-neutral,Furniture > Chairs & Seating > Sofas & Benches > Benches & Beam Seating,Furniture > Chairs & Seating,2,"{""price_band"": ""$175\u2013$250"", ""colour_tone"": ""mid-neutral""}","Any style — mid neutral, $175–$250",1,13,1.0,35.46762589928058,0.7666666666666667,88.36192321777344,0.8476117910376685,13,0.15384615384615385,0.38461538461538464,0.0,0.15384615384615385,0.0,0.0,0.0,0.0,0.38461538461538464,0.46153846153846156,0.0,False,0.9682539682539683,0.9761904761904762,9.14944610174897,0.027777777777777776,0.051181102362204724,0.2668789448220175,0.70325,False,False,0.2281024128150615,-1.0,0.6352808880827358,0.26175492108867293,-0.000986471251409271,False,,1.0,0.5436507936507936,0.3968253968253968,0.9282868525896414,0.7450199203187251,0.21428571428571427,45.76428413330803,42.285975147030925,38% of its competitor products substitute or undercut a Staples product,1.0,0.5384615384615384,Vector-led,,,,False,0.0,0.0,
Furniture > Chairs & Seating > Sofas & Benches > Benches & Beam Seating :: price_band=$175–$250 · colour_tone=light-neutral,Furniture > Chairs & Seating > Sofas & Benches > Benches & Beam Seating,Furniture > Chairs & Seating,2,"{""price_band"": ""$175\u2013$250"", ""colour_tone"": ""light-neutral""}","Any style — light neutral, $175–$250",3,19,0.5957505901958061,28.02158273381295,0.5,88.21886444091797,0.9977826067674841,19,0.15789473684210525,0.21052631578947367,0.0,0.15789473684210525,0.0,0.0,0.0,0.15789473684210525,0.05263157894736842,0.631578947368421,0.0,False,0.5714285714285714,0.47619047619047616,5.422329190336871,0.08333333333333333,0.07480314960629922,-0.21269413543986856,0.39705,False,False,0.057194926935194526,1.0,0.0,0.14779916022171158,0.027903043968432906,True,clear|grey,1.0,0.36904761904761907,0.14285714285714285,0.20916334661354583,0.41434262948207173,0.3373015873015873,23.72758964143426,20.959060583064566,only 16% safe to add; largest group is OFF-BRAND (63%),0.46153846153846156,0.23076923076923078,Weak,,,,False,0.0,0.0,
Furniture > Chairs & Seating > Sofas & Benches > Benches & Beam Seating :: price_band=$400+,Furniture > Chairs & Seating > Sofas & Benches > Benches & Beam Seating,Furniture > Chairs & Seating,1,"{""price_band"": ""$400+""}",Any style — $400+,1,37,0.5937388575911005,30.035971223021583,0.6,88.36196899414062,3.794802430262983,37,0.32432432432432434,0.08108108108108109,0.0,0.2702702702702703,0.05405405405405406,0.0,0.0,0.08108108108108109,0.0,0.5945945945945946,0.0,False,0.5634920634920635,0.7341269841269841,6.135698991945183,0.027777777777777776,0.14566929133858267,1.2885301923539991,0.98675,False,True,1.3615970958740098,1.0,0.49111400259017635,0.18241488356514032,-0.02015219842164606,False,beige/cream|blue|grey|metallic|red/pink|white,1.0,0.8531746031746031,0.9801587301587301,0.749003984063745,0.5577689243027888,0.14285714285714285,71.20873648264087,72.20230190349713,only 32% safe to add; largest group is OFF-BRAND (59%),0.5384615384615384,0.9230769230769231,Gap-led,,,,False,0.0,0.0,
Furniture > Chairs & Seating > Sofas & Benches > Benches & Beam Seating :: price_band=$175–$250,Furniture > Chairs & Seating > Sofas & Benches > Benches & Beam Seating,Furniture > Chairs & Seating,1,"{""price_band"": ""$175\u2013$250""}",Any style — $175–$250,1,20,0.7154353562005278,28.237410071942445,0.8,88.36196899414062,0.9974357659367147,20,0.4,0.0,0.0,0.4,0.0,0.0,0.0,0.0,0.0,0.6,0.0,False,0.7420634920634921,0.996031746031746,7.770116715639763,0.027777777777777776,0.07874015748031496,0.6846141455219964,0.8712,False,False,0.23503707205513205,1.0,0.522751551554535,0.23741951820299081,-0.03311724915445324,False,blue|green|metallic|navy|red/pink|yellow/orange,1.0,0.6706349206349206,0.4087301587301587,0.7808764940239044,0.6972111553784861,0.11706349206349206,43.83798140770253,39.91316480111301,only 40% safe to add; largest group is OFF-BRAND (60%),0.8461538461538461,0.46153846153846156,Vector-led,,,,False,0.0,0.0,
Furniture > Chairs & Seating > Sofas & Benches > Benches & Beam Seating :: price_band=$400+ · colour_tone=warm-neutral,Furniture > Chairs & Seating > Sofas & Benches > Benches & Beam Seating,Furniture > Chairs & Seating,2,"{""price_band"": ""$400+"", ""colour_tone"": ""warm-neutral""}","Any style — warm neutral, $400+",2,14,0.023558235959291376,30.035971223021583,0.25,88.36194610595703,5.476427448926139,14,0.21428571428571427,0.14285714285714285,0.0,0.14285714285714285,0.07142857142857142,0.0,0.0,0.14285714285714285,0.0,0.6428571428571429,0.0,False,0.03571428571428571,0.10714285714285714,1.5474544938764736,0.05555555555555555,0.05511811023622047,-0.17248771496182808,0.4615,False,False,1.501004204487962,1.0,0.072750621417106,0.14991831058374783,-0.010076099210823086,False,,1.0,0.3968253968253968,0.996031746031746,0.450199203187251,0.4342629482071713,0.1746031746031746,42.75105925504332,44.341285651046604,only 21% safe to add; largest group is OFF-BRAND (64%),0.0,0.38461538461538464,Weak,,,,False,0.0,0.0,
Furniture > Chairs & Seating > Sofas & Benches > Benches & Beam Seating :: price_band=$250–$400 · colour_tone=light-neutral,Furniture > Chairs & Seating > Sofas & Benches > Benches & Beam Seating,Furniture > Chairs & Seating,2,"{""price_band"": ""$250\u2013$400"", ""colour_tone"": ""light-neutral""}","Any style — light neutral, $250–$400",2,20,0.46596306068601584,31.223021582733814,0.5,88.36194610595703,1.4590006511187394,20,0.35,0.15,0.0,0.3,0.05,0.0,0.0,0.15,0.0,0.5,0.0,False,0.4087301587301587,0.47619047619047616,4.616178857117901,0.05555555555555555,0.07874015748031496,0.17378852175600584,0.66825,False,False,0.4444421023104501,1.0,0.4902708930359949,0.19706614709805054,0.0745490417136414,False,metallic,1.0,0.5119047619047619,0.5634920634920635,0.7450199203187251,0.5976095617529881,0.5158730158730159,48.10571207234553,48.26349364446974,only 35% safe to add; largest group is OFF-BRAND (50%),0.38461538461538464,0.6923076923076923,Gap-led,,,,False,0.0,0.0,
Furniture > Chairs & Seating > Sofas & Benches > Benches & Beam Seating :: price_band=under $175,Furniture > Chairs & Seating > Sofas & Benches > Benches & Beam Seating,Furniture > Chairs & Seating,1,"{""price_band"": ""under $175""}",Any style — under $175,0,31,0.7199761681845264,28.02158273381295,0.75,88.21890258789062,0.5428353731130053,31,0.0,0.3225806451612903,0.0,0.0,0.0,0.03225806451612903,0.0,0.0,0.3225806451612903,0.6451612903225806,0.0,False,0.75,0.9365079365079365,7.724768170875898,0.0,0.1220472440944882,2.212789093877331,0.9973,True,True,0.5650553763904531,-1.0,0.6306989475199091,0.12517702629840183,-0.009864712514092489,False,blue|green|grey|metallic|multi/pattern|purple|red/pink|yellow/orange,,0.9563492063492064,0.7182539682539683,0.9203187250996016,0.35856573705179284,0.17857142857142858,69.69913994814392,73.40637450199202,32% of its competitor products substitute or undercut a Staples product,0.7692307692307693,0.8461538461538461,Strong,,,,False,0.0,0.0,
Furniture > Chairs & Seating > Sofas & Benches > Benches & Beam Seating :: price_band=$250–$400,Furniture > Chairs & Seating > Sofas & Benches > Benches & Beam Seating,Furniture > Chairs & Seating,1,"{""price_band"": ""$250\u2013$400""}",Any style — $250–$400,0,20,0.6654353562005277,37.24820143884892,0.7690476190476191,88.29041290283203,1.382500534199351,20,0.6,0.0,0.0,0.6,0.0,0.0,0.0,0.0,0.0,0.4,0.0,True,0.6865079365079365,0.9801587301587301,7.795222695790514,0.0,0.07874015748031496,1.783226434190106,0.9828,True,True,0.4049032514119614,1.0,0.48950879748447507,0.23095133579974408,-0.021631905298759913,False,black|grey|red/pink,,0.9246031746031746,0.5436507936507936,0.7410358565737052,0.6772908366533864,0.1349206349206349,66.53283690634288,63.47151078226776,,0.9230769230769231,0.7692307692307693,Strong,50.0,1.0,0.03252247488101534,True,1.0,1.0,0.08333333333333334
Furniture > Chairs & Seating > Sofas & Benches > Benches & Beam Seating :: price_band=$400+ · colour_tone=dark-neutral,Furniture > Chairs & Seating > Sofas & Benches > Benches & Beam Seating,Furniture > Chairs & Seating,2,"{""price_band"": ""$400+"", ""colour_tone"": ""dark-neutral""}","Any style — dark neutral, $400+",0,15,0.5978891820580475,40.97122302158273,0.7,88.36192321777344,2.9705224058288486,15,0.6666666666666666,0.0,0.0,0.6,0.06666666666666667,0.0,0.0,0.0,0.0,0.3333333333333333,0.0,True,0.5793650793650794,0.873015873015873,7.0047480340922545,0.0,0.05905511811023622,1.5036415719709446,0.95855,True,True,1.1250400277924666,1.0,0.5293229251588647,0.29788544428042496,-0.17657835400225486,False,black|metallic|navy,,0.8849206349206349,0.9285714285714286,0.8127490039840638,0.8406374501992032,0.003968253968253968,74.4039714159236,70.52085309555429,,0.6923076923076923,1.0,Strong,50.0,2.0,0.03252247488101534,True,1.0,1.0,0.6600000000000001
Furniture > Chairs & Seating > Stacking & Folding Chairs :: price_band=$250–$500 · colour_tone=mid-neutral,Furniture > Chairs & Seating > Stacking & Folding Chairs,Furniture > Chairs & Seating,2,"{""price_band"": ""$250\u2013$500"", ""colour_tone"": ""mid-neutral""}","Any style — mid neutral, $250–$500",8,7,0.2933841622061298,29.71223021582734,0.4,69.22908020019531,0.6309435938950928,7,0.0,0.14285714285714285,0.0,0.0,0.0,0.2857142857142857,0.0,0.14285714285714285,0.0,0.5714285714285714,0.0,False,0.19444444444444445,0.3055555555555556,7.7858298152127725,0.0311284046692607,0.02857142857142857,-0.0775350939647515,0.4332,False,False,0.21792156739159713,-1.0,0.0,0.23599490208812712,0.25140924464487036,True,,1.25,0.4246031746031746,0.39285714285714285,0.20916334661354583,0.6932270916334662,0.7817460317460317,40.54974546259407,37.07017169417568,only 0% safe to add; largest group is OFF-BRAND (57%),0.47058823529411764,0.35294117647058826,Weak,,,,False,0.0,0.0,
Furniture > Chairs & Seating > Stacking & Folding Chairs :: price_band=$125–$250 · colour_tone=mid-neutral,Furniture > Chairs & Seating > Stacking & Folding Chairs,Furniture > Chairs & Seating,2,"{""price_band"": ""$125\u2013$250"", ""colour_tone"": ""mid-neutral""}","Any style — mid neutral, $125–$250",8,10,0.3292514823553545,57.805755395683455,0.4,86.6633415222168,0.40603468757424566,10,0.0,0.8,0.0,0.0,0.0,0.1,0.0,0.1,0.7,0.1,0.0,False,0.23809523809523808,0.3055555555555556,4.760507069944151,0.0311284046692607,0.04081632653061224,0.25893714265646145,0.72505,False,False,0.08250992998005255,-1.0,0.0,0.16119207974169666,0.09991544532130775,True,,2.5,0.5396825396825397,0.2261904761904762,0.20916334661354583,0.47410358565737054,0.5634920634920635,32.669638904698665,30.55231455131853,80% of its competitor products substitute or undercut a Staples product,0.11764705882352941,0.23529411764705882,Weak,,,,False,0.0,0.0,
Furniture > Chairs & Seating > Stacking & Folding Chairs :: price_band=$125–$250 · colour_tone=dark-neutral,Furniture > Chairs & Seating > Stacking & Folding Chairs,Furniture > Chairs & Seating,2,"{""price_band"": ""$125\u2013$250"", ""colour_tone"": ""dark-neutral""}","Any style — dark neutral, $125–$250",20,12,0.06201600974506222,48.59112709832134,0.3666666666666667,71.54497528076172,0.623414447643708,12,0.16666666666666666,0.5833333333333334,0.0,0.08333333333333333,0.08333333333333333,0.0,0.0,0.16666666666666666,0.4166666666666667,0.25,0.0,False,0.04365079365079365,0.23412698412698413,6.372445433905127,0.07782101167315175,0.04897959183673469,-0.4470681928468525,0.0908,False,False,0.0767839765401187,1.0,0.0,0.22281527522235214,0.08399098083427281,True,,1.45,0.2896825396825397,0.21825396825396826,0.20916334661354583,0.6533864541832669,0.5277777777777778,30.289437488142667,25.26461613862012,58% of its competitor products substitute or undercut a Staples product,0.29411764705882354,0.058823529411764705,Weak,,,,False,0.0,0.0,
Furniture > Chairs & Seating > Stacking & Folding Chairs :: price_band=under $125 · colour_tone=dark-neutral,Furniture > Chairs & Seating > Stacking & Folding Chairs,Furniture > Chairs & Seating,2,"{""price_band"": ""under $125"", ""colour_tone"": ""dark-neutral""}","Any style — dark neutral, under $125",28,10,0.14629455702866018,52.092326139088726,0.45,76.9852294921875,0.22909802190298967,10,0.0,0.7,0.0,0.0,0.0,0.0,0.0,0.0,0.7,0.3,0.0,False,0.10714285714285714,0.35912698412698413,6.772625795551477,0.10894941634241245,0.04081632653061224,-0.9509007811218725,0.002,False,False,0.15352191119977,-1.0,0.0,0.16676421818629428,0.2261133032694476,True,navy,1.6428571428571428,0.15079365079365079,0.3531746031746032,0.20916334661354583,0.50199203187251,0.7619047619047619,31.798283058243214,30.889616138620124,70% of its competitor products substitute or undercut a Staples product,0.35294117647058826,0.11764705882352941,Weak,,,,False,0.0,0.0,
Furniture > Chairs & Seating > Stacking & Folding Chairs :: price_band=under $125 · colour_tone=mid-neutral,Furniture > Chairs & Seating > Stacking & Folding Chairs,Furniture > Chairs & Seating,2,"{""price_band"": ""under $125"", ""colour_tone"": ""mid-neutral""}","Any style — mid neutral, under $125",10,5,0.018085388491116426,65.8193445243805,0.0,87.54497528076172,0.3472243192913584,5,0.0,1.0,0.0,0.0,0.0,0.0,0.0,0.0,1.0,0.0,0.0,False,0.027777777777777776,0.017857142857142856,2.6706352870813097,0.038910505836575876,0.02040816326530612,-0.5989991159357979,0.11285,False,False,0.16668420671356507,-1.0,0.0,0.2446475541398801,0.08828917700112737,True,,1.3,0.25396825396825395,0.36904761904761907,0.20916334661354583,0.7091633466135459,0.5317460317460317,33.57648769999367,28.488822487826475,100% of its competitor products substitute or undercut a Staples product,0.0,0.29411764705882354,Weak,,,,False,0.0,0.0,
Furniture > Chairs & Seating > Stacking & Folding Chairs :: price_band=$500+,Furniture > Chairs & Seating > Stacking & Folding Chairs,Furniture > Chairs & Seating,1,"{""price_band"": ""$500+""}",Any style — $500+,82,21,0.41712861583158656,33.50119904076738,0.7,76.82988739013672,1.9391688296190221,21,0.6190476190476191,0.0,0.0,0.3333333333333333,0.2857142857142857,0.09523809523809523,0.0,0.0,0.0,0.2857142857142857,0.0,True,0.3412698412698413,0.873015873015873,10.943915978671619,0.31906614785992216,0.08571428571428572,-1.2971173092177635,0.0,False,False,0.556659915831014,-1.0,0.3546819265757961,0.2423284576099255,0.29664599774520856,True,metallic,1.2682926829268293,0.07936507936507936,0.6984126984126984,0.5896414342629482,0.7051792828685259,0.8214285714285714,47.10088218554354,47.07060646303675,,0.5882352941176471,0.6470588235294118,Weak,50.0,1.0,0.03278688524590164,False,1.0,1.0,
Furniture > Chairs & Seating > Stacking & Folding Chairs :: price_band=$125–$250 · colour_tone=light-neutral,Furniture > Chairs & Seating > Stacking & Folding Chairs,Furniture > Chairs & Seating,2,"{""price_band"": ""$125\u2013$250"", ""colour_tone"": ""light-neutral""}","Any style — light neutral, $125–$250",11,29,0.47895778561004304,56.594724220623505,0.6,86.6633529663086,0.47931411658731177,29,0.10344827586206896,0.7586206896551724,0.0,0.06896551724137931,0.034482758620689655,0.0,0.0,0.13793103448275862,0.6206896551724138,0.13793103448275862,0.0,False,0.42857142857142855,0.7341269841269841,7.284117341213089,0.042801556420233464,0.11836734693877551,0.9896712769658242,0.99915,False,False,0.04740014641057427,-1.0,0.0,0.15045718545265524,0.01366967305524236,True,brown/wood|clear,1.3636363636363635,0.7658730158730159,0.0873015873015873,0.20916334661354583,0.44223107569721115,0.2857142857142857,42.60821792196294,38.88564788465187,76% of its competitor products substitute or undercut a Staples product,0.4117647058823529,0.4117647058823529,Weak,,,,False,0.0,0.0,
Furniture > Chairs & Seating > Stacking & Folding Chairs :: price_band=under $125,Furniture > Chairs & Seating > Stacking & Folding Chairs,Furniture > Chairs & Seating,1,"{""price_band"": ""under $125""}",Any style — under $125,3,14,0.44309604386907014,50.44964028776978,0.0,85.98285293579102,0.35114769170421367,14,0.0,0.7857142857142857,0.0,0.0,0.0,0.14285714285714285,0.0,0.07142857142857142,0.7142857142857143,0.07142857142857142,0.0,False,0.36904761904761907,0.017857142857142856,4.511904268593115,0.011673151750972763,0.05714285714285714,1.4690137299204153,0.99825,False,True,0.11395295302994785,-1.0,0.36145763481536514,0.024781245016491003,-0.013035512965050733,True,metallic|multi/pattern,3.3333333333333335,0.8809523809523809,0.29365079365079366,0.601593625498008,0.09561752988047809,0.15873015873015872,49.54546891797887,53.38107885916651,79% of its competitor products substitute or undercut a Staples product,0.058823529411764705,0.7647058823529411,Gap-led,,,,False,0.0,0.0,
Furniture > Chairs & Seating > Stacking & Folding Chairs :: price_band=$250–$500 · colour_tone=light-neutral,Furniture > Chairs & Seating > Stacking & Folding Chairs,Furniture > Chairs & Seating,2,"{""price_band"": ""$250\u2013$500"", ""colour_tone"": ""light-neutral""}","Any style — light neutral, $250–$500",7,14,0.5323348188326097,36.31294964028777,0.75,75.32483673095703,0.9838998875506464,14,0.2857142857142857,0.21428571428571427,0.0,0.2857142857142857,0.0,0.0,0.0,0.14285714285714285,0.07142857142857142,0.5,0.0,False,0.4801587301587302,0.9365079365079365,13.796803220261227,0.027237354085603113,0.05714285714285714,0.7068736778735186,0.95215,False,False,0.10271634068998153,1.0,0.0,0.09251104310280014,0.17481679819616686,True,clear,1.7142857142857142,0.6765873015873016,0.2619047619047619,0.20916334661354583,0.2549800796812749,0.7103174603174603,46.535564092835,48.61779074179473,only 29% safe to add; largest group is OFF-BRAND (50%),0.7647058823529411,0.5882352941176471,Vector-led,,,,False,0.0,0.0,
Furniture > Chairs & Seating > Stacking & Folding Chairs :: price_band=under $125 · colour_tone=light-neutral,Furniture > Chairs & Seating > Stacking & Folding Chairs,Furniture > Chairs & Seating,2,"{""price_band"": ""under $125"", ""colour_tone"": ""light-neutral""}","Any style — light neutral, under $125",6,17,0.42005893569750197,59.616306954436446,0.5,87.54497528076172,0.3270924555840757,17,0.0,1.0,0.0,0.0,0.0,0.0,0.0,0.0,1.0,0.0,0.0,False,0.34523809523809523,0.47619047619047616,5.645285822962114,0.023346303501945526,0.06938775510204082,1.0380267530171314,0.99345,False,False,0.14395500040303924,-1.0,0.0,0.027043406986487592,0.03924746335963919,True,clear|grey|red/pink,1.0,0.7817460317460317,0.3373015873015873,0.20916334661354583,0.099601593625498,0.373015873015873,44.33385505596661,47.43723518623917,100% of its competitor products substitute or undercut a Staples product,0.23529411764705882,0.5294117647058824,Weak,,,,False,0.0,0.0,
Furniture > Chairs & Seating > Stacking & Folding Chairs :: price_band=$250–$500 · colour_tone=bold,Furniture > Chairs & Seating > Stacking & Folding Chairs,Furniture > Chairs & Seating,2,"{""price_band"": ""$250\u2013$500"", ""colour_tone"": ""bold""}","Any style — bold, $250–$500",14,13,0.604159832610967,29.208633093525183,0.8,74.66190338134766,0.6727875416400007,13,0.15384615384615385,0.07692307692307693,0.0,0.07692307692307693,0.07692307692307693,0.15384615384615385,0.0,0.0,0.07692307692307693,0.6153846153846154,0.0,False,0.5912698412698413,0.996031746031746,15.271404220922577,0.054474708171206226,0.053061224489795916,-0.02383091499289037,0.46425,False,False,0.07340575960592342,-1.0,0.0,0.1130961690003149,0.3096815107102593,True,white,2.0714285714285716,0.44047619047619047,0.21031746031746032,0.20916334661354583,0.30278884462151395,0.8333333333333334,32.09396540820843,33.816203440207424,only 15% safe to add; largest group is OFF-BRAND (62%),0.8235294117647058,0.17647058823529413,Vector-led,,,,False,0.0,0.0,
Furniture > Chairs & Seating > Stacking & Folding Chairs :: price_band=$125–$250 · colour_tone=bold,Furniture > Chairs & Seating > Stacking & Folding Chairs,Furniture > Chairs & Seating,2,"{""price_band"": ""$125\u2013$250"", ""colour_tone"": ""bold""}","Any style — bold, $125–$250",7,18,0.5431404578046106,50.08393285371703,0.7416666666666667,77.74396133422852,0.58768212487076,18,0.3888888888888889,0.3888888888888889,0.0,0.3333333333333333,0.05555555555555555,0.05555555555555555,0.0,0.0,0.3888888888888889,0.16666666666666666,0.0,False,0.5079365079365079,0.9007936507936508,13.443128971041261,0.027237354085603113,0.07346938775510205,0.9504957605312692,0.9928,False,False,0.04770771308855586,-1.0,0.0,,0.09921082299887257,True,green|yellow/orange,1.4285714285714286,0.7579365079365079,0.09523809523809523,0.20916334661354583,0.5,0.5595238095238095,47.46284702460001,44.282473281477266,39% of its competitor products substitute or undercut a Staples product,0.7058823529411765,0.7058823529411765,Strong,,,,False,0.0,0.0,
Furniture > Chairs & Seating > Stacking & Folding Chairs :: price_band=$250–$500 · colour_tone=dark-neutral,Furniture > Chairs & Seating > Stacking & Folding Chairs,Furniture > Chairs & Seating,2,"{""price_band"": ""$250\u2013$500"", ""colour_tone"": ""dark-neutral""}","Any style — dark neutral, $250–$500",27,9,0.14225523252258088,51.49880095923262,0.3333333333333333,77.41239929199219,1.211253319013097,9,0.0,0.5555555555555556,0.0,0.0,0.0,0.1111111111111111,0.0,0.4444444444444444,0.1111111111111111,0.3333333333333333,0.0,False,0.0992063492063492,0.1865079365079365,5.551269790311377,0.10505836575875487,0.036734693877551024,-1.0152661570767756,0.00135,False,False,0.07159075163733808,-1.0,0.0,0.17712946277663225,0.1823562570462232,True,navy,1.3333333333333333,0.11507936507936507,0.20238095238095238,0.20916334661354583,0.5418326693227091,0.7142857142857143,28.040733889837476,25.542393916397906,56% of its competitor products substitute or undercut a Staples product,0.17647058823529413,0.0,Weak,,,,False,0.0,0.0,
Furniture > Chairs & Seating > Stacking & Folding Chairs :: price_band=under $125 · colour_tone=bold,Furniture > Chairs & Seating > Stacking & Folding Chairs,Furniture > Chairs & Seating,2,"{""price_band"": ""under $125"", ""colour_tone"": ""bold""}","Any style — bold, under $125",7,14,0.5348060135654034,59.616306954436446,0.75,71.54497528076172,0.32962308182292377,14,0.0,0.7857142857142857,0.0,0.0,0.0,0.14285714285714285,0.0,0.0,0.7857142857142857,0.07142857142857142,0.0,False,0.4880952380952381,0.9365079365079365,18.001182514352728,0.027237354085603113,0.05714285714285714,0.7068736778735186,0.9557,False,False,0.12063974997512836,1.0,0.0,0.18164375278483158,0.12450676437429539,True,,2.5714285714285716,0.6765873015873016,0.30158730158730157,0.20916334661354583,0.5537848605577689,0.6190476190476191,50.4422389805856,47.78445740846139,79% of its competitor products substitute or undercut a Staples product,1.0,0.8235294117647058,Strong,,,,False,0.0,0.0,
Furniture > Chairs & Seating > Stacking & Folding Chairs :: price_band=$500+ · colour_tone=bold,Furniture > Chairs & Seating > Stacking & Folding Chairs,Furniture > Chairs & Seating,2,"{""price_band"": ""$500+"", ""colour_tone"": ""bold""}","Any style — bold, $500+",15,5,0.6920629549930679,40.46762589928058,0.75,76.17588806152344,2.2188820328885375,5,0.2,0.2,0.0,0.2,0.0,0.2,0.0,0.2,0.0,0.4,0.0,False,0.7182539682539683,0.9365079365079365,16.17047654855765,0.058365758754863814,0.02040816326530612,-0.9884638826975212,0.01335,False,False,0.797121251067542,-1.0,0.0,0.2394859514611828,0.30453776775648245,True,,1.9333333333333333,0.12698412698412698,0.7698412698412699,0.20916334661354583,0.701195219123506,0.8253968253968254,43.65537848605578,42.1594574084614,only 20% safe to add; largest group is OFF-BRAND (40%),0.9411764705882353,0.47058823529411764,Vector-led,,,,False,0.0,0.0,
Furniture > Chairs & Seating > Stacking & Folding Chairs :: price_band=$125–$250 · colour_tone=warm-neutral,Furniture > Chairs & Seating > Stacking & Folding Chairs,Furniture > Chairs & Seating,2,"{""price_band"": ""$125\u2013$250"", ""colour_tone"": ""warm-neutral""}","Any style — warm neutral, $125–$250",3,12,0.45090089442708664,43.26139088729017,0.6166666666666667,78.9438591003418,0.8681362927172983,12,0.16666666666666666,0.5,0.0,0.16666666666666666,0.0,0.16666666666666666,0.0,0.08333333333333333,0.4166666666666667,0.16666666666666666,0.0,False,0.38095238095238093,0.8015873015873016,10.561961771740794,0.011673151750972763,0.04897959183673469,1.320593724802142,0.99405,False,True,0.1928490390254632,1.0,0.0,0.07232893507202445,0.0983652762119504,True,black,1.3333333333333333,0.8571428571428571,0.38492063492063494,0.20916334661354583,0.19123505976095617,0.5555555555555556,52.03772212736356,54.917393916397906,50% of its competitor products substitute or undercut a Staples product,0.5294117647058824,0.8823529411764706,Gap-led,,,,False,0.0,0.0,
Furniture > Chairs & Seating > Stacking & Folding Chairs :: price_band=$250–$500,Furniture > Chairs & Seating > Stacking & Folding Chairs,Furniture > Chairs & Seating,1,"{""price_band"": ""$250\u2013$500""}",Any style — $250–$500,1,14,0.6343655415809542,38.189448441247,0.55,71.1398696899414,0.8837314621878225,14,0.35714285714285715,0.14285714285714285,0.0,0.2857142857142857,0.07142857142857142,0.0,0.0,0.0,0.14285714285714285,0.5,0.0,False,0.6349206349206349,0.623015873015873,16.047288712728808,0.0038910505836575876,0.05714285714285714,2.316311590307619,1.0,False,True,0.8401542191524901,-1.0,0.5425415475613009,0.1631387040208416,0.29551860202931235,False,beige/cream|brown/wood,1.0,0.9682539682539683,0.7738095238095238,0.8207171314741036,0.4860557768924303,0.8134920634920635,81.16905394295833,85.91831088345032,only 36% safe to add; largest group is OFF-BRAND (50%),0.8823529411764706,0.9411764705882353,Strong,,,,False,0.0,0.0,
Furniture > Chairs & Seating > Stacking & Folding Chairs :: price_band=$125–$250,Furniture > Chairs & Seating > Stacking & Folding Chairs,Furniture > Chairs & Seating,1,"{""price_band"": ""$125\u2013$250""}",Any style — $125–$250,0,21,0.5390661109407452,48.92086330935252,0.5,74.39117431640625,0.7240759146197171,21,0.23809523809523808,0.5238095238095238,0.0,0.23809523809523808,0.0,0.09523809523809523,0.0,0.047619047619047616,0.47619047619047616,0.14285714285714285,0.0,False,0.5,0.47619047619047616,12.569073085386323,0.0,0.08571428571428572,3.8088281646828173,1.0,True,True,0.9489513313773132,-1.0,0.5270005178519889,0.19564690811987812,0.108793686583991,False,beige/cream|blue|metallic,,1.0,0.8531746031746031,0.8087649402390438,0.5896414342629482,0.5714285714285714,81.61101625245053,83.93323531271739,52% of its competitor products substitute or undercut a Staples product,0.6470588235294118,1.0,Gap-led,,,,False,0.0,0.0,
Furniture > Chairs & Seating > Stools & Ottomans > Counter & Bar Stools > Bar :: price_band=under $150,Furniture > Chairs & Seating > Stools & Ottomans > Counter & Bar Stools > Bar,Furniture > Chairs & Seating,1,"{""price_band"": ""under $150""}",Any style — under $150,40,7,0.2976577865188629,61.47482014388489,0.5,78.82405090332031,0.5560189408749294,7,0.0,0.8571428571428571,0.0,0.0,0.0,0.0,0.0,0.14285714285714285,0.7142857142857143,0.14285714285714285,0.0,False,0.1984126984126984,0.47619047619047616,8.317019048091606,0.23809523809523808,0.040229885057471264,-1.7212862125706692,0.0,False,False,0.051079091703500806,1.0,0.19910904590102158,0.1896484260207551,0.06799605411499432,True,navy,1.925,0.01984126984126984,0.11507936507936507,0.5179282868525896,0.5697211155378487,0.4801587301587302,26.165931512047045,23.185946689432747,86% of its competitor products substitute or undercut a Staples product,0.3333333333333333,0.06666666666666667,Weak,,,,False,0.0,0.0,
Furniture > Chairs & Seating > Stools & Ottomans > Counter & Bar Stools > Bar :: price_band=$150–$250 · colour_tone=dark-neutral,Furniture > Chairs & Seating > Stools & Ottomans > Counter & Bar Stools > Bar,Furniture > Chairs & Seating,2,"{""price_band"": ""$150\u2013$250"", ""colour_tone"": ""dark-neutral""}","Any style — dark neutral, $150–$250",27,10,0.1272487764050872,46.79856115107914,0.375,73.3754768371582,1.0095919249372391,10,0.1,0.8,0.0,0.1,0.0,0.1,0.0,0.4,0.4,0.0,0.0,False,0.07142857142857142,0.24404761904761904,6.218169242126071,0.16071428571428573,0.05747126436781609,-0.9976980065094885,0.0011,False,False,0.05000842735051577,-1.0,0.0,0.05240848715978148,0.04122040586245773,True,,1.4074074074074074,0.12301587301587301,0.1111111111111111,0.20916334661354583,0.14342629482071714,0.3888888888888889,15.497177954847277,16.89160026560425,80% of its competitor products substitute or undercut a Staples product,0.13333333333333333,0.0,Weak,,,,False,0.0,0.0,
Furniture > Chairs & Seating > Stools & Ottomans > Counter & Bar Stools > Bar :: price_band=$150–$250,Furniture > Chairs & Seating > Stools & Ottomans > Counter & Bar Stools > Bar,Furniture > Chairs & Seating,1,"{""price_band"": ""$150\u2013$250""}",Any style — $150–$250,2,8,0.4764915656259692,58.77697841726619,0.6666666666666667,77.26815032958984,1.3274475357809599,8,0.75,0.0,0.0,0.625,0.125,0.25,0.0,0.0,0.0,0.0,0.0,True,0.4166666666666667,0.8452380952380952,13.074006454752666,0.011904761904761904,0.04597701149425287,1.1888881726216751,0.9715,False,False,0.43680059121123616,1.0,0.4293605846123224,0.19280900110557433,0.18587936865839905,False,green,1.0,0.8214285714285714,0.5595238095238095,0.6533864541832669,0.5856573705179283,0.7261904761904762,69.41899070385125,70.3296338455701,,0.7333333333333333,0.9333333333333333,Strong,75.0,1.0,0.03252247488101534,True,1.0,1.0,0.22222222222222227
Furniture > Chairs & Seating > Stools & Ottomans > Counter & Bar Stools > Bar :: price_band=under $150 · colour_tone=warm-neutral,Furniture > Chairs & Seating > Stools & Ottomans > Counter & Bar Stools > Bar,Furniture > Chairs & Seating,2,"{""price_band"": ""under $150"", ""colour_tone"": ""warm-neutral""}","Any style — warm neutral, under $150",11,6,0.3078563774626992,64.04676258992805,0.4,86.6040267944336,0.5777618489074243,6,0.0,1.0,0.0,0.0,0.0,0.0,0.0,0.0,1.0,0.0,0.0,False,0.20634920634920634,0.3055555555555556,4.8411214530921285,0.06547619047619048,0.034482758620689655,-0.6054321174680535,0.0948,False,False,0.39087834790426296,1.0,0.0,0.22227460325545378,0.042770574971815134,True,,1.4545454545454546,0.2400793650793651,0.5357142857142857,0.20916334661354583,0.649402390438247,0.3968253968253968,33.74654161133245,29.714020900524886,100% of its competitor products substitute or undercut a Staples product,0.06666666666666667,0.3333333333333333,Weak,,,,False,0.0,0.0,
Furniture > Chairs & Seating > Stools & Ottomans > Counter & Bar Stools > Bar :: price_band=$400+ · colour_tone=dark-neutral,Furniture > Chairs & Seating > Stools & Ottomans > Counter & Bar Stools > Bar,Furniture > Chairs & Seating,2,"{""price_band"": ""$400+"", ""colour_tone"": ""dark-neutral""}","Any style — dark neutral, $400+",5,9,0.25773995058060034,56.4748201438849,0.6,72.13276672363281,2.927292531826537,9,0.4444444444444444,0.1111111111111111,0.0,0.4444444444444444,0.0,0.3333333333333333,0.0,0.1111111111111111,0.0,0.1111111111111111,0.0,False,0.1746031746031746,0.7341269841269841,12.02548127071463,0.02976190476190476,0.05172413793103448,0.5116564473676293,0.84605,False,False,0.06141178244304901,-1.0,0.0,0.09945934052203365,0.1347237880496054,True,navy,2.6,0.5912698412698413,0.15873015873015872,0.20916334661354583,0.26693227091633465,0.6388888888888888,30.246592993106937,31.276520900524886,only 44% safe to add; largest group is REVIEW (33%),0.6666666666666666,0.26666666666666666,Vector-led,,,,False,0.0,0.0,
Furniture > Chairs & Seating > Stools & Ottomans > Counter & Bar Stools > Bar :: price_band=$250–$400 · colour_tone=warm-neutral,Furniture > Chairs & Seating > Stools & Ottomans > Counter & Bar Stools > Bar,Furniture > Chairs & Seating,2,"{""price_band"": ""$250\u2013$400"", ""colour_tone"": ""warm-neutral""}","Any style — warm neutral, $250–$400",13,9,0.23603196177189822,73.70503597122303,0.4,89.24365234375,0.6097011592458106,9,0.1111111111111111,0.8888888888888888,0.0,0.1111111111111111,0.0,0.0,0.0,0.2222222222222222,0.6666666666666666,0.0,0.0,False,0.14682539682539683,0.3055555555555556,3.910743674591576,0.07738095238095238,0.05172413793103448,-0.3862851458383293,0.1649,False,False,0.07005656464582086,-1.0,0.0,0.2200865877517053,0.029594137542277354,True,white,1.6153846153846154,0.31746031746031744,0.19047619047619047,0.20916334661354583,0.6374501992031872,0.34523809523809523,27.24285398090179,21.405489154493136,89% of its competitor products substitute or undercut a Staples product,0.0,0.2,Weak,,,,False,0.0,0.0,
Furniture > Chairs & Seating > Stools & Ottomans > Counter & Bar Stools > Bar :: price_band=$150–$250 · colour_tone=warm-neutral,Furniture > Chairs & Seating > Stools & Ottomans > Counter & Bar Stools > Bar,Furniture > Chairs & Seating,2,"{""price_band"": ""$150\u2013$250"", ""colour_tone"": ""warm-neutral""}","Any style — warm neutral, $150–$250",15,18,0.3605999401858984,59.5863309352518,0.4,74.7956428527832,0.8743083999029535,18,0.16666666666666666,0.5555555555555556,0.0,0.16666666666666666,0.0,0.1111111111111111,0.0,0.2222222222222222,0.3333333333333333,0.16666666666666666,0.0,False,0.2698412698412698,0.3055555555555556,9.491367417749672,0.08928571428571429,0.10344827586206896,0.14204344915863762,0.66535,False,False,0.14502346512227512,1.0,0.0,0.29680367962820364,0.11823562570462232,True,,1.4666666666666666,0.49603174603174605,0.3412698412698413,0.20916334661354583,0.8326693227091634,0.6071428571428571,40.24058527793588,33.53842566242965,56% of its competitor products substitute or undercut a Staples product,0.4,0.4,Weak,,,,False,0.0,0.0,
Furniture > Chairs & Seating > Stools & Ottomans > Counter & Bar Stools > Bar :: price_band=under $150 · colour_tone=light-neutral,Furniture > Chairs & Seating > Stools & Ottomans > Counter & Bar Stools > Bar,Furniture > Chairs & Seating,2,"{""price_band"": ""under $150"", ""colour_tone"": ""light-neutral""}","Any style — light neutral, under $150",7,5,0.5891665395479484,52.913669064748206,0.6,82.0731201171875,0.6385594508883966,5,0.0,0.6,0.0,0.0,0.0,0.2,0.0,0.0,0.6,0.2,0.0,False,0.5515873015873016,0.7341269841269841,10.585590219439961,0.041666666666666664,0.028735632183908046,-0.34504218730428,0.2533,False,False,0.14227341482310527,1.0,0.0,0.39798132172841866,0.3311724915445321,True,,1.4285714285714286,0.3333333333333333,0.3333333333333333,0.20916334661354583,0.9362549800796812,0.8650793650793651,42.657465376588874,35.65152090052489,60% of its competitor products substitute or undercut a Staples product,0.4666666666666667,0.5333333333333333,Weak,,,,False,0.0,0.0,
Furniture > Chairs & Seating > Stools & Ottomans > Counter & Bar Stools > Bar :: price_band=$400+,Furniture > Chairs & Seating > Stools & Ottomans > Counter & Bar Stools > Bar,Furniture > Chairs & Seating,1,"{""price_band"": ""$400+""}",Any style — $400+,8,16,0.5425988108931473,43.039568345323744,0.7083333333333333,69.62645721435547,2.8883676770216367,16,0.375,0.0,0.0,0.1875,0.1875,0.3125,0.0,0.0,0.0,0.3125,0.0,False,0.503968253968254,0.8849206349206349,17.529621799532595,0.047619047619047616,0.09195402298850575,0.6284069584098236,0.94595,False,False,0.26978233681081787,1.0,0.26569133951495133,0.16997569205805976,0.11154171364148824,True,beige/cream|blue|grey,2.0,0.6428571428571429,0.4365079365079365,0.545816733067729,0.5139442231075697,0.5873015873015873,55.93609688231203,56.07506482008474,only 38% safe to add; largest group is OFF-BRAND (31%),0.9333333333333333,0.7333333333333333,Strong,,,,False,0.0,0.0,
Furniture > Chairs & Seating > Stools & Ottomans > Counter & Bar Stools > Bar :: price_band=$250–$400 · colour_tone=dark-neutral,Furniture > Chairs & Seating > Stools & Ottomans > Counter & Bar Stools > Bar,Furniture > Chairs & Seating,2,"{""price_band"": ""$250\u2013$400"", ""colour_tone"": ""dark-neutral""}","Any style — dark neutral, $250–$400",11,6,0.10630546835639267,53.705035971223026,0.45,76.49955368041992,1.6947363277508272,6,0.5,0.3333333333333333,0.0,0.3333333333333333,0.16666666666666666,0.16666666666666666,0.0,0.16666666666666666,0.16666666666666666,0.0,0.0,False,0.051587301587301584,0.35912698412698413,6.441734123171718,0.06547619047619048,0.034482758620689655,-0.6054321174680535,0.0925,False,False,0.10302357057110004,1.0,0.0,0.15735565002708268,0.06313416009019174,True,,1.1818181818181819,0.2400793650793651,0.26587301587301587,0.20916334661354583,0.46613545816733065,0.4523809523809524,26.434045563776635,24.079100265604254,33% of its competitor products substitute or undercut a Staples product,0.2,0.13333333333333333,Weak,,,,False,0.0,0.0,
Furniture > Chairs & Seating > Stools & Ottomans > Counter & Bar Stools > Bar :: price_band=$250–$400 · colour_tone=light-neutral,Furniture > Chairs & Seating > Stools & Ottomans > Counter & Bar Stools > Bar,Furniture > Chairs & Seating,2,"{""price_band"": ""$250\u2013$400"", ""colour_tone"": ""light-neutral""}","Any style — light neutral, $250–$400",1,10,0.681383655491757,47.667865707434046,0.55,69.18470764160156,1.657906929223103,10,0.4,0.1,0.0,0.1,0.3,0.1,0.0,0.0,0.1,0.4,0.0,False,0.7063492063492064,0.623015873015873,19.00116250670118,0.005952380952380952,0.05747126436781609,1.9110228900548727,0.9977,False,True,0.5888061053216866,1.0,0.44084390302545284,0.23219664438659599,0.20821589627959414,False,white,2.0,0.9365079365079365,0.7341269841269841,0.6653386454183267,0.6812749003984063,0.746031746031746,78.84999683804465,79.35836020995384,only 40% safe to add; largest group is OFF-BRAND (40%),1.0,1.0,Strong,,,,False,0.0,0.0,
Furniture > Chairs & Seating > Stools & Ottomans > Counter & Bar Stools > Bar :: price_band=$250–$400,Furniture > Chairs & Seating > Stools & Ottomans > Counter & Bar Stools > Bar,Furniture > Chairs & Seating,1,"{""price_band"": ""$250\u2013$400""}",Any style — $250–$400,6,12,0.5636797524360418,51.618705035971225,0.725,75.7250747680664,1.177483900181819,12,0.3333333333333333,0.4166666666666667,0.0,0.25,0.08333333333333333,0.08333333333333333,0.0,0.0,0.4166666666666667,0.16666666666666666,0.0,False,0.5277777777777778,0.8908730158730159,14.930884321402699,0.03571428571428571,0.06896551724137931,0.6190392084062234,0.91395,False,False,0.0329852604992115,1.0,0.09289880142492522,0.0988125756921582,0.3840191657271702,True,,2.3333333333333335,0.6388888888888888,0.04365079365079365,0.46215139442231074,0.26294820717131473,0.9126984126984127,47.80109719850755,50.94937709479541,42% of its competitor products substitute or undercut a Staples product,0.8666666666666667,0.6,Vector-led,,,,False,0.0,0.0,
Furniture > Chairs & Seating > Stools & Ottomans > Counter & Bar Stools > Bar :: price_band=$400+ · colour_tone=warm-neutral,Furniture > Chairs & Seating > Stools & Ottomans > Counter & Bar Stools > Bar,Furniture > Chairs & Seating,2,"{""price_band"": ""$400+"", ""colour_tone"": ""warm-neutral""}","Any style — warm neutral, $400+",9,17,0.46555079384096754,51.618705035971225,0.4,81.95904541015625,2.836997788810547,17,0.35294117647058826,0.35294117647058826,0.0,0.11764705882352941,0.23529411764705882,0.17647058823529413,0.0,0.29411764705882354,0.058823529411764705,0.11764705882352941,0.0,False,0.40476190476190477,0.3055555555555556,7.457911630813234,0.05357142857142857,0.09770114942528736,0.5760218233225326,0.9414,False,False,0.3278967075642344,1.0,0.0,0.2502799931585853,0.23689402480270572,True,white,1.2222222222222223,0.626984126984127,0.4642857142857143,0.20916334661354583,0.7211155378486056,0.7658730158730159,56.67243723518624,53.05231455131854,35% of its competitor products substitute or undercut a Staples product,0.26666666666666666,0.8,Gap-led,,,,False,0.0,0.0,
Furniture > Chairs & Seating > Stools & Ottomans > Counter & Bar Stools > Bar :: price_band=$150–$250 · colour_tone=light-neutral,Furniture > Chairs & Seating > Stools & Ottomans > Counter & Bar Stools > Bar,Furniture > Chairs & Seating,2,"{""price_band"": ""$150\u2013$250"", ""colour_tone"": ""light-neutral""}","Any style — light neutral, $150–$250",4,13,0.6171520783987062,65.35971223021583,0.6,81.95904541015625,0.7124114861636041,13,0.23076923076923078,0.6153846153846154,0.0,0.23076923076923078,0.0,0.15384615384615385,0.0,0.0,0.6153846153846154,0.0,0.0,False,0.6111111111111112,0.7341269841269841,11.809805209212234,0.023809523809523808,0.07471264367816093,1.063725029667669,0.9874,False,False,0.059771524221268996,1.0,0.0,0.22765948622695933,0.1410653889515221,True,beige/cream,2.0,0.7857142857142857,0.14682539682539683,0.20916334661354583,0.6733067729083665,0.6587301587301587,53.554512110289,48.528505027509006,62% of its competitor products substitute or undercut a Staples product,0.6,0.6666666666666666,Gap-led,,,,False,0.0,0.0,
Furniture > Chairs & Seating > Stools & Ottomans > Counter & Bar Stools > Bar :: price_band=$150–$250 · colour_tone=bold,Furniture > Chairs & Seating > Stools & Ottomans > Counter & Bar Stools > Bar,Furniture > Chairs & Seating,2,"{""price_band"": ""$150\u2013$250"", ""colour_tone"": ""bold""}","Any style — bold, $150–$250",4,8,0.3065459502464736,54.76618705035972,0.8,77.27552032470703,1.1944456720436876,8,0.625,0.25,0.0,0.5,0.125,0.125,0.0,0.0,0.25,0.0,0.0,True,0.20238095238095238,0.996031746031746,11.461725933290142,0.023809523809523808,0.04597701149425287,0.6011015077195561,0.86805,False,False,0.03897985033463536,1.0,0.0,0.3223674049376094,0.32969278466741825,True,green,3.5,0.6349206349206349,0.051587301587301584,0.20916334661354583,0.8884462151394422,0.8571428571428571,41.46414342629482,33.72691772592171,,0.5333333333333333,0.4666666666666667,Weak,0.0,3.0,0.031746031746031744,False,1.0,1.0,
Furniture > Chairs & Seating > Stools & Ottomans > Counter & Bar Stools > Bar :: price_band=$400+ · colour_tone=light-neutral,Furniture > Chairs & Seating > Stools & Ottomans > Counter & Bar Stools > Bar,Furniture > Chairs & Seating,2,"{""price_band"": ""$400+"", ""colour_tone"": ""light-neutral""}","Any style — light neutral, $400+",5,20,0.69662361673783,46.906474820143885,0.5166666666666667,75.60149765014648,3.1642364105092184,20,0.5,0.1,0.0,0.1,0.4,0.1,0.0,0.05,0.05,0.3,0.0,True,0.7261904761904762,0.5674603174603174,14.867720698517477,0.02976190476190476,0.11494252873563218,1.2807895349054967,0.99895,False,False,0.26387147926456883,1.0,0.0,0.39924480679873303,0.27050450958286354,True,beige/cream,1.2,0.8412698412698413,0.42857142857142855,0.20916334661354583,0.9402390438247012,0.7976190476190477,67.22119458673244,60.29437804338203,,0.8,0.8666666666666667,Strong,75.0,2.0,0.03252247488101534,True,1.0,1.0,0.14
Furniture > Chairs & Seating > Stools & Ottomans > Counter & Bar Stools > Counter :: price_band=under $150,Furniture > Chairs & Seating > Stools & Ottomans > Counter & Bar Stools > Counter,Furniture > Chairs & Seating,1,"{""price_band"": ""under $150""}",Any style — under $150,17,12,0.1355851304651604,49.49640287769785,0.5,75.52788162231445,0.5522523751079593,12,0.0,0.5833333333333334,0.0,0.0,0.0,0.25,0.0,0.0,0.5833333333333334,0.16666666666666666,0.0,False,0.08333333333333333,0.47619047619047616,7.464897356556067,0.20238095238095238,0.09230769230769231,-0.769018303332048,0.0114,False,False,0.10960111479504854,1.0,0.24159800088019784,0.28582481840481655,0.1644588500563698,True,grey|multi/pattern,2.1176470588235294,0.19444444444444445,0.27380952380952384,0.5338645418326693,0.8127490039840638,0.6904761904761905,39.435314298362115,34.734830519193075,58% of its competitor products substitute or undercut a Staples product,0.3333333333333333,0.5833333333333334,Weak,,,,False,0.0,0.0,
Furniture > Chairs & Seating > Stools & Ottomans > Counter & Bar Stools > Counter :: price_band=$150–$250 · colour_tone=warm-neutral,Furniture > Chairs & Seating > Stools & Ottomans > Counter & Bar Stools > Counter,Furniture > Chairs & Seating,2,"{""price_band"": ""$150\u2013$250"", ""colour_tone"": ""warm-neutral""}","Any style — warm neutral, $150–$250",10,10,0.3350476917311146,45.17985611510792,0.46,86.33331298828125,0.8444367923248266,10,0.1,0.6,0.0,0.1,0.0,0.1,0.0,0.2,0.4,0.2,0.0,False,0.25,0.36507936507936506,4.637235501341532,0.11904761904761904,0.07692307692307693,-0.4325460667108351,0.1496,False,False,0.04017549301218527,-1.0,0.0,0.28708703424122595,-0.021561443066516417,True,beige/cream,1.1,0.29365079365079366,0.05952380952380952,0.20916334661354583,0.8167330677290837,0.1388888888888889,23.801144627837857,13.588028837032823,60% of its competitor products substitute or undercut a Staples product,0.08333333333333333,0.08333333333333333,Weak,,,,False,0.0,0.0,
Furniture > Chairs & Seating > Stools & Ottomans > Counter & Bar Stools > Counter :: price_band=under $150 · colour_tone=light-neutral,Furniture > Chairs & Seating > Stools & Ottomans > Counter & Bar Stools > Counter,Furniture > Chairs & Seating,2,"{""price_band"": ""under $150"", ""colour_tone"": ""light-neutral""}","Any style — light neutral, under $150",4,10,0.4640254016196289,47.96762589928058,0.6,66.70690536499023,0.54220378536736,10,0.0,0.4,0.0,0.0,0.0,0.4,0.0,0.0,0.4,0.2,0.0,False,0.3968253968253968,0.7341269841269841,16.84650738514544,0.047619047619047616,0.07692307692307693,0.4147517936763684,0.8035,False,False,0.35022339250560347,1.0,0.0,0.12401538538381049,0.1345124013528749,True,beige/cream|blue|yellow/orange,1.0,0.5674603174603174,0.4880952380952381,0.20916334661354583,0.3466135458167331,0.6349206349206349,37.55292322772402,39.01461613862012,40% of its competitor products substitute or undercut a Staples product,1.0,0.5,Vector-led,,,,False,0.0,0.0,
Furniture > Chairs & Seating > Stools & Ottomans > Counter & Bar Stools > Counter :: price_band=$350+,Furniture > Chairs & Seating > Stools & Ottomans > Counter & Bar Stools > Counter,Furniture > Chairs & Seating,1,"{""price_band"": ""$350+""}",Any style — $350+,14,11,0.04861926821807092,60.61151079136691,0.5,87.6982421875,2.096694622594968,11,0.36363636363636365,0.2727272727272727,0.0,0.2727272727272727,0.09090909090909091,0.18181818181818182,0.0,0.2727272727272727,0.0,0.18181818181818182,0.0,False,0.03968253968253968,0.47619047619047616,3.9210536035457353,0.16666666666666666,0.08461538461538462,-0.6643476807681596,0.0342,False,False,0.17481431689131613,1.0,0.059253569500239925,0.14515356139728364,0.16544532130777906,True,,2.2857142857142856,0.20238095238095238,0.373015873015873,0.43824701195219123,0.398406374501992,0.6944444444444444,33.968451590463545,35.520892619996204,only 36% safe to add; largest group is OFF-BRAND (18%),0.0,0.3333333333333333,Weak,,,,False,0.0,0.0,
Furniture > Chairs & Seating > Stools & Ottomans > Counter & Bar Stools > Counter :: price_band=$350+ · colour_tone=warm-neutral,Furniture > Chairs & Seating > Stools & Ottomans > Counter & Bar Stools > Counter,Furniture > Chairs & Seating,2,"{""price_band"": ""$350+"", ""colour_tone"": ""warm-neutral""}","Any style — warm neutral, $350+",6,7,0.5226728046417205,56.25899280575539,0.5,76.11522674560547,2.5091140506386655,7,0.5714285714285714,0.2857142857142857,0.0,0.5714285714285714,0.0,0.0,0.0,0.2857142857142857,0.0,0.14285714285714285,0.0,True,0.4722222222222222,0.47619047619047616,11.950139564045,0.07142857142857142,0.05384615384615385,-0.2894452230701618,0.30055,False,False,0.4191516075227548,1.0,0.0,0.37490238058202374,0.006693912063134189,True,,1.0,0.3373015873015873,0.5476190476190477,0.20916334661354583,0.9203187250996016,0.25,37.547389805855936,28.776520900524886,,0.5833333333333334,0.4166666666666667,Weak,25.0,2.0,0.03200204813108039,False,1.0,1.0,
Furniture > Chairs & Seating > Stools & Ottomans > Counter & Bar Stools > Counter :: price_band=$250–$350,Furniture > Chairs & Seating > Stools & Ottomans > Counter & Bar Stools > Counter,Furniture > Chairs & Seating,1,"{""price_band"": ""$250\u2013$350""}",Any style — $250–$350,7,9,0.31366954248772627,50.2158273381295,0.5333333333333334,73.54521942138672,1.1510853478046374,9,0.3333333333333333,0.3333333333333333,0.0,0.3333333333333333,0.0,0.2222222222222222,0.0,0.3333333333333333,0.0,0.1111111111111111,0.0,False,0.21428571428571427,0.5912698412698413,10.446821258449521,0.08333333333333333,0.06923076923076923,-0.19615728864660487,0.34175,False,False,0.04193357636808054,1.0,0.04189268487973053,0.2694211524943805,0.018883878241262697,True,beige/cream|purple,1.4285714285714286,0.373015873015873,0.06746031746031746,0.42231075697211157,0.7569721115537849,0.3134920634920635,30.268608107253524,22.930342123569215,33% of its competitor products substitute or undercut a Staples product,0.5,0.16666666666666666,Weak,,,,False,0.0,0.0,
Furniture > Chairs & Seating > Stools & Ottomans > Counter & Bar Stools > Counter :: mixed,Furniture > Chairs & Seating > Stools & Ottomans > Counter & Bar Stools > Counter,Furniture > Chairs & Seating,0,{},Mixed / not classifiable,11,4,0.11051502145922745,50.97122302158273,0.7583333333333333,66.17385292053223,0.9320093615111499,4,0.25,0.25,0.0,0.25,0.0,0.5,0.0,0.0,0.25,0.0,0.0,False,0.05952380952380952,0.9722222222222222,14.300170742006378,0.13095238095238096,0.03076923076923077,-1.3708157053037653,0.00265,False,False,0.13125429306707628,1.0,0.054381059545092945,0.11667501413766437,-0.02649379932356266,True,red/pink,1.5454545454545454,0.06349206349206349,0.3134920634920635,0.4342629482071713,0.3147410358565737,0.12698412698412698,20.52077404667046,20.173354202238666,mixed bucket (not a nameable archetype),0.8333333333333334,0.0,Vector-led,,,,False,0.0,0.0,
Furniture > Chairs & Seating > Stools & Ottomans > Counter & Bar Stools > Counter :: price_band=under $150 · colour_tone=warm-neutral,Furniture > Chairs & Seating > Stools & Ottomans > Counter & Bar Stools > Counter,Furniture > Chairs & Seating,2,"{""price_band"": ""under $150"", ""colour_tone"": ""warm-neutral""}","Any style — warm neutral, under $150",3,8,0.46510600666319757,69.46043165467626,0.5,88.2550277709961,0.4597766234870403,8,0.0,0.75,0.0,0.0,0.0,0.0,0.0,0.0,0.75,0.25,0.0,False,0.4007936507936508,0.47619047619047616,5.963933136199342,0.03571428571428571,0.06153846153846154,0.45475712829006765,0.8004,False,False,0.16474549367002556,-1.0,0.0,0.21592706866781763,0.005566516347237815,True,beige/cream|black|grey|white|yellow/orange,1.0,0.5833333333333334,0.3611111111111111,0.20916334661354583,0.6294820717131474,0.24206349206349206,33.64118921140833,28.260647884651867,75% of its competitor products substitute or undercut a Staples product,0.16666666666666666,0.25,Weak,,,,False,0.0,0.0,
Furniture > Chairs & Seating > Stools & Ottomans > Counter & Bar Stools > Counter :: price_band=$150–$250 · colour_tone=dark-neutral,Furniture > Chairs & Seating > Stools & Ottomans > Counter & Bar Stools > Counter,Furniture > Chairs & Seating,2,"{""price_band"": ""$150\u2013$250"", ""colour_tone"": ""dark-neutral""}","Any style — dark neutral, $150–$250",2,11,0.19786893405715703,56.223021582733814,0.4,78.27719116210938,0.9012833168805529,11,0.18181818181818182,0.5454545454545454,0.0,0.18181818181818182,0.0,0.18181818181818182,0.0,0.2727272727272727,0.2727272727272727,0.09090909090909091,0.0,False,0.12698412698412698,0.3055555555555556,6.564650443228357,0.023809523809523808,0.08461538461538462,1.0935102367842142,0.97335,False,False,0.4292639059555558,-1.0,0.35170255977751064,0.1967093716161396,-0.03311724915445324,False,navy,1.5,0.7936507936507936,0.5515873015873016,0.5816733067729084,0.5936254980079682,0.11706349206349206,58.194958262189346,55.54219629418833,55% of its competitor products substitute or undercut a Staples product,0.25,0.8333333333333334,Gap-led,,,,False,0.0,0.0,
Furniture > Chairs & Seating > Stools & Ottomans > Counter & Bar Stools > Counter :: price_band=$250–$350 · colour_tone=light-neutral,Furniture > Chairs & Seating > Stools & Ottomans > Counter & Bar Stools > Counter,Furniture > Chairs & Seating,2,"{""price_band"": ""$250\u2013$350"", ""colour_tone"": ""light-neutral""}","Any style — light neutral, $250–$350",1,11,0.5665805548463401,56.330935251798564,0.5333333333333334,72.97517395019531,1.3304862869651057,11,0.5454545454545454,0.18181818181818182,0.0,0.5454545454545454,0.0,0.18181818181818182,0.0,0.18181818181818182,0.0,0.09090909090909091,0.0,True,0.5357142857142857,0.5912698412698413,15.076655754132046,0.011904761904761904,0.08461538461538462,1.6043358605502047,0.9929,False,True,0.519170366661184,1.0,0.3517025597775106,0.05892348722503042,0.08342728297632473,False,beige/cream|blue|brown/wood|clear,2.0,0.8928571428571429,0.6507936507936508,0.5776892430278885,0.16334661354581673,0.5238095238095238,63.23855372162146,69.54981660658952,,0.9166666666666666,1.0,Strong,100.0,1.0,0.03278688524590164,True,1.0,1.0,0.16666666666666669
Furniture > Chairs & Seating > Stools & Ottomans > Counter & Bar Stools > Counter :: price_band=$150–$250 · colour_tone=light-neutral,Furniture > Chairs & Seating > Stools & Ottomans > Counter & Bar Stools > Counter,Furniture > Chairs & Seating,2,"{""price_band"": ""$150\u2013$250"", ""colour_tone"": ""light-neutral""}","Any style — light neutral, $150–$250",3,16,0.6217621006882605,62.62589928057554,0.5,78.9566879272461,0.808904918995418,16,0.125,0.6875,0.0,0.125,0.0,0.125,0.0,0.1875,0.5,0.0625,0.0,False,0.6190476190476191,0.47619047619047616,12.320790732312831,0.03571428571428571,0.12307692307692308,1.1180513457003318,0.9901,False,False,0.0703817381587572,1.0,0.0,0.03900665223664683,0.039881623449830816,True,beige/cream,1.0,0.7976190476190477,0.19444444444444445,0.20916334661354583,0.11952191235059761,0.376984126984127,42.39059634477961,44.500727249731234,69% of its competitor products substitute or undercut a Staples product,0.6666666666666666,0.6666666666666666,Strong,,,,False,0.0,0.0,
Furniture > Chairs & Seating > Stools & Ottomans > Counter & Bar Stools > Counter :: price_band=$350+ · colour_tone=light-neutral,Furniture > Chairs & Seating > Stools & Ottomans > Counter & Bar Stools > Counter,Furniture > Chairs & Seating,2,"{""price_band"": ""$350+"", ""colour_tone"": ""light-neutral""}","Any style — light neutral, $350+",4,13,0.7235162025274959,58.20143884892086,0.5,78.42729949951172,2.2611001480019732,13,0.6153846153846154,0.3076923076923077,0.0,0.38461538461538464,0.23076923076923078,0.07692307692307693,0.0,0.3076923076923077,0.0,0.0,0.0,False,0.753968253968254,0.47619047619047616,13.654174356346223,0.047619047619047616,0.1,0.6660662219572746,0.9227,False,False,0.2828439089026695,1.0,0.0,0.22290013646027307,0.11344419391206306,True,beige/cream|brown/wood|metallic,1.25,0.6547619047619048,0.4444444444444444,0.20916334661354583,0.6573705179282868,0.5992063492063492,53.79165876177828,50.19517169417568,31% of its competitor products substitute or undercut a Staples product,0.75,0.75,Strong,,,,False,0.0,0.0,
Furniture > Chairs & Seating > Stools & Ottomans > Counter & Bar Stools > Counter :: price_band=$250–$350 · colour_tone=mid-neutral,Furniture > Chairs & Seating > Stools & Ottomans > Counter & Bar Stools > Counter,Furniture > Chairs & Seating,2,"{""price_band"": ""$250\u2013$350"", ""colour_tone"": ""mid-neutral""}","Any style — mid neutral, $250–$350",2,8,0.08713670536048618,57.302158273381295,0.6399999999999999,75.15797805786133,1.2068101297901959,8,0.5,0.25,0.0,0.5,0.0,0.125,0.0,0.25,0.0,0.125,0.0,True,0.047619047619047616,0.8174603174603174,9.879675246889192,0.023809523809523808,0.06153846153846154,0.7912293649112806,0.9029,False,False,0.48361654039140256,1.0,0.31525076880538294,0.14868778424597412,0.11316234498308908,False,black,1.0,0.6984126984126984,0.5992063492063492,0.549800796812749,0.42231075697211157,0.5952380952380952,59.93881616391577,62.32538101562005,,0.4166666666666667,0.9166666666666666,Gap-led,25.0,3.0,0.03200204813108039,True,1.0,1.0,0.25
Furniture > Chairs & Seating > Stools & Ottomans > Drafting Chairs & Office Stools :: price_band=under $175 · colour_tone=dark-neutral · base_type=casters,Furniture > Chairs & Seating > Stools & Ottomans > Drafting Chairs & Office Stools,Furniture > Chairs & Seating,3,"{""price_band"": ""under $175"", ""colour_tone"": ""dark-neutral"", ""base_type"": ""casters""}","On casters — dark neutral, under $175",6,5,0.13919037684083427,43.02158273381295,0.25,72.41043090820312,0.2234844120832277,5,0.0,1.0,0.0,0.0,0.0,0.0,0.0,0.0,1.0,0.0,0.0,False,0.09126984126984126,0.10714285714285714,5.4329901190480365,0.05660377358490566,0.08620689655172414,0.42823730589302056,0.76875,False,False,0.4945539198124138,-1.0,0.0,0.12425601093475921,0.048337091319053005,True,,1.1666666666666667,0.5753968253968254,0.6190476190476191,0.20916334661354583,0.350597609561753,0.4087301587301587,36.97776354897868,37.90350502750901,100% of its competitor products substitute or undercut a Staples product,0.0,0.75,Gap-led,,,,False,0.0,0.0,
Furniture > Chairs & Seating > Stools & Ottomans > Drafting Chairs & Office Stools :: price_band=$175–$250,Furniture > Chairs & Seating > Stools & Ottomans > Drafting Chairs & Office Stools,Furniture > Chairs & Seating,1,"{""price_band"": ""$175\u2013$250""}",Any style — $175–$250,27,13,0.33246931386208806,49.49640287769784,0.3333333333333333,72.58870697021484,0.7156343979595722,13,0.0,0.6923076923076923,0.0,0.0,0.0,0.23076923076923078,0.0,0.07692307692307693,0.6153846153846154,0.0,0.07692307692307693,False,0.24206349206349206,0.1865079365079365,8.334260125346987,0.25471698113207547,0.22413793103448276,-0.116204928671955,0.334,False,False,0.044985707668140175,-1.0,0.17782777697970445,0.09066523088152355,0.018038331454340473,True,yellow/orange,1.2222222222222223,0.4126984126984127,0.07936507936507936,0.5059760956175299,0.23904382470119523,0.3055555555555556,24.56815594763802,25.436982229810916,69% of its competitor products substitute or undercut a Staples product,0.5,0.0,Weak,,,,False,0.0,0.0,
Furniture > Chairs & Seating > Stools & Ottomans > Drafting Chairs & Office Stools :: price_band=$250–$400,Furniture > Chairs & Seating > Stools & Ottomans > Drafting Chairs & Office Stools,Furniture > Chairs & Seating,1,"{""price_band"": ""$250\u2013$400""}",Any style — $250–$400,25,15,0.39876399864384554,41.94244604316547,0.5,72.2431640625,1.02564168312008,15,0.26666666666666666,0.3333333333333333,0.0,0.26666666666666666,0.0,0.26666666666666666,0.0,0.26666666666666666,0.06666666666666667,0.13333333333333333,0.0,False,0.30158730158730157,0.47619047619047616,10.56395317451396,0.2358490566037736,0.25862068965517243,0.09745296231700736,0.6307,False,False,0.060806554528421625,-1.0,0.2642751239823279,0.13856324357818517,0.015219842164599762,True,beige/cream|metallic|yellow/orange,1.4,0.4801587301587302,0.15079365079365079,0.5418326693227091,0.38247011952191234,0.30158730158730157,29.80700215012964,29.041018465819263,33% of its competitor products substitute or undercut a Staples product,1.0,0.25,Vector-led,,,,False,0.0,0.0,
Furniture > Chairs & Seating > Stools & Ottomans > Drafting Chairs & Office Stools :: price_band=$400+,Furniture > Chairs & Seating > Stools & Ottomans > Drafting Chairs & Office Stools,Furniture > Chairs & Seating,1,"{""price_band"": ""$400+""}",Any style — $400+,32,10,0.19586506180733687,41.40287769784173,0.29166666666666663,72.2431640625,1.546974083676492,10,0.3,0.4,0.0,0.2,0.1,0.3,0.0,0.4,0.0,0.0,0.0,False,0.12301587301587301,0.14484126984126985,5.9892616240434,0.3018867924528302,0.1724137931034483,-0.5345734416160274,0.03115,False,False,0.16567438887695465,-1.0,0.06822428954957,0.11441187079380503,0.06405016910935735,True,navy|yellow/orange,1.34375,0.2698412698412698,0.36507936507936506,0.44621513944223107,0.30677290836653387,0.45634920634920634,30.16386833617909,31.900493265035095,40% of its competitor products substitute or undercut a Staples product,0.25,0.5,Weak,,,,False,0.0,0.0,
Furniture > Chairs & Seating > Stools & Ottomans > Drafting Chairs & Office Stools :: price_band=under $175,Furniture > Chairs & Seating > Stools & Ottomans > Drafting Chairs & Office Stools,Furniture > Chairs & Seating,1,"{""price_band"": ""under $175""}",Any style — under $175,16,15,0.6478457587984948,42.302158273381295,0.0,78.0871353149414,0.32734401766340554,15,0.0,0.8,0.0,0.0,0.0,0.13333333333333333,0.0,0.0,0.8,0.0,0.06666666666666667,False,0.6746031746031746,0.017857142857142856,9.530829335699838,0.1509433962264151,0.25862068965517243,0.5327710335748529,0.953,False,False,0.2550687269711582,-1.0,0.09782478523961562,0.5057887324015284,0.0109216459977452,True,brown/wood,1.1875,0.6071428571428571,0.42063492063492064,0.46613545816733065,0.9840637450199203,0.27380952380952384,55.52282931765002,46.56477265541011,80% of its competitor products substitute or undercut a Staples product,0.75,1.0,Strong,,,,False,0.0,0.0,
Furniture > Desks > Office Desks > Computer :: price_band=under $200 · style_family=contemporary · colour_tone=warm-neutral,Furniture > Desks > Office Desks > Computer,Furniture > Desks,3,"{""price_band"": ""under $200"", ""style_family"": ""contemporary"", ""colour_tone"": ""warm-neutral""}","Contemporary — warm neutral, under $200",3,15,0.5673813532084436,52.18045112781955,0.25,71.05531311035156,0.3298830903729974,15,0.0,0.5333333333333333,0.0,0.0,0.0,0.3333333333333333,0.0,0.0,0.5333333333333333,0.13333333333333333,0.0,False,0.4594594594594595,0.15878378378378377,11.664536771803363,0.011111111111111112,0.01597444089456869,0.24431600104548415,0.7035,False,False,0.6891156160796886,1.0,0.0,0.0,0.3449567723342939,True,white,1.0,0.40878378378378377,0.5405405405405406,0.10135135135135136,0.1598639455782313,0.8716216216216216,34.95708080529509,40.12668918918919,53% of its competitor products substitute or undercut a Staples product,0.5087719298245614,0.3684210526315789,Weak,,,,False,0.0,0.0,
Furniture > Desks > Office Desks > Computer :: price_band=under $200 · style_family=traditional,Furniture > Desks > Office Desks > Computer,Furniture > Desks,2,"{""price_band"": ""under $200"", ""style_family"": ""traditional""}",Traditional — under $200,7,7,0.35369061331380064,48.195488721804516,0.3333333333333333,67.23075866699219,0.2686421620330753,7,0.0,0.14285714285714285,0.0,0.0,0.0,0.7142857142857143,0.0,0.0,0.14285714285714285,0.14285714285714285,0.0,False,0.14189189189189189,0.28040540540540543,9.127517245334719,0.025925925925925925,0.007454739084132056,-1.2437610543843487,0.01095,False,False,0.11843992857640971,-1.0,0.05989881216052262,0.0,-0.10893371757925069,True,grey|white,1.0,0.08783783783783784,0.1554054054054054,0.31756756756756754,0.1598639455782313,0.07432432432432433,12.921607832322119,13.260135135135137,only 0% safe to add; largest group is REVIEW (71%),0.22807017543859648,0.017543859649122806,Weak,,,,False,0.0,0.0,
Furniture > Desks > Office Desks > Computer :: price_band=under $200 · style_family=gaming · colour_tone=dark-neutral,Furniture > Desks > Office Desks > Computer,Furniture > Desks,3,"{""price_band"": ""under $200"", ""style_family"": ""gaming"", ""colour_tone"": ""dark-neutral""}","Gaming — dark neutral, under $200",5,40,0.6036926293813136,26.795112781954884,0.25,72.27054977416992,0.34820311998818354,40,0.0,0.275,0.0,0.0,0.0,0.025,0.0,0.0,0.275,0.7,0.0,False,0.5202702702702703,0.15878378378378377,9.821851849370892,0.018518518518518517,0.042598509052183174,0.7527928274897195,0.9737,False,False,0.33849040381656664,-1.0,0.0,0.0,-0.02881844380403458,True,brown/wood,1.2,0.5540540540540541,0.39864864864864863,0.10135135135135136,0.1598639455782313,0.13513513513513514,33.31012134583563,34.08783783783784,only 0% safe to add; largest group is OFF-BRAND (70%),0.2982456140350877,0.3333333333333333,Weak,,,,False,0.0,0.0,
Furniture > Desks > Office Desks > Computer :: price_band=under $200 · style_family=gaming · colour_tone=warm-neutral,Furniture > Desks > Office Desks > Computer,Furniture > Desks,3,"{""price_band"": ""under $200"", ""style_family"": ""gaming"", ""colour_tone"": ""warm-neutral""}","Gaming — warm neutral, under $200",1,15,0.8337975987702654,29.86842105263158,0.4,74.05369567871094,0.3428383668104803,15,0.0,0.26666666666666666,0.0,0.0,0.0,0.0,0.0,0.0,0.26666666666666666,0.7333333333333333,0.0,False,0.9121621621621622,0.40540540540540543,15.604875104640996,0.003703703703703704,0.01597444089456869,1.0916138614326878,0.9539,False,True,1.5323095725620035,-1.0,0.12995568869065022,0.4834412631164167,0.12853025936599427,False,,1.0,0.6587837837837838,0.9054054054054054,0.5608108108108109,0.7278911564625851,0.4797297297297297,67.69201599558743,66.50337837837839,only 0% safe to add; largest group is OFF-BRAND (73%),0.7894736842105263,0.7543859649122807,Strong,,,,False,0.0,0.0,
Furniture > Desks > Office Desks > Computer :: price_band=$200–$300 · style_family=contemporary · colour_tone=light-neutral,Furniture > Desks > Office Desks > Computer,Furniture > Desks,3,"{""price_band"": ""$200\u2013$300"", ""style_family"": ""contemporary"", ""colour_tone"": ""light-neutral""}","Contemporary — light neutral, $200–$300",2,9,0.6302078757839936,52.18045112781955,0.5,79.51835632324219,0.508838691121485,9,0.0,0.8888888888888888,0.0,0.0,0.0,0.1111111111111111,0.0,0.0,0.8888888888888888,0.0,0.0,False,0.5743243243243243,0.6418918918918919,11.78637224742732,0.007407407407407408,0.009584664536741214,0.09124001234799149,0.6117,False,False,0.9111989624053738,-1.0,0.48762597034592925,0.15970558985518457,0.1809798270893372,False,white,1.0,0.3783783783783784,0.6013513513513513,0.9358108108108109,0.42517006802721086,0.6216216216216216,48.3876861555433,52.80405405405406,89% of its competitor products substitute or undercut a Staples product,0.5263157894736842,0.49122807017543857,Weak,,,,False,0.0,0.0,
Furniture > Desks > Office Desks > Computer :: price_band=$200–$300,Furniture > Desks > Office Desks > Computer,Furniture > Desks,1,"{""price_band"": ""$200\u2013$300""}",Any style — $200–$300,7,35,0.599784299562184,43.79699248120301,0.3333333333333333,73.38856506347656,0.5464501427022722,35,0.0,0.5142857142857142,0.0,0.0,0.0,0.17142857142857143,0.0,0.0,0.5142857142857142,0.3142857142857143,0.0,False,0.5067567567567568,0.28040540540540543,11.430486005419908,0.025925925925925925,0.03727369542066028,0.31086862155475675,0.81665,False,False,0.03436016900539932,-1.0,0.05444202221906802,0.24077306527126507,-0.025360230547550433,True,beige/cream|black|navy|yellow/orange,1.5714285714285714,0.42567567567567566,0.006756756756756757,0.2972972972972973,0.5102040816326531,0.14189189189189189,21.825358521787095,16.402027027027028,51% of its competitor products substitute or undercut a Staples product,0.49122807017543857,0.15789473684210525,Weak,,,,False,0.0,0.0,
Furniture > Desks > Office Desks > Computer :: price_band=$300–$600 · style_family=modern · colour_tone=mid-neutral,Furniture > Desks > Office Desks > Computer,Furniture > Desks,3,"{""price_band"": ""$300\u2013$600"", ""style_family"": ""modern"", ""colour_tone"": ""mid-neutral""}","Modern — mid neutral, $300–$600",5,5,0.24081373172282264,55.8796992481203,0.3333333333333333,74.30677795410156,0.9070775902121728,5,0.0,0.8,0.0,0.0,0.0,0.2,0.0,0.6,0.2,0.0,0.0,False,0.04054054054054054,0.28040540540540543,6.577045847393734,0.018518518518518517,0.005324813631522897,-1.2437610543843487,0.02425,False,False,0.13363185087251495,1.0,0.0,0.0,0.11815561959654179,True,,2.6,0.08783783783783784,0.20270270270270271,0.10135135135135136,0.1598639455782313,0.46621621621621623,16.502688913403198,17.95608108108108,80% of its competitor products substitute or undercut a Staples product,0.03508771929824561,0.10526315789473684,Weak,,,,False,0.0,0.0,
Furniture > Desks > Office Desks > Computer :: price_band=$600+,Furniture > Desks > Office Desks > Computer,Furniture > Desks,1,"{""price_band"": ""$600+""}",Any style — $600+,31,69,0.5127176991940807,55.112781954887225,0.5,79.5798568725586,2.9243071058368906,69,0.6521739130434783,0.14492753623188406,0.0,0.15942028985507245,0.4927536231884058,0.10144927536231885,0.0,0.14492753623188406,0.0,0.10144927536231885,0.0,True,0.31756756756756754,0.6418918918918919,9.571262595268363,0.11481481481481481,0.07348242811501597,-0.45242184764518956,0.0181,False,False,0.5458356464064034,1.0,0.16435580783389697,0.435607454582155,0.1489913544668588,True,clear|green|red/pink,1.7419354838709677,0.23648648648648649,0.4864864864864865,0.6351351351351351,0.7074829931972789,0.5405405405405406,42.11562327633756,39.81418918918919,,0.2807017543859649,0.43859649122807015,Weak,31.25,7.0,0.03007688828584351,False,0.023,0.016,
Furniture > Desks > Office Desks > Computer :: price_band=$200–$300 · style_family=farmhouse/rustic,Furniture > Desks > Office Desks > Computer,Furniture > Desks,2,"{""price_band"": ""$200\u2013$300"", ""style_family"": ""farmhouse/rustic""}",Farmhouse/rustic — $200–$300,3,17,0.6639901867335858,49.13533834586467,0.6,79.64005279541016,0.525763417802429,17,0.058823529411764705,0.5294117647058824,0.0,0.058823529411764705,0.0,0.29411764705882354,0.0,0.0,0.5294117647058824,0.11764705882352941,0.0,False,0.6216216216216216,0.8648648648648649,13.098611959594221,0.011111111111111112,0.01810436634717785,0.36567685804975164,0.78565,False,False,0.06646172369257801,1.0,0.21400311350540593,0.0,-0.046685878962536065,True,,3.3333333333333335,0.44932432432432434,0.02702702702702703,0.6959459459459459,0.1598639455782313,0.12837837837837837,23.166540264754552,25.025337837837835,53% of its competitor products substitute or undercut a Staples product,0.5789473684210527,0.22807017543859648,Weak,,,,False,0.0,0.0,
Furniture > Desks > Office Desks > Computer :: price_band=$300–$600 · style_family=traditional,Furniture > Desks > Office Desks > Computer,Furniture > Desks,2,"{""price_band"": ""$300\u2013$600"", ""style_family"": ""traditional""}",Traditional — $300–$600,13,10,0.3904929652246923,45.92105263157895,0.5,75.13756561279297,0.8233343481278672,10,0.1,0.5,0.0,0.1,0.0,0.3,0.0,0.1,0.4,0.1,0.0,False,0.1891891891891892,0.6418918918918919,9.531542946936225,0.04814814814814815,0.010649627263045794,-1.4950754826652546,0.0003,False,False,0.13214961115898152,-1.0,0.10794519644265664,0.0,-0.20864553314121037,True,blue|red/pink,1.3846153846153846,0.05405405405405406,0.19594594594594594,0.4797297297297297,0.1598639455782313,0.0,14.45876999448428,15.43918918918919,50% of its competitor products substitute or undercut a Staples product,0.2631578947368421,0.05263157894736842,Weak,,,,False,0.0,0.0,
Furniture > Desks > Office Desks > Computer :: price_band=$600+ · style_family=traditional · colour_tone=warm-neutral,Furniture > Desks > Office Desks > Computer,Furniture > Desks,3,"{""price_band"": ""$600+"", ""style_family"": ""traditional"", ""colour_tone"": ""warm-neutral""}","Traditional — warm neutral, $600+",19,9,0.14650278755124344,54.54887218045113,0.5,79.42427062988281,2.10311552815522,9,0.5555555555555556,0.2222222222222222,0.0,0.0,0.5555555555555556,0.2222222222222222,0.0,0.2222222222222222,0.0,0.0,0.0,True,0.02702702702702703,0.6418918918918919,6.9192423146043796,0.07037037037037037,0.009584664536741214,-1.9628837213475545,0.0,False,False,0.1987819971451523,1.0,0.0,0.0,0.023631123919308328,True,,1.6842105263157894,0.02702702702702703,0.2635135135135135,0.10135135135135136,0.1598639455782313,0.21621621621621623,12.904715940430226,13.412162162162161,,0.08771929824561403,0.0,Weak,0.0,9.0,0.028985507246376812,False,0.0,0.0,
Furniture > Desks > Office Desks > Computer :: price_band=$300–$600 · style_family=gaming,Furniture > Desks > Office Desks > Computer,Furniture > Desks,2,"{""price_band"": ""$300\u2013$600"", ""style_family"": ""gaming""}",Gaming — $300–$600,5,19,0.740084684974701,27.72556390977443,0.6666666666666666,61.647254943847656,0.8999971427755079,19,0.05263157894736842,0.05263157894736842,0.0,0.05263157894736842,0.0,0.10526315789473684,0.0,0.0,0.05263157894736842,0.7894736842105263,0.0,False,0.7837837837837838,0.918918918918919,25.527937046024675,0.018518518518518517,0.02023429179978701,0.02190531894692725,0.55335,False,False,0.2784649799919243,-1.0,0.09179446040451503,0.0,-0.07463976945244957,True,clear,2.2,0.3581081081081081,0.32432432432432434,0.3918918918918919,0.1598639455782313,0.0945945945945946,22.448634859349145,24.10472972972973,only 5% safe to add; largest group is OFF-BRAND (79%),1.0,0.19298245614035087,Vector-led,,,,False,0.0,0.0,
Furniture > Desks > Office Desks > Computer :: price_band=$600+ · style_family=contemporary,Furniture > Desks > Office Desks > Computer,Furniture > Desks,2,"{""price_band"": ""$600+"", ""style_family"": ""contemporary""}",Contemporary — $600+,12,6,0.3838158871566444,51.757518796992485,0.5666666666666667,68.43115234375,2.75203867629185,6,0.16666666666666666,0.16666666666666666,0.0,0.16666666666666666,0.0,0.5,0.0,0.16666666666666666,0.0,0.16666666666666666,0.0,False,0.18243243243243243,0.8209459459459459,13.972486803457521,0.044444444444444446,0.006389776357827476,-1.8976875217910127,0.0,False,False,0.3069122542890801,1.0,0.2684735302061743,0.0,0.1024495677233429,True,beige/cream|white,1.5,0.033783783783783786,0.3581081081081081,0.7702702702702703,0.1598639455782313,0.4189189189189189,27.98917539988969,33.3277027027027,only 17% safe to add; largest group is REVIEW (50%),0.6491228070175439,0.2982456140350877,Weak,,,,False,0.0,0.0,
Furniture > Desks > Office Desks > Computer :: price_band=$600+ · style_family=contemporary · colour_tone=warm-neutral,Furniture > Desks > Office Desks > Computer,Furniture > Desks,3,"{""price_band"": ""$600+"", ""style_family"": ""contemporary"", ""colour_tone"": ""warm-neutral""}","Contemporary — warm neutral, $600+",29,7,0.3289850461342666,59.060150375939855,0.4,79.15554809570312,1.6562192079498521,7,0.42857142857142855,0.42857142857142855,0.0,0.0,0.42857142857142855,0.14285714285714285,0.0,0.42857142857142855,0.0,0.0,0.0,False,0.10810810810810811,0.40540540540540543,6.819897177559991,0.10740740740740741,0.007454739084132056,-2.613248297187858,0.0,False,False,0.26857302778014674,-1.0,0.0,0.0,0.2510086455331412,True,,1.0344827586206897,0.0,0.30405405405405406,0.10135135135135136,0.1598639455782313,0.8040540540540541,22.060121345835633,25.70945945945946,43% of its competitor products substitute or undercut a Staples product,0.05263157894736842,0.17543859649122806,Weak,,,,False,0.0,0.0,
Furniture > Desks > Office Desks > Computer :: price_band=$300–$600 · style_family=contemporary,Furniture > Desks > Office Desks > Computer,Furniture > Desks,2,"{""price_band"": ""$300\u2013$600"", ""style_family"": ""contemporary""}",Contemporary — $300–$600,7,15,0.6447913921370627,52.18045112781955,0.7,79.15554809570312,0.9896905090826615,15,0.3333333333333333,0.26666666666666666,0.0,0.3333333333333333,0.0,0.06666666666666667,0.0,0.06666666666666667,0.2,0.3333333333333333,0.0,False,0.5945945945945946,0.9493243243243243,13.787354309936292,0.025925925925925925,0.01597444089456869,-0.5178240510014126,0.14125,False,False,0.14491201894211156,1.0,0.21478415183939736,0.0,-0.0025936599423631024,True,black|metallic,1.5714285714285714,0.22972972972972974,0.20945945945945946,0.7027027027027027,0.1598639455782313,0.17567567567567569,23.783094318808608,26.824324324324323,only 33% safe to add; largest group is OFF-BRAND (33%),0.631578947368421,0.24561403508771928,Weak,,,,False,0.0,0.0,
Furniture > Desks > Office Desks > Computer :: price_band=$300–$600,Furniture > Desks > Office Desks > Computer,Furniture > Desks,1,"{""price_band"": ""$300\u2013$600""}",Any style — $300–$600,36,47,0.562707706237493,38.34586466165413,0.4,75.33419799804688,0.8407044403637248,47,0.10638297872340426,0.40425531914893614,0.0,0.10638297872340426,0.0,0.1276595744680851,0.0,0.2127659574468085,0.19148936170212766,0.3617021276595745,0.0,False,0.42567567567567566,0.40540540540540543,10.0622412510457,0.13333333333333333,0.05005324813631523,-0.9803436039321991,0.0,False,False,0.15015851499830232,-1.0,0.280991388884038,0.416854816502769,0.11412103746397692,True,black|clear|metallic|yellow/orange,1.3611111111111112,0.12837837837837837,0.21621621621621623,0.7905405405405406,0.6870748299319728,0.44594594594594594,35.42436569222283,32.381756756756765,40% of its competitor products substitute or undercut a Staples product,0.3157894736842105,0.40350877192982454,Weak,,,,False,0.0,0.0,
Furniture > Desks > Office Desks > Computer :: price_band=$200–$300 · style_family=contemporary · colour_tone=warm-neutral,Furniture > Desks > Office Desks > Computer,Furniture > Desks,3,"{""price_band"": ""$200\u2013$300"", ""style_family"": ""contemporary"", ""colour_tone"": ""warm-neutral""}","Contemporary — warm neutral, $200–$300",8,7,0.7142857142857143,53.984962406015036,0.25,75.33419799804688,0.5087280692050709,7,0.0,0.5714285714285714,0.0,0.0,0.0,0.42857142857142855,0.0,0.0,0.5714285714285714,0.0,0.0,False,0.75,0.15878378378378377,13.298587700011069,0.02962962962962963,0.007454739084132056,-1.3689241973383548,0.00325,False,False,0.08887272402367294,-1.0,0.0,0.0,0.27780979827089336,True,,1.0,0.06756756756756757,0.10810810810810811,0.10135135135135136,0.1598639455782313,0.8513513513513513,20.033094318808605,22.93918918918919,57% of its competitor products substitute or undercut a Staples product,0.5964912280701754,0.14035087719298245,Weak,,,,False,0.0,0.0,
Furniture > Desks > Office Desks > Computer :: price_band=$600+ · style_family=modern,Furniture > Desks > Office Desks > Computer,Furniture > Desks,2,"{""price_band"": ""$600+"", ""style_family"": ""modern""}",Modern — $600+,9,12,0.4166666666666667,63.1672932330827,0.5,76.27701950073242,2.913073024174936,12,0.5,0.16666666666666666,0.0,0.08333333333333333,0.4166666666666667,0.3333333333333333,0.0,0.16666666666666666,0.0,0.0,0.0,True,0.20945945945945946,0.6418918918918919,10.53849780764189,0.03333333333333333,0.012779552715654952,-0.9693242086825883,0.01495,False,False,0.3202188574540857,1.0,0.12123136000883647,0.0,0.2210374639769453,True,green|red/pink,1.7777777777777777,0.13513513513513514,0.38513513513513514,0.5405405405405406,0.1598639455782313,0.7364864864864865,31.620932156646443,37.53378378378379,,0.40350877192982454,0.3157894736842105,Weak,37.5,6.0,0.030309988518943745,False,0.0,0.913,
Furniture > Desks > Office Desks > Computer :: price_band=$300–$600 · style_family=contemporary · colour_tone=warm-neutral,Furniture > Desks > Office Desks > Computer,Furniture > Desks,3,"{""price_band"": ""$300\u2013$600"", ""style_family"": ""contemporary"", ""colour_tone"": ""warm-neutral""}","Contemporary — warm neutral, $300–$600",13,13,0.6083604591399692,59.060150375939855,0.3,72.32962036132812,0.8407044403637248,13,0.0,0.6153846153846154,0.0,0.0,0.0,0.38461538461538464,0.0,0.23076923076923078,0.38461538461538464,0.0,0.0,False,0.5337837837837838,0.2195945945945946,13.068216771034901,0.04814814814814815,0.013844515441959531,-1.2437610543843487,0.0006,False,False,0.06842958962403882,1.0,0.0,0.0,0.17838616714697408,True,,1.3076923076923077,0.08783783783783784,0.04054054054054054,0.10135135135135136,0.1598639455782313,0.6081081081081081,15.387824048538334,16.739864864864867,62% of its competitor products substitute or undercut a Staples product,0.5614035087719298,0.07017543859649122,Weak,,,,False,0.0,0.0,
Furniture > Desks > Office Desks > Computer :: price_band=$600+ · style_family=industrial,Furniture > Desks > Office Desks > Computer,Furniture > Desks,2,"{""price_band"": ""$600+"", ""style_family"": ""industrial""}",Industrial — $600+,3,9,0.4338810724718803,48.195488721804516,0.4,80.973388671875,2.3827651550685753,9,0.3333333333333333,0.4444444444444444,0.0,0.0,0.3333333333333333,0.2222222222222222,0.0,0.4444444444444444,0.0,0.0,0.0,False,0.21621621621621623,0.40540540540540543,6.530601123731521,0.011111111111111112,0.009584664536741214,-0.24523222427322153,0.38635,False,False,0.34837307230863246,1.0,0.20688235023173807,0.0,0.1780979827089337,True,brown/wood|grey|red/pink,1.0,0.30405405405405406,0.40540540540540543,0.6824324324324325,0.1598639455782313,0.6013513513513513,35.083769994484285,41.13175675675676,44% of its competitor products substitute or undercut a Staples product,0.017543859649122806,0.38596491228070173,Weak,,,,False,0.0,0.0,
Furniture > Desks > Office Desks > Computer :: price_band=$200–$300 · style_family=gaming · colour_tone=dark-neutral,Furniture > Desks > Office Desks > Computer,Furniture > Desks,3,"{""price_band"": ""$200\u2013$300"", ""style_family"": ""gaming"", ""colour_tone"": ""dark-neutral""}","Gaming — dark neutral, $200–$300",4,10,0.4904929652246923,30.011278195488725,0.375,76.15126419067383,0.8124933033322619,10,0.0,0.3,0.0,0.0,0.0,0.0,0.0,0.1,0.2,0.7,0.0,False,0.30405405405405406,0.35135135135135137,7.5051016867106055,0.014814814814814815,0.010649627263045794,-0.39646319399714497,0.27605,False,False,0.0913491835017978,-1.0,0.0,0.0,0.006772334293948121,True,,1.0,0.26013513513513514,0.12162162162162163,0.10135135135135136,0.1598639455782313,0.19594594594594594,13.842215940430226,13.538851351351353,30% of its competitor products substitute or undercut a Staples product,0.14035087719298245,0.03508771929824561,Weak,,,,False,0.0,0.0,
Furniture > Desks > Office Desks > Computer :: price_band=$600+ · style_family=modern · colour_tone=light-neutral,Furniture > Desks > Office Desks > Computer,Furniture > Desks,3,"{""price_band"": ""$600+"", ""style_family"": ""modern"", ""colour_tone"": ""light-neutral""}","Modern — light neutral, $600+",6,10,0.404835907431737,57.39974937343359,0.5666666666666667,80.22274780273438,2.3924562249833765,10,0.8,0.0,0.0,0.2,0.6,0.1,0.0,0.0,0.0,0.1,0.0,True,0.20270270270270271,0.8209459459459459,9.268647824167068,0.022222222222222223,0.010649627263045794,-0.7641879741224624,0.08105,False,False,0.2207719779908351,1.0,0.0,0.0,0.5231988472622477,True,,1.6666666666666667,0.20270270270270271,0.27702702702702703,0.10135135135135136,0.1598639455782313,0.9932432432432432,27.904715940430226,32.36486486486486,,0.24561403508771928,0.2807017543859649,Weak,12.5,8.0,0.029411764705882353,False,0.001,0.0,
Furniture > Desks > Office Desks > Computer :: price_band=$200–$300 · style_family=modern,Furniture > Desks > Office Desks > Computer,Furniture > Desks,2,"{""price_band"": ""$200\u2013$300"", ""style_family"": ""modern""}",Modern — $200–$300,1,16,0.5611576575980303,50.338345864661655,0.4,70.76399612426758,0.5320152609529125,16,0.0,0.5625,0.0,0.0,0.0,0.3125,0.0,0.0,0.5625,0.125,0.0,False,0.41216216216216217,0.40540540540540543,12.800673281991902,0.003703703703703704,0.01703940362087327,1.154134218414022,0.9661,False,True,0.8825079170827017,-1.0,0.3358930059893916,0.4006662897057942,0.07002881844380404,False,black|brown/wood|metallic,2.0,0.6925675675675675,0.581081081081081,0.8581081081081081,0.6700680272108843,0.32432432432432434,63.64899338113623,62.41554054054054,56% of its competitor products substitute or undercut a Staples product,0.543859649122807,0.6491228070175439,Weak,,,,False,0.0,0.0,
Furniture > Desks > Office Desks > Computer :: price_band=$600+ · style_family=modern · colour_tone=warm-neutral,Furniture > Desks > Office Desks > Computer,Furniture > Desks,3,"{""price_band"": ""$600+"", ""style_family"": ""modern"", ""colour_tone"": ""warm-neutral""}","Modern — warm neutral, $600+",3,10,0.34527400749729203,68.25187969924812,0.4,80.69495010375977,2.0944392847144226,10,0.4,0.4,0.0,0.1,0.3,0.2,0.0,0.4,0.0,0.0,0.0,False,0.11486486486486487,0.40540540540540543,6.907273100601224,0.011111111111111112,0.010649627263045794,-0.14514876571623891,0.44785,False,False,0.6313325221621088,1.0,0.0,0.0,0.12910662824207486,True,beige/cream,2.0,0.3310810810810811,0.527027027027027,0.10135135135135136,0.1598639455782313,0.4864864864864865,27.549986210700496,30.72635135135135,40% of its competitor products substitute or undercut a Staples product,0.07017543859649122,0.2631578947368421,Weak,,,,False,0.0,0.0,
Furniture > Desks > Office Desks > Computer :: price_band=under $200 · style_family=contemporary · colour_tone=light-neutral,Furniture > Desks > Office Desks > Computer,Furniture > Desks,3,"{""price_band"": ""under $200"", ""style_family"": ""contemporary"", ""colour_tone"": ""light-neutral""}","Contemporary — light neutral, under $200",1,14,0.8435613788924176,47.631578947368425,0.55,67.71090316772461,0.3811997167376419,14,0.0,0.2857142857142857,0.0,0.0,0.0,0.42857142857142855,0.0,0.0,0.2857142857142857,0.2857142857142857,0.0,False,0.9324324324324325,0.793918918918919,24.571003702368536,0.003703703703703704,0.014909478168264111,1.0249224869340157,0.94305,False,True,1.3411455863044084,-1.0,0.5423628421351727,0.19296122983371172,0.14553314121037464,False,beige/cream|black|clear,1.0,0.6216216216216216,0.7567567567567568,0.9797297297297297,0.46938775510204084,0.5337837837837838,66.6354109211252,70.94594594594594,only 0% safe to add; largest group is REVIEW (43%),0.9824561403508771,0.7192982456140351,Strong,,,,False,0.0,0.0,
Furniture > Desks > Office Desks > Computer :: price_band=$300–$600 · style_family=modern,Furniture > Desks > Office Desks > Computer,Furniture > Desks,2,"{""price_band"": ""$300\u2013$600"", ""style_family"": ""modern""}",Modern — $300–$600,1,16,0.850127145581691,43.84085213032582,0.5,69.51383209228516,0.7964556737980929,16,0.1875,0.25,0.0,0.1875,0.0,0.25,0.0,0.0,0.25,0.3125,0.0,False,0.9391891891891891,0.6418918918918919,21.78635042992096,0.003703703703703704,0.01703940362087327,1.154134218414022,0.9641,False,True,0.5773949425720282,-1.0,0.4285473439709936,0.4006662897057942,0.07752161383285305,False,,1.0,0.6925675675675675,0.5,0.8986486486486487,0.6700680272108843,0.3581081081081081,63.142236624379485,61.875,only 19% safe to add; largest group is OFF-BRAND (31%),0.9649122807017544,0.631578947368421,Vector-led,,,,False,0.0,0.0,
Furniture > Desks > Office Desks > Computer :: price_band=under $200 · style_family=modern,Furniture > Desks > Office Desks > Computer,Furniture > Desks,2,"{""price_band"": ""under $200"", ""style_family"": ""modern""}",Modern — under $200,1,13,0.8158300496830564,52.142857142857146,0.3333333333333333,67.44945526123047,0.2648357116486621,13,0.0,0.46153846153846156,0.0,0.0,0.0,0.38461538461538464,0.0,0.0,0.46153846153846156,0.15384615384615385,0.0,False,0.8986486486486487,0.28040540540540543,20.536848755140557,0.003703703703703704,0.013844515441959531,0.9534635229518708,0.92715,False,False,1.4168972413023895,-1.0,0.2784997520606808,0.375662688646039,0.19827089337175796,False,red/pink,1.0,0.5945945945945946,0.7905405405405406,0.7837837837837838,0.6190476190476191,0.668918918918919,67.69787644787645,69.62837837837839,46% of its competitor products substitute or undercut a Staples product,0.9473684210526315,0.7719298245614035,Strong,,,,False,0.0,0.0,
Furniture > Desks > Office Desks > Computer :: price_band=$200–$300 · style_family=farmhouse/rustic · colour_tone=warm-neutral,Furniture > Desks > Office Desks > Computer,Furniture > Desks,3,"{""price_band"": ""$200\u2013$300"", ""style_family"": ""farmhouse/rustic"", ""colour_tone"": ""warm-neutral""}","Farmhouse/rustic — warm neutral, $200–$300",2,19,0.8635861745909593,55.112781954887225,0.4,75.45745849609375,0.553087457687117,19,0.0,0.5263157894736842,0.0,0.0,0.0,0.42105263157894735,0.0,0.0,0.5263157894736842,0.05263157894736842,0.0,False,0.9527027027027027,0.40540540540540543,17.06702849247232,0.007407407407407408,0.02023429179978701,0.8103626793111973,0.9298,False,False,0.8743143854869054,-1.0,0.1434242679176279,0.5652044651681406,0.4443804034582133,False,,2.0,0.581081081081081,0.5743243243243243,0.6148648648648649,0.8503401360544217,0.9594594594594594,68.1942912300055,66.18243243243244,53% of its competitor products substitute or undercut a Staples product,0.8596491228070176,0.7894736842105263,Strong,,,,False,0.0,0.0,
Furniture > Desks > Office Desks > Computer :: price_band=under $200 · style_family=minimalist,Furniture > Desks > Office Desks > Computer,Furniture > Desks,2,"{""price_band"": ""under $200"", ""style_family"": ""minimalist""}",Minimalist — under $200,2,12,0.6925772827245535,53.590225563909776,0.5,73.51224899291992,0.36677359161348944,12,0.0,0.5,0.0,0.0,0.0,0.4166666666666667,0.0,0.0,0.5,0.08333333333333333,0.0,False,0.7094594594594594,0.6418918918918919,16.9654152852252,0.007407407407407408,0.012779552715654952,0.36567685804975164,0.7543,False,False,1.2996197619036278,-1.0,0.05608582445572972,0.5685130743434341,0.06397694524495678,False,brown/wood|clear|grey|white,1.0,0.44932432432432434,0.722972972972973,0.30405405405405406,0.8571428571428571,0.3108108108108108,44.40275096525097,38.2347972972973,50% of its competitor products substitute or undercut a Staples product,0.8421052631578947,0.45614035087719296,Vector-led,,,,False,0.0,0.0,
Furniture > Desks > Office Desks > Computer :: price_band=$300–$600 · style_family=farmhouse/rustic,Furniture > Desks > Office Desks > Computer,Furniture > Desks,2,"{""price_band"": ""$300\u2013$600"", ""style_family"": ""farmhouse/rustic""}",Farmhouse/rustic — $300–$600,4,10,0.6646637087051751,43.051378446115294,0.5,73.05152130126953,0.7200425604148495,10,0.3,0.2,0.0,0.3,0.0,0.3,0.0,0.0,0.2,0.2,0.0,False,0.6283783783783784,0.6418918918918919,15.42523856391512,0.014814814814814815,0.010649627263045794,-0.39646319399714497,0.2725,False,False,0.11454855627283685,-1.0,0.09921058778669725,0.0,0.1132564841498559,True,,2.0,0.26013513513513514,0.14864864864864866,0.43243243243243246,0.1598639455782313,0.4391891891891892,22.997621345835633,25.701013513513516,only 30% safe to add; largest group is REVIEW (30%),0.7719298245614035,0.21052631578947367,Vector-led,,,,False,0.0,0.0,
Furniture > Desks > Office Desks > Computer :: price_band=$200–$300 · style_family=contemporary,Furniture > Desks > Office Desks > Computer,Furniture > Desks,2,"{""price_band"": ""$200\u2013$300"", ""style_family"": ""contemporary""}",Contemporary — $200–$300,4,11,0.9276426053285558,55.112781954887225,0.6666666666666666,87.15554809570312,0.619460607535565,11,0.0,0.5454545454545454,0.0,0.0,0.0,0.45454545454545453,0.0,0.0,0.5454545454545454,0.0,0.0,False,0.9932432432432432,0.918918918918919,10.815382176092836,0.014814814814814815,0.011714589989350373,-0.3054914157914184,0.3222,False,False,0.08079753703686365,1.0,0.018390278559000085,0.0,0.025936599423631135,True,red/pink,1.0,0.2905405405405405,0.08783783783783784,0.22972972972972974,0.1598639455782313,0.22972972972972974,16.13106729178158,16.469594594594593,55% of its competitor products substitute or undercut a Staples product,0.45614035087719296,0.08771929824561403,Weak,,,,False,0.0,0.0,
Furniture > Desks > Office Desks > Computer :: price_band=$200–$300 · style_family=modern · colour_tone=light-neutral,Furniture > Desks > Office Desks > Computer,Furniture > Desks,3,"{""price_band"": ""$200\u2013$300"", ""style_family"": ""modern"", ""colour_tone"": ""light-neutral""}","Modern — light neutral, $200–$300",1,15,0.6649844136663872,48.195488721804516,0.6,73.92078399658203,0.4999889378083586,15,0.13333333333333333,0.4,0.0,0.13333333333333333,0.0,0.26666666666666666,0.0,0.0,0.4,0.2,0.0,False,0.6418918918918919,0.8648648648648649,16.942467873214202,0.003703703703703704,0.01597444089456869,1.0916138614326878,0.95525,False,True,0.9167103150091996,-1.0,0.5505809742362804,0.39287951940485194,0.10259365994236314,False,beige/cream|white,1.0,0.6587837837837838,0.6148648648648649,0.9864864864864865,0.6496598639455783,0.42567567567567566,66.28206012134584,66.6722972972973,40% of its competitor products substitute or undercut a Staples product,0.8245614035087719,0.6842105263157895,Strong,,,,False,0.0,0.0,
Furniture > Desks > Office Desks > Computer :: price_band=$200–$300 · style_family=gaming,Furniture > Desks > Office Desks > Computer,Furniture > Desks,2,"{""price_band"": ""$200\u2013$300"", ""style_family"": ""gaming""}",Gaming — $200–$300,2,8,0.38057534471808674,26.050483351235236,0.5,72.2933349609375,0.5641607115201663,8,0.0,0.375,0.0,0.0,0.0,0.0,0.0,0.0,0.375,0.625,0.0,False,0.17567567567567569,0.6418918918918919,8.801811154595354,0.007407407407407408,0.008519701810436636,-0.01998562276223301,0.5389,False,False,0.9446446366008521,-1.0,0.06634752507050795,0.39819717951609634,-0.14063400576368873,False,brown/wood,2.0,0.34459459459459457,0.6418918918918919,0.3310810810810811,0.6598639455782312,0.033783783783783786,34.23917539988968,29.374999999999996,38% of its competitor products substitute or undercut a Staples product,0.21052631578947367,0.3508771929824561,Weak,,,,False,0.0,0.0,
Furniture > Desks > Office Desks > Computer :: price_band=$200–$300 · style_family=modern · colour_tone=warm-neutral,Furniture > Desks > Office Desks > Computer,Furniture > Desks,3,"{""price_band"": ""$200\u2013$300"", ""style_family"": ""modern"", ""colour_tone"": ""warm-neutral""}","Modern — warm neutral, $200–$300",3,15,0.5128938940557786,46.65413533834586,0.25,80.34693908691406,0.486714307838669,15,0.0,0.6,0.0,0.0,0.0,0.06666666666666667,0.0,0.0,0.6,0.3333333333333333,0.0,False,0.32432432432432434,0.15878378378378377,6.399121100327465,0.011111111111111112,0.01597444089456869,0.24431600104548415,0.711,False,False,0.1282501094251624,-1.0,0.0,0.0,-0.0014409221902017544,True,black,1.0,0.40878378378378377,0.17567567567567569,0.10135135135135136,0.1598639455782313,0.18243243243243243,17.321945670159955,17.221283783783786,60% of its competitor products substitute or undercut a Staples product,0.0,0.12280701754385964,Weak,,,,False,0.0,0.0,
Furniture > Desks > Office Desks > Computer :: price_band=$600+ · style_family=mid-century,Furniture > Desks > Office Desks > Computer,Furniture > Desks,2,"{""price_band"": ""$600+"", ""style_family"": ""mid-century""}",Mid-century — $600+,1,11,0.5620537436529635,54.62406015037593,0.6,73.61122131347656,3.1370010195278804,11,0.5454545454545454,0.0,0.0,0.09090909090909091,0.45454545454545453,0.36363636363636365,0.0,0.0,0.0,0.09090909090909091,0.0,True,0.4189189189189189,0.8648648648648649,15.004709968497128,0.003703703703703704,0.011714589989350373,0.7931208728766915,0.887,False,False,0.9592816809787136,1.0,0.11482876956599111,0.5542351919030735,0.4043227665706052,False,beige/cream|black|clear,1.0,0.5709459459459459,0.6554054054054054,0.5202702702702703,0.7959183673469388,0.918918918918919,56.62627551020408,55.160472972972975,,0.7543859649122807,0.5964912280701754,Vector-led,87.5,2.0,0.032266458495966696,True,1.0,1.0,0.22222222222222227
Furniture > Desks > Office Desks > Computer :: price_band=$600+ · style_family=scandinavian,Furniture > Desks > Office Desks > Computer,Furniture > Desks,2,"{""price_band"": ""$600+"", ""style_family"": ""scandinavian""}",Scandinavian — $600+,1,11,0.5408665827265107,75.08145363408521,0.5,80.72035217285156,2.1410007058269938,11,0.7272727272727273,0.0,0.0,0.09090909090909091,0.6363636363636364,0.18181818181818182,0.0,0.0,0.0,0.09090909090909091,0.0,True,0.36486486486486486,0.6418918918918919,10.602004102533655,0.003703703703703704,0.011714589989350373,0.7931208728766915,0.8893,False,False,1.2719022939323732,1.0,0.057064018391657464,0.5630516736857222,0.32968299711815563,False,beige/cream|grey,1.0,0.5709459459459459,0.7094594594594594,0.3108108108108108,0.8299319727891157,0.8648648648648649,54.26485797021512,51.24155405405405,,0.42105263157894735,0.543859649122807,Weak,62.5,3.0,0.03125,False,0.989,0.73,
Furniture > Desks > Office Desks > Computer :: price_band=under $200 · style_family=modern · colour_tone=dark-neutral,Furniture > Desks > Office Desks > Computer,Furniture > Desks,3,"{""price_band"": ""under $200"", ""style_family"": ""modern"", ""colour_tone"": ""dark-neutral""}","Modern — dark neutral, under $200",1,15,0.7471883316791192,45.07518796992481,0.5,71.05531311035156,0.3318436248589571,15,0.0,0.5333333333333333,0.0,0.0,0.0,0.26666666666666666,0.0,0.0,0.5333333333333333,0.2,0.0,False,0.8040540540540541,0.6418918918918919,19.031793340424464,0.003703703703703704,0.01597444089456869,1.0916138614326878,0.9526,False,True,1.542772554988548,-1.0,0.5185845688371118,0.39287951940485194,-0.12334293948126798,False,,1.0,0.6587837837837838,0.918918918918919,0.9594594594594594,0.6496598639455783,0.060810810810810814,66.48476282404854,66.4358108108108,53% of its competitor products substitute or undercut a Staples product,0.9122807017543859,0.7017543859649122,Strong,,,,False,0.0,0.0,
Furniture > Desks > Office Desks > Computer :: price_band=$300–$600 · style_family=industrial,Furniture > Desks > Office Desks > Computer,Furniture > Desks,2,"{""price_band"": ""$300\u2013$600"", ""style_family"": ""industrial""}",Industrial — $300–$600,2,14,0.44660198092367737,42.94172932330827,0.45,79.77561569213867,1.008299465473764,14,0.14285714285714285,0.42857142857142855,0.0,0.14285714285714285,0.0,0.21428571428571427,0.0,0.21428571428571427,0.21428571428571427,0.21428571428571427,0.0,False,0.23648648648648649,0.4864864864864865,7.217389639700559,0.007407407407407408,0.014909478168264111,0.5140968631680249,0.8249,False,False,0.4906744738266117,-1.0,0.08068977118047704,0.5591586098481556,-0.06700288184438041,False,blue|grey|metallic|white,1.0,0.5,0.4594594594594595,0.36486486486486486,0.8163265306122449,0.10810810810810811,37.27868174296746,29.695945945945944,43% of its competitor products substitute or undercut a Staples product,0.12280701754385964,0.42105263157894735,Weak,,,,False,0.0,0.0,
Furniture > Desks > Office Desks > Computer :: price_band=$300–$600 · style_family=farmhouse/rustic · colour_tone=warm-neutral,Furniture > Desks > Office Desks > Computer,Furniture > Desks,3,"{""price_band"": ""$300\u2013$600"", ""style_family"": ""farmhouse/rustic"", ""colour_tone"": ""warm-neutral""}","Farmhouse/rustic — warm neutral, $300–$600",2,23,0.7784752022716054,42.59398496240602,0.3333333333333333,75.13756561279297,0.8222182715171449,23,0.08695652173913043,0.4782608695652174,0.0,0.08695652173913043,0.0,0.17391304347826086,0.0,0.13043478260869565,0.34782608695652173,0.2608695652173913,0.0,False,0.8581081081081081,0.28040540540540543,14.520456158415717,0.007407407407407408,0.024494142705005325,0.9969486348916096,0.9692,False,False,0.6183812475001301,-1.0,0.15455962157057335,0.5918736450171931,0.539193083573487,False,,1.0,0.6081081081081081,0.5202702702702703,0.6283783783783784,0.8979591836734694,1.0,69.58425261996692,66.8581081081081,48% of its competitor products substitute or undercut a Staples product,0.7368421052631579,0.8596491228070176,Strong,,,,False,0.0,0.0,
Furniture > Desks > Office Desks > Computer :: price_band=under $200 · style_family=contemporary,Furniture > Desks > Office Desks > Computer,Furniture > Desks,2,"{""price_band"": ""under $200"", ""style_family"": ""contemporary""}",Contemporary — under $200,1,10,0.7204068658614113,59.060150375939855,0.125,67.44945526123047,0.37499723445208966,10,0.0,0.4,0.0,0.0,0.0,0.4,0.0,0.0,0.4,0.2,0.0,False,0.7567567567567568,0.0777027027027027,17.484416626662988,0.003703703703703704,0.010649627263045794,0.7021490946709648,0.8544,False,False,1.3441345724623788,-1.0,0.2560107937605069,0.16692852989709867,0.26051873198847264,False,,1.0,0.5405405405405406,0.7635135135135135,0.7635135135135135,0.4387755102040816,0.8243243243243243,55.12892995035852,60.304054054054056,40% of its competitor products substitute or undercut a Staples product,0.8947368421052632,0.5789473684210527,Vector-led,,,,False,0.0,0.0,
Furniture > Desks > Office Desks > Computer :: price_band=$300–$600 · style_family=contemporary · colour_tone=light-neutral,Furniture > Desks > Office Desks > Computer,Furniture > Desks,3,"{""price_band"": ""$300\u2013$600"", ""style_family"": ""contemporary"", ""colour_tone"": ""light-neutral""}","Contemporary — light neutral, $300–$600",1,9,0.5969702084098613,59.060150375939855,0.75,79.07379913330078,0.859535839325772,9,0.5555555555555556,0.2222222222222222,0.0,0.5555555555555556,0.0,0.2222222222222222,0.0,0.0,0.2222222222222222,0.0,0.0,True,0.4864864864864865,0.9662162162162162,13.343663636071728,0.003703703703703704,0.009584664536741214,0.6020656361139822,0.82105,False,False,0.5536226195200251,-1.0,0.48762597034592925,0.15970558985518457,0.26628242074927955,False,beige/cream,2.0,0.5067567567567568,0.49324324324324326,0.9358108108108109,0.42517006802721086,0.831081081081081,51.61403750689465,56.53716216216217,,0.6140350877192983,0.5263157894736842,Weak,62.5,4.0,0.03125763125763126,False,0.988,1.0,
Furniture > Desks > Office Desks > Computer :: price_band=$200–$300 · style_family=industrial,Furniture > Desks > Office Desks > Computer,Furniture > Desks,2,"{""price_band"": ""$200\u2013$300"", ""style_family"": ""industrial""}",Industrial — $200–$300,1,15,0.36115564222889646,55.112781954887225,0.5,79.64005279541016,0.4958053515763928,15,0.13333333333333333,0.5333333333333333,0.0,0.13333333333333333,0.0,0.26666666666666666,0.0,0.0,0.5333333333333333,0.06666666666666667,0.0,False,0.14864864864864866,0.6418918918918919,7.995416637526081,0.003703703703703704,0.01597444089456869,1.0916138614326878,0.9531,False,True,0.9128238602361111,-1.0,0.17678083830736385,0.5698117500749718,-0.01066282420749276,False,beige/cream|black|brown/wood|grey|white,1.0,0.6587837837837838,0.6081081081081081,0.6554054054054054,0.8639455782312925,0.16891891891891891,60.54364313292885,54.746621621621614,53% of its competitor products substitute or undercut a Staples product,0.15789473684210525,0.6140350877192983,Weak,,,,False,0.0,0.0,
Furniture > Desks > Office Desks > Computer :: price_band=$300–$600 · style_family=modern · colour_tone=warm-neutral,Furniture > Desks > Office Desks > Computer,Furniture > Desks,3,"{""price_band"": ""$300\u2013$600"", ""style_family"": ""modern"", ""colour_tone"": ""warm-neutral""}","Modern — warm neutral, $300–$600",2,13,0.685283536063046,42.4812030075188,0.2,69.32868957519531,0.8721147193861507,13,0.0,0.46153846153846156,0.0,0.0,0.0,0.46153846153846156,0.0,0.23076923076923078,0.23076923076923078,0.07692307692307693,0.0,False,0.6824324324324325,0.09121621621621621,14.027286355414544,0.007407407407407408,0.013844515441959531,0.44263789918588,0.7916,False,False,0.5296742957440012,-1.0,0.12217346019374493,0.375662688646039,0.3700288184438041,False,,1.0,0.49324324324324326,0.47297297297297297,0.5472972972972973,0.6190476190476191,0.8986486486486487,49.066119691119695,49.375,46% of its competitor products substitute or undercut a Staples product,0.6842105263157895,0.5087719298245614,Vector-led,,,,False,0.0,0.0,
Furniture > Desks > Office Desks > Computer :: price_band=under $200,Furniture > Desks > Office Desks > Computer,Furniture > Desks,1,"{""price_band"": ""under $200""}",Any style — under $200,2,66,0.6648266919982089,43.505639097744364,0.3666666666666667,71.43151092529297,0.30679213065235056,66,0.0,0.48484848484848486,0.0,0.0,0.0,0.24242424242424243,0.0,0.0,0.48484848484848486,0.2727272727272727,0.0,False,0.6351351351351351,0.3344594594594595,14.28260450521297,0.007407407407407408,0.07028753993610223,2.037150161403305,1.0,False,True,1.4400532529339232,-1.0,0.18995650090343447,0.5487721310552227,0.07708933717579253,False,beige/cream|black|clear|red/pink|yellow/orange,1.5,0.8378378378378378,0.8243243243243243,0.668918918918919,0.782312925170068,0.34459459459459457,72.74820739106453,70.20270270270271,48% of its competitor products substitute or undercut a Staples product,0.7192982456140351,0.8947368421052632,Strong,,,,False,0.0,0.0,
Furniture > Desks > Office Desks > Computer :: price_band=under $200 · style_family=modern · colour_tone=warm-neutral,Furniture > Desks > Office Desks > Computer,Furniture > Desks,3,"{""price_band"": ""under $200"", ""style_family"": ""modern"", ""colour_tone"": ""warm-neutral""}","Modern — warm neutral, under $200",1,10,0.7277661527935675,52.35588972431078,0.25,69.06960678100586,0.34856286424223004,10,0.0,0.5,0.0,0.0,0.0,0.3,0.0,0.0,0.5,0.2,0.0,False,0.7702702702702703,0.15878378378378377,16.807119041779885,0.003703703703703704,0.010649627263045794,0.7021490946709648,0.85675,False,False,1.3890131879763539,-1.0,0.10912951235480804,0.34473118386422497,0.38414985590778095,False,,1.0,0.5405405405405406,0.7702702702702703,0.48986486486486486,0.5918367346938775,0.9054054054054054,54.671469939327075,56.62162162162162,50% of its competitor products substitute or undercut a Staples product,0.8070175438596491,0.5614035087719298,Vector-led,,,,False,0.0,0.0,
Furniture > Desks > Office Desks > Computer :: price_band=$200–$300 · style_family=mid-century,Furniture > Desks > Office Desks > Computer,Furniture > Desks,2,"{""price_band"": ""$200\u2013$300"", ""style_family"": ""mid-century""}",Mid-century — $200–$300,1,18,0.4868415572810077,53.1484962406015,0.45,72.451416015625,0.5055490787536896,18,0.0,0.5555555555555556,0.0,0.0,0.0,0.3333333333333333,0.0,0.0,0.5555555555555556,0.1111111111111111,0.0,False,0.2905405405405405,0.4864864864864865,11.344792111417526,0.003703703703703704,0.019169329073482427,1.268544569591766,0.97675,False,True,0.9089313770301727,-1.0,0.05043885562864225,0.6340998208203434,0.4181556195965418,False,beige/cream|black|metallic|white,1.0,0.7162162162162162,0.5945945945945946,0.2905405405405405,0.9183673469387755,0.9391891891891891,69.18091560948703,64.52702702702703,56% of its competitor products substitute or undercut a Staples product,0.47368421052631576,0.8421052631578947,Gap-led,,,,False,0.0,0.0,
Furniture > Desks > Office Desks > Computer :: price_band=under $200 · style_family=contemporary · colour_tone=dark-neutral,Furniture > Desks > Office Desks > Computer,Furniture > Desks,3,"{""price_band"": ""under $200"", ""style_family"": ""contemporary"", ""colour_tone"": ""dark-neutral""}","Contemporary — dark neutral, under $200",1,10,0.7602034329307057,46.381578947368425,0.6666666666666666,74.44933319091797,0.32520630987411225,10,0.0,0.7,0.0,0.0,0.0,0.2,0.0,0.0,0.7,0.1,0.0,False,0.8378378378378378,0.918918918918919,19.058280535341158,0.003703703703703704,0.010649627263045794,0.7021490946709648,0.85795,False,False,1.4270899166815585,-1.0,0.4711954704857093,0.16692852989709867,-0.13544668587896252,False,white,1.0,0.5405405405405406,0.7972972972972973,0.9256756756756757,0.4387755102040816,0.04054054054054054,46.48028130170987,48.71621621621621,70% of its competitor products substitute or undercut a Staples product,0.9298245614035088,0.47368421052631576,Vector-led,,,,False,0.0,0.0,
Furniture > Desks > Office Desks > Computer :: price_band=under $200 · style_family=gaming,Furniture > Desks > Office Desks > Computer,Furniture > Desks,2,"{""price_band"": ""under $200"", ""style_family"": ""gaming""}",Gaming — under $200,0,23,0.4345507582647856,34.04135338345864,0.5,77.55534362792969,0.40706652802053145,23,0.0,0.4782608695652174,0.0,0.0,0.0,0.043478260869565216,0.0,0.0,0.4782608695652174,0.4782608695652174,0.0,False,0.22297297297297297,0.6418918918918919,8.145948464165516,0.0,0.024494142705005325,2.60638654732571,0.99945,True,True,1.4122961315707117,-1.0,0.3277966303297585,0.5407741628596765,-0.1265129682997118,False,grey|red/pink,,0.9594594594594594,0.7837837837837838,0.8445945945945946,0.7619047619047619,0.05405405405405406,74.16505791505791,71.14864864864865,48% of its competitor products substitute or undercut a Staples product,0.17543859649122806,0.9649122807017544,Gap-led,,,,False,0.0,0.0,
Furniture > Desks > Office Desks > Computer :: price_band=under $200 · style_family=modern · colour_tone=light-neutral,Furniture > Desks > Office Desks > Computer,Furniture > Desks,3,"{""price_band"": ""under $200"", ""style_family"": ""modern"", ""colour_tone"": ""light-neutral""}","Modern — light neutral, under $200",0,13,0.48826908312958156,55.112781954887225,0.5,77.8809814453125,0.32520630987411225,13,0.07692307692307693,0.6923076923076923,0.0,0.07692307692307693,0.0,0.15384615384615385,0.0,0.0,0.6923076923076923,0.07692307692307693,0.0,False,0.2972972972972973,0.6418918918918919,10.16579260252666,0.0,0.013844515441959531,2.0520758116199804,0.99005,True,True,1.3018904054137075,-1.0,0.5334105501618742,0.375662688646039,0.08904899135446687,False,beige/cream|white,,0.847972972972973,0.7297297297297297,0.972972972972973,0.6190476190476191,0.36486486486486486,73.6269305019305,74.67905405405406,69% of its competitor products substitute or undercut a Staples product,0.3508771929824561,0.9298245614035088,Gap-led,,,,False,0.0,0.0,
Furniture > Desks > Office Desks > Computer :: price_band=$300–$600 · style_family=modern · colour_tone=light-neutral,Furniture > Desks > Office Desks > Computer,Furniture > Desks,3,"{""price_band"": ""$300\u2013$600"", ""style_family"": ""modern"", ""colour_tone"": ""light-neutral""}","Modern — light neutral, $300–$600",0,12,0.5173187479322324,55.112781954887225,0.55,79.5307502746582,0.847845286138418,12,0.25,0.4166666666666667,0.0,0.25,0.0,0.25,0.0,0.16666666666666666,0.25,0.08333333333333333,0.0,False,0.3310810810810811,0.793918918918919,10.49672464152803,0.0,0.012779552715654952,1.975114770483852,0.9882,True,True,0.5368062783051439,-1.0,0.5236130214548275,0.3661086898400657,0.11224783861671472,False,beige/cream|blue|white,,0.831081081081081,0.4797297297297297,0.9662162162162162,0.6054421768707483,0.43243243243243246,68.74379481522338,69.05405405405405,42% of its competitor products substitute or undercut a Staples product,0.38596491228070173,0.8070175438596491,Gap-led,,,,False,0.0,0.0,
Furniture > Desks > Office Desks > Computer :: price_band=$600+ · style_family=minimalist,Furniture > Desks > Office Desks > Computer,Furniture > Desks,2,"{""price_band"": ""$600+"", ""style_family"": ""minimalist""}",Minimalist — $600+,0,30,0.44985527165525824,62.80075187969925,0.5166666666666667,79.03739547729492,2.4045494062881727,30,0.7,0.1,0.0,0.16666666666666666,0.5333333333333333,0.16666666666666666,0.0,0.1,0.0,0.03333333333333333,0.0,True,0.25,0.7668918918918919,10.326707845302014,0.0,0.03194888178913738,2.8671128097889627,0.99995,True,True,1.0552266591436155,1.0,0.07628932580343939,0.7103911450529214,0.07737752161383288,False,beige/cream|black|brown/wood|clear|grey|white,,0.9864864864864865,0.6756756756756757,0.35135135135135137,1.0,0.35135135135135137,73.58108108108108,65.47297297297297,,0.3684210526315789,0.9122807017543859,Gap-led,62.5,5.0,0.03128054740957967,True,0.999,0.341,0.0929705215419501
Furniture > Desks > Office Desks > Computer :: price_band=$600+ · style_family=farmhouse/rustic · colour_tone=warm-neutral,Furniture > Desks > Office Desks > Computer,Furniture > Desks,3,"{""price_band"": ""$600+"", ""style_family"": ""farmhouse/rustic"", ""colour_tone"": ""warm-neutral""}","Farmhouse/rustic — warm neutral, $600+",0,10,0.6448915815132545,70.93045112781955,0.5,78.2543716430664,2.7198401498796434,10,0.7,0.0,0.0,0.0,0.7,0.3,0.0,0.0,0.0,0.0,0.0,True,0.6013513513513513,0.6418918918918919,14.001410669139958,0.0,0.010649627263045794,1.8007613833390745,0.9776,True,True,1.0186453579981405,1.0,0.10912951235480804,0.47153358360958764,0.46152737752161377,False,brown/wood|white,,0.8006756756756757,0.6621621621621622,0.48986486486486486,0.7210884353741497,0.972972972972973,74.0257859900717,73.83445945945945,,0.6666666666666666,0.9473684210526315,Strong,93.75,1.0,0.03252247488101534,True,1.0,1.0,0.22448979591836732
Furniture > Desks > Office Desks > Computer :: price_band=under $200 · style_family=mid-century,Furniture > Desks > Office Desks > Computer,Furniture > Desks,2,"{""price_band"": ""under $200"", ""style_family"": ""mid-century""}",Mid-century — under $200,0,13,0.5522180664315324,47.18045112781955,0.3333333333333333,77.23076629638672,0.3318436248589571,13,0.0,0.6923076923076923,0.0,0.0,0.0,0.23076923076923078,0.0,0.0,0.6923076923076923,0.07692307692307693,0.0,False,0.3783783783783784,0.28040540540540543,8.69586578233289,0.0,0.013844515441959531,2.0520758116199804,0.9902,True,True,1.3102260907723522,-1.0,0.028566614727147072,0.5816276539783338,0.36397694524495683,False,beige/cream|black|brown/wood|grey|white,,0.847972972972973,0.7364864864864865,0.2635135135135135,0.891156462585034,0.8918918918918919,75.10721180364038,71.19932432432432,69% of its competitor products substitute or undercut a Staples product,0.19298245614035087,0.9824561403508771,Gap-led,,,,False,0.0,0.0,
Furniture > Desks > Office Desks > Computer :: price_band=under $200 · style_family=farmhouse/rustic · colour_tone=warm-neutral,Furniture > Desks > Office Desks > Computer,Furniture > Desks,3,"{""price_band"": ""under $200"", ""style_family"": ""farmhouse/rustic"", ""colour_tone"": ""warm-neutral""}","Farmhouse/rustic — warm neutral, under $200",0,18,0.6705464751527158,56.528822055137844,0.25,79.99349594116211,0.3325815345070218,18,0.0,0.7777777777777778,0.0,0.0,0.0,0.1111111111111111,0.0,0.0,0.7777777777777778,0.1111111111111111,0.0,False,0.6621621621621622,0.15878378378378377,10.148406920557075,0.0,0.019169329073482427,2.3671568582598757,0.9974,True,True,1.2782761848194522,-1.0,0.14029837018544,0.5574914235194578,0.47579250720461097,False,beige/cream|black|brown/wood|white,,0.918918918918919,0.7162162162162162,0.6013513513513513,0.8027210884353742,0.9797297297297297,82.24351902923331,81.68918918918918,78% of its competitor products substitute or undercut a Staples product,0.3333333333333333,1.0,Gap-led,,,,False,0.0,0.0,
Furniture > Desks > Office Desks > Computer :: price_band=under $200 · style_family=gaming · colour_tone=light-neutral,Furniture > Desks > Office Desks > Computer,Furniture > Desks,3,"{""price_band"": ""under $200"", ""style_family"": ""gaming"", ""colour_tone"": ""light-neutral""}","Gaming — light neutral, under $200",0,10,0.5252427732931484,29.161654135338345,0.55,67.91936492919922,0.4326392666272638,10,0.0,0.3,0.0,0.0,0.0,0.0,0.0,0.0,0.3,0.7,0.0,False,0.34459459459459457,0.793918918918919,14.148594977992598,0.0,0.010649627263045794,1.8007613833390745,0.9775,True,True,1.3148036710056745,-1.0,0.5009085970885487,0.42788261844082487,-0.10014409221902015,False,beige/cream|white,,0.8006756756756757,0.7432432432432432,0.9493243243243243,0.6972789115646258,0.08108108108108109,68.80377826806398,67.21283783783785,30% of its competitor products substitute or undercut a Staples product,0.7017543859649122,0.8245614035087719,Strong,,,,False,0.0,0.0,
Furniture > Desks > Office Desks > Computer :: price_band=under $200 · style_family=industrial,Furniture > Desks > Office Desks > Computer,Furniture > Desks,2,"{""price_band"": ""under $200"", ""style_family"": ""industrial""}",Industrial — under $200,0,20,0.56369526056815,49.21052631578948,0.4,75.76877212524414,0.3128103325496531,20,0.0,0.7,0.0,0.0,0.0,0.0,0.0,0.0,0.7,0.3,0.0,False,0.43243243243243246,0.40540540540540543,10.74842808581009,0.0,0.021299254526091587,2.4698110123199593,0.9987,True,True,1.4861461902881903,-1.0,0.10529565217286582,0.6133007465608186,-0.1737752161383285,False,black|brown/wood|grey,,0.9324324324324325,0.8445945945945946,0.46621621621621623,0.9047619047619048,0.013513513513513514,70.29440154440154,63.3445945945946,70% of its competitor products substitute or undercut a Staples product,0.43859649122807015,0.8771929824561403,Gap-led,,,,False,0.0,0.0,
Furniture > Desks > Office Desks > Computer :: price_band=$200–$300 · style_family=minimalist,Furniture > Desks > Office Desks > Computer,Furniture > Desks,2,"{""price_band"": ""$200\u2013$300"", ""style_family"": ""minimalist""}",Minimalist — $200–$300,0,10,0.6576800534302866,44.097744360902254,0.5,69.25510025024414,0.547556361866413,10,0.0,0.4,0.0,0.0,0.0,0.6,0.0,0.0,0.4,0.0,0.0,False,0.6081081081081081,0.6418918918918919,17.41436792465711,0.0,0.010649627263045794,1.8007613833390745,0.9797,True,True,0.9209399863177969,-1.0,0.1184413752276187,0.5386178221552866,0.04221902017291068,False,beige/cream|black|brown/wood|clear|white,,0.8006756756756757,0.6216216216216216,0.5337837837837838,0.7551020408163265,0.2702702702702703,63.8434225041368,59.64527027027027,40% of its competitor products substitute or undercut a Staples product,0.8771929824561403,0.6666666666666666,Strong,,,,False,0.0,0.0,
Furniture > Desks > Office Desks > Computer :: price_band=$200–$300 · style_family=gaming · colour_tone=light-neutral,Furniture > Desks > Office Desks > Computer,Furniture > Desks,3,"{""price_band"": ""$200\u2013$300"", ""style_family"": ""gaming"", ""colour_tone"": ""light-neutral""}","Gaming — light neutral, $200–$300",0,10,0.6831396833274582,39.60526315789473,0.45,87.15554809570312,0.4916035975596973,10,0.0,0.6,0.0,0.0,0.0,0.0,0.0,0.0,0.6,0.4,0.0,False,0.6756756756756757,0.4864864864864865,6.99369443641109,0.0,0.010649627263045794,1.8007613833390745,0.97575,True,True,0.9383979554609785,-1.0,0.5009085970885487,0.42788261844082487,-0.07622478386167145,False,clear|white,,0.8006756756756757,0.6351351351351351,0.9493243243243243,0.6972789115646258,0.08783783783783784,66.74296745725317,64.64527027027027,60% of its competitor products substitute or undercut a Staples product,0.10526315789473684,0.7368421052631579,Gap-led,,,,False,0.0,0.0,
Furniture > Desks > Office Desks > Executive :: price_band=$250–$400 · style_family=contemporary,Furniture > Desks > Office Desks > Executive,Furniture > Desks,2,"{""price_band"": ""$250\u2013$400"", ""style_family"": ""contemporary""}",Contemporary — $250–$400,2,12,0.5527801768316299,46.203007518796994,0.5,73.00067138671875,0.4361740797039191,12,0.0,0.6666666666666666,0.0,0.0,0.0,0.08333333333333333,0.0,0.0,0.6666666666666666,0.25,0.0,False,0.38513513513513514,0.6418918918918919,12.754288612928507,0.01818181818181818,0.04240282685512368,0.6699938755852285,0.8834,False,False,1.0667777142585015,-1.0,0.3780606919821058,0.17824638003194004,-0.0743515850144092,False,beige/cream|clear|white,1.0,0.5202702702702703,0.6824324324324325,0.8716216216216216,0.46258503401360546,0.10135135135135136,44.28674848317705,45.62500000000001,67% of its competitor products substitute or undercut a Staples product,0.47368421052631576,0.5789473684210527,Weak,,,,False,0.0,0.0,
"Furniture > Desks > Office Desks > Executive :: price_band=$400–$1,250 · style_family=contemporary",Furniture > Desks > Office Desks > Executive,Furniture > Desks,2,"{""price_band"": ""$400\u2013$1,250"", ""style_family"": ""contemporary""}","Contemporary — $400–$1,250",11,12,0.633016357505538,47.78195488721805,0.4666666666666667,73.72254180908203,0.8155188739052804,12,0.08333333333333333,0.4166666666666667,0.0,0.08333333333333333,0.0,0.25,0.0,0.08333333333333333,0.3333333333333333,0.25,0.0,False,0.581081081081081,0.5168918918918919,14.03361645122971,0.1,0.04240282685512368,-0.8560624279098209,0.0179,False,False,0.22041428898994073,-1.0,0.08017537657741274,0.0,0.03069164265129687,True,red/pink,1.4545454545454546,0.1554054054054054,0.2702702702702703,0.3581081081081081,0.1598639455782313,0.25,19.644580805295092,21.638513513513512,42% of its competitor products substitute or undercut a Staples product,0.5789473684210527,0.10526315789473684,Weak,,,,False,0.0,0.0,
Furniture > Desks > Office Desks > Executive :: price_band=under $250 · style_family=modern,Furniture > Desks > Office Desks > Executive,Furniture > Desks,2,"{""price_band"": ""under $250"", ""style_family"": ""modern""}",Modern — under $250,2,20,0.5654289835706244,46.06203007518798,0.4083333333333333,70.66426086425781,0.284814053058035,20,0.0,0.55,0.0,0.0,0.0,0.35,0.0,0.0,0.55,0.1,0.0,False,0.4391891891891892,0.4527027027027027,13.171655961559741,0.01818181818181818,0.0706713780918728,1.1646901174213355,0.9859,False,False,1.5518648898722,-1.0,0.13799756681238162,0.26996280157467734,0.11801152737752163,False,beige/cream|black|blue|brown/wood|clear|metallic|white,1.0,0.7094594594594594,0.9256756756756757,0.5945945945945946,0.5374149659863946,0.4594594594594595,67.21662989520131,69.05405405405405,55% of its competitor products substitute or undercut a Staples product,0.5263157894736842,0.7894736842105263,Gap-led,,,,False,0.0,0.0,
"Furniture > Desks > Office Desks > Executive :: price_band=$400–$1,250 · style_family=contemporary · colour_tone=warm-neutral",Furniture > Desks > Office Desks > Executive,Furniture > Desks,3,"{""price_band"": ""$400\u2013$1,250"", ""style_family"": ""contemporary"", ""colour_tone"": ""warm-neutral""}","Contemporary — warm neutral, $400–$1,250",9,8,0.5668423616397839,51.757518796992485,0.0,59.45029258728027,0.5841055872344694,8,0.0,0.25,0.0,0.0,0.0,0.75,0.0,0.125,0.125,0.0,0.0,False,0.44594594594594594,0.033783783783783786,14.7760773013094,0.08181818181818182,0.028268551236749116,-1.0506696719590964,0.0121,False,False,0.1611508019008972,-1.0,0.0,0.0,0.036743515850144126,True,,1.2222222222222223,0.12162162162162163,0.22972972972972974,0.10135135135135136,0.1598639455782313,0.2635135135135135,14.593905129619413,15.16891891891892,only 0% safe to add; largest group is REVIEW (75%),0.631578947368421,0.0,Weak,,,,False,0.0,0.0,
"Furniture > Desks > Office Desks > Executive :: price_band=$400–$1,250 · style_family=modern · colour_tone=warm-neutral",Furniture > Desks > Office Desks > Executive,Furniture > Desks,3,"{""price_band"": ""$400\u2013$1,250"", ""style_family"": ""modern"", ""colour_tone"": ""warm-neutral""}","Modern — warm neutral, $400–$1,250",14,11,0.5565807723760492,52.29323308270677,0.3333333333333333,79.15409851074219,0.5181304832746402,11,0.18181818181818182,0.36363636363636365,0.0,0.09090909090909091,0.09090909090909091,0.45454545454545453,0.0,0.18181818181818182,0.18181818181818182,0.0,0.0,False,0.39864864864864863,0.28040540540540543,8.471210327074795,0.12727272727272726,0.038869257950530034,-1.1712456509061961,0.00135,False,False,0.3691970952535762,-1.0,0.0,0.0,0.4536023054755043,True,beige/cream|black,1.5,0.10810810810810811,0.42567567567567566,0.10135135135135136,0.1598639455782313,0.9662162162162162,28.81687810259239,33.88513513513514,36% of its competitor products substitute or undercut a Staples product,0.10526315789473684,0.3684210526315789,Weak,,,,False,0.0,0.0,
"Furniture > Desks > Office Desks > Executive :: price_band=$400–$1,250 · style_family=farmhouse/rustic",Furniture > Desks > Office Desks > Executive,Furniture > Desks,2,"{""price_band"": ""$400\u2013$1,250"", ""style_family"": ""farmhouse/rustic""}","Farmhouse/rustic — $400–$1,250",4,8,0.7924424071069708,45.92105263157895,0.575,74.52709579467773,0.481476151632233,8,0.0,0.625,0.0,0.0,0.0,0.375,0.0,0.0,0.625,0.0,0.0,False,0.8716216216216216,0.831081081081081,18.792970247268677,0.03636363636363636,0.028268551236749116,-0.3034552701288753,0.326,False,False,0.5793993281095624,-1.0,0.13361010960608583,0.0,0.04250720461095103,True,black|grey,1.25,0.2972972972972973,0.5067567567567568,0.5743243243243243,0.1598639455782313,0.27702702702702703,30.50606729178158,34.89864864864865,62% of its competitor products substitute or undercut a Staples product,0.8947368421052632,0.42105263157894735,Vector-led,,,,False,0.0,0.0,
"Furniture > Desks > Office Desks > Executive :: price_band=$1,250+ · style_family=modern · colour_tone=warm-neutral",Furniture > Desks > Office Desks > Executive,Furniture > Desks,3,"{""price_band"": ""$1,250+"", ""style_family"": ""modern"", ""colour_tone"": ""warm-neutral""}","Modern — warm neutral, $1,250+",9,7,0.30319835659093436,52.29323308270677,0.25,74.59130096435547,2.610518141563677,7,0.42857142857142855,0.42857142857142855,0.0,0.14285714285714285,0.2857142857142857,0.0,0.0,0.42857142857142855,0.0,0.14285714285714285,0.0,False,0.08108108108108109,0.15878378378378377,5.921805560476919,0.08181818181818182,0.024734982332155476,-1.1758328149131023,0.00675,False,False,0.31425048620416723,1.0,0.0,0.0,0.4363112391930835,True,,1.5555555555555556,0.10135135135135136,0.3783783783783784,0.10135135135135136,0.1598639455782313,0.9527027027027027,27.549986210700496,32.31418918918919,43% of its competitor products substitute or undercut a Staples product,0.05263157894736842,0.2631578947368421,Weak,,,,False,0.0,0.0,
"Furniture > Desks > Office Desks > Executive :: price_band=$1,250+",Furniture > Desks > Office Desks > Executive,Furniture > Desks,1,"{""price_band"": ""$1,250+""}","Any style — $1,250+",10,28,0.4551880792539534,45.92105263157895,0.5,74.33301162719727,2.6709866526164774,28,0.6428571428571429,0.0,0.0,0.17857142857142858,0.4642857142857143,0.25,0.0,0.0,0.0,0.10714285714285714,0.0,True,0.2635135135135135,0.6418918918918919,10.698442532673669,0.09090909090909091,0.0989399293286219,0.05908479326225534,0.5914,False,False,0.3222126640598103,1.0,0.11588432116253576,0.2331333609909373,0.15028818443804032,True,beige/cream|black|clear|green|red/pink,1.1,0.36486486486486486,0.3918918918918919,0.527027027027027,0.5034013605442177,0.5472972972972973,37.8888582460011,37.66891891891891,,0.2631578947368421,0.5263157894736842,Weak,75.0,1.0,0.03252247488101534,False,1.0,1.0,
"Furniture > Desks > Office Desks > Executive :: price_band=$400–$1,250",Furniture > Desks > Office Desks > Executive,Furniture > Desks,1,"{""price_band"": ""$400\u2013$1,250""}","Any style — $400–$1,250",12,14,0.5579936614864397,41.964285714285715,0.5,67.39085006713867,0.7459632393846585,14,0.21428571428571427,0.14285714285714285,0.0,0.14285714285714285,0.07142857142857142,0.5,0.0,0.0,0.14285714285714285,0.14285714285714285,0.0,False,0.40540540540540543,0.6418918918918919,15.287112831701181,0.10909090909090909,0.04946996466431095,-0.7910240317305987,0.0189,False,False,0.10261436759953232,1.0,0.10352602972860926,0.24983919634744445,0.14322766570605183,True,beige/cream|black|clear|red/pink,1.0,0.17567567567567569,0.14189189189189189,0.4527027027027027,0.5238095238095238,0.527027027027027,28.465250965250966,26.216216216216214,only 21% safe to add; largest group is REVIEW (50%),0.6842105263157895,0.3157894736842105,Vector-led,,,,False,0.0,0.0,
Furniture > Desks > Office Desks > Executive :: price_band=under $250 · style_family=contemporary · colour_tone=warm-neutral,Furniture > Desks > Office Desks > Executive,Furniture > Desks,3,"{""price_band"": ""under $250"", ""style_family"": ""contemporary"", ""colour_tone"": ""warm-neutral""}","Contemporary — warm neutral, under $250",2,8,0.485059944353875,36.06015037593985,0.25,66.39216995239258,0.33087929890207235,8,0.0,0.25,0.0,0.0,0.0,0.375,0.0,0.0,0.25,0.375,0.0,False,0.28378378378378377,0.15878378378378377,9.261615549960194,0.01818181818181818,0.028268551236749116,0.2843313947732437,0.7018,False,False,1.4404860631137815,-1.0,0.07538917612882157,0.15115554821473004,0.2827089337175793,False,beige/cream,1.0,0.4189189189189189,0.831081081081081,0.33783783783783783,0.41496598639455784,0.8581081081081081,48.11638168781026,52.02702702702703,only 0% safe to add; largest group is OFF-BRAND (38%),0.15789473684210525,0.6842105263157895,Gap-led,,,,False,0.0,0.0,
Furniture > Desks > Office Desks > Executive :: price_band=$250–$400 · style_family=contemporary · colour_tone=warm-neutral,Furniture > Desks > Office Desks > Executive,Furniture > Desks,3,"{""price_band"": ""$250\u2013$400"", ""style_family"": ""contemporary"", ""colour_tone"": ""warm-neutral""}","Contemporary — warm neutral, $250–$400",7,15,0.5424757725361126,46.03383458646616,0.0,68.58020782470703,0.2958673912852615,15,0.0,0.4,0.0,0.0,0.0,0.4666666666666667,0.0,0.0,0.4,0.13333333333333333,0.0,False,0.3716216216216216,0.033783783783783786,9.85881376719964,0.06363636363636363,0.053003533568904596,-0.21350703346593583,0.33065,False,False,0.07386265708504453,1.0,0.0,0.0,0.24524495677233427,True,beige/cream,1.0,0.3108108108108108,0.060810810810810814,0.10135135135135136,0.1598639455782313,0.7972972972972973,22.5330943188086,24.93243243243243,40% of its competitor products substitute or undercut a Staples product,0.21052631578947367,0.15789473684210525,Weak,,,,False,0.0,0.0,
"Furniture > Desks > Office Desks > Executive :: price_band=$1,250+ · style_family=modern",Furniture > Desks > Office Desks > Executive,Furniture > Desks,2,"{""price_band"": ""$1,250+"", ""style_family"": ""modern""}","Modern — $1,250+",7,7,0.3127140330579345,53.590225563909776,0.75,75.73856353759766,2.220707475719504,7,0.7142857142857143,0.14285714285714285,0.0,0.14285714285714285,0.5714285714285714,0.14285714285714285,0.0,0.14285714285714285,0.0,0.0,0.0,True,0.0945945945945946,0.9662162162162162,10.793726228141512,0.06363636363636363,0.024734982332155476,-0.939444036848872,0.03495,False,False,0.31220977529824145,1.0,0.2700357529161753,0.0,0.21959654178674348,True,beige/cream|white|yellow/orange,1.7142857142857142,0.14189189189189189,0.3716216216216216,0.777027027027027,0.1598639455782313,0.7297297297297297,34.91485107556536,41.90878378378378,,0.3157894736842105,0.47368421052631576,Weak,75.0,2.0,0.03252247488101534,False,1.0,1.0,
"Furniture > Desks > Office Desks > Executive :: price_band=$1,250+ · style_family=contemporary",Furniture > Desks > Office Desks > Executive,Furniture > Desks,2,"{""price_band"": ""$1,250+"", ""style_family"": ""contemporary""}","Contemporary — $1,250+",13,8,0.2466604075827301,48.1390977443609,0.325,78.09318923950195,2.872437131404376,8,0.5,0.25,0.0,0.0,0.5,0.25,0.0,0.25,0.0,0.0,0.0,True,0.0472972972972973,0.22972972972972974,4.888143565831595,0.11818181818181818,0.028268551236749116,-1.402067558796985,0.00045,False,False,0.3678511656075976,1.0,0.028169598125144246,0.0,-0.13314121037463977,True,,1.0769230769230769,0.060810810810810814,0.4189189189189189,0.25,0.1598639455782313,0.0472972972972973,16.2999862107005,17.48310810810811,,0.0,0.05263157894736842,Weak,0.0,3.0,0.031746031746031744,False,1.0,1.0,
Furniture > Desks > Office Desks > Executive :: price_band=$250–$400 · style_family=modern · colour_tone=warm-neutral,Furniture > Desks > Office Desks > Executive,Furniture > Desks,3,"{""price_band"": ""$250\u2013$400"", ""style_family"": ""modern"", ""colour_tone"": ""warm-neutral""}","Modern — warm neutral, $250–$400",1,10,0.9,49.86842105263158,0.3333333333333333,68.58020782470703,0.33668090956482777,10,0.0,0.4,0.0,0.0,0.0,0.6,0.0,0.0,0.4,0.0,0.0,False,0.9797297297297297,0.28040540540540543,20.75544319064654,0.00909090909090909,0.0353356890459364,1.0064661122064413,0.9312,False,False,1.0874088285796466,-1.0,0.0838990415303178,0.2159548119569193,0.3576368876080692,False,,4.0,0.6148648648648649,0.6891891891891891,0.3783783783783784,0.4897959183673469,0.8851351351351351,61.603695532266954,64.02027027027026,40% of its competitor products substitute or undercut a Staples product,1.0,0.7368421052631579,Strong,,,,False,0.0,0.0,
"Furniture > Desks > Office Desks > Executive :: price_band=$400–$1,250 · style_family=modern",Furniture > Desks > Office Desks > Executive,Furniture > Desks,2,"{""price_band"": ""$400\u2013$1,250"", ""style_family"": ""modern""}","Modern — $400–$1,250",4,7,0.5889126423052201,53.590225563909776,0.6,68.58020782470703,0.5169715815708454,7,0.0,0.42857142857142855,0.0,0.0,0.0,0.5714285714285714,0.0,0.14285714285714285,0.2857142857142857,0.0,0.0,False,0.4797297297297297,0.8648648648648649,18.627703611764986,0.03636363636363636,0.024734982332155476,-0.42861841308288134,0.25735,False,False,0.23337713041518143,-1.0,0.21333902438720767,0.0,0.05936599423631128,True,black|white,1.25,0.24324324324324326,0.28378378378378377,0.6891891891891891,0.1598639455782313,0.2972972972972973,27.127688913403198,31.08108108108108,43% of its competitor products substitute or undercut a Staples product,0.8421052631578947,0.21052631578947367,Vector-led,,,,False,0.0,0.0,
Furniture > Desks > Office Desks > Executive :: price_band=$250–$400,Furniture > Desks > Office Desks > Executive,Furniture > Desks,1,"{""price_band"": ""$250\u2013$400""}",Any style — $250–$400,3,40,0.7475975136916476,45.92105263157895,0.6,71.9405288696289,0.39578387703310375,40,0.0,0.475,0.0,0.0,0.0,0.35,0.0,0.0,0.475,0.175,0.0,False,0.8108108108108109,0.8648648648648649,20.170389170775543,0.02727272727272727,0.1413427561837456,1.5090949687682538,0.9998,False,True,0.09588937594616684,-1.0,0.0833563689268173,0.0815363494731696,0.13155619596541784,True,beige/cream|black|grey|metallic|red/pink|white,1.0,0.7567567567567568,0.13513513513513514,0.3716216216216216,0.35374149659863946,0.49324324324324326,47.46828461114176,47.16216216216216,48% of its competitor products substitute or undercut a Staples product,0.9473684210526315,0.631578947368421,Vector-led,,,,False,0.0,0.0,
Furniture > Desks > Office Desks > Executive :: price_band=under $250 · style_family=farmhouse/rustic,Furniture > Desks > Office Desks > Executive,Furniture > Desks,2,"{""price_band"": ""under $250"", ""style_family"": ""farmhouse/rustic""}",Farmhouse/rustic — under $250,0,12,0.8721808832581188,45.92105263157895,1.0,86.56713104248047,0.3055459103598661,12,0.0,0.8333333333333334,0.0,0.0,0.0,0.08333333333333333,0.0,0.0,0.8333333333333334,0.08333333333333333,0.0,False,0.9594594594594594,0.9932432432432432,10.985812964568263,0.0,0.04240282685512368,2.2794317880193287,0.9949,True,True,1.4940051345653533,-1.0,0.3895579078906647,0.5464526450081995,0.22435158501440922,False,beige/cream|black|grey,,0.8918918918918919,0.8513513513513513,0.8783783783783784,0.7755102040816326,0.7432432432432432,84.20022062879204,84.93243243243242,83% of its competitor products substitute or undercut a Staples product,0.3684210526315789,1.0,Gap-led,,,,False,0.0,0.0,
Furniture > Desks > Office Desks > Executive :: price_band=under $250 · style_family=farmhouse/rustic · colour_tone=warm-neutral,Furniture > Desks > Office Desks > Executive,Furniture > Desks,3,"{""price_band"": ""under $250"", ""style_family"": ""farmhouse/rustic"", ""colour_tone"": ""warm-neutral""}","Farmhouse/rustic — warm neutral, under $250",0,11,0.9717747967885105,45.92105263157895,0.375,76.567138671875,0.31721300641068007,11,0.0,0.8181818181818182,0.0,0.0,0.0,0.18181818181818182,0.0,0.0,0.8181818181818182,0.0,0.0,False,1.0,0.35135135135135137,15.831264446144592,0.0,0.038869257950530034,2.1960501790802778,0.9937,True,True,1.5415835991097504,-1.0,0.08791492789713964,0.5349398373732512,0.3913544668587896,False,brown/wood,,0.8716216216216216,0.9121621621621622,0.38513513513513514,0.7346938775510204,0.9121621621621622,79.22986762272477,79.25675675675676,82% of its competitor products substitute or undercut a Staples product,0.7368421052631579,0.8947368421052632,Strong,,,,False,0.0,0.0,
Furniture > Desks > Office Desks > Executive :: price_band=under $250,Furniture > Desks > Office Desks > Executive,Furniture > Desks,1,"{""price_band"": ""under $250""}",Any style — under $250,0,30,0.6181157596295325,45.01879699248121,0.375,74.44022750854492,0.24890431508913968,30,0.0,0.5,0.0,0.0,0.0,0.3,0.0,0.0,0.5,0.2,0.0,False,0.5405405405405406,0.35135135135135137,11.914367735557892,0.0,0.10600706713780919,3.1714298273244395,1.0,True,True,1.4702943115584992,-1.0,0.06293390835310869,0.45796165454337706,0.06296829971181561,False,beige/cream|black|blue|brown/wood|grey|white,,1.0,0.8378378378378378,0.32432432432432434,0.7142857142857143,0.30405405405405406,71.89671814671813,68.51351351351352,50% of its competitor products substitute or undercut a Staples product,0.42105263157894735,0.8421052631578947,Gap-led,,,,False,0.0,0.0,
Furniture > Desks > Office Desks > Executive :: price_band=$250–$400 · style_family=farmhouse/rustic · colour_tone=warm-neutral,Furniture > Desks > Office Desks > Executive,Furniture > Desks,3,"{""price_band"": ""$250\u2013$400"", ""style_family"": ""farmhouse/rustic"", ""colour_tone"": ""warm-neutral""}","Farmhouse/rustic — warm neutral, $250–$400",0,15,0.850539403912964,45.92105263157895,0.5,74.92269134521484,0.4013805747302046,15,0.0,0.6666666666666666,0.0,0.0,0.0,0.26666666666666666,0.0,0.0,0.6666666666666666,0.06666666666666667,0.0,False,0.9459459459459459,0.6418918918918919,18.153759811531597,0.0,0.053003533568904596,2.4945431676362744,0.9984,True,True,1.0919403474874196,-1.0,0.10204280627952939,0.5749854336395306,0.41037463976945243,False,brown/wood,,0.9527027027027027,0.6959459459459459,0.44594594594594594,0.8707482993197279,0.9324324324324325,81.00041367898511,78.3108108108108,67% of its competitor products substitute or undercut a Staples product,0.7894736842105263,0.9473684210526315,Strong,,,,False,0.0,0.0,
Furniture > Desks > Office Desks > Other :: price_band=under $175 · style_family=contemporary,Furniture > Desks > Office Desks > Other,Furniture > Desks,2,"{""price_band"": ""under $175"", ""style_family"": ""contemporary""}",Contemporary — under $175,1,14,0.5297966930744635,34.77255639097745,0.7,64.08726501464844,0.5300188323538058,14,0.0,0.21428571428571427,0.0,0.0,0.0,0.2857142857142857,0.0,0.0,0.21428571428571427,0.5,0.0,False,0.3581081081081081,0.9493243243243243,18.056829738115397,0.015151515151515152,0.042042042042042045,0.6622351677326301,0.8543,False,False,1.513492379482518,-1.0,0.21942854501397646,0.1355811446184651,0.15965417867435172,False,black|blue|grey,2.0,0.5135135135135135,0.8851351351351351,0.7297297297297297,0.40816326530612246,0.5675675675675675,52.27109762824048,57.0608108108108,only 0% safe to add; largest group is OFF-BRAND (50%),0.3,0.65,Weak,,,,False,0.0,0.0,
Furniture > Desks > Office Desks > Other :: price_band=$700+ · style_family=mid-century,Furniture > Desks > Office Desks > Other,Furniture > Desks,2,"{""price_band"": ""$700+"", ""style_family"": ""mid-century""}",Mid-century — $700+,4,9,0.6674058344138963,23.214285714285715,0.5,72.22122955322266,8.327221814787652,9,0.1111111111111111,0.0,0.0,0.1111111111111111,0.0,0.1111111111111111,0.0,0.0,0.0,0.7777777777777778,0.0,False,0.6486486486486487,0.6418918918918919,14.50073268109767,0.06060606060606061,0.02702702702702703,-0.8592339717555133,0.0846,False,False,0.6098612930983086,-1.0,0.14326656450213113,0.0,0.07377521613832849,True,beige/cream|black,1.75,0.14864864864864866,0.5135135135135135,0.6081081081081081,0.1598639455782313,0.33783783783783783,29.45876999448428,34.35810810810811,only 11% safe to add; largest group is OFF-BRAND (78%),0.05,0.2,Weak,,,,False,0.0,0.0,
Furniture > Desks > Office Desks > Other :: price_band=$700+ · style_family=contemporary,Furniture > Desks > Office Desks > Other,Furniture > Desks,2,"{""price_band"": ""$700+"", ""style_family"": ""contemporary""}",Contemporary — $700+,15,7,0.705762018411183,25.582706766917298,0.4,56.91389465332031,5.148270643847797,7,0.14285714285714285,0.0,0.0,0.14285714285714285,0.0,0.14285714285714285,0.0,0.0,0.0,0.7142857142857143,0.0,False,0.7364864864864865,0.40540540540540543,21.95316305221375,0.22727272727272727,0.021021021021021023,-2.3323853769686704,0.0,False,False,0.38509740759018,1.0,0.21779428947801172,0.0,0.21383285302593658,True,black|clear|metallic,1.5333333333333334,0.006756756756756757,0.43243243243243246,0.722972972972973,0.1598639455782313,0.7162162162162162,32.7526889134032,39.712837837837846,only 14% safe to add; largest group is OFF-BRAND (71%),0.45,0.25,Weak,,,,False,0.0,0.0,
Furniture > Desks > Office Desks > Other :: price_band=$300–$700,Furniture > Desks > Office Desks > Other,Furniture > Desks,1,"{""price_band"": ""$300\u2013$700""}",Any style — $300–$700,10,50,0.6948418619510269,29.407894736842106,0.675,66.05976486206055,1.9048072585091984,50,0.06,0.08,0.0,0.04,0.02,0.28,0.0,0.06,0.02,0.58,0.0,False,0.722972972972973,0.9358108108108109,21.976785043211787,0.15151515151515152,0.15015015015015015,-0.035850294467897934,0.47605,False,False,0.0728355646780491,1.0,0.13573213332111847,0.22166748098073652,0.21945244956772336,True,black|clear|metallic|multi/pattern|red/pink|white,1.1,0.33783783783783783,0.0472972972972973,0.581081081081081,0.4965986394557823,0.722972972972973,33.86789851075566,33.17567567567568,only 6% safe to add; largest group is OFF-BRAND (58%),0.5,0.3,Weak,,,,False,0.0,0.0,
Furniture > Desks > Office Desks > Other :: price_band=$300–$700 · style_family=contemporary · colour_tone=warm-neutral,Furniture > Desks > Office Desks > Other,Furniture > Desks,3,"{""price_band"": ""$300\u2013$700"", ""style_family"": ""contemporary"", ""colour_tone"": ""warm-neutral""}","Contemporary — warm neutral, $300–$700",5,5,0.6940334128878282,21.127819548872182,0.25,62.8206901550293,2.406085518071081,5,0.0,0.0,0.0,0.0,0.0,0.2,0.0,0.0,0.0,0.8,0.0,False,0.7162162162162162,0.15878378378378377,15.815212200394832,0.07575757575757576,0.015015015015015015,-1.6064483735857342,0.0054,False,False,0.1273582864597234,1.0,0.0,0.0,0.13342939481268012,True,,1.2,0.04054054054054054,0.16891891891891891,0.10135135135135136,0.1598639455782313,0.5,15.506067291781578,16.95945945945946,only 0% safe to add; largest group is OFF-BRAND (80%),0.1,0.0,Weak,,,,False,0.0,0.0,
Furniture > Desks > Office Desks > Other :: price_band=$300–$700 · style_family=modern,Furniture > Desks > Office Desks > Other,Furniture > Desks,2,"{""price_band"": ""$300\u2013$700"", ""style_family"": ""modern""}",Modern — $300–$700,3,11,0.8127576480798436,21.2406015037594,0.4,48.2989501953125,1.679232041706351,11,0.18181818181818182,0.0,0.0,0.18181818181818182,0.0,0.18181818181818182,0.0,0.0,0.0,0.6363636363636364,0.0,False,0.8918918918918919,0.40540540540540543,29.2847416580656,0.045454545454545456,0.03303303303303303,-0.41686430671189795,0.2864,False,False,0.24250277577169402,-1.0,0.0009173604252160888,0.0,0.2345821325648415,True,black,2.3333333333333335,0.25,0.2972972972972973,0.20945945945945946,0.1598639455782313,0.7905405405405406,27.718905129619415,31.807432432432435,only 18% safe to add; largest group is OFF-BRAND (64%),0.9,0.15,Vector-led,,,,False,0.0,0.0,
Furniture > Desks > Office Desks > Other :: price_band=$700+,Furniture > Desks > Office Desks > Other,Furniture > Desks,1,"{""price_band"": ""$700+""}",Any style — $700+,7,30,0.5970592044628987,25.75187969924812,0.5,61.28584289550781,6.889661807934935,30,0.06666666666666667,0.0,0.0,0.0,0.06666666666666667,0.2,0.0,0.0,0.0,0.7333333333333333,0.0,False,0.49324324324324326,0.6418918918918919,17.79643622028031,0.10606060606060606,0.09009009009009009,-0.2036247105146333,0.33365,False,False,0.3110334707187589,1.0,0.100851960183242,0.11569111119958297,0.19870317002881832,True,black|metallic|white,1.7142857142857142,0.31756756756756754,0.36486486486486486,0.4391891891891892,0.3741496598639456,0.6756756756756757,35.18994760066189,36.97635135135135,only 7% safe to add; largest group is OFF-BRAND (73%),0.25,0.4,Weak,,,,False,0.0,0.0,
Furniture > Desks > Office Desks > Other :: price_band=$175–$300 · style_family=contemporary,Furniture > Desks > Office Desks > Other,Furniture > Desks,2,"{""price_band"": ""$175\u2013$300"", ""style_family"": ""contemporary""}",Contemporary — $175–$300,5,12,0.6280404537738272,37.528195488721806,0.675,63.015899658203125,1.136252620966562,12,0.16666666666666666,0.08333333333333333,0.0,0.16666666666666666,0.0,0.3333333333333333,0.0,0.0,0.08333333333333333,0.4166666666666667,0.0,False,0.5675675675675675,0.9358108108108109,22.262309016146524,0.07575757575757576,0.036036036036036036,-0.7854678215159042,0.07915,False,False,0.16508252366354678,-1.0,0.09287795448541207,0.0,0.17363112391930835,True,black|blue|white,1.0,0.1891891891891892,0.23648648648648649,0.40540540540540543,0.1598639455782313,0.5945945945945946,25.438499724214015,29.222972972972972,only 17% safe to add; largest group is OFF-BRAND (42%),0.65,0.1,Weak,,,,False,0.0,0.0,
Furniture > Desks > Office Desks > Other :: price_band=$175–$300 · style_family=modern,Furniture > Desks > Office Desks > Other,Furniture > Desks,2,"{""price_band"": ""$175\u2013$300"", ""style_family"": ""modern""}",Modern — $175–$300,3,12,0.8333333333333334,30.30701754385965,0.6333333333333333,63.015174865722656,1.0728043971500294,12,0.08333333333333333,0.08333333333333333,0.0,0.08333333333333333,0.0,0.25,0.0,0.08333333333333333,0.0,0.5833333333333334,0.0,False,0.9054054054054054,0.902027027027027,26.77184446539682,0.045454545454545456,0.036036036036036036,-0.3334826977728469,0.33865,False,False,0.12047477076981529,-1.0,0.17717371154572062,0.0,0.4306916426512969,True,beige/cream|blue|brown/wood|clear|white,1.0,0.27702702702702703,0.16216216216216217,0.6621621621621622,0.1598639455782313,0.9459459459459459,34.61079702151131,41.06418918918919,only 8% safe to add; largest group is OFF-BRAND (58%),0.8,0.35,Vector-led,,,,False,0.0,0.0,
Furniture > Desks > Office Desks > Other :: price_band=under $175 · style_family=traditional,Furniture > Desks > Office Desks > Other,Furniture > Desks,2,"{""price_band"": ""under $175"", ""style_family"": ""traditional""}",Traditional — under $175,3,8,0.5670606806607408,32.71303258145363,0.55,62.8000545501709,0.6969257242198101,8,0.0,0.125,0.0,0.0,0.0,0.375,0.0,0.0,0.125,0.5,0.0,False,0.4527027027027027,0.793918918918919,18.61243633191727,0.045454545454545456,0.024024024024024024,-0.7191451785848316,0.1595,False,False,0.19098407213901025,-1.0,0.028271682737797964,0.0,0.11527377521613835,True,black,1.3333333333333333,0.20945945945945946,0.25675675675675674,0.25675675675675674,0.1598639455782313,0.4527027027027027,21.840526751241036,24.27364864864865,only 0% safe to add; largest group is OFF-BRAND (50%),0.35,0.05,Weak,,,,False,0.0,0.0,
Furniture > Desks > Office Desks > Other :: price_band=$700+ · style_family=traditional,Furniture > Desks > Office Desks > Other,Furniture > Desks,2,"{""price_band"": ""$700+"", ""style_family"": ""traditional""}",Traditional — $700+,2,8,0.6060149775430815,33.0827067669173,0.5,65.90542221069336,5.532437636452467,8,0.0,0.125,0.0,0.0,0.0,0.375,0.0,0.125,0.0,0.5,0.0,False,0.527027027027027,0.6418918918918919,16.941024804662774,0.030303030303030304,0.024024024024024024,-0.3826729419636186,0.35325,False,False,0.7935743424940221,1.0,0.10442508834909765,0.3103523419382241,0.15864553314121044,False,white,1.5,0.2702702702702703,0.5540540540540541,0.4594594594594595,0.564625850340136,0.5540540540540541,39.48290126861556,38.85135135135135,only 0% safe to add; largest group is OFF-BRAND (50%),0.2,0.45,Weak,,,,False,0.0,0.0,
Furniture > Desks > Office Desks > Other :: price_band=$300–$700 · style_family=contemporary,Furniture > Desks > Office Desks > Other,Furniture > Desks,2,"{""price_band"": ""$300\u2013$700"", ""style_family"": ""contemporary""}",Contemporary — $300–$700,1,9,0.9028871391076115,40.84586466165413,1.0,61.28584289550781,2.205574214246328,9,0.2222222222222222,0.0,0.0,0.2222222222222222,0.0,0.3333333333333333,0.0,0.0,0.0,0.4444444444444444,0.0,False,0.9864864864864865,0.9932432432432432,31.543030173897233,0.015151515151515152,0.02702702702702703,0.23937831691259637,0.68395,False,False,0.6602724712891529,-1.0,0.4474289697769807,0.10181988135343292,0.12262247838616724,False,black|grey,1.0,0.39864864864864863,0.5337837837837838,0.9121621621621622,0.36054421768707484,0.47297297297297297,43.83721731936018,48.02364864864865,only 22% safe to add; largest group is OFF-BRAND (44%),1.0,0.5,Vector-led,,,,False,0.0,0.0,
Furniture > Desks > Office Desks > Other :: price_band=under $175 · style_family=modern,Furniture > Desks > Office Desks > Other,Furniture > Desks,2,"{""price_band"": ""under $175"", ""style_family"": ""modern""}",Modern — under $175,1,16,0.5749346964087723,26.682330827067673,0.8500000000000001,60.265010833740234,0.6180396946816985,16,0.0,0.1875,0.0,0.0,0.0,0.1875,0.0,0.0,0.1875,0.625,0.0,False,0.47297297297297297,0.9797297297297297,21.370163108857273,0.015151515151515152,0.04804804804804805,0.7914468992126362,0.8987,False,False,1.510987750255617,-1.0,0.5683731529911437,0.3763486146979156,0.09942363112391939,False,beige/cream|grey|navy|red/pink|white,1.0,0.5608108108108109,0.8783783783783784,1.0,0.6326530612244898,0.39864864864864863,57.85128240485384,59.74662162162162,only 0% safe to add; largest group is OFF-BRAND (62%),0.4,0.7,Gap-led,,,,False,0.0,0.0,
Furniture > Desks > Office Desks > Other :: price_band=$175–$300,Furniture > Desks > Office Desks > Other,Furniture > Desks,1,"{""price_band"": ""$175\u2013$300""}",Any style — $175–$300,2,32,0.7268319066769399,23.36654135338346,0.5,61.28584289550781,1.0601533911474261,32,0.0625,0.09375,0.0,0.0625,0.0,0.1875,0.0,0.09375,0.0,0.65625,0.0,False,0.7635135135135135,0.6418918918918919,22.227875696635348,0.030303030303030304,0.0960960960960961,0.9585009838758024,0.9709,False,False,0.9325458995648719,-1.0,0.11316283192531147,0.4138057400600629,0.19942363112391948,False,beige/cream|black|blue|clear|green|grey|metallic|red/pink|white,1.0,0.6013513513513513,0.6283783783783784,0.5067567567567568,0.6802721088435374,0.6824324324324325,61.656784335355766,60.54054054054055,only 6% safe to add; largest group is OFF-BRAND (66%),0.6,0.75,Gap-led,,,,False,0.0,0.0,
Furniture > Desks > Office Desks > Other :: price_band=$175–$300 · style_family=farmhouse/rustic,Furniture > Desks > Office Desks > Other,Furniture > Desks,2,"{""price_band"": ""$175\u2013$300"", ""style_family"": ""farmhouse/rustic""}",Farmhouse/rustic — $175–$300,1,11,0.687537910936597,41.12781954887218,0.4,69.75965881347656,1.2280816081006567,11,0.18181818181818182,0.18181818181818182,0.0,0.18181818181818182,0.0,0.36363636363636365,0.0,0.18181818181818182,0.0,0.2727272727272727,0.0,False,0.6891891891891891,0.40540540540540543,16.174649631242108,0.015151515151515152,0.03303303303303303,0.4304335536753057,0.76635,False,False,0.8878138075294448,-1.0,0.11427560680444254,0.5530919752488482,0.26844380403458223,False,beige/cream|grey|white,1.0,0.47297297297297297,0.5878378378378378,0.5135135135135135,0.7891156462585034,0.8445945945945946,52.24214009928296,50.13513513513514,only 18% safe to add; largest group is REVIEW (36%),0.15,0.6,Weak,,,,False,0.0,0.0,
Furniture > Desks > Office Desks > Other :: price_band=under $175,Furniture > Desks > Office Desks > Other,Furniture > Desks,1,"{""price_band"": ""under $175""}",Any style — under $175,2,39,0.7663415581405546,27.16165413533835,0.75,62.69680404663086,0.6014837836483031,39,0.02564102564102564,0.15384615384615385,0.0,0.02564102564102564,0.0,0.23076923076923078,0.0,0.05128205128205128,0.10256410256410256,0.5897435897435898,0.0,False,0.8513513513513513,0.9662162162162162,26.34154455967488,0.030303030303030304,0.11711711711711711,1.1535615664471868,0.99015,False,False,1.5071913668708805,-1.0,0.24861872526455242,0.5371053739851126,0.13933717579250726,False,beige/cream|black|blue|metallic|red/pink,1.0,0.6824324324324325,0.8648648648648649,0.7567567567567568,0.7482993197278912,0.5135135135135135,71.46097628240486,70.91216216216216,only 3% safe to add; largest group is OFF-BRAND (59%),0.75,0.85,Strong,,,,False,0.0,0.0,
Furniture > Desks > Office Desks > Other :: price_band=under $175 · style_family=modern · colour_tone=warm-neutral,Furniture > Desks > Office Desks > Other,Furniture > Desks,3,"{""price_band"": ""under $175"", ""style_family"": ""modern"", ""colour_tone"": ""warm-neutral""}","Modern — warm neutral, under $175",1,10,0.7940334128878281,40.98684210526316,0.3333333333333333,62.22121810913086,0.5012281317359266,10,0.0,0.3,0.0,0.0,0.0,0.4,0.0,0.0,0.3,0.3,0.0,False,0.8783783783783784,0.28040540540540543,22.22647189631401,0.015151515151515152,0.03003003003003003,0.3394617754695789,0.72795,False,False,1.668840544155757,-1.0,0.020005576646073164,0.32020049528913463,0.20389048991354475,False,black,1.0,0.4391891891891892,0.9459459459459459,0.24324324324324326,0.5782312925170068,0.6959459459459459,49.36603695532267,50.11824324324324,30% of its competitor products substitute or undercut a Staples product,0.55,0.55,Weak,,,,False,0.0,0.0,
Furniture > Desks > Office Desks > Other :: price_band=$175–$300 · style_family=industrial,Furniture > Desks > Office Desks > Other,Furniture > Desks,2,"{""price_band"": ""$175\u2013$300"", ""style_family"": ""industrial""}",Industrial — $175–$300,0,10,0.5258621013662075,28.947368421052634,0.45,67.01089859008789,1.0828078351324848,10,0.1,0.0,0.0,0.1,0.0,0.3,0.0,0.0,0.0,0.6,0.0,False,0.35135135135135137,0.4864864864864865,12.09287543859794,0.0,0.03003003003003003,1.4380740641376886,0.9494,True,True,1.0503102628203562,-1.0,0.03652550487240475,0.5639791292994603,0.17017291066282425,False,black|brown/wood|grey|white,,0.7398648648648649,0.668918918918919,0.2702702702702703,0.8401360544217688,0.581081081081081,64.64595973524546,59.64527027027028,only 10% safe to add; largest group is OFF-BRAND (60%),0.0,0.8,Gap-led,,,,False,0.0,0.0,
Furniture > Desks > Office Desks > Other :: price_band=$175–$300 · style_family=mid-century,Furniture > Desks > Office Desks > Other,Furniture > Desks,2,"{""price_band"": ""$175\u2013$300"", ""style_family"": ""mid-century""}",Mid-century — $175–$300,0,17,0.7650972064544157,41.12781954887218,0.5,65.33512115478516,1.1178003909970424,17,0.17647058823529413,0.058823529411764705,0.0,0.17647058823529413,0.0,0.35294117647058826,0.0,0.058823529411764705,0.0,0.4117647058823529,0.0,False,0.8445945945945946,0.6418918918918919,23.01484499425332,0.0,0.05105105105105105,1.9488996879036793,0.98865,True,True,0.9453951572300912,-1.0,0.13159839230384693,0.535233805958157,0.2569164265129683,False,beige/cream|brown/wood|grey|metallic|red/pink|white,,0.8175675675675675,0.6486486486486487,0.5675675675675675,0.7414965986394558,0.8108108108108109,73.38596249310535,72.39864864864866,only 18% safe to add; largest group is OFF-BRAND (41%),0.7,0.9,Strong,,,,False,0.0,0.0,
Furniture > Desks > Office Desks > Other :: price_band=$700+ · style_family=farmhouse/rustic,Furniture > Desks > Office Desks > Other,Furniture > Desks,2,"{""price_band"": ""$700+"", ""style_family"": ""farmhouse/rustic""}",Farmhouse/rustic — $700+,0,13,0.8415641637598678,34.21052631578947,0.5,60.5508918762207,5.514010727354754,13,0.15384615384615385,0.0,0.0,0.15384615384615385,0.0,0.38461538461538464,0.0,0.0,0.0,0.46153846153846156,0.0,False,0.9256756756756757,0.6418918918918919,26.811925834341036,0.0,0.03903903903903904,1.6893884924185947,0.97375,True,True,0.8100834119558072,1.0,0.20646747653101327,0.5805864451417426,0.2681556195965419,False,beige/cream|brown/wood|metallic|multi/pattern|white,,0.777027027027027,0.5608108108108109,0.6756756756756757,0.8843537414965986,0.8378378378378378,74.38017098731385,71.4864864864865,only 15% safe to add; largest group is OFF-BRAND (46%),0.85,0.95,Strong,,,,False,0.0,0.0,
Furniture > Desks > Office Desks > Other :: price_band=under $175 · style_family=minimalist,Furniture > Desks > Office Desks > Other,Furniture > Desks,2,"{""price_band"": ""under $175"", ""style_family"": ""minimalist""}",Minimalist — under $175,0,10,0.8966765703894923,30.028195488721806,1.0,62.27194023132324,0.5938515321893912,10,0.0,0.2,0.0,0.0,0.0,0.3,0.0,0.0,0.2,0.5,0.0,False,0.972972972972973,0.9932432432432432,29.28577388884502,0.0,0.03003003003003003,1.4380740641376886,0.9495,True,True,1.6320055782672802,-1.0,0.3607991004517383,0.5639791292994603,0.1602305475504323,False,black|brown/wood|grey|white,,0.7398648648648649,0.9391891891891891,0.8648648648648649,0.8401360544217688,0.5743243243243243,78.86893270821844,78.15878378378379,only 0% safe to add; largest group is OFF-BRAND (50%),0.95,1.0,Strong,,,,False,0.0,0.0,
"Furniture > Desks > Office Desks > Table :: price_band=$350–$1,000",Furniture > Desks > Office Desks > Table,Furniture > Desks,1,"{""price_band"": ""$350\u2013$1,000""}","Any style — $350–$1,000",31,12,0.2675180775475318,43.75,0.5166666666666667,79.94303894042969,1.2766283256857387,12,0.5,0.16666666666666666,0.0,0.25,0.25,0.16666666666666666,0.0,0.08333333333333333,0.08333333333333333,0.16666666666666666,0.0,True,0.060810810810810814,0.7668918918918919,7.026712371207571,0.543859649122807,0.1111111111111111,-1.5551637732060564,0.0,False,False,0.0916070393685306,-1.0,0.047730762589465146,0.3170980501155516,0.22881844380403454,True,green,1.4838709677419355,0.0472972972972973,0.12837837837837837,0.28378378378378377,0.5714285714285714,0.75,27.473455598455597,24.71283783783784,,0.0,0.25,Weak,0.0,2.0,0.03225806451612903,False,1.0,1.0,
Furniture > Desks > Office Desks > Table :: price_band=$200–$350 · style_family=contemporary,Furniture > Desks > Office Desks > Table,Furniture > Desks,2,"{""price_band"": ""$200\u2013$350"", ""style_family"": ""contemporary""}",Contemporary — $200–$350,10,6,0.661033557555936,40.37593984962406,0.4666666666666667,62.634742736816406,0.6913980922278038,6,0.3333333333333333,0.0,0.0,0.3333333333333333,0.0,0.6666666666666666,0.0,0.0,0.0,0.0,0.0,False,0.6148648648648649,0.5168918918918919,19.692984504616376,0.17543859649122806,0.05555555555555555,-1.1104779519446106,0.00885,False,False,0.06091606378548587,1.0,0.33116504065430896,0.0,-0.15749279538904898,True,,1.1,0.11486486486486487,0.02027027027027027,0.8513513513513513,0.1598639455782313,0.02027027027027027,17.887824048538334,19.949324324324323,only 33% safe to add; largest group is REVIEW (67%),1.0,0.0,Vector-led,,,,False,0.0,0.0,
Furniture > Desks > Office Desks > Table :: price_band=$200–$350,Furniture > Desks > Office Desks > Table,Furniture > Desks,1,"{""price_band"": ""$200\u2013$350""}",Any style — $200–$350,10,24,0.45402775131171574,38.27067669172932,0.5,69.33029556274414,0.6196067581140016,24,0.0,0.25,0.0,0.0,0.0,0.3333333333333333,0.0,0.0,0.25,0.4166666666666667,0.0,False,0.25675675675675674,0.6418918918918919,11.986503908395333,0.17543859649122806,0.2222222222222222,0.2163929887044793,0.7575,False,False,0.1737475356333348,-1.0,0.09845391478442904,0.24146878202346828,0.20317002881844382,True,black|clear|metallic,1.8,0.3918918918918919,0.25,0.42567567567567566,0.5170068027210885,0.6891891891891891,36.336183121897406,35.40540540540541,only 0% safe to add; largest group is OFF-BRAND (42%),0.75,0.5,Vector-led,,,,False,0.0,0.0,
"Furniture > Desks > Office Desks > Table :: price_band=$1,000+",Furniture > Desks > Office Desks > Table,Furniture > Desks,1,"{""price_band"": ""$1,000+""}","Any style — $1,000+",5,37,0.2721123772354494,51.578947368421055,0.6,78.69593048095703,4.667561488790539,37,0.6486486486486487,0.16216216216216217,0.0,0.08108108108108109,0.5675675675675675,0.16216216216216217,0.0,0.16216216216216217,0.0,0.02702702702702703,0.0,True,0.07432432432432433,0.8648648648648649,8.615344500344984,0.08771929824561403,0.3425925925925926,1.2886879690552155,1.0,False,False,0.5120109566713845,1.0,0.1053278245252808,0.28209385405750675,0.01786743515850142,True,beige/cream|black|white,1.4,0.722972972972973,0.46621621621621623,0.47297297297297297,0.54421768707483,0.20945945945945946,53.02813017098731,50.608108108108105,,0.25,0.75,Gap-led,100.0,1.0,0.03278688524590164,True,1.0,1.0,0.10069444444444442
Furniture > Desks > Office Desks > Table :: price_band=under $200,Furniture > Desks > Office Desks > Table,Furniture > Desks,1,"{""price_band"": ""under $200""}",Any style — under $200,1,29,0.37007130782576914,31.917293233082706,0.4,57.88756561279297,0.2947182820600542,29,0.0,0.13793103448275862,0.0,0.0,0.0,0.3103448275862069,0.0,0.0,0.13793103448275862,0.5517241379310345,0.0,False,0.1554054054054054,0.40540540540540543,11.245521857473477,0.017543859649122806,0.26851851851851855,2.3480202835548853,1.0,False,True,1.2623570301537266,-1.0,0.039390701621023566,0.3638837460216111,0.06484149855907784,False,black|brown/wood|clear|grey,1.0,0.9121621621621622,0.7027027027027027,0.27702702702702703,0.5986394557823129,0.31756756756756754,63.878240485383344,61.38513513513514,only 0% safe to add; largest group is OFF-BRAND (55%),0.5,1.0,Gap-led,,,,False,0.0,0.0,
"Furniture > Desks > Office Desks > Workstations :: price_band=$400–$1,250",Furniture > Desks > Office Desks > Workstations,Furniture > Desks,1,"{""price_band"": ""$400\u2013$1,250""}","Any style — $400–$1,250",12,16,0.6691452857681858,57.96992481203008,0.5,72.85174560546875,0.7142269971615576,16,0.1875,0.375,0.0,0.1875,0.0,0.3125,0.0,0.0,0.375,0.125,0.0,False,0.6554054054054054,0.6418918918918919,17.084808596677107,0.07272727272727272,0.04020100502512563,-0.599341891935041,0.0571,False,False,0.292552867696196,-1.0,0.2173205639685578,0.20386416356734235,-0.11253602305475505,True,,1.25,0.22297297297297297,0.3310810810810811,0.7162162162162162,0.47619047619047616,0.06756756756756757,29.423262548262546,27.854729729729733,38% of its competitor products substitute or undercut a Staples product,0.7083333333333334,0.08333333333333333,Vector-led,,,,False,0.0,0.0,
"Furniture > Desks > Office Desks > Workstations :: price_band=$1,250+",Furniture > Desks > Office Desks > Workstations,Furniture > Desks,1,"{""price_band"": ""$1,250+""}","Any style — $1,250+",76,23,0.44277783958237765,58.120300751879704,0.55,77.68260192871094,2.2683081500993914,23,0.6521739130434783,0.08695652173913043,0.0,0.13043478260869565,0.5217391304347826,0.13043478260869565,0.0,0.0,0.08695652173913043,0.13043478260869565,0.0,True,0.22972972972972974,0.793918918918919,10.62796922340308,0.46060606060606063,0.05778894472361809,-2.057263948215697,0.0,False,False,0.15419244611165153,1.0,0.30490000381753185,0.5426518296254528,0.18040345821325648,True,clear|green|red/pink,1.6710526315789473,0.02027027027027027,0.22297297297297297,0.8175675675675675,0.7687074829931972,0.6148648648648649,37.83128792057363,34.57770270270271,,0.125,0.16666666666666666,Weak,50.0,1.0,0.03252247488101534,False,1.0,1.0,
Furniture > Desks > Office Desks > Workstations :: price_band=$200–$400 · style_family=contemporary · colour_tone=warm-neutral,Furniture > Desks > Office Desks > Workstations,Furniture > Desks,3,"{""price_band"": ""$200\u2013$400"", ""style_family"": ""contemporary"", ""colour_tone"": ""warm-neutral""}","Contemporary — warm neutral, $200–$400",4,11,0.37281790096286294,60.526315789473685,0.0,66.49432373046875,0.3432448512006481,11,0.0,0.36363636363636365,0.0,0.0,0.0,0.45454545454545453,0.0,0.0,0.36363636363636365,0.18181818181818182,0.0,False,0.16216216216216217,0.033783783783783786,8.81192136740108,0.024242424242424242,0.02763819095477387,0.061296010059609926,0.5793,False,False,0.07816300841950778,-1.0,0.0,0.0,0.25720461095100866,True,,1.0,0.3716216216216216,0.07432432432432433,0.10135135135135136,0.1598639455782313,0.8175675675675675,24.171607832322117,26.739864864864867,36% of its competitor products substitute or undercut a Staples product,0.0,0.0,Weak,,,,False,0.0,0.0,
"Furniture > Desks > Office Desks > Workstations :: price_band=$400–$1,250 · style_family=contemporary",Furniture > Desks > Office Desks > Workstations,Furniture > Desks,2,"{""price_band"": ""$400\u2013$1,250"", ""style_family"": ""contemporary""}","Contemporary — $400–$1,250",54,13,0.7592922908632102,45.6390977443609,0.25,70.20752716064453,0.5696148052506994,13,0.07692307692307693,0.3076923076923077,0.0,0.0,0.07692307692307693,0.38461538461538464,0.0,0.0,0.3076923076923077,0.23076923076923078,0.0,False,0.831081081081081,0.15878378378378377,16.40372737224643,0.32727272727272727,0.032663316582914576,-2.272484644758135,0.0,False,False,0.4583753066485494,-1.0,0.16838601616538343,0.0,0.1968299711815562,True,blue|red/pink,1.4259259259259258,0.013513513513513514,0.4391891891891892,0.6418918918918919,0.1598639455782313,0.6621621621621622,30.979040264754552,37.29729729729729,31% of its competitor products substitute or undercut a Staples product,0.625,0.125,Weak,,,,False,0.0,0.0,
"Furniture > Desks > Office Desks > Workstations :: price_band=$400–$1,250 · style_family=modern",Furniture > Desks > Office Desks > Workstations,Furniture > Desks,2,"{""price_band"": ""$400\u2013$1,250"", ""style_family"": ""modern""}","Modern — $400–$1,250",3,23,0.7491506770293697,49.02255639097744,0.25,67.18955993652344,0.7256588612187826,23,0.13043478260869565,0.30434782608695654,0.0,0.13043478260869565,0.0,0.5652173913043478,0.0,0.13043478260869565,0.17391304347826086,0.0,0.0,False,0.8175675675675675,0.15878378378378377,18.19893465297926,0.01818181818181818,0.05778894472361809,1.027263824121425,0.9855,False,False,0.3027875034908549,1.0,0.09328462323031236,0.0,0.09827089337175793,True,black|clear|metallic,2.6666666666666665,0.6283783783783784,0.34459459459459457,0.4189189189189189,0.1598639455782313,0.3918918918918919,43.44525648097077,46.824324324324316,30% of its competitor products substitute or undercut a Staples product,0.8333333333333334,0.2916666666666667,Vector-led,,,,False,0.0,0.0,
"Furniture > Desks > Office Desks > Workstations :: price_band=$400–$1,250 · style_family=modern · colour_tone=warm-neutral",Furniture > Desks > Office Desks > Workstations,Furniture > Desks,3,"{""price_band"": ""$400\u2013$1,250"", ""style_family"": ""modern"", ""colour_tone"": ""warm-neutral""}","Modern — warm neutral, $400–$1,250",3,9,0.379123584441162,47.27443609022557,0.5,64.9019775390625,0.5632133702686238,9,0.0,0.3333333333333333,0.0,0.0,0.0,0.4444444444444444,0.0,0.1111111111111111,0.2222222222222222,0.2222222222222222,0.0,False,0.16891891891891891,0.6418918918918919,13.277925673579567,0.01818181818181818,0.022613065326633167,0.12155520157780686,0.6134,False,False,0.27141010342803473,1.0,0.0,0.0,0.18645533141210377,True,,2.6666666666666665,0.38513513513513514,0.3108108108108108,0.10135135135135136,0.1598639455782313,0.6283783783783784,26.2999862107005,29.104729729729726,33% of its competitor products substitute or undercut a Staples product,0.3333333333333333,0.041666666666666664,Weak,,,,False,0.0,0.0,
Furniture > Desks > Office Desks > Workstations :: price_band=$200–$400 · style_family=contemporary,Furniture > Desks > Office Desks > Workstations,Furniture > Desks,2,"{""price_band"": ""$200\u2013$400"", ""style_family"": ""contemporary""}",Contemporary — $200–$400,1,16,0.6736366339544742,58.05451127819549,0.5,71.9762954711914,0.39274860275562373,16,0.0,0.625,0.0,0.0,0.0,0.25,0.0,0.0,0.625,0.125,0.0,False,0.668918918918919,0.6418918918918919,17.813268353208922,0.006060606060606061,0.04020100502512563,1.5209216442650502,0.9919,False,True,1.3328684030377829,-1.0,0.28910526396642505,0.017538544586196,0.0033141210374639796,False,beige/cream|black|clear|metallic,2.0,0.7635135135135135,0.75,0.7972972972972973,0.3401360544217687,0.1891891891891892,61.622311086596795,65.2027027027027,62% of its competitor products substitute or undercut a Staples product,0.75,0.3333333333333333,Vector-led,,,,False,0.0,0.0,
"Furniture > Desks > Office Desks > Workstations :: price_band=$1,250+ · style_family=modern",Furniture > Desks > Office Desks > Workstations,Furniture > Desks,2,"{""price_band"": ""$1,250+"", ""style_family"": ""modern""}","Modern — $1,250+",3,26,0.6023083751275345,51.44736842105263,0.225,72.05193328857422,2.159955475294937,26,0.3076923076923077,0.38461538461538464,0.0,0.07692307692307693,0.23076923076923078,0.2692307692307692,0.0,0.38461538461538464,0.0,0.038461538461538464,0.0,False,0.5135135135135135,0.10135135135135136,11.479976506294259,0.01818181818181818,0.06532663316582915,1.1474081359634882,0.9931,False,False,0.3020621534535896,1.0,0.09251104310280023,0.0,0.034293948126801144,True,beige/cream|green,1.3333333333333333,0.6756756756756757,0.33783783783783783,0.39864864864864863,0.1598639455782313,0.25675675675675674,42.634445670159955,45.2027027027027,38% of its competitor products substitute or undercut a Staples product,0.16666666666666666,0.25,Weak,,,,False,0.0,0.0,
Furniture > Desks > Office Desks > Workstations :: price_band=$200–$400 · style_family=industrial,Furniture > Desks > Office Desks > Workstations,Furniture > Desks,2,"{""price_band"": ""$200\u2013$400"", ""style_family"": ""industrial""}",Industrial — $200–$400,1,10,0.690682800618306,60.97431077694236,0.5,77.28754043579102,0.37526237540401014,10,0.0,0.7,0.0,0.0,0.0,0.2,0.0,0.0,0.7,0.1,0.0,False,0.6959459459459459,0.6418918918918919,14.912355484005106,0.006060606060606061,0.02512562814070352,1.0689365205219932,0.94325,False,True,1.4081978475414056,-1.0,0.15395404338807744,0.662162003682939,-0.14164265129682996,False,black|brown/wood|white,1.0,0.6385135135135135,0.777027027027027,0.6216216216216216,0.9455782312925171,0.02702702702702703,61.80191671263099,54.74662162162161,70% of its competitor products substitute or undercut a Staples product,0.5,0.375,Weak,,,,False,0.0,0.0,
Furniture > Desks > Office Desks > Workstations :: price_band=under $200 · style_family=modern,Furniture > Desks > Office Desks > Workstations,Furniture > Desks,2,"{""price_band"": ""under $200"", ""style_family"": ""modern""}",Modern — under $200,3,20,0.31526727354099926,55.81766917293233,0.5,75.31937408447266,0.17783159871613813,20,0.05,0.65,0.0,0.05,0.0,0.1,0.0,0.0,0.65,0.2,0.0,False,0.10135135135135136,0.6418918918918919,9.219055107431036,0.01818181818181818,0.05025125628140704,0.8906882891156743,0.9677,False,False,0.3052594454314797,-1.0,0.01049100692102603,0.0,0.17089337175792507,True,beige/cream|metallic,1.0,0.5878378378378378,0.35135135135135137,0.21621621621621623,0.1598639455782313,0.5878378378378378,42.06012134583563,45.439189189189186,65% of its competitor products substitute or undercut a Staples product,0.041666666666666664,0.20833333333333334,Weak,,,,False,0.0,0.0,
Furniture > Desks > Office Desks > Workstations :: price_band=$200–$400,Furniture > Desks > Office Desks > Workstations,Furniture > Desks,1,"{""price_band"": ""$200\u2013$400""}",Any style — $200–$400,2,35,0.6270440086834812,47.443609022556394,0.6,69.03446960449219,0.30908044061273654,35,0.0,0.45714285714285713,0.0,0.0,0.0,0.2857142857142857,0.0,0.0,0.45714285714285713,0.2571428571428571,0.0,False,0.5608108108108109,0.8648648648648649,18.917211260757803,0.012121212121212121,0.08793969849246232,1.776268336073895,1.0,False,True,1.5079984900464531,-1.0,0.13588250177709316,0.6474297490378591,0.10230547550432276,False,beige/cream|black|red/pink|white,1.0,0.7837837837837838,0.8716216216216216,0.5878378378378378,0.9251700680272109,0.41216216216216217,73.74241588527302,69.22297297297297,46% of its competitor products substitute or undercut a Staples product,0.9166666666666666,0.5833333333333334,Vector-led,,,,False,0.0,0.0,
Furniture > Desks > Office Desks > Workstations :: price_band=under $200 · style_family=industrial,Furniture > Desks > Office Desks > Workstations,Furniture > Desks,2,"{""price_band"": ""under $200"", ""style_family"": ""industrial""}",Industrial — under $200,1,11,0.4995703729163086,56.35338345864662,0.6,77.31785583496094,0.14633105281771727,11,0.0,0.5454545454545454,0.0,0.0,0.0,0.36363636363636365,0.0,0.0,0.5454545454545454,0.09090909090909091,0.0,False,0.3108108108108108,0.8648648648648649,11.911329118914296,0.006060606060606061,0.02763819095477387,1.1599082987277198,0.9584,False,True,2.070056575896517,-1.0,0.075545519829989,0.6739662526181907,-0.05389048991354467,False,brown/wood|grey|metallic|white,1.0,0.7027027027027027,0.9662162162162162,0.34459459459459457,0.9591836734693877,0.11486486486486487,65.19856591285162,57.939189189189186,55% of its competitor products substitute or undercut a Staples product,0.2916666666666667,0.4166666666666667,Weak,,,,False,0.0,0.0,
Furniture > Desks > Office Desks > Workstations :: price_band=$200–$400 · style_family=gaming,Furniture > Desks > Office Desks > Workstations,Furniture > Desks,2,"{""price_band"": ""$200\u2013$400"", ""style_family"": ""gaming""}",Gaming — $200–$400,1,14,0.7142495525886859,32.418546365914786,0.3666666666666667,71.2710189819336,0.2931239176752819,14,0.0,0.35714285714285715,0.0,0.0,0.0,0.07142857142857142,0.0,0.0,0.35714285714285715,0.5714285714285714,0.0,False,0.7432432432432432,0.3344594594594595,14.804904737193466,0.006060606060606061,0.035175879396984924,1.391709912785044,0.98505,False,True,1.4372926272806439,-1.0,0.21524949092319184,0.7031281308470938,-0.05129682997118154,False,black|brown/wood|grey|white,1.0,0.7297297297297297,0.8108108108108109,0.7094594594594594,0.9761904761904762,0.12162162162162163,68.86583011583011,62.43243243243243,36% of its competitor products substitute or undercut a Staples product,0.4583333333333333,0.5416666666666666,Weak,,,,False,0.0,0.0,
Furniture > Desks > Office Desks > Workstations :: price_band=under $200 · style_family=minimalist,Furniture > Desks > Office Desks > Workstations,Furniture > Desks,2,"{""price_band"": ""under $200"", ""style_family"": ""minimalist""}",Minimalist — under $200,1,10,0.791737504250255,51.475563909774436,0.5,73.3692855834961,0.23229981491786078,10,0.0,0.6,0.0,0.0,0.0,0.3,0.0,0.0,0.6,0.1,0.0,False,0.8648648648648649,0.6418918918918919,18.750389191827697,0.006060606060606061,0.02512562814070352,1.0689365205219932,0.9424,False,True,2.0061616422107957,-1.0,0.2271097755733571,0.662162003682939,0.20734870317002882,False,brown/wood|white|yellow/orange,1.0,0.6385135135135135,0.9594594594594594,0.7364864864864865,0.9455782312925171,0.7094594594594594,77.41002482073911,75.25337837837837,60% of its competitor products substitute or undercut a Staples product,0.875,0.6666666666666666,Strong,,,,False,0.0,0.0,
"Furniture > Desks > Office Desks > Workstations :: price_band=$1,250+ · style_family=minimalist",Furniture > Desks > Office Desks > Workstations,Furniture > Desks,2,"{""price_band"": ""$1,250+"", ""style_family"": ""minimalist""}","Minimalist — $1,250+",0,14,0.5530650823656494,63.984962406015036,0.6333333333333333,83.14113998413086,2.208149521124864,14,0.5714285714285714,0.21428571428571427,0.0,0.21428571428571427,0.35714285714285715,0.14285714285714285,0.0,0.07142857142857142,0.14285714285714285,0.07142857142857142,0.0,True,0.3918918918918919,0.902027027027027,10.011010163807573,0.0,0.035175879396984924,2.4903222014531536,0.99855,True,True,0.7344737668958419,1.0,0.1124548790873003,0.7031281308470939,0.13429394812680115,False,beige/cream|black|brown/wood|clear|grey|white,,0.9425675675675675,0.5472972972972973,0.5,0.9863945578231292,0.5067567567567568,73.83308052950909,66.80743243243244,,0.08333333333333333,0.625,Weak,50.0,2.0,0.03252247488101534,False,1.0,1.0,
Furniture > Desks > Office Desks > Workstations :: price_band=$200–$400 · style_family=modern,Furniture > Desks > Office Desks > Workstations,Furniture > Desks,2,"{""price_band"": ""$200\u2013$400"", ""style_family"": ""modern""}",Modern — $200–$400,0,20,0.6215763680717192,47.274436090225564,0.45,67.83794403076172,0.3322700287345409,20,0.0,0.45,0.0,0.0,0.0,0.4,0.0,0.0,0.45,0.15,0.0,False,0.5540540540540541,0.4864864864864865,16.491713453419592,0.0,0.05025125628140704,2.8365984381709874,0.9999,True,True,1.4352206748656975,-1.0,0.17202834355642133,0.6271405101790801,0.1900576368876081,False,beige/cream|black|grey|multi/pattern|white,,0.9797297297297297,0.8040540540540541,0.6486486486486487,0.9115646258503401,0.6351351351351351,83.30184776613348,80.06756756756756,45% of its competitor products substitute or undercut a Staples product,0.6666666666666666,0.7916666666666666,Strong,,,,False,0.0,0.0,
Furniture > Desks > Office Desks > Workstations :: price_band=under $200 · style_family=gaming · colour_tone=warm-neutral,Furniture > Desks > Office Desks > Workstations,Furniture > Desks,3,"{""price_band"": ""under $200"", ""style_family"": ""gaming"", ""colour_tone"": ""warm-neutral""}","Gaming — warm neutral, under $200",0,14,0.8361468664275163,31.80451127819549,0.25,67.51797485351562,0.23297479861165724,14,0.0,0.2857142857142857,0.0,0.0,0.0,0.0,0.0,0.0,0.2857142857142857,0.7142857142857143,0.0,False,0.918918918918919,0.15878378378378377,17.820385864116727,0.0,0.035175879396984924,2.4903222014531536,0.99825,True,True,2.151843248402989,-1.0,0.4313569342505522,0.7031281308470938,0.19654178674351583,False,brown/wood,,0.9425675675675675,0.9864864864864865,0.9054054054054054,0.9761904761904762,0.6554054054054054,90.7746138996139,88.86824324324324,only 0% safe to add; largest group is OFF-BRAND (71%),0.7916666666666666,1.0,Strong,,,,False,0.0,0.0,
Furniture > Desks > Office Desks > Workstations :: price_band=under $200 · style_family=gaming · colour_tone=dark-neutral,Furniture > Desks > Office Desks > Workstations,Furniture > Desks,3,"{""price_band"": ""under $200"", ""style_family"": ""gaming"", ""colour_tone"": ""dark-neutral""}","Gaming — dark neutral, under $200",0,10,0.5745210071857219,31.395363408521305,0.45,62.45105743408203,0.16298325966519328,10,0.0,0.1,0.0,0.0,0.0,0.3,0.0,0.0,0.1,0.6,0.0,False,0.46621621621621623,0.4864864864864865,15.981018044133176,0.0,0.02512562814070352,2.1675488091901025,0.9939,True,True,2.252217775634981,-1.0,0.5675571231610133,0.662162003682939,-0.1909221902017291,False,black,,0.8614864864864865,1.0,0.9932432432432432,0.9455782312925171,0.006756756756756757,79.3357004964148,75.15202702702702,only 0% safe to add; largest group is OFF-BRAND (60%),0.5833333333333334,0.7083333333333334,Gap-led,,,,False,0.0,0.0,
Furniture > Desks > Office Desks > Workstations :: price_band=$200–$400 · style_family=contemporary · colour_tone=light-neutral,Furniture > Desks > Office Desks > Workstations,Furniture > Desks,3,"{""price_band"": ""$200\u2013$400"", ""style_family"": ""contemporary"", ""colour_tone"": ""light-neutral""}","Contemporary — light neutral, $200–$400",0,11,0.6204084511133326,57.38095238095238,0.25,74.9019775390625,0.27847187939087836,11,0.0,0.6363636363636364,0.0,0.0,0.0,0.18181818181818182,0.0,0.0,0.6363636363636364,0.18181818181818182,0.0,False,0.5472972972972973,0.15878378378378377,11.497970975190974,0.0,0.02763819095477387,2.258520587395829,0.99465,True,True,1.5242933040162454,-1.0,0.29656135790032256,0.01651889203200642,-0.018731988472622474,False,beige/cream|clear|white,,0.8851351351351351,0.8986486486486487,0.8108108108108109,0.3333333333333333,0.16216216216216217,68.54729729729729,72.9054054054054,64% of its competitor products substitute or undercut a Staples product,0.20833333333333334,0.5,Weak,,,,False,0.0,0.0,
Furniture > Desks > Office Desks > Workstations :: price_band=under $200,Furniture > Desks > Office Desks > Workstations,Furniture > Desks,1,"{""price_band"": ""under $200""}",Any style — under $200,0,27,0.7406976852987555,45.300751879699256,0.3333333333333333,74.90196228027344,0.20374004675058438,27,0.0,0.5555555555555556,0.0,0.0,0.0,0.25925925925925924,0.0,0.0,0.5555555555555556,0.18518518518518517,0.0,False,0.7905405405405406,0.28040540540540543,14.098743636102798,0.0,0.0678391959798995,3.1303595566991507,1.0,True,True,2.1494989543876,-1.0,0.24141961607049686,0.6590609003106356,0.19596541786743518,False,beige/cream|black|blue|brown/wood|white,,0.9932432432432432,0.9797297297297297,0.75,0.9319727891156463,0.6486486486486487,89.31742967457254,87.22972972972973,56% of its competitor products substitute or undercut a Staples product,0.4166666666666667,0.9166666666666666,Gap-led,,,,False,0.0,0.0,
Furniture > Desks > Office Desks > Workstations :: price_band=under $200 · style_family=gaming,Furniture > Desks > Office Desks > Workstations,Furniture > Desks,2,"{""price_band"": ""under $200"", ""style_family"": ""gaming""}",Gaming — under $200,0,13,0.7036800472444656,31.80451127819549,0.4,70.42676544189453,0.22757732847503995,13,0.0,0.3076923076923077,0.0,0.0,0.0,0.15384615384615385,0.0,0.0,0.3076923076923077,0.5384615384615384,0.0,False,0.7297297297297297,0.40540540540540543,15.530184909996521,0.0,0.032663316582914576,2.4188632374710086,0.99745,True,True,1.9000375037982087,-1.0,0.29386962537267075,0.694293925122017,-0.023342939481268005,False,beige/cream|metallic|white,,0.9256756756756757,0.9527027027027027,0.8040540540540541,0.9659863945578231,0.14864864864864866,80.23303916161059,75.27027027027027,31% of its competitor products substitute or undercut a Staples product,0.5416666666666666,0.75,Gap-led,,,,False,0.0,0.0,
Furniture > Desks > Office Desks > Workstations :: price_band=under $200 · style_family=contemporary,Furniture > Desks > Office Desks > Workstations,Furniture > Desks,2,"{""price_band"": ""under $200"", ""style_family"": ""contemporary""}",Contemporary — under $200,0,18,0.633067179050667,53.30827067669173,0.41666666666666663,74.88447189331055,0.18919197118682313,18,0.0,0.5555555555555556,0.0,0.0,0.0,0.2777777777777778,0.0,0.0,0.5555555555555556,0.16666666666666666,0.0,False,0.5878378378378378,0.4594594594594595,13.545223835759279,0.0,0.04522613065326633,2.733944284110904,0.9998,True,True,2.1424553436434257,-1.0,0.09296211151704489,0.019060020089723337,-0.02146974063400578,False,black|brown/wood|grey|metallic|white,,0.972972972972973,0.972972972972973,0.41216216216216217,0.3469387755102041,0.1554054054054054,67.23110865968009,69.72972972972974,56% of its competitor products substitute or undercut a Staples product,0.375,0.4583333333333333,Weak,,,,False,0.0,0.0,
Furniture > Desks > Office Desks > Workstations :: price_band=$200–$400 · style_family=modern · colour_tone=warm-neutral,Furniture > Desks > Office Desks > Workstations,Furniture > Desks,3,"{""price_band"": ""$200\u2013$400"", ""style_family"": ""modern"", ""colour_tone"": ""warm-neutral""}","Modern — warm neutral, $200–$400",0,10,0.3458687521251275,59.116541353383454,0.5,70.77489852905273,0.27644102347548316,10,0.0,0.6,0.0,0.0,0.0,0.4,0.0,0.0,0.6,0.0,0.0,False,0.12837837837837837,0.6418918918918919,11.561241688124655,0.0,0.02512562814070352,2.1675488091901025,0.993,True,True,1.566794001094398,-1.0,0.39313744877021134,0.5603252361567664,0.22968299711815562,False,beige/cream|brown/wood|white,,0.8614864864864865,0.9324324324324325,0.8851351351351351,0.8231292517006803,0.7702702702702703,85.97869553226695,86.57094594594594,60% of its competitor products substitute or undercut a Staples product,0.25,0.8333333333333334,Gap-led,,,,False,0.0,0.0,
Furniture > Desks > Office Desks > Workstations :: price_band=$200–$400 · style_family=farmhouse/rustic,Furniture > Desks > Office Desks > Workstations,Furniture > Desks,2,"{""price_band"": ""$200\u2013$400"", ""style_family"": ""farmhouse/rustic""}",Farmhouse/rustic — $200–$400,0,12,0.8104335657619509,42.76315789473685,0.55,66.04576873779297,0.3075624925836643,12,0.0,0.08333333333333333,0.0,0.0,0.0,0.6666666666666666,0.0,0.0,0.08333333333333333,0.25,0.0,False,0.8851351351351351,0.793918918918919,24.619534486591565,0.0,0.03015075376884422,2.3419021963348805,0.99655,True,True,1.502183015858879,-1.0,0.23401465756283862,0.7090831381982452,0.49063400576368876,False,beige/cream|black|brown/wood,,0.902027027027027,0.8581081081081081,0.7432432432432432,0.9931972789115646,0.9864864864864865,89.57701323772753,87.61824324324324,only 0% safe to add; largest group is REVIEW (67%),1.0,0.9583333333333334,Strong,,,,False,0.0,0.0,
Furniture > Desks > Office Desks > Workstations :: price_band=under $200 · style_family=modern · colour_tone=light-neutral,Furniture > Desks > Office Desks > Workstations,Furniture > Desks,3,"{""price_band"": ""under $200"", ""style_family"": ""modern"", ""colour_tone"": ""light-neutral""}","Modern — light neutral, under $200",0,12,0.8921713441654356,42.59586466165413,0.45,68.77088165283203,0.1703737520584751,12,0.0,0.4166666666666667,0.0,0.0,0.0,0.25,0.0,0.0,0.4166666666666667,0.3333333333333333,0.0,False,0.9662162162162162,0.4864864864864865,21.36716616537842,0.0,0.03015075376884422,2.3419021963348805,0.99695,True,True,2.196205559107094,-1.0,0.3050544727611446,0.5785312388010442,0.23112391930835738,False,beige/cream|white,,0.902027027027027,0.9932432432432432,0.8243243243243243,0.8775510204081632,0.7837837837837838,88.72069773855489,88.56418918918918,42% of its competitor products substitute or undercut a Staples product,0.9583333333333334,0.875,Strong,,,,False,0.0,0.0,
Furniture > Desks > Sit & Stand Desks :: price_band=$175–$300 · colour_tone=light-neutral,Furniture > Desks > Sit & Stand Desks,Furniture > Desks,2,"{""price_band"": ""$175\u2013$300"", ""colour_tone"": ""light-neutral""}","Any style — light neutral, $175–$300",9,20,0.3453900630117785,40.45112781954887,0.25,81.30059432983398,0.3439890581757224,20,0.0,0.65,0.0,0.0,0.0,0.1,0.0,0.0,0.65,0.25,0.0,False,0.12162162162162163,0.15878378378378377,4.034940161879434,0.03643724696356275,0.057971014492753624,0.4361230586451253,0.88355,False,False,0.02584397891898806,-1.0,0.0,0.1320540375218955,0.15893371757925068,True,,1.4444444444444444,0.4831081081081081,0.0,0.10135135135135136,0.3945578231292517,0.5608108108108109,24.3051916712631,21.697635135135133,65% of its competitor products substitute or undercut a Staples product,0.21052631578947367,0.3684210526315789,Weak,,,,False,0.0,0.0,
Furniture > Desks > Sit & Stand Desks :: price_band=$175–$300 · colour_tone=dark-neutral,Furniture > Desks > Sit & Stand Desks,Furniture > Desks,2,"{""price_band"": ""$175\u2013$300"", ""colour_tone"": ""dark-neutral""}","Any style — dark neutral, $175–$300",37,23,0.23354237186195598,47.330827067669176,0.0,76.60248565673828,0.36249203115038936,23,0.0,0.5652173913043478,0.0,0.0,0.0,0.13043478260869565,0.0,0.13043478260869565,0.43478260869565216,0.2608695652173913,0.043478260869565216,False,0.033783783783783786,0.033783783783783786,3.875590711538202,0.14979757085020243,0.06666666666666667,-0.8003505407189941,0.00065,False,False,0.04048297059470593,1.0,0.0,0.2507577260373095,0.014697406340057617,True,navy,1.1081081081081081,0.16891891891891891,0.013513513513513514,0.10135135135135136,0.5306122448979592,0.20270270270270271,15.746345835631551,9.375,57% of its competitor products substitute or undercut a Staples product,0.15789473684210525,0.0,Weak,,,,False,0.0,0.0,
Furniture > Desks > Sit & Stand Desks :: price_band=$300–$600 · colour_tone=light-neutral · style_family=modern,Furniture > Desks > Sit & Stand Desks,Furniture > Desks,3,"{""price_band"": ""$300\u2013$600"", ""colour_tone"": ""light-neutral"", ""style_family"": ""modern""}","Modern — light neutral, $300–$600",5,5,0.27103694874851014,44.90601503759399,0.6,80.47590637207031,0.6635017930772998,5,0.0,0.6,0.0,0.0,0.0,0.2,0.0,0.2,0.4,0.2,0.0,False,0.06756756756756757,0.8648648648648649,7.4453113573659975,0.020242914979757085,0.014492753623188406,-0.3330100288927423,0.28775,False,False,0.13078251706301067,-1.0,0.0,0.0,0.23025936599423635,True,beige/cream|brown/wood,1.0,0.28378378378378377,0.18243243243243243,0.10135135135135136,0.1598639455782313,0.777027027027027,24.188499724214008,27.094594594594597,60% of its competitor products substitute or undercut a Staples product,0.6842105263157895,0.3157894736842105,Vector-led,,,,False,0.0,0.0,
Furniture > Desks > Sit & Stand Desks :: price_band=under $175 · colour_tone=light-neutral · style_family=contemporary,Furniture > Desks > Sit & Stand Desks,Furniture > Desks,3,"{""price_band"": ""under $175"", ""colour_tone"": ""light-neutral"", ""style_family"": ""contemporary""}","Contemporary — light neutral, under $175",3,7,0.25999908396718374,39.51127819548872,0.0,66.60247802734375,0.36229573535273013,7,0.0,0.2857142857142857,0.0,0.0,0.0,0.2857142857142857,0.0,0.0,0.2857142857142857,0.42857142857142855,0.0,False,0.05405405405405406,0.033783783783783786,5.053182166505941,0.012145748987854251,0.020289855072463767,0.42913002315415466,0.76685,False,False,0.07361106181588213,-1.0,0.0,0.0,0.09798270893371752,True,beige/cream,1.6666666666666667,0.46283783783783783,0.05405405405405406,0.10135135135135136,0.1598639455782313,0.38513513513513514,18.87599972421401,19.180743243243242,only 0% safe to add; largest group is OFF-BRAND (43%),0.3157894736842105,0.10526315789473684,Weak,,,,False,0.0,0.0,
Furniture > Desks > Sit & Stand Desks :: price_band=$300–$600 · colour_tone=dark-neutral,Furniture > Desks > Sit & Stand Desks,Furniture > Desks,2,"{""price_band"": ""$300\u2013$600"", ""colour_tone"": ""dark-neutral""}","Any style — dark neutral, $300–$600",25,15,0.13605330743996472,44.3421052631579,0.0,70.32853698730469,0.6038998204030078,15,0.0,0.26666666666666666,0.0,0.0,0.0,0.4,0.0,0.06666666666666667,0.2,0.3333333333333333,0.0,False,0.02027027027027027,0.033783783783783786,4.468340839966601,0.10121457489878542,0.043478260869565216,-0.8308484571319218,0.00295,False,False,0.07518075272148529,-1.0,0.0,0.2822888665213244,0.09481268011527377,True,,1.2,0.16216216216216217,0.06756756756756757,0.10135135135135136,0.5510204081632653,0.3783783783783784,19.650441257584113,14.121621621621621,only 0% safe to add; largest group is REVIEW (40%),0.2631578947368421,0.21052631578947367,Weak,,,,False,0.0,0.0,
Furniture > Desks > Sit & Stand Desks :: price_band=$300–$600 · colour_tone=warm-neutral,Furniture > Desks > Sit & Stand Desks,Furniture > Desks,2,"{""price_band"": ""$300\u2013$600"", ""colour_tone"": ""warm-neutral""}","Any style — warm neutral, $300–$600",10,14,0.464878977721456,50.40413533834587,0.125,75.85844802856445,0.5866518445389732,14,0.0,0.6428571428571429,0.0,0.0,0.0,0.14285714285714285,0.0,0.14285714285714285,0.5,0.21428571428571427,0.0,False,0.2702702702702703,0.0777027027027027,7.055602816671066,0.04048582995951417,0.04057971014492753,-0.010236636629690968,0.49785,False,False,0.24037306348025061,-1.0,0.0,0.1350306752785121,0.1018731988472622,True,,1.8,0.35135135135135137,0.2905405405405405,0.10135135135135136,0.4013605442176871,0.40540540540540543,25.58121897407612,23.5472972972973,64% of its competitor products substitute or undercut a Staples product,0.5789473684210527,0.47368421052631576,Weak,,,,False,0.0,0.0,
Furniture > Desks > Sit & Stand Desks :: price_band=under $175 · colour_tone=dark-neutral · style_family=contemporary,Furniture > Desks > Sit & Stand Desks,Furniture > Desks,3,"{""price_band"": ""under $175"", ""colour_tone"": ""dark-neutral"", ""style_family"": ""contemporary""}","Contemporary — dark neutral, under $175",3,7,0.03555302826672605,55.338345864661655,0.2,87.38285827636719,0.22587020529988305,7,0.0,0.8571428571428571,0.0,0.0,0.0,0.14285714285714285,0.0,0.0,0.8571428571428571,0.0,0.0,False,0.0,0.09121621621621621,2.3823572394509203,0.012145748987854251,0.020289855072463767,0.42913002315415466,0.76825,False,False,0.09097220355574742,-1.0,0.0,0.0,0.07060518731988469,True,,2.0,0.46283783783783783,0.11486486486486487,0.10135135135135136,0.1598639455782313,0.3310810810810811,19.281405129619415,19.619932432432428,86% of its competitor products substitute or undercut a Staples product,0.0,0.15789473684210525,Weak,,,,False,0.0,0.0,
Furniture > Desks > Sit & Stand Desks :: price_band=$600+ · colour_tone=dark-neutral,Furniture > Desks > Sit & Stand Desks,Furniture > Desks,2,"{""price_band"": ""$600+"", ""colour_tone"": ""dark-neutral""}","Any style — dark neutral, $600+",24,15,0.11762135016745215,41.203007518796994,0.3333333333333333,74.34222412109375,1.9189251278724855,15,0.2,0.13333333333333333,0.0,0.06666666666666667,0.13333333333333333,0.13333333333333333,0.0,0.13333333333333333,0.0,0.4666666666666667,0.06666666666666667,False,0.013513513513513514,0.28040540540540543,5.126204374623819,0.09716599190283401,0.043478260869565216,-0.7908431225182224,0.005,False,False,0.4889094649630691,1.0,0.0,0.17758821443924727,0.14178674351585013,True,,1.375,0.18243243243243243,0.4527027027027027,0.10135135135135136,0.4557823129251701,0.5202702702702703,28.4076806398235,26.942567567567565,only 20% safe to add; largest group is OFF-BRAND (47%),0.42105263157894735,0.5789473684210527,Weak,,,,False,0.0,0.0,
Furniture > Desks > Sit & Stand Desks :: price_band=$175–$300 · colour_tone=warm-neutral,Furniture > Desks > Sit & Stand Desks,Furniture > Desks,2,"{""price_band"": ""$175\u2013$300"", ""colour_tone"": ""warm-neutral""}","Any style — warm neutral, $175–$300",5,33,0.5230019662319664,47.16165413533835,0.25,79.59198760986328,0.3473326886261817,33,0.030303030303030304,0.6666666666666666,0.0,0.030303030303030304,0.0,0.06060606060606061,0.0,0.0,0.6666666666666666,0.24242424242424243,0.0,False,0.33783783783783783,0.15878378378378377,6.8001116737062635,0.020242914979757085,0.09565217391304348,1.4737873176998533,0.99995,False,True,0.06822526599570239,-1.0,0.0,0.20976653483128527,0.029971181556195936,True,beige/cream|white,1.4,0.75,0.033783783783783786,0.10135135135135136,0.48299319727891155,0.24324324324324326,39.33949255377826,33.986486486486484,67% of its competitor products substitute or undercut a Staples product,0.5263157894736842,0.7894736842105263,Gap-led,,,,False,0.0,0.0,
Furniture > Desks > Sit & Stand Desks :: price_band=$175–$300,Furniture > Desks > Sit & Stand Desks,Furniture > Desks,1,"{""price_band"": ""$175\u2013$300""}",Any style — $175–$300,9,20,0.5993219472521363,36.9172932330827,0.0,79.48742294311523,0.7394273170421605,20,0.0,0.5,0.0,0.0,0.0,0.15,0.0,0.15,0.35,0.35,0.0,False,0.5,0.033783783783783786,7.06038442135923,0.03643724696356275,0.057971014492753624,0.4361230586451253,0.8888,False,False,0.085599436936409,-1.0,0.018790976295781185,0.008886537000839446,0.09164265129683002,True,,1.0,0.4831081081081081,0.10135135135135136,0.23648648648648649,0.32653061224489793,0.3716216216216216,24.500999724214008,23.150337837837835,50% of its competitor products substitute or undercut a Staples product,0.631578947368421,0.42105263157894735,Weak,,,,False,0.0,0.0,
Furniture > Desks > Sit & Stand Desks :: price_band=$300–$600 · colour_tone=light-neutral,Furniture > Desks > Sit & Stand Desks,Furniture > Desks,2,"{""price_band"": ""$300\u2013$600"", ""colour_tone"": ""light-neutral""}","Any style — light neutral, $300–$600",13,15,0.44818327681417963,45.6390977443609,0.3333333333333333,80.73351287841797,0.9193535379602897,15,0.2,0.4666666666666667,0.0,0.2,0.0,0.06666666666666667,0.0,0.2,0.26666666666666666,0.26666666666666666,0.0,False,0.24324324324324326,0.28040540540540543,6.0974213158243735,0.05263157894736842,0.043478260869565216,-0.19485969041192494,0.3002,False,False,0.08516912405289885,-1.0,0.0,0.10294363353064084,0.02824207492795383,True,,1.3846153846153846,0.32432432432432434,0.0945945945945946,0.10135135135135136,0.3673469387755102,0.23648648648648649,18.145339216767788,14.797297297297296,47% of its competitor products substitute or undercut a Staples product,0.47368421052631576,0.05263157894736842,Weak,,,,False,0.0,0.0,
Furniture > Desks > Sit & Stand Desks :: price_band=under $175 · colour_tone=warm-neutral,Furniture > Desks > Sit & Stand Desks,Furniture > Desks,2,"{""price_band"": ""under $175"", ""colour_tone"": ""warm-neutral""}","Any style — warm neutral, under $175",2,32,0.755735017427708,46.55075187969925,0.3333333333333333,76.61044311523438,0.2742849836970387,32,0.0,0.71875,0.0,0.0,0.0,0.09375,0.0,0.0,0.71875,0.1875,0.0,False,0.8243243243243243,0.28040540540540543,13.582305226363783,0.008097165991902834,0.0927536231884058,2.2319393285687945,1.0,False,True,1.5141613544626278,-1.0,0.42445016423467474,0.30393624485723136,0.3546109510086456,False,,1.5,0.8783783783783784,0.8918918918918919,0.8918918918918919,0.5578231292517006,0.8783783783783784,83.50248207391064,88.44594594594595,72% of its competitor products substitute or undercut a Staples product,0.9473684210526315,0.9473684210526315,Strong,,,,False,0.0,0.0,
Furniture > Desks > Sit & Stand Desks :: price_band=$600+,Furniture > Desks > Sit & Stand Desks,Furniture > Desks,1,"{""price_band"": ""$600+""}",Any style — $600+,41,15,0.30804235624928505,40.789473684210535,0.5,70.30779266357422,1.6933425779010387,15,0.6,0.0,0.0,0.3333333333333333,0.26666666666666666,0.13333333333333333,0.0,0.0,0.0,0.26666666666666666,0.0,True,0.08783783783783784,0.6418918918918919,9.571829996610944,0.1659919028340081,0.043478260869565216,-1.3178634322041938,0.0,False,False,0.36284126673024375,1.0,0.014974056282683446,0.17751490974947182,0.19077809798270895,True,,1.3170731707317074,0.07432432432432433,0.41216216216216217,0.22297297297297297,0.4489795918367347,0.6418918918918919,29.25158576944291,28.902027027027028,,0.7894736842105263,0.631578947368421,Vector-led,50.0,1.0,0.03278688524590164,True,1.0,1.0,0.18518518518518517
Furniture > Desks > Sit & Stand Desks :: price_band=under $175 · colour_tone=dark-neutral,Furniture > Desks > Sit & Stand Desks,Furniture > Desks,2,"{""price_band"": ""under $175"", ""colour_tone"": ""dark-neutral""}","Any style — dark neutral, under $175",7,20,0.06658354669368634,37.87593984962406,0.0,74.50920486450195,0.34242813942564,20,0.0,0.55,0.0,0.0,0.0,0.1,0.0,0.0,0.55,0.35,0.0,False,0.006756756756756757,0.033783783783783786,3.1892631436673344,0.02834008097165992,0.057971014492753624,0.6725118367093557,0.9538,False,False,0.07930598536509431,1.0,0.0,,0.05129682997118162,True,brown/wood,1.2857142857142858,0.527027027027027,0.08108108108108109,0.10135135135135136,0.5,0.2905405405405405,33.445945945945944,28.31081081081081,55% of its competitor products substitute or undercut a Staples product,0.05263157894736842,0.6842105263157895,Gap-led,,,,False,0.0,0.0,
Furniture > Desks > Sit & Stand Desks :: price_band=$600+ · colour_tone=warm-neutral,Furniture > Desks > Sit & Stand Desks,Furniture > Desks,2,"{""price_band"": ""$600+"", ""colour_tone"": ""warm-neutral""}","Any style — warm neutral, $600+",32,24,0.35349435439748467,45.131578947368425,0.25,78.42936325073242,2.307761550439014,24,0.041666666666666664,0.6666666666666666,0.0,0.0,0.041666666666666664,0.08333333333333333,0.0,0.625,0.041666666666666664,0.20833333333333334,0.0,False,0.13513513513513514,0.15878378378378377,5.088545427030724,0.12955465587044535,0.06956521739130435,-0.6155770006777525,0.00645,False,False,0.4756282395437948,1.0,0.0,0.3369055946886403,0.04726224783861677,True,,1.3125,0.21621621621621623,0.44594594594594594,0.10135135135135136,0.5850340136054422,0.28378378378378377,27.255239933811364,22.635135135135133,67% of its competitor products substitute or undercut a Staples product,0.3684210526315789,0.5263157894736842,Weak,,,,False,0.0,0.0,
Furniture > Desks > Sit & Stand Desks :: price_band=$300–$600,Furniture > Desks > Sit & Stand Desks,Furniture > Desks,1,"{""price_band"": ""$300\u2013$600""}",Any style — $300–$600,9,18,0.46945624953195225,39.65225563909774,0.0,67.92215728759766,0.589161839097672,18,0.0,0.4444444444444444,0.0,0.0,0.0,0.3888888888888889,0.0,0.05555555555555555,0.3888888888888889,0.16666666666666666,0.0,False,0.27702702702702703,0.033783783783783786,8.085697414386178,0.03643724696356275,0.05217391304347826,0.33346890458504197,0.8179,False,False,0.2715222099277891,-1.0,0.12238603255269888,0.1274012753534834,0.20662824207492797,True,,1.4444444444444444,0.43243243243243246,0.31756756756756754,0.5540540540540541,0.3877551020408163,0.7027027027027027,38.58659680088251,40.64189189189189,44% of its competitor products substitute or undercut a Staples product,0.7368421052631579,0.7368421052631579,Strong,,,,False,0.0,0.0,
Furniture > Desks > Sit & Stand Desks :: price_band=$300–$600 · colour_tone=warm-neutral · style_family=contemporary · sit_stand=electric,Furniture > Desks > Sit & Stand Desks,Furniture > Desks,4,"{""price_band"": ""$300\u2013$600"", ""colour_tone"": ""warm-neutral"", ""style_family"": ""contemporary"", ""sit_stand"": ""electric""}","Contemporary electric sit-stand — warm neutral, $300–$600",8,5,0.690990297798612,49.755639097744364,0.3,73.26538848876953,0.45710482797563834,5,0.0,0.6,0.0,0.0,0.0,0.2,0.0,0.0,0.6,0.2,0.0,False,0.7027027027027027,0.2195945945945946,13.912204783518513,0.032388663967611336,0.014492753623188406,-0.7683281001505876,0.0705,False,False,0.13164849138960877,-1.0,0.0,0.0,0.22896253602305483,True,beige/cream,1.625,0.19594594594594594,0.1891891891891892,0.10135135135135136,0.1598639455782313,0.7635135135135135,22.58376999448428,25.456081081081084,60% of its competitor products substitute or undercut a Staples product,1.0,0.2631578947368421,Vector-led,,,,False,0.0,0.0,
Furniture > Desks > Sit & Stand Desks :: price_band=under $175,Furniture > Desks > Sit & Stand Desks,Furniture > Desks,1,"{""price_band"": ""under $175""}",Any style — under $175,3,23,0.7340091041212912,32.180451127819545,0.0,74.12576293945312,0.4681448743398629,23,0.0,0.30434782608695654,0.0,0.0,0.0,0.13043478260869565,0.0,0.0,0.30434782608695654,0.5652173913043478,0.0,False,0.777027027027027,0.033783783783783786,11.763707946082777,0.012145748987854251,0.06666666666666667,1.5712274237620032,0.99985,False,True,0.16842372768243183,1.0,0.31751294030029753,0.11589889392748552,0.2288184438040346,True,metallic|red/pink,1.0,0.7702702702702703,0.24324324324324326,0.8378378378378378,0.38095238095238093,0.7567567567567568,61.457528957528964,64.93243243243244,30% of its competitor products substitute or undercut a Staples product,0.8947368421052632,0.8421052631578947,Strong,,,,False,0.0,0.0,
Furniture > Desks > Sit & Stand Desks :: price_band=under $175 · colour_tone=light-neutral,Furniture > Desks > Sit & Stand Desks,Furniture > Desks,2,"{""price_band"": ""under $175"", ""colour_tone"": ""light-neutral""}","Any style — light neutral, under $175",2,24,0.3944094069870012,44.774436090225564,0.0,85.0621223449707,0.2737261176936965,24,0.0,0.4583333333333333,0.0,0.0,0.0,0.2916666666666667,0.0,0.0,0.4583333333333333,0.25,0.0,False,0.19594594594594594,0.033783783783783786,3.4498271077804703,0.008097165991902834,0.06956521739130435,1.9493723567837842,0.9999,False,True,1.4373826976374138,-1.0,0.4481081009505776,0.3775069715764951,0.025648414985590895,False,beige/cream,2.0,0.8243243243243243,0.8175675675675675,0.918918918918919,0.6394557823129252,0.22297297297297297,71.92291781577497,72.12837837837837,46% of its competitor products substitute or undercut a Staples product,0.10526315789473684,0.8947368421052632,Gap-led,,,,False,0.0,0.0,
Furniture > Desks > Sit & Stand Desks :: price_band=$175–$300 · colour_tone=warm-neutral · style_family=farmhouse/rustic,Furniture > Desks > Sit & Stand Desks,Furniture > Desks,3,"{""price_band"": ""$175\u2013$300"", ""colour_tone"": ""warm-neutral"", ""style_family"": ""farmhouse/rustic""}","Farmhouse/rustic — warm neutral, $175–$300",0,10,0.7430065945081109,55.338345864661655,0.3333333333333333,83.48742294311523,0.3073047895872388,10,0.0,0.8,0.0,0.0,0.0,0.1,0.0,0.0,0.8,0.1,0.0,False,0.7972972972972973,0.28040540540540543,9.823334943343655,0.0,0.028985507246376812,2.711512408830681,0.99915,True,True,0.8656961756960465,-1.0,0.3058395229787997,0.5579050508229926,0.4096541786743516,False,brown/wood|white,,0.9662162162162162,0.5675675675675675,0.831081081081081,0.8095238095238095,0.9256756756756757,83.6631274131274,83.14189189189189,80% of its competitor products substitute or undercut a Staples product,0.8421052631578947,1.0,Strong,,,,False,0.0,0.0,
