family_id,node_id,l2_key,vw,aas,a_sem_pct,a_ctx,s_max_p,fi,n_fi,crs,ppr,ad,n_peers,d_dfi,material_upgrade,nearest_staples,identical,identical_staples,label,label_group,data_error,archetype_id,title,price,url,brand,house_brand,brand_on_staples,colour_family,material_class,style_family,dfi,colours_observed,st_family_id,st_title,st_price,st_url,st_colour_family,st_material_class,st_style_family,st_dfi
W_W002270446,Furniture > Chairs & Seating > Accent & Waiting Room Chairs,Furniture > Chairs & Seating,1.0,61.40287769784173,0.3567146282973621,1.0,0.8118646144866943,1.0,4,88.71188354492188,1.2021124922187192,1.0,15,0.05763810597519736,True,S_7903fae09dfa,False,,STYLE-EXTENSION,Approve,False,Furniture > Chairs & Seating > Accent & Waiting Room Chairs :: price_band=$350–$600 · colour_tone=light-neutral,Amherst Wood Waiting Reception Oversized Guest Chair Wood Frame,598.64,https://www.wayfair.com/commercial-office-furniture/pdp/lesro-amherst-wood-waiting-reception-oversized-guest-chair-wood-frame-w002270446.html?piid=23100338%2C82573299,Lesro,False,True,beige/cream,wood,,0.5780721533258174,beige/cream,S_7903fae09dfa,"Boss Fabric Guest Chair, Slate Grey (B9540DW-SG)",186.99,https://www.staples.com/Boss-Modern-Captain-s-Chair-in-Slate-Grade-Commercial-Grade-Linen-B9540DW-SG/product_2491281,grey,fabric,traditional,0.52043404735062
W_W111147105,Furniture > Chairs & Seating > Accent & Waiting Room Chairs,Furniture > Chairs & Seating,1.0,47.26618705035971,0.1211031175059952,1.0,0.7403243780136108,1.0,4,84.41946411132812,1.0838462954252643,1.0,7,0.14092446448703488,False,S_b8a2516f086b,False,,STYLE-EXTENSION,Approve,False,Furniture > Chairs & Seating > Accent & Waiting Room Chairs :: price_band=$350–$600 · colour_tone=light-neutral,Therrien Host Uph Chair 2In-Iv,529.99,https://www.wayfair.com/furniture/pdp/lark-manor-therrien-host-uph-chair-2in-iv-w111147105.html?piid=215212404,Lark Manor,True,False,beige/cream,,boho/coastal,0.7371758737316798,beige/cream,S_b8a2516f086b,"Flash Furniture Bordeaux Contemporary Aluminum and PE Rattan Bistro Stack Chairs, Navy/White/Natural, Set of 2 (2SDA6421NVYWHNT)",488.99,https://www.staples.com/flash-furniture-bordeaux-contemporary-aluminum-and-pe-rattan-bistro-stack-chairs-navy-white-natural-set-of-2-2sda6421nvywhnt/product_24554322,multi/pattern,metal,contemporary,0.5962514092446449
W_W119458059,Furniture > Chairs & Seating > Accent & Waiting Room Chairs,Furniture > Chairs & Seating,1.0,45.539568345323744,0.27577937649880097,0.724820143884892,0.7766722440719604,1.0,6,86.600341796875,1.3080123204928198,1.0,9,0.19151634723788058,False,S_bed0b014a1dc,False,,STYLE-EXTENSION,Approve,False,Furniture > Chairs & Seating > Accent & Waiting Room Chairs :: price_band=$200–$350 · colour_tone=pattern,Floral Patterned Armless Wingback Accent Chair (Set of 2),326.99,https://www.wayfair.com/furniture/pdp/red-barrel-studio-floral-patterned-armless-wingback-accent-chair-w119458059.html?piid=1865817007,Red Barrel Studio,True,False,multi/pattern,metal,traditional,0.7927001127395716,green,S_bed0b014a1dc,"Flash Furniture HERCULES Paddington Series Fabric Tufted Accent Chair, Armless, Gray (QYA08GY)",256.99,https://www.staples.com/flash-furniture-polyester-accent-chair-gray-fabric-qya08gy/product_24256900,grey,fabric,mid-century,0.6011837655016911
W_SF10494,Furniture > Chairs & Seating > Accent & Waiting Room Chairs,Furniture > Chairs & Seating,1.0,44.172661870503596,0.4028776978417266,0.5,0.8149378299713135,1.0,4,88.89627075195312,1.155706862569432,1.0,15,0.07060315670800449,False,S_23af7e7cc25b,False,,STYLE-EXTENSION,Approve,False,Furniture > Chairs & Seating > Accent & Waiting Room Chairs :: price_band=$350–$600 · colour_tone=light-neutral,"Movvi Single Seat, Left Arm",580.5,https://www.wayfair.com/commercial-office-furniture/pdp/safco-products-company-movvi-single-seat-left-arm-sf10494.html?piid=125246988,Safco Products Company,False,False,beige/cream,,,0.5450958286358512,beige/cream,S_23af7e7cc25b,"Lesro Weston 4-Seat Tandem Seating, Patriot Plus Charcoal/Chambray Grey (WS4103.WPW-02CHGY.03PPCL)",2079.99,https://www.staples.com/lesro-weston-4-seat-tandem-seating-patriot-plus-charcoal-chambray-grey-ws4103-wpw-02chgy-03ppcl/product_24693325,grey,vinyl,transitional,0.47449267192784667
W_SF10497,Furniture > Chairs & Seating > Accent & Waiting Room Chairs,Furniture > Chairs & Seating,1.0,44.172661870503596,0.4028776978417266,0.5,0.8149378299713135,1.0,4,88.89627075195312,1.114873877640407,1.0,15,-0.1593855693348365,False,S_23af7e7cc25b,False,,STYLE-EXTENSION,Approve,False,Furniture > Chairs & Seating > Accent & Waiting Room Chairs :: price_band=$350–$600 · colour_tone=metallic,"Movvi Single Seat, Right Arm",559.99,https://www.wayfair.com/commercial-office-furniture/pdp/safco-products-company-movvi-single-seat-right-arm-sf10497.html?piid=125246998,Safco Products Company,False,False,metallic,,,0.31510710259301017,metallic,S_23af7e7cc25b,"Lesro Weston 4-Seat Tandem Seating, Patriot Plus Charcoal/Chambray Grey (WS4103.WPW-02CHGY.03PPCL)",2079.99,https://www.staples.com/lesro-weston-4-seat-tandem-seating-patriot-plus-charcoal-chambray-grey-ws4103-wpw-02chgy-03ppcl/product_24693325,grey,vinyl,transitional,0.47449267192784667
W_SF10498,Furniture > Chairs & Seating > Accent & Waiting Room Chairs,Furniture > Chairs & Seating,1.0,44.172661870503596,0.4028776978417266,0.5,0.8149381279945374,1.0,4,88.89628601074219,1.0352386071791195,1.0,15,-0.1592446448703495,False,S_23af7e7cc25b,False,,STYLE-EXTENSION,Approve,False,Furniture > Chairs & Seating > Accent & Waiting Room Chairs :: price_band=$350–$600 · colour_tone=metallic,"Movvi Single Seat, No Arm",519.99,https://www.wayfair.com/commercial-office-furniture/pdp/safco-products-company-movvi-single-seat-no-arm-sf10498.html?piid=125247010,Safco Products Company,False,False,metallic,,,0.31524802705749716,metallic,S_23af7e7cc25b,"Lesro Weston 4-Seat Tandem Seating, Patriot Plus Charcoal/Chambray Grey (WS4103.WPW-02CHGY.03PPCL)",2079.99,https://www.staples.com/lesro-weston-4-seat-tandem-seating-patriot-plus-charcoal-chambray-grey-ws4103-wpw-02chgy-03ppcl/product_24693325,grey,vinyl,transitional,0.47449267192784667
W_W004236760,Furniture > Chairs & Seating > Accent & Waiting Room Chairs,Furniture > Chairs & Seating,1.0,41.40287769784173,0.3567146282973621,0.5,0.8118646144866943,1.0,4,88.71188354492188,2.7108777284684433,1.0,15,-0.07990417136414879,False,S_7903fae09dfa,False,,STYLE-EXTENSION,Approve,False,Furniture > Chairs & Seating > Accent & Waiting Room Chairs :: price_band=$600+ · colour_tone=light-neutral,Upholstered Side Chair,1349.99,https://www.wayfair.com/furniture/pdp/craftd-4025-wide-polyester-side-chair-w004236760.html?piid=1511016884%2C1517862824,Craft'd,False,False,white,,,0.44052987598647125,white,S_7903fae09dfa,"Boss Fabric Guest Chair, Slate Grey (B9540DW-SG)",186.99,https://www.staples.com/Boss-Modern-Captain-s-Chair-in-Slate-Grade-Commercial-Grade-Linen-B9540DW-SG/product_2491281,grey,fabric,traditional,0.52043404735062
W_HOC12445,Furniture > Chairs & Seating > Accent & Waiting Room Chairs,Furniture > Chairs & Seating,1.0,34.172661870503596,0.23621103117505995,0.5,0.7430693507194519,0.8333333333333334,6,77.91749572753906,2.0040801632065284,1.0,15,0.04354565952649381,False,S_a5d688d92c53,False,,STYLE-EXTENSION,Approve,False,Furniture > Chairs & Seating > Accent & Waiting Room Chairs :: price_band=$350–$600 · colour_tone=metallic,Harput Sled Wire Upholstered Arm Chair,501.0,https://www.wayfair.com/furniture/pdp/sohoconcept-harput-sled-wire-upholstered-arm-chair-hoc12445.html?piid=43808917,sohoConcept,False,False,metallic,metal,,0.4133314543404735,metallic,S_a5d688d92c53,"Boss LeatherPlus Guest Chair with Sled Base, Gray (B9529-GY)",141.49,https://www.staples.com/boss-leatherplus-guest-chair-with-sled-base-gray-b9529-gy/product_24654711,grey,leather,traditional,0.3697857948139797
W_SMRZ5490,Furniture > Chairs & Seating > Breakroom & Dining Chairs,Furniture > Chairs & Seating,1.0,43.56115107913669,0.05935251798561151,1.0,0.8143226504325867,1.0,5,88.85935974121094,2.3182508593812456,1.0,10,-0.06778466741826378,False,S_ceb991c7c6c0,False,,STYLE-EXTENSION,Approve,False,Furniture > Chairs & Seating > Breakroom & Dining Chairs :: price_band=$250–$400,"High Back Dining Chair With Bronze Nailhead Trim - Upholstered Cushion, 41 Inch",289.99,https://www.wayfair.com/furniture/pdp/simple-relax-high-back-dining-chair-with-bronze-nailhead-trim-upholstered-cushion-41-inch-smrz5490.html,Simple Relax,False,False,metallic,,,0.3758455467869222,,S_ceb991c7c6c0,"Flash Furniture Hercules Traditional Vinyl & Metal Ladder Back Restaurant Dining Chair, Black (XUDG694BLADBLKV)",111.79,https://www.staples.com/flash-furniture-hercules-contemporary-metal-dining-chair-black-xudg694bladblkv/product_1983430,black,metal,traditional,0.443630214205186
W_W118150783,Furniture > Chairs & Seating > Breakroom & Dining Chairs,Furniture > Chairs & Seating,0.0,43.02158273381295,0.050359712230215826,1.0,0.7849661707878113,1.0,4,87.09796905517578,1.5367033309930573,1.0,11,-0.0140924464487035,False,S_2780086b4cfa,False,,STYLE-EXTENSION,Approve,False,Furniture > Chairs & Seating > Breakroom & Dining Chairs :: price_band=under $200 · colour_tone=mid-neutral,Austin Industrial Dining Chair In Matte Grey By Lumisource - Set Of 2,196.99,https://www.wayfair.com/furniture/pdp/trent-austin-design-austin-industrial-dining-chair-in-matte-grey-by-lumisource-set-of-2-w118150783.html,Trent Austin Design,False,False,grey,,industrial,0.4560315670800451,,S_2780086b4cfa,"Flash Furniture HERCULES Series Vinyl/Metal Window Back Restaurant Dining Chair, Burgundy, 2/Pack (2XU6Q3BWINBRV)",249.09,https://www.staples.com/flash-furniture-hercules-series-vinyl-metal-window-back-restaurant-dining-chair-burgundy-2-pack-2xu6q3bwinbrv/product_24526931,red/pink,vinyl,,0.4701240135287486
W_W114778443,Furniture > Chairs & Seating > Breakroom & Dining Chairs,Furniture > Chairs & Seating,1.0,43.02158273381295,0.050359712230215826,1.0,0.7849659323692322,1.0,4,87.09795379638672,2.5430220766050393,1.0,11,-0.02142051860202937,False,S_0b4de24651f3,False,,STYLE-EXTENSION,Approve,False,Furniture > Chairs & Seating > Breakroom & Dining Chairs :: price_band=$250–$400 · colour_tone=mid-neutral,SHARON GREY 2PK DINING CHAIR,325.99,https://www.wayfair.com/furniture/pdp/lark-manor-sharon-grey-2pk-dining-chair-w114778443.html,Lark Manor,True,False,grey,,,0.4891488162344983,,S_0b4de24651f3,"Flash Furniture Hercules Traditional Vinyl & Wood 3-Circle Back Restaurant Dining Chair, Walnut/Black (XUDG6Y2BWALBKV)",115.99,https://www.staples.com/Flash-Furniture-Hercules-3-Circle-Back-Metal-Restaurant-Chair-Black-with-Walnut-Wood-Back-Black-Vinyl-Seat-XUDG6Y2BWALBKV/product_1983397,black,metal,traditional,0.5105693348365277
W_W114778376,Furniture > Chairs & Seating > Breakroom & Dining Chairs,Furniture > Chairs & Seating,1.0,43.02158273381295,0.050359712230215826,1.0,0.7849659323692322,1.0,4,87.09795379638672,2.316795381855059,1.0,11,-0.02142051860202937,False,S_0b4de24651f3,False,,STYLE-EXTENSION,Approve,False,Furniture > Chairs & Seating > Breakroom & Dining Chairs :: price_band=$250–$400 · colour_tone=mid-neutral,Grey And White Dining Chair With Padded Seat (Set Of 2),296.99,https://www.wayfair.com/furniture/pdp/orren-ellis-grey-and-white-dining-chair-with-padded-seat-set-of-2-w114778376.html,Orren Ellis,True,False,grey,,,0.4891488162344983,,S_0b4de24651f3,"Flash Furniture Hercules Traditional Vinyl & Wood 3-Circle Back Restaurant Dining Chair, Walnut/Black (XUDG6Y2BWALBKV)",115.99,https://www.staples.com/Flash-Furniture-Hercules-3-Circle-Back-Metal-Restaurant-Chair-Black-with-Walnut-Wood-Back-Black-Vinyl-Seat-XUDG6Y2BWALBKV/product_1983397,black,metal,traditional,0.5105693348365277
W_W110466868,Furniture > Chairs & Seating > Breakroom & Dining Chairs,Furniture > Chairs & Seating,1.0,42.66187050359713,0.04436450839328537,1.0,0.752086877822876,1.0,4,85.12521362304688,1.2480692721741167,1.0,11,0.21758737316798193,True,S_ceb991c7c6c0,False,,STYLE-EXTENSION,Approve,False,Furniture > Chairs & Seating > Breakroom & Dining Chairs :: price_band=under $200,Audwin 18.1'' H Faux Leather Upholstered Parsons Chair,159.99,https://www.wayfair.com/furniture/pdp/ebern-designs-audwin-dining-chair-w110466868.html,Ebern Designs,True,False,,faux leather,,0.6612175873731679,,S_ceb991c7c6c0,"Flash Furniture Hercules Traditional Vinyl & Metal Ladder Back Restaurant Dining Chair, Black (XUDG694BLADBLKV)",111.79,https://www.staples.com/flash-furniture-hercules-contemporary-metal-dining-chair-black-xudg694bladblkv/product_1983430,black,metal,traditional,0.443630214205186
W_W110826521,Furniture > Chairs & Seating > Breakroom & Dining Chairs,Furniture > Chairs & Seating,1.0,42.15827338129496,0.03597122302158273,1.0,0.6578124165534973,0.8333333333333334,6,72.80207824707031,4.277979667878007,1.0,6,-0.049887260428410296,False,S_0bdbe5122276,False,,STYLE-EXTENSION,Approve,False,Furniture > Chairs & Seating > Breakroom & Dining Chairs :: price_band=$400+,Kyier 0'' H Upholstered Armchair,929.99,https://www.wayfair.com/furniture/pdp/rosdorf-park-kyier-polyester-blend-upholstered-back-armchair-dining-chair-w110826521.html,Rosdorf Park,True,False,multi/pattern,fabric,traditional,0.6202085682074409,,S_0bdbe5122276,"bali & pari Abbey Bohemian Natural Rattan Dining Chair, Natural (248-14054-HiT)",152.79,https://www.staples.com/bali-pari-abbey-bohemian-natural-rattan-dining-chair-natural-248-14054-hit/product_24687088,brown/wood,wicker/rattan,boho/coastal,0.6700958286358512
W_XHX5297,Furniture > Chairs & Seating > Breakroom & Dining Chairs,Furniture > Chairs & Seating,1.0,42.15827338129496,0.03597122302158273,1.0,0.6578124165534973,0.8333333333333334,6,72.80207824707031,1.4259625557753348,1.0,6,0.13331454340473514,False,S_0bdbe5122276,False,,STYLE-EXTENSION,Approve,False,Furniture > Chairs & Seating > Breakroom & Dining Chairs :: price_band=$250–$400 · colour_tone=warm-neutral · style_family=traditional,Feynman 19'' H Faux Leather Upholstered Pine Armchair,309.99,https://www.wayfair.com/furniture/pdp/lark-manor-feynman-open-back-arm-chair-in-brown-cherry-xhx5297.html,Lark Manor,True,False,brown/wood,faux leather,traditional,0.8034103720405863,,S_0bdbe5122276,"bali & pari Abbey Bohemian Natural Rattan Dining Chair, Natural (248-14054-HiT)",152.79,https://www.staples.com/bali-pari-abbey-bohemian-natural-rattan-dining-chair-natural-248-14054-hit/product_24687088,brown/wood,wicker/rattan,boho/coastal,0.6700958286358512
W_W011384346,Furniture > Chairs & Seating > Breakroom & Dining Chairs,Furniture > Chairs & Seating,1.0,42.15827338129496,0.03597122302158273,1.0,0.6578124165534973,0.8333333333333334,6,72.80207824707031,1.3799622797736788,1.0,6,0.02748027057497182,False,S_0bdbe5122276,False,,STYLE-EXTENSION,Approve,False,Furniture > Chairs & Seating > Breakroom & Dining Chairs :: price_band=$250–$400 · colour_tone=warm-neutral,Thirlby 20'' H Faux Leather Upholstered Metal Armchair,299.99,https://www.wayfair.com/furniture/pdp/hokku-designs-thirlby-arm-chair-w011384346.html?piid=1329039235,Hokku Designs,True,False,brown/wood,faux leather,,0.697576099210823,brown/wood,S_0bdbe5122276,"bali & pari Abbey Bohemian Natural Rattan Dining Chair, Natural (248-14054-HiT)",152.79,https://www.staples.com/bali-pari-abbey-bohemian-natural-rattan-dining-chair-natural-248-14054-hit/product_24687088,brown/wood,wicker/rattan,boho/coastal,0.6700958286358512
W_W123192716,Furniture > Chairs & Seating > Kids Seating,Furniture > Chairs & Seating,0.1785714285714286,39.220623501199036,0.1420863309352518,0.7673860911270982,0.7997778654098511,1.0,4,87.9866714477539,1.3907855223644698,0.8333333333333334,7,0.0687711386696731,False,S_8c0b371ece1c,False,,STYLE-EXTENSION,Approve,False,Furniture > Chairs & Seating > Kids Seating :: price_band=$125–$200,"Lemoore Outdoor Bean Bag Lounge Chair, Set of 1, Ultra-Comfort and Weather-Resistant for Relaxation and Versatility",175.99,https://www.wayfair.com/furniture/pdp/rebrilliant-lemoore-outdoor-bean-bag-lounge-chair-set-of-1-ultra-comfort-and-weather-resistant-for-relaxation-and-versatility-w123192716.html,Rebrilliant,False,False,grey,,,0.5002818489289741,,S_8c0b371ece1c,"Flash Furniture Dillon Polyester Small Refillable Bean Bag Chair, Furry White (DGBEANSMFURWH)",151.89,https://www.staples.com/flash-furniture-dillon-polyester-small-refillable-bean-bag-chair-furry-white-dgbeansmfurwh/product_24547166,white,fabric,minimalist,0.431510710259301
W_W112337121,Furniture > Chairs & Seating > Kids Seating,Furniture > Chairs & Seating,0.352112676056338,40.68345323741007,0.3447242206235012,0.5,0.8160321116447449,1.0,3,88.96192932128906,1.284637279790753,0.7333333333333334,15,0.16727733934611055,True,S_bfc38b646406,False,,STYLE-EXTENSION,Approve,False,Furniture > Chairs & Seating > Kids Seating :: price_band=$125–$200 · colour_tone=light-neutral,Modern Faux Fur Bean Bag Chair,166.99,https://www.wayfair.com/furniture/pdp/trule-modern-faux-fur-bean-bag-chair-w112337121.html,Trule,True,False,white,boucle,modern,0.5326944757609922,,S_bfc38b646406,"Flash Furniture Dillon Faux Sherpa Refillable Bean Bag Chair, Gray (DGBEANSMSHRPGY)",118.89,https://www.staples.com/flash-furniture-dillon-faux-sherpa-refillable-bean-bag-chair-gray-dgbeansmshrpgy/product_24584746,grey,fabric,minimalist,0.3654171364148816
W_W001719990,Furniture > Chairs & Seating > Kids Seating,Furniture > Chairs & Seating,0.021276595744680882,42.56994404476419,0.3351318944844125,0.561550759392486,0.8207278251647949,1.0,4,89.2436752319336,2.929986891818953,0.6666666666666666,14,-0.1455749718151071,False,S_de178b77007a,False,,STYLE-EXTENSION,Approve,False,Furniture > Chairs & Seating > Kids Seating :: price_band=$200+ · colour_tone=bold,Bean Bag,379.99,https://www.wayfair.com/furniture/pdp/east-urban-home-bean-bag-w001719990.html?piid=807181606%2C807181607%2C807323783,East Urban Home,True,False,yellow/orange,,,0.3003100338218715,yellow/orange,S_de178b77007a,"Flash Furniture Bright Beginnings Kids Corner Reading Nook, Brown (MK-KE19806-GG)",451.19,https://www.staples.com/flash-furniture-bright-beginnings-kids-corner-reading-nook-brown-mk-ke19806-gg/product_24562741,brown/wood,engineered wood,,0.4458850056369786
W_LATD1548,Furniture > Chairs & Seating > Kids Seating,Furniture > Chairs & Seating,0.352112676056338,40.68345323741007,0.3447242206235012,0.5,0.8160321116447449,1.0,3,88.96192932128906,1.0923147934456496,0.6666666666666666,15,0.30665163472378804,False,S_b28afc3aae27,False,,STYLE-EXTENSION,Approve,False,Furniture > Chairs & Seating > Kids Seating :: price_band=$125–$200 · colour_tone=light-neutral,Tube Cozy Faux Leather Bean Bag Chair & Lounger,141.99,https://www.wayfair.com/furniture/pdp/latitude-run-medium-bean-bag-chair-lounger-latd1548.html?piid=32999576,Latitude Run,True,False,white,faux leather,contemporary,0.6982807215332582,white,S_b28afc3aae27,Bouncyband Sensory Soft Squeeze Seat (BBASSBUMD),363.99,https://www.staples.com/bouncyband-sensory-soft-squeeze-seat-bbassbumd/product_24597786,blue,faux leather,scandinavian,0.3916290868094701
W_W111442146,Furniture > Chairs & Seating > Kids Seating,Furniture > Chairs & Seating,0.0,39.35251798561151,0.3225419664268585,0.5,0.813363790512085,1.0,3,88.80183410644531,0.9020741768833371,0.625,14,0.2278748590755355,True,S_0e02701d07dc,False,,STYLE-EXTENSION,Approve,False,Furniture > Chairs & Seating > Kids Seating :: price_band=$100–$125,Memory Foam Filled Bean Bag Chair with Soft Removeable Cover,116.99,https://www.wayfair.com/furniture/pdp/trule-memory-foam-filled-bean-bag-chair-with-soft-removeable-cover-w111442146.html?piid=136237016%2C136237017,Trule,True,False,navy,velvet,,0.4850620067643743,navy,S_0e02701d07dc,"Flash Furniture Dillon Fabric Refillable Bean Bag Chair, Solid Black (DGBEANSMSLDBK)",99.49,https://www.staples.com/flash-furniture-dillon-fabric-refillable-bean-bag-chair-solid-black-dgbeansmsldbk/product_24584767,black,fabric,minimalist,0.25718714768883877
W_W122003137,Furniture > Chairs & Seating > Kids Seating,Furniture > Chairs & Seating,0.0,41.67865707434053,0.06954436450839328,0.9376498800959232,0.774985134601593,0.75,4,76.49910736083984,1.0769296521070177,0.5,3,-0.2652198421645998,False,S_c741bb5d5b62,False,,STYLE-EXTENSION,Approve,False,Furniture > Chairs & Seating > Kids Seating :: price_band=$125–$200,"5 Pack Stackable Classroom Stools, 18.8"" Height Colorful Nesting Plastic Stool, Portable Backless Chairs Flexible Seating for Kindergarten, Classroom, Elementary School, Middle School, Office, Home",125.99,https://www.wayfair.com/furniture/pdp/trinx-5-pack-stackable-classroom-stools-188-height-colorful-nesting-plastic-stool-portable-backless-chairs-flexible-seating-for-kindergarten-classroom-elementary-school-middle-school-office-home-w122003137.html,Trinx,False,False,,plastic,,0.06792559188275085,,S_c741bb5d5b62,"Storex Plastic Kids Wiggle Stool, Black (STX00320U01C)",116.99,https://www.staples.com/storex-plastic-kids-wiggle-stool-black-stx00320u01c/product_24780188,black,plastic,traditional,0.33314543404735064
W_W120031459,Furniture > Chairs & Seating > Kids Seating,Furniture > Chairs & Seating,0.5445544554455445,38.66906474820144,0.3447242206235012,0.44964028776978415,0.8160321116447449,1.0,3,88.96192932128906,1.2287657469665354,0.5,15,0.18052423900789177,False,S_b2e89afc6a68,False,,STYLE-EXTENSION,Approve,False,Furniture > Chairs & Seating > Kids Seating :: price_band=$125–$200 · colour_tone=light-neutral,"1-Seat 3ft Bean Bag Chair, Indoor Living Room and Bedroom Use, Water Resistant Fabric, White Finish",158.99,https://www.wayfair.com/furniture/pdp/latitude-run-1-seat-3ft-bean-bag-chair-indoor-living-room-and-bedroom-use-water-resistant-fabric-white-finish-w120031459.html,Latitude Run,True,False,white,fabric,traditional,0.4774520856820744,,S_b2e89afc6a68,"Flash Furniture Dillon Furry Refillable Bean Bag Chair, Blush (DGBEANSMFURBLS)",136.49,https://www.staples.com/flash-furniture-dillon-furry-refillable-bean-bag-chair-blush-dgbeansmfurbls/product_24584747,red/pink,fabric,,0.29692784667418265
W_FDPS1402,Furniture > Chairs & Seating > Kids Seating,Furniture > Chairs & Seating,0.021276595744680882,38.23741007194245,0.3675059952038369,0.4046762589928057,0.8207278251647949,1.0,3,89.2436752319336,1.2905943272277611,0.5,15,0.30411499436302136,False,S_300d72581692,False,,STYLE-EXTENSION,Approve,False,Furniture > Chairs & Seating > Kids Seating :: price_band=$125–$200,"SoftScape 15"" Circle/Cylinder Accent Ottomans",166.99,https://www.wayfair.com/school-furniture-and-supplies/pdp/factory-direct-partners-softscape-15-circlecylinder-accent-ottomans-fdps1402.html?piid=69262908,Factory Direct Partners,False,False,grey,faux leather,contemporary,0.5301578354002254,grey,S_300d72581692,"Graco Cradle Me Lite 3-in-1 Carrier, Charcoal Grey (2145561)",129.99,https://www.staples.com/graco-cradle-me-lite-3-in-1-carrier-charcoal-grey-2145561/product_24768148,grey,fabric,,0.22604284103720407
W_W122281907,Furniture > Chairs & Seating > Office Chairs > Computer and Desk,Furniture > Chairs & Seating,0.0,48.756994404476416,0.4118705035971223,0.601119104716227,0.8150537610054016,0.8333333333333334,6,82.23656463623047,1.5922673102281493,1.0,10,-0.33962795941375423,False,S_83e041196ed5,False,,STYLE-EXTENSION,Approve,False,Furniture > Chairs & Seating > Office Chairs > Computer and Desk :: price_band=$250–$350,"Massage Office Chair , Reclining Computer Chair with Adjustable Height and Footrest, Brown",319.99,https://www.wayfair.com/furniture/pdp/wrought-studio-massage-office-chair-reclining-computer-chair-with-adjustable-height-and-footrest-brown-w122281907.html,Wrought Studio,True,False,brown/wood,,gaming,0.07905862457722661,,S_83e041196ed5,"Linon Home Decor Products Adalynn Armless Velvet Swivel Computer and Desk Chair, Navy Blue (178399NVYBLU01U)",138.14,https://www.staples.com/linon-home-decor-products-adalynn-armless-velvet-swivel-computer-and-desk-chair-navy-blue-178399nvyblu01u/product_24780818,blue,velvet,minimalist,0.41868658399098085
W_IPRE1968,Furniture > Chairs & Seating > Office Chairs > Computer and Desk,Furniture > Chairs & Seating,0.5897799858055359,42.73381294964028,0.41247002398081534,0.44964028776978415,0.8207283616065979,1.0,6,89.24370574951172,1.1245241708755256,1.0,10,-0.35428410372040586,False,S_83e041196ed5,False,,STYLE-EXTENSION,Approve,False,Furniture > Chairs & Seating > Office Chairs > Computer and Desk :: price_band=$150–$250,"Impressions Vanity Mickey Mouse 360 Degree Swivel Vanity Chair For Bedroom, Armless Makeup Desk Chair With 5 Rolling Wheels, Adjustable Seat Height, Metal Base, And Comfy Polyurethane Padded Seat",225.99,https://www.wayfair.com/baby-kids/pdp/impressions-vanity-mickey-mouse-360-degree-swivel-vanity-chair-for-bedroom-armless-makeup-desk-chair-with-5-rolling-wheels-adjustable-seat-height-metal-base-and-comfy-polyurethane-padded-seat-ipre1968.html,IMPRESSIONS VANITY · COMPANY,False,False,metallic,metal,glam,0.06440248027057498,,S_83e041196ed5,"Linon Home Decor Products Adalynn Armless Velvet Swivel Computer and Desk Chair, Navy Blue (178399NVYBLU01U)",138.14,https://www.staples.com/linon-home-decor-products-adalynn-armless-velvet-swivel-computer-and-desk-chair-navy-blue-178399nvyblu01u/product_24780818,blue,velvet,minimalist,0.41868658399098085
W_W113866846,Furniture > Chairs & Seating > Office Chairs > Computer and Desk,Furniture > Chairs & Seating,0.28553770086526586,42.73381294964028,0.41247002398081534,0.44964028776978415,0.8207283616065979,1.0,6,89.24370574951172,1.3335157863309532,0.8,10,-0.11668545659526494,False,S_7d1864761418,False,,STYLE-EXTENSION,Approve,False,Furniture > Chairs & Seating > Office Chairs > Computer and Desk :: price_band=$250–$350,"Impressions Vanity Pochacco 360 Degree Swivel Vanity Chair For Bedroom, Armless Makeup Desk Chair With 5 Soft Rolling Wheels, Adjustable Seat Height, Metal Base, And Comfy Polyurethane Padded Seat",267.99,https://www.wayfair.com/furniture/pdp/everly-quinn-impressions-vanity-pochacco-360-degree-swivel-vanity-chair-for-bedroom-armless-makeup-desk-chair-with-5-soft-rolling-wheels-adjustable-seat-height-metal-base-and-comfy-polyurethane-padded-seat-w113866846.html,Everly Quinn,True,False,metallic,metal,glam,0.10090191657271702,,S_7d1864761418,"Monarch Specialties Inc. Armless Faux Leather Swivel Computer and Desk Chair, Black (I 7298)",202.99,https://www.staples.com/monarch-specialties-inc-armless-faux-leather-swivel-computer-and-desk-chair-black-i-7298/product_24678177,black,faux leather,modern,0.21758737316798196
W_W123263763,Furniture > Chairs & Seating > Office Chairs > Computer and Desk,Furniture > Chairs & Seating,0.0,56.83453237410072,0.2805755395683453,1.0,0.7783457636833191,0.8333333333333334,6,80.0340805053711,1.5798350363166318,0.75,15,-0.03198985343855695,False,S_5b68bddead1a,False,,STYLE-EXTENSION,Approve,False,Furniture > Chairs & Seating > Office Chairs > Computer and Desk :: price_band=$350+,"Ergonomic Reclining Desk Chair with Footrest, High Back Office Chair for Ultimate Comfort and Support",384.99,https://www.wayfair.com/furniture/pdp/rebrilliant-ergonomic-reclining-desk-chair-with-footrest-high-back-office-chair-for-ultimate-comfort-and-support-w123263763.html,Rebrilliant,False,False,brown/wood,,modern,0.161358511837655,,S_5b68bddead1a,"Monarch Specialties Inc. Ergonomic Leather-Look Computer and Desk Chair, Black (I 7276)",245.89,https://www.staples.com/monarch-specialties-inc-ergonomic-leather-look-computer-and-desk-chair-black-i-7276/product_24672934,black,leather,modern,0.19334836527621196
W_W116480080,Furniture > Chairs & Seating > Office Chairs > Computer and Desk,Furniture > Chairs & Seating,0.5897799858055359,54.568345323741006,0.5761390887290168,0.5,0.7998597025871277,0.8333333333333334,6,81.32492065429688,3.7314281626667625,0.75,15,-0.20729988726042842,False,S_7abb834410e2,False,,STYLE-EXTENSION,Approve,False,Furniture > Chairs & Seating > Office Chairs > Computer and Desk :: price_band=$350+ · colour_tone=light-neutral,Wayland Desk Chair-Crypton Nomad Snow,1043.27,https://www.wayfair.com/furniture/pdp/hokku-designs-wayland-desk-chair-crypton-nomad-snow-w116480080.html,Hokku Designs,True,False,white,metal,traditional,0.043968432919954906,,S_7abb834410e2,"Serta Leighton Fabric Home Office Chair, Ivory (48444)",297.29,https://www.staples.com/serta-leighton-fabric-home-office-chair-ivory-48444/product_24287784,beige/cream,fabric,modern,0.2512683201803833
W_W119175321,Furniture > Chairs & Seating > Office Chairs > Computer and Desk,Furniture > Chairs & Seating,0.05090311986863716,58.2494004796163,0.5167865707434053,0.6810551558752996,0.8107986450195312,1.0,7,88.64791870117188,1.871964136164343,0.7333333333333334,15,-0.03227170236753102,False,S_5b68bddead1a,False,,STYLE-EXTENSION,Approve,False,Furniture > Chairs & Seating > Office Chairs > Computer and Desk :: price_band=$350+,"Office Chair, Adjustable Height, Armrests, Ergonomic, Swivel, Computer Desk, Work, Dark Grey Leather-look, Chrome Metal, Contemporary, Modern",379.99,https://www.wayfair.com/furniture/pdp/latitude-run-office-chair-adjustable-height-armrests-ergonomic-swivel-computer-desk-work-black-fabric-chrome-metal-contemporary-modern-w119175321.html?piid=933700547%2C933700559,Latitude Run,True,False,metallic,leather,contemporary,0.16107666290868095,grey,S_5b68bddead1a,"Monarch Specialties Inc. Ergonomic Leather-Look Computer and Desk Chair, Black (I 7276)",245.89,https://www.staples.com/monarch-specialties-inc-ergonomic-leather-look-computer-and-desk-chair-black-i-7276/product_24672934,black,leather,modern,0.19334836527621196
W_W115120409,Furniture > Chairs & Seating > Office Chairs > Computer and Desk,Furniture > Chairs & Seating,0.28553770086526586,61.36690647482015,0.35611510791366907,1.0,0.7733080387115479,1.0,5,86.39848327636719,1.05990235755123,0.6666666666666666,15,-0.08145434047350619,False,S_b4b1d1ea5801,False,,STYLE-EXTENSION,Approve,False,Furniture > Chairs & Seating > Office Chairs > Computer and Desk :: price_band=$250–$350,"Ergonomic Cross-Legged Swivel Chair, ADHD Chair Adjustable Height Meditation Chair With Back Support, Office/Home Chair",329.99,https://www.wayfair.com/furniture/pdp/orren-ellis-ergonomic-cross-legged-swivel-chair-adhd-chair-adjustable-height-meditation-chair-with-back-support-officehome-chair-w115120409.html,Orren Ellis,True,False,,metal,modern,0.06059751972942503,,S_b4b1d1ea5801,"Beautyrest Duo-EX Ergonomic Mesh Swivel Computer Chair, Teal (60051-TEL)",359.99,https://www.staples.com/beautyrest-duo-ex-ergonomic-mesh-swivel-computer-chair-teal-60051-tel/product_24533002,blue,fabric,modern,0.14205186020293123
W_W122379250,Furniture > Chairs & Seating > Office Chairs > Computer and Desk,Furniture > Chairs & Seating,0.28553770086526586,49.29770469338814,0.41247002398081534,0.6137375813634807,0.8028866052627563,0.8333333333333334,6,81.50653076171875,1.9951229124587417,0.6666666666666666,13,-0.14106538895152199,False,S_83e041196ed5,False,,STYLE-EXTENSION,Approve,False,Furniture > Chairs & Seating > Office Chairs > Computer and Desk :: price_band=$350+,Criss Cross Chair with Wheels Armless Cross Legged Office Chair Wide Home Office Desk Chair Swivel Comfy Vanity Desk Chair Height Adjustable Mid Back Wide Seat Computer Task Chair,404.99,https://www.wayfair.com/furniture/pdp/inbox-zero-criss-cross-chair-with-wheels-armless-cross-legged-office-chair-wide-home-office-desk-chair-swivel-comfy-vanity-desk-chair-height-adjustable-mid-back-wide-seat-computer-task-chair-w122379250.html,Inbox Zero,True,False,,velvet,gaming,0.27762119503945887,,S_83e041196ed5,"Linon Home Decor Products Adalynn Armless Velvet Swivel Computer and Desk Chair, Navy Blue (178399NVYBLU01U)",138.14,https://www.staples.com/linon-home-decor-products-adalynn-armless-velvet-swivel-computer-and-desk-chair-navy-blue-178399nvyblu01u/product_24780818,blue,velvet,minimalist,0.41868658399098085
W_W118254160,Furniture > Chairs & Seating > Office Chairs > Executive,Furniture > Chairs & Seating,1.0,55.97122302158274,0.26618705035971224,1.0,0.7843157649040222,0.8,5,79.05894470214844,1.067075215707796,1.0,3,0.07398534385569334,True,S_7383de31b328,False,,STYLE-EXTENSION,Approve,False,Furniture > Chairs & Seating > Office Chairs > Executive :: price_band=$300–$400 · colour_tone=warm-neutral · style_family=contemporary,Cross Legged Office Chair with Pet Friendly Arms Criss Cross Chair Big and Tall Leather Office Chair with Footrest,349.99,https://www.wayfair.com/furniture/pdp/red-barrel-studio-cross-legged-office-chair-big-and-tall-leather-office-chair-with-footrest-w118254160.html?piid=1899277513,Red Barrel Studio,True,False,brown/wood,leather,contemporary,0.13162344983089064,brown/wood,S_7383de31b328,"Offices To Go Multi-Function Fabric Task Chair, Graphite Gray (OTG11710-QL11)",327.99,https://www.staples.com/offices-to-go-multi-function-fabric-task-chair-graphite-gray-otg11710-ql11/product_899247,grey,fabric,,0.05763810597519729
W_W120637296,Furniture > Chairs & Seating > Office Chairs > Executive,Furniture > Chairs & Seating,0.42010459035444503,51.29496402877698,0.1882494004796163,1.0,0.7491908073425293,0.8,5,76.95144653320312,1.0152287859470182,1.0,3,0.3058060879368658,False,S_2c2317aea3ca,False,,STYLE-EXTENSION,Approve,False,Furniture > Chairs & Seating > Office Chairs > Executive :: price_band=$400+ · colour_tone=mid-neutral · style_family=contemporary,"Sodt High Back Executive Office Chair with 6-Point Vibration Massage, Gray PU Leather Desk Chair with Metal Base",429.99,https://www.wayfair.com/furniture/pdp/ebern-designs-sodt-high-back-executive-office-chair-with-6-point-vibration-massage-gray-pu-leather-desk-chair-with-metal-base-w120637296.html,Ebern Designs,True,False,grey,faux leather,contemporary,0.37006764374295376,,S_2c2317aea3ca,Eurotech High Back Titanium Frame Leather Executive Chair: Black,361.89,https://www.staples.com/eurotech-high-back-titanium-frame-leather-executive-chair-black/product_42637,black,leather,industrial,0.06426155580608793
W_W113671003,Furniture > Chairs & Seating > Office Chairs > Executive,Furniture > Chairs & Seating,0.6812519961673587,51.29496402877698,0.1882494004796163,1.0,0.749191164970398,0.8,5,76.95146942138672,0.8735656608584786,1.0,3,0.3314543404735062,False,S_2c2317aea3ca,False,,STYLE-EXTENSION,Approve,False,Furniture > Chairs & Seating > Office Chairs > Executive :: price_band=$300–$400,Vibration Massage Faux Leather High-back Executive Chair For Office Relaxation,369.99,https://www.wayfair.com/furniture/pdp/inbox-zero-vibration-massage-faux-leather-high-back-executive-chair-for-office-relaxation-w113671003.html,Inbox Zero,True,False,,faux leather,contemporary,0.39571589627959414,,S_2c2317aea3ca,Eurotech High Back Titanium Frame Leather Executive Chair: Black,361.89,https://www.staples.com/eurotech-high-back-titanium-frame-leather-executive-chair-black/product_42637,black,leather,industrial,0.06426155580608793
W_W115004473,Furniture > Chairs & Seating > Office Chairs > Executive,Furniture > Chairs & Seating,0.0,39.24460431654676,0.17086330935251798,0.724820143884892,0.73772132396698,0.75,4,74.26329040527344,1.2277234735798273,1.0,3,0.44151634723788047,False,S_2c2317aea3ca,False,,STYLE-EXTENSION,Approve,False,Furniture > Chairs & Seating > Office Chairs > Executive :: price_band=$400+ · colour_tone=light-neutral,"PU Faux Leather High Back Dining Chairs, Comfortable and Stylish Seating for Elegant Home Decor",519.99,https://www.wayfair.com/furniture/pdp/orren-ellis-pu-faux-leather-high-back-dining-chairs-comfortable-and-stylish-seating-for-elegant-home-decor-w115004473.html?piid=290162594,Orren Ellis,True,False,white,faux leather,traditional,0.5057779030439684,white,S_2c2317aea3ca,Eurotech High Back Titanium Frame Leather Executive Chair: Black,361.89,https://www.staples.com/eurotech-high-back-titanium-frame-leather-executive-chair-black/product_42637,black,leather,industrial,0.06426155580608793
W_W001708682,Furniture > Chairs & Seating > Office Chairs > Executive,Furniture > Chairs & Seating,1.0,34.06714628297362,0.1882494004796163,0.5693045563549161,0.7491908073425293,0.8,5,76.95144653320312,2.0045332200028336,1.0,3,0.07680383314543406,False,S_2c2317aea3ca,False,,STYLE-EXTENSION,Approve,False,Furniture > Chairs & Seating > Office Chairs > Executive :: price_band=$400+,Eurotech Seating Ergohuman Executive Chair with Headrest,849.0,https://www.wayfair.com/furniture/pdp/eurotech-seating-ergohuman-genuine-leather-task-chair-w001708682.html,Eurotech Seating,False,False,,mesh,gaming,0.14106538895152199,,S_2c2317aea3ca,Eurotech High Back Titanium Frame Leather Executive Chair: Black,361.89,https://www.staples.com/eurotech-high-back-titanium-frame-leather-executive-chair-black/product_42637,black,leather,industrial,0.06426155580608793
W_W120050804,Furniture > Chairs & Seating > Office Chairs > Executive,Furniture > Chairs & Seating,1.0,33.28537170263789,0.08752997601918465,0.7008393285371702,0.7257720232009888,1.0,4,83.54632568359375,1.0146402272859047,1.0,4,-0.01860202931228861,False,S_7383de31b328,False,,STYLE-EXTENSION,Approve,False,Furniture > Chairs & Seating > Office Chairs > Executive :: price_band=$300–$400,Open Back Upholstered Office Chair,349.99,https://www.wayfair.com/furniture/pdp/wrought-studio-open-back-upholstered-office-chair-w120050804.html?piid=1999953233,Wrought Studio,True,False,blue,,gaming,0.03903607666290868,blue,S_7383de31b328,"Offices To Go Multi-Function Fabric Task Chair, Graphite Gray (OTG11710-QL11)",327.99,https://www.staples.com/offices-to-go-multi-function-fabric-task-chair-graphite-gray-otg11710-ql11/product_899247,grey,fabric,,0.05763810597519729
W_W117042636,Furniture > Chairs & Seating > Office Chairs > Executive,Furniture > Chairs & Seating,1.0,33.28537170263789,0.08752997601918465,0.7008393285371702,0.7257720232009888,1.0,4,83.54632568359375,1.2465646199339016,1.0,4,-0.01860202931228861,False,S_7383de31b328,False,,STYLE-EXTENSION,Approve,False,Furniture > Chairs & Seating > Office Chairs > Executive :: price_band=$400+ · colour_tone=bold,Open Back Upholstered Office Chair,429.99,https://www.wayfair.com/furniture/pdp/latitude-run-open-back-upholstered-office-chair-w117042636.html?piid=1955123647,Latitude Run,True,False,blue,,gaming,0.03903607666290868,blue,S_7383de31b328,"Offices To Go Multi-Function Fabric Task Chair, Graphite Gray (OTG11710-QL11)",327.99,https://www.staples.com/offices-to-go-multi-function-fabric-task-chair-graphite-gray-otg11710-ql11/product_899247,grey,fabric,,0.05763810597519729
W_W122090288,Furniture > Chairs & Seating > Office Chairs > Executive,Furniture > Chairs & Seating,1.0,31.294964028776977,0.1882494004796163,0.5,0.749191164970398,0.8,5,76.95146942138672,0.9207867025546584,1.0,3,0.15431228861330326,False,S_2c2317aea3ca,False,,STYLE-EXTENSION,Approve,False,Furniture > Chairs & Seating > Office Chairs > Executive :: price_band=$300–$400,"Sodt High Back Office Chair,Executive Desk Chair,Massage Office Chair(Only Includes Office Chair)",389.99,https://www.wayfair.com/furniture/pdp/ebern-designs-sodt-high-back-office-chairexecutive-desk-chairmassage-office-chaironly-includes-office-chair-w122090288.html,Ebern Designs,True,False,,,contemporary,0.2185738444193912,,S_2c2317aea3ca,Eurotech High Back Titanium Frame Leather Executive Chair: Black,361.89,https://www.staples.com/eurotech-high-back-titanium-frame-leather-executive-chair-black/product_42637,black,leather,industrial,0.06426155580608793
W_W118826487,Furniture > Chairs & Seating > Office Chairs > Other,Furniture > Chairs & Seating,0.5724331926863573,35.97122302158274,0.09232613908872901,0.7607913669064749,0.7200669646263123,0.75,4,73.20401763916016,0.8537905633527721,1.0,3,-0.022688838782412624,False,S_28fdc598b428,False,,STYLE-EXTENSION,Approve,False,Furniture > Chairs & Seating > Office Chairs > Other :: price_band=$300–$400,"Big And Tall 400Lbs Executive Home Office Chair With Wide Seat, Computer Task Chair",305.99,https://www.wayfair.com/furniture/pdp/red-barrel-studio-big-and-tall-400lbs-executive-office-chair-with-wide-seat-computer-task-chair-w118826487.html,Red Barrel Studio,True,False,,,modern,0.3349774520856821,,S_28fdc598b428,"Serta Ergonomic Bonded Leather Executive Big & Tall Chair, 350 lb. Capacity, Gray (43506COSS)",399.29,https://www.staples.com/serta-big-and-tall-bonded-leather-executive-office-chair-with-upgraded-wood-accents-mindset-gray-chr20060/product_24287822,grey,bonded leather,contemporary,0.3576662908680947
W_W120033759,Furniture > Chairs & Seating > Office Chairs > Other,Furniture > Chairs & Seating,1.0,42.15827338129496,0.03597122302158273,1.0,0.7000892758369446,1.0,3,82.00535583496094,1.1356169448552715,0.8333333333333334,4,0.0923055242390079,False,S_37067094571a,False,,STYLE-EXTENSION,Approve,False,Furniture > Chairs & Seating > Office Chairs > Other :: price_band=$400+,4PCS Heavy Duty Iron Frame Office Chairs,429.99,https://www.wayfair.com/furniture/pdp/inbox-zero-4pcs-heavy-duty-iron-frame-office-chairs-w120033759.html,Inbox Zero,True,False,,metal,modern,0.370913190529876,,S_37067094571a,"Flash Furniture Fabric Luxurious Conference Chair with Silver Trim Nails, Gray (BZ105GY)",329.09,https://www.staples.com/Flash-Furniture-Gray-Fabric-Luxurious-Conference-Chair-with-Silver-Trim-Nails-BZ105GY/product_2637278,blue,faux leather,traditional,0.2786076662908681
W_W122003223,Furniture > Chairs & Seating > Office Chairs > Other,Furniture > Chairs & Seating,0.775811209439528,45.539568345323744,0.09232613908872901,1.0,0.6972261667251587,1.0,4,81.83357238769531,2.166699074974305,0.8,3,-0.10527057497181512,False,S_e6c2a9c32e4b,False,,STYLE-EXTENSION,Approve,False,Furniture > Chairs & Seating > Office Chairs > Other :: price_band=$400+,"8-Pack - Heavy-duty chairs set: 2.1"" thick cushion, iron frame, perfect for home or office. Classic colors, great value",779.99,https://www.wayfair.com/furniture/pdp/ebern-designs-8-pack-heavy-duty-chairs-set-21-thick-cushion-iron-frame-for-office-classic-colors-great-value-w122003223.html?piid=2017988024,Ebern Designs,True,False,white,metal,traditional,0.07130777903043968,white,S_e6c2a9c32e4b,"Flash Furniture Vinyl Conference Chair, Oxblood (BZ105OXBLD)",359.99,https://www.staples.com/flash-furniture-vinyl-conference-chair-oxblood-bz105oxbld/product_200888,red/pink,vinyl,traditional,0.1765783540022548
W_W116791662,Furniture > Chairs & Seating > Office Chairs > Other,Furniture > Chairs & Seating,0.0,57.086330935251794,0.28477218225419665,1.0,0.7624679207801819,1.0,6,85.74807739257812,1.094892819776637,0.7,13,0.07835400225479144,False,S_1cccf6a3ea51,False,,STYLE-EXTENSION,Approve,False,Furniture > Chairs & Seating > Office Chairs > Other :: price_band=$400+,"Comfortable Office Chair In Brown, For Big And Tall Users. Wide Seat, Adjustable Height High Back Diamond Stitching Cushion Brown Color, With Spacious Seat. Comfort",449.99,https://www.wayfair.com/furniture/pdp/wildon-home-comfortable-office-chair-in-brown-for-big-and-tall-users-wide-seat-adjustable-height-high-back-diamond-stitching-cushion-brown-color-with-spacious-seat-comfort-w116791662.html,Wildon Home,True,False,brown/wood,mesh,traditional,0.24140360766629088,,S_1cccf6a3ea51,"Flash Furniture HERCULES Series Ergonomic Mesh Swivel Big & Tall Office Chair, Black (GO2032)",410.99,https://www.staples.com/flash-furniture-hercules-series-ergonomic-mesh-swivel-big-tall-office-chair-black-go2032/product_1983629,black,mesh,contemporary,0.16304960541149943
W_W002292287,Furniture > Chairs & Seating > Office Chairs > Other,Furniture > Chairs & Seating,0.0,56.79856115107914,0.27997601918465226,1.0,0.7449666857719421,0.7142857142857143,7,73.2694320678711,1.0221523660836727,0.7,13,-0.10611612175873733,False,S_bb62ce16fad5,False,,STYLE-EXTENSION,Approve,False,Furniture > Chairs & Seating > Office Chairs > Other :: price_band=$400+,Hercules Task Chair,484.49,https://www.wayfair.com/furniture/pdp/flash-furniture-hercules-task-chair-w002292287.html,Flash Furniture,False,True,metallic,metal,contemporary,0.1375422773393461,,S_bb62ce16fad5,"Thomasville Josephine Ergonomic Bonded Leather Swivel Manager Chair, Blush (60071-BLSH)",139.99,https://www.staples.com/dkny-thomasville-josephine-ergonomic-bonded-leather-swivel-manager-chair-blush-60071/product_24532807,beige/cream,bonded leather,contemporary,0.24365839909808343
W_W119374494,Furniture > Chairs & Seating > Office Chairs > Other,Furniture > Chairs & Seating,0.0,57.086330935251794,0.28477218225419665,1.0,0.7624679207801819,1.0,6,85.74807739257812,1.1094917151268888,0.6,13,0.055947012401352886,False,S_1cccf6a3ea51,False,,STYLE-EXTENSION,Approve,False,Furniture > Chairs & Seating > Office Chairs > Other :: price_band=$400+,"Big And Tall Office Chair In Brown, With Large Seating Space. Adjustable Height, High Back Diamond Stitching Construction Height Suited For Tall. Wide Seat,",455.99,https://www.wayfair.com/furniture/pdp/red-barrel-studio-big-and-tall-office-chair-in-brown-with-large-seating-space-adjustable-height-high-back-diamond-stitching-construction-height-suited-for-tall-wide-seat-w119374494.html,Red Barrel Studio,True,False,brown/wood,mesh,traditional,0.21899661781285232,,S_1cccf6a3ea51,"Flash Furniture HERCULES Series Ergonomic Mesh Swivel Big & Tall Office Chair, Black (GO2032)",410.99,https://www.staples.com/flash-furniture-hercules-series-ergonomic-mesh-swivel-big-tall-office-chair-black-go2032/product_1983629,black,mesh,contemporary,0.16304960541149943
W_W116128793,Furniture > Chairs & Seating > Office Chairs > Other,Furniture > Chairs & Seating,0.0,53.92086330935252,0.23201438848920863,1.0,0.7825797200202942,0.8,5,78.95478057861328,0.8674666859442396,0.6,6,-0.003382187147688842,False,S_67c3455aabf1,False,,STYLE-EXTENSION,Approve,False,Furniture > Chairs & Seating > Office Chairs > Other :: price_band=$300–$400,"800lbs Big And Tall Executive Office Chair, Pu Leather Ergonomic Desk Chair With Adjustable Backrest And Thick Padded Cushion, Heavy Duty Chair For Home Or Office",359.99,https://www.wayfair.com/furniture/pdp/inbox-zero-800lbs-big-and-tall-executive-office-chair-pu-leather-ergonomic-desk-chair-with-adjustable-backrest-and-thick-padded-cushion-heavy-duty-chair-for-or-office-w116128793.html?piid=196497320,Inbox Zero,True,False,brown/wood,faux leather,contemporary,0.41361330326944756,brown/wood,S_67c3455aabf1,"Boss Office Products Ergonomic CaressoftPlus Swivel Conference Chair, Gray/Chrome (B696CRB-GY)",279.99,https://www.staples.com/boss-office-products-ergonomic-caressoftplus-swivel-conference-chair-gray-chrome-b696crb-gy/product_24766447,grey,faux leather,contemporary,0.4169954904171364
W_W116165058,Furniture > Chairs & Seating > Office Chairs > Other,Furniture > Chairs & Seating,0.0,45.539568345323744,0.09232613908872901,1.0,0.7200669646263123,1.0,4,83.20401763916016,1.1718797957532299,0.6,3,0.14388387824126267,False,S_6ed67abe6669,False,,STYLE-EXTENSION,Approve,False,Furniture > Chairs & Seating > Office Chairs > Other :: price_band=$400+,"800LBS Large Heavy Duty Office Chair With Massage Footrest, Big And Tall Office Chair With Adjustable Lumbar Support, PU Leather Executive Chair With Extra Wide Seat",419.99,https://www.wayfair.com/furniture/pdp/inbox-zero-800lbs-large-heavy-duty-office-chair-with-massage-footrest-big-and-tall-office-chair-with-adjustable-lumbar-support-pu-leather-executive-chair-with-extra-wide-seat-w116165058.html?piid=346735290,Inbox Zero,True,False,black,faux leather,contemporary,0.3903607666290868,black,S_6ed67abe6669,"Flash Furniture Leather Conference Chair, Black (BZ105LFBKLEA)",332.69,https://www.staples.com/flash-furniture-leather-conference-chair-black-bz105lfbklea/product_200886,black,leather,traditional,0.24647688838782414
W_W112229139,Furniture > Chairs & Seating > Office Chairs > Task,Furniture > Chairs & Seating,0.0018008747105736633,56.79856115107914,0.27997601918465226,1.0,0.781521201133728,1.0,5,86.89127349853516,2.203819995734496,1.0,7,0.04368658399098083,False,S_221ad0cbd97e,False,,STYLE-EXTENSION,Approve,False,Furniture > Chairs & Seating > Office Chairs > Task :: price_band=$400+ · colour_tone=light-neutral,Lider Plus Conference Chair (Set Of 2),929.99,https://www.wayfair.com/furniture/pdp/orren-ellis-lider-plus-conference-chair-set-of-2-w112229139.html?piid=1913490611,Orren Ellis,True,False,white,metal,modern,0.05214205186020293,white,S_221ad0cbd97e,"Global Goal Fabric Task Chair, Black (22366BKFU85)",422.39,https://www.staples.com/global-goal-fabric-task-chair-black-22366bkfu85/product_24445110,black,fabric,,0.008455467869222097
W_W112815831,Furniture > Chairs & Seating > Office Chairs > Task,Furniture > Chairs & Seating,0.6726290921363483,45.3357314148681,0.30155875299760193,0.6810551558752996,0.769061267375946,0.75,4,76.14368438720703,1.463425937217981,1.0,15,0.20997745208568208,False,S_455b19250360,False,,STYLE-EXTENSION,Approve,False,Furniture > Chairs & Seating > Office Chairs > Task :: price_band=$400+ · colour_tone=light-neutral,Lark Office Chair Low Back,599.99,https://www.wayfair.com/furniture/pdp/orren-ellis-lark-office-chair-low-back-w112815831.html?piid=935655930,Orren Ellis,True,False,beige/cream,,modern,0.23999436302142052,beige/cream,S_455b19250360,"Boss Office Products Ergonomic Mesh/Vinyl Swivel Task Chair, Black (B6566AM-BK)",279.99,https://www.staples.com/boss-office-products-ergonomic-mesh-vinyl-swivel-task-chair-black-b6566am-bk/product_24766453,black,vinyl,contemporary,0.030016910935738446
W_W113740873,Furniture > Chairs & Seating > Office Chairs > Task,Furniture > Chairs & Seating,0.6726290921363483,58.23741007194245,0.3039568345323741,1.0,0.7666404843330383,0.75,4,75.99842834472656,1.8292885192321764,0.8,15,0.13416009019165726,False,S_614ed68210dd,False,,STYLE-EXTENSION,Approve,False,Furniture > Chairs & Seating > Office Chairs > Task :: price_band=$400+,Office Chair,749.99,https://www.wayfair.com/furniture/pdp/everly-quinn-office-chair-w113740873.html,Everly Quinn,True,False,,,modern,0.21688275084554678,,S_614ed68210dd,"Tempur-Pedic Ergonomic Mesh Swivel Task Chair, Agate (TP9000-AGATE)",325.99,https://www.staples.com/tempur-pedic-ergonomic-mesh-swivel-task-chair-agate-tp9000-agate/product_24766691,grey,fabric,,0.08272266065388952
W_BLOI2784,Furniture > Chairs & Seating > Office Chairs > Task,Furniture > Chairs & Seating,1.0,57.697841726618705,0.6282973621103117,0.5,0.800047755241394,1.0,6,88.00286865234375,0.8604618712063071,0.75,15,-0.09385569334836528,False,S_63ab00c6bb40,False,,STYLE-EXTENSION,Approve,False,Furniture > Chairs & Seating > Office Chairs > Task :: price_band=$250–$400,Symple Stuff Miah Vinyl Office Chair,369.99,https://www.wayfair.com/furniture/pdp/symple-stuff-miah-drafting-chair-bloi2784.html?piid=30684076%2C30684078%2C90992198,Symple Stuff,True,False,metallic,vinyl,contemporary,0.0173337091319053,metallic,S_63ab00c6bb40,"Workplace 2.0 Ergonomic Task Chair, Polyurethane, Black",389.99,https://www.staples.com/workplace2-0-health-bedford-polyurethane-nylon-task-chair-black-wp62574/product_24596661,black,faux leather,contemporary,0.11118940248027058
W_BLOI2582,Furniture > Chairs & Seating > Office Chairs > Task,Furniture > Chairs & Seating,1.0,43.92086330935252,0.3986810551558753,0.5,0.7722257971763611,0.8,5,78.33354187011719,1.4651270959789762,0.75,15,-0.040304396843292,False,S_46a428e65d00,False,,STYLE-EXTENSION,Approve,False,Furniture > Chairs & Seating > Office Chairs > Task :: price_band=$400+ · colour_tone=bold,Blue Ridge Ergonomics Vinyl Task Chair,629.99,https://www.wayfair.com/furniture/pdp/blue-ridge-ergonomics-task-chair-bloi2582.html?piid=30686350%2C30686353%2C30686354,Blue Ridge Ergonomics,False,False,blue,vinyl,scandinavian,0.03128523111612176,black,S_46a428e65d00,"Poppin Ergonomic Fabric Swivel Task Chair, Orange (103814)",358.99,https://www.staples.com/poppin-ergonomic-fabric-swivel-task-chair-orange-103814/product_2607861,yellow/orange,fabric,,0.07158962795941376
W_FHNF6618,Furniture > Chairs & Seating > Office Chairs > Task,Furniture > Chairs & Seating,1.0,63.093525179856115,0.38489208633093525,1.0,0.7701296806335449,0.8,5,78.20777893066406,2.659475974446811,0.6666666666666666,15,0.14613866967305522,False,S_fa5125eafbe7,False,,STYLE-EXTENSION,Approve,False,Furniture > Chairs & Seating > Office Chairs > Task :: price_band=$400+ · colour_tone=light-neutral,Joss & Main Loudon Fabric Task Chair,1149.0,https://www.wayfair.com/furniture/pdp/joss-main-loudon-conference-chair-fhnf6618.html,Joss & Main,True,False,beige/cream,fabric,contemporary,0.15628523111612175,,S_fa5125eafbe7,"HON Flexion Fabric/Mesh Swivel Task Chair, Black (HFXT1.F0.STC.A.H.IM.UR10.NL.SB.T)",577.49,https://www.staples.com/hon-flexion-fabric-mesh-swivel-task-chair-black-hfxt1-f0-stc-a-h-im-ur10-nl-sb-t/product_24592016,black,fabric,,0.010146561443066516
W_W000473057,Furniture > Chairs & Seating > Office Chairs > Task,Furniture > Chairs & Seating,0.18692372170997484,45.03597122302158,0.4028776978417266,0.5215827338129496,0.7844593524932861,1.0,5,87.06756591796875,1.2585121942923228,0.6666666666666666,5,0.058624577226606536,False,S_2a41e8e1b8bc,False,,STYLE-EXTENSION,Approve,False,Furniture > Chairs & Seating > Office Chairs > Task :: price_band=$250–$400 · colour_tone=bold,"Scarlette Ergonomic Mesh Task Chair with Seat Slide, Adj Lumbar Support, Reclines with Lock",369.99,https://www.wayfair.com/furniture/pdp/symple-stuff-scarlette-ergonomic-mesh-task-chair-with-seat-slide-adj-lumbar-support-reclines-with-lock-w000473057.html?piid=873856581,Symple Stuff,True,False,red/pink,mesh,gaming,0.059329199549041714,red/pink,S_2a41e8e1b8bc,"HON Ignition 2.0 Mesh/Fabric Swivel Task Chair, Fog/Carolina/Black (HONI2MM2AFH21BT)",603.99,https://www.staples.com/hon-ignition-2-0-fabric-mesh-swivel-task-chair-carolina-black-hiwmmkd-y2-a-h-if-haml21-bl-sb-t/product_24592027,blue,fabric,,0.0007046223224351747
W_FRIZ1037,Furniture > Chairs & Seating > Office Chairs > Task,Furniture > Chairs & Seating,0.0,43.093525179856115,0.38489208633093525,0.5,0.7701296806335449,0.8,5,78.20777893066406,5.717040088880659,0.6666666666666666,15,0.0729988726042841,False,S_fa5125eafbe7,False,,STYLE-EXTENSION,Approve,False,Furniture > Chairs & Seating > Office Chairs > Task :: price_band=$400+ · colour_tone=mid-neutral,ChairVogue Fabric Task Chair,2469.99,https://www.wayfair.com/furniture/pdp/chairvogue-ergonomic-360rotation-comfort-office-chair-friz1037.html?piid=100091032,ChairVogue,False,False,grey,fabric,contemporary,0.08314543404735061,grey,S_fa5125eafbe7,"HON Flexion Fabric/Mesh Swivel Task Chair, Black (HFXT1.F0.STC.A.H.IM.UR10.NL.SB.T)",577.49,https://www.staples.com/hon-flexion-fabric-mesh-swivel-task-chair-black-hfxt1-f0-stc-a-h-im-ur10-nl-sb-t/product_24592016,black,fabric,,0.010146561443066516
W_W007987889,Furniture > Chairs & Seating > Sofas & Benches > Benches & Beam Seating,Furniture > Chairs & Seating,1.0,46.47482014388489,0.1079136690647482,1.0,0.8036476969718933,1.0,5,88.21886444091797,3.104350525522196,1.0,7,-0.1816516347237881,False,S_f81eecf4e121,False,,STYLE-EXTENSION,Approve,False,Furniture > Chairs & Seating > Sofas & Benches > Benches & Beam Seating :: price_band=$400+,Kinsee Bench,700.0,https://www.wayfair.com/furniture/pdp/union-rustic-kinsee-solid-wood-bench-w007987889.html,Union Rustic,True,False,,wood,,0.38289177001127395,,S_f81eecf4e121,"bali & pari Sofia Natural Rattan and Mahogany Wood Bench, Natural and Off-White (228-13094-HiT)",359.99,https://www.staples.com/bali-pari-sofia-natural-rattan-and-mahogany-wood-bench-natural-and-off-white-228-13094-hit/product_24767928,brown/wood,wood,boho/coastal,0.564543404735062
W_W001814518,Furniture > Chairs & Seating > Sofas & Benches > Benches & Beam Seating,Furniture > Chairs & Seating,1.0,42.94964028776979,0.14088729016786572,0.862410071942446,0.8207283616065979,1.0,5,89.24370574951172,1.6935119074016585,1.0,7,-0.10710259301014652,False,S_689a924b2a66,False,,STYLE-EXTENSION,Approve,False,Furniture > Chairs & Seating > Sofas & Benches > Benches & Beam Seating :: price_band=$250–$400,Loft Tufted Vegan Leather Bench by Modway,381.87,https://www.wayfair.com/furniture/pdp/modway-loft-tufted-vegan-leather-bench-by-modway-w001814518.html?piid=1976560723%2C1977200481,Modway,False,False,black,faux leather,industrial,0.4177001127395716,black,S_689a924b2a66,"bali & pari Seranay Natural Rattan Bench, Light Honey and White (252-14111-HiT)",429.99,https://www.staples.com/bali-pari-seranay-natural-rattan-bench-light-honey-and-white-252-14111-hit/product_24767930,brown/wood,wicker/rattan,boho/coastal,0.5248027057497181
W_LS10418,Furniture > Chairs & Seating > Sofas & Benches > Benches & Beam Seating,Furniture > Chairs & Seating,1.0,38.17745803357314,0.1079136690647482,0.7925659472422062,0.8036476969718933,1.0,5,88.21886444091797,3.1614705751918044,1.0,7,-0.25211386696730553,False,S_f81eecf4e121,False,,STYLE-EXTENSION,Approve,False,Furniture > Chairs & Seating > Sofas & Benches > Benches & Beam Seating :: price_band=$400+,Waterfall Waiting Reception 2 Seat Bench Metal Frame,712.88,"https://www.wayfair.com/shop-office-spaces/pdp/lesro-waterfall-waiting-reception-2-seat-bench-metal-frame-ls10418.html?piid=88240336%2C89076794&auctionId=38898458-b5d2-48d3-93cf-692ee0690980&trackingId={""adType"":""WSP"",""auctionId"":""38898458-b5d2-48d3-93cf-692ee0690980""}&adTypeId=1",Lesro,False,True,grey,metal,,0.3124295377677565,grey,S_f81eecf4e121,"bali & pari Sofia Natural Rattan and Mahogany Wood Bench, Natural and Off-White (228-13094-HiT)",359.99,https://www.staples.com/bali-pari-sofia-natural-rattan-and-mahogany-wood-bench-natural-and-off-white-228-13094-hit/product_24767928,brown/wood,wood,boho/coastal,0.564543404735062
W_W000862982,Furniture > Chairs & Seating > Sofas & Benches > Benches & Beam Seating,Furniture > Chairs & Seating,1.0,35.46762589928058,0.1079136690647482,0.724820143884892,0.8036482930183411,1.0,5,88.21890258789062,2.3947403432524723,1.0,7,0.007609921082299964,False,S_689a924b2a66,False,,STYLE-EXTENSION,Approve,False,Furniture > Chairs & Seating > Sofas & Benches > Benches & Beam Seating :: price_band=$400+,SandpiperCove Velvet Upholstered Bench,539.99,https://www.wayfair.com/furniture/pdp/willa-arlo-interiors-sandpipercove-upholstered-bench-metallic-platinum-w000862982.html,Willa Arlo Interiors,True,False,metallic,velvet,glam,0.5324126268320181,,S_689a924b2a66,"bali & pari Seranay Natural Rattan Bench, Light Honey and White (252-14111-HiT)",429.99,https://www.staples.com/bali-pari-seranay-natural-rattan-bench-light-honey-and-white-252-14111-hit/product_24767930,brown/wood,wicker/rattan,boho/coastal,0.5248027057497181
W_W002136687,Furniture > Chairs & Seating > Sofas & Benches > Benches & Beam Seating,Furniture > Chairs & Seating,0.32981530343007925,35.46762589928058,0.1079136690647482,0.724820143884892,0.8036476969718933,1.0,5,88.21886444091797,1.3303915916448623,1.0,7,-0.1310597519729425,False,S_f81eecf4e121,False,,STYLE-EXTENSION,Approve,False,Furniture > Chairs & Seating > Sofas & Benches > Benches & Beam Seating :: price_band=$250–$400,Radabaugh Rustic Industrial Reclaimed Wood Bench,299.99,https://www.wayfair.com/furniture/pdp/union-rustic-radabaugh-rustic-industrial-reclaimed-wood-bench-w002136687.html,Union Rustic,True,False,,wood,industrial,0.43348365276211953,,S_f81eecf4e121,"bali & pari Sofia Natural Rattan and Mahogany Wood Bench, Natural and Off-White (228-13094-HiT)",359.99,https://www.staples.com/bali-pari-sofia-natural-rattan-and-mahogany-wood-bench-natural-and-off-white-228-13094-hit/product_24767928,brown/wood,wood,boho/coastal,0.564543404735062
W_W001715659,Furniture > Chairs & Seating > Sofas & Benches > Benches & Beam Seating,Furniture > Chairs & Seating,0.0,48.45323741007195,0.14088729016786572,1.0,0.8207283616065979,1.0,5,89.24370574951172,1.5964787795467648,0.9333333333333333,7,0.008455467869222022,False,S_45e51fabec39,False,,STYLE-EXTENSION,Approve,False,Furniture > Chairs & Seating > Sofas & Benches > Benches & Beam Seating :: price_band=$250–$400 · colour_tone=warm-neutral,Ballesteros Solid Wood Bench,359.99,https://www.wayfair.com/furniture/pdp/breakwater-bay-ballesteros-wood-bench-w001715659.html?piid=1312626425,Breakwater Bay,True,False,brown/wood,wood,farmhouse/rustic,0.5729988726042841,,S_45e51fabec39,"bali & pari Orchard Natural Rattan Bench, Natural/Off-White (203-12584-HiT)",420.29,https://www.staples.com/bali-pari-orchard-natural-rattan-bench-natural-off-white-203-12584-hit/product_24687122,brown/wood,wicker/rattan,boho/coastal,0.564543404735062
W_W002095644,Furniture > Chairs & Seating > Sofas & Benches > Benches & Beam Seating,Furniture > Chairs & Seating,0.32981530343007925,46.47482014388489,0.1079136690647482,1.0,0.8036476969718933,1.0,5,88.21886444091797,6.873874672934498,0.9199999999999999,7,0.046082299887260425,False,S_689a924b2a66,False,,STYLE-EXTENSION,Approve,False,Furniture > Chairs & Seating > Sofas & Benches > Benches & Beam Seating :: price_band=$400+ · colour_tone=warm-neutral,Siena Lounge Reception 3 Seat Bench,1549.99,"https://www.wayfair.com/shop-office-spaces/pdp/lesro-siena-lounge-reception-3-seat-bench-w002095644.html?piid=46683396%2C128058315&auctionId=c396ff8d-fffb-4548-b9d2-342255c5114d&trackingId={""adType"":""WSP"",""auctionId"":""c396ff8d-fffb-4548-b9d2-342255c5114d""}&adTypeId=1",Lesro,False,True,brown/wood,metal,contemporary,0.5708850056369785,brown/wood,S_689a924b2a66,"bali & pari Seranay Natural Rattan Bench, Light Honey and White (252-14111-HiT)",429.99,https://www.staples.com/bali-pari-seranay-natural-rattan-bench-light-honey-and-white-252-14111-hit/product_24767930,brown/wood,wicker/rattan,boho/coastal,0.5248027057497181
W_XHX1773,Furniture > Chairs & Seating > Sofas & Benches > Benches & Beam Seating,Furniture > Chairs & Seating,0.0,35.46762589928058,0.1079136690647482,0.724820143884892,0.8036476969718933,1.0,5,88.21886444091797,1.0110869661625792,0.9166666666666667,7,-0.03664036076662913,False,S_f81eecf4e121,False,,STYLE-EXTENSION,Approve,False,Furniture > Chairs & Seating > Sofas & Benches > Benches & Beam Seating :: price_band=$175–$250 · colour_tone=warm-neutral,Natay Faux Leather Office Bench,227.99,https://www.wayfair.com/shop-office-spaces/pdp/inbox-zero-natay-2-seat-faux-leather-bench-xhx1773.html,Inbox Zero,True,False,brown/wood,faux leather,,0.5279030439684329,,S_f81eecf4e121,"bali & pari Sofia Natural Rattan and Mahogany Wood Bench, Natural and Off-White (228-13094-HiT)",359.99,https://www.staples.com/bali-pari-sofia-natural-rattan-and-mahogany-wood-bench-natural-and-off-white-228-13094-hit/product_24767928,brown/wood,wood,boho/coastal,0.564543404735062
W_W121293056,Furniture > Chairs & Seating > Stacking & Folding Chairs,Furniture > Chairs & Seating,0.09042694245558214,59.616306954436446,0.48201438848920863,0.7673860911270982,0.7924162745475769,0.6,5,71.54497528076172,0.8555538779002466,1.0,15,0.2170236753100338,False,S_c7276f044f21,False,,STYLE-EXTENSION,Approve,False,Furniture > Chairs & Seating > Stacking & Folding Chairs :: price_band=$125–$250 · colour_tone=bold,Turquoise Teal Folding Adirondack Chair with Safety Chain for Resort Poolside Patio,169.99,https://www.wayfair.com/school-furniture-and-supplies/pdp/latitude-run-matte-folding-adirondack-chair-5-vertical-slat-back-for-modern-outdoor-balcony-w121293056.html?piid=994042798,Latitude Run,True,False,blue,,minimalist,0.33131341600901915,blue,S_c7276f044f21,"Offices To Go Fabric Upholstery Stacking Chair, Black, 2/Carton (OTG11934QL10)",198.69,https://www.staples.com/offices-to-go-fabric-upholstery-stacking-chair-black-2-carton-otg11934ql10/product_808889,black,fabric,,0.11428974069898534
W_W117358504,Furniture > Chairs & Seating > Stacking & Folding Chairs,Furniture > Chairs & Seating,0.22283901665344963,59.616306954436446,0.48201438848920863,0.7673860911270982,0.7924162745475769,0.6,5,71.54497528076172,1.2330263224117974,1.0,15,0.08934611048478017,False,S_c7276f044f21,False,,STYLE-EXTENSION,Approve,False,Furniture > Chairs & Seating > Stacking & Folding Chairs :: price_band=$125–$250,"Patio Folding Chairs Set of 2,Padded PVC-coated polyester Fabric Seat",244.99,https://www.wayfair.com/school-furniture-and-supplies/pdp/latitude-run-patio-folding-chairs-set-of-2padded-pvc-coated-polyester-fabric-seat-w117358504.html,Latitude Run,True,False,,vinyl,,0.2036358511837655,,S_c7276f044f21,"Offices To Go Fabric Upholstery Stacking Chair, Black, 2/Carton (OTG11934QL10)",198.69,https://www.staples.com/offices-to-go-fabric-upholstery-stacking-chair-black-2-carton-otg11934ql10/product_808889,black,fabric,,0.11428974069898534
W_W119270065,Furniture > Chairs & Seating > Stacking & Folding Chairs,Furniture > Chairs & Seating,0.615082482325216,59.616306954436446,0.48201438848920863,0.7673860911270982,0.7924162745475769,0.6,5,71.54497528076172,0.9763450601439428,1.0,15,0.16967305524239007,False,S_c7276f044f21,False,,STYLE-EXTENSION,Approve,False,Furniture > Chairs & Seating > Stacking & Folding Chairs :: price_band=$125–$250 · colour_tone=bold,"Brown 2-Piece Outdoor Folding Chairs, 350lb Capacity, Rust-Resistant WPC Slats, No Assembly, Flat Foldable for Patio, Balcony & Garden",193.99,https://www.wayfair.com/school-furniture-and-supplies/pdp/latitude-run-brown-2-piece-outdoor-folding-chairs-350lb-capacity-rust-resistant-wpc-slats-no-assembly-flat-foldable-for-patio-balcony-garden-w119270065.html,Latitude Run,True,False,yellow/orange,,,0.2839627959413754,,S_c7276f044f21,"Offices To Go Fabric Upholstery Stacking Chair, Black, 2/Carton (OTG11934QL10)",198.69,https://www.staples.com/offices-to-go-fabric-upholstery-stacking-chair-black-2-carton-otg11934ql10/product_808889,black,fabric,,0.11428974069898534
W_W001537991,Furniture > Chairs & Seating > Stacking & Folding Chairs,Furniture > Chairs & Seating,0.7441921169407466,54.08872901678657,0.31235011990407674,0.8836930455635491,0.7815306782722473,1.0,6,86.891845703125,1.312186669135835,1.0,15,0.17883314543404735,False,S_3ee5493f22a6,False,,STYLE-EXTENSION,Approve,False,Furniture > Chairs & Seating > Stacking & Folding Chairs :: price_band=$500+,Eiland Rope Outdoor Dining Side Chair,992.0,https://www.wayfair.com/outdoor/pdp/oxford-garden-eiland-rope-outdoor-dining-side-chair-w001537991.html,Oxford Garden,False,False,,metal,scandinavian,0.23322998872604284,,S_3ee5493f22a6,"Flash Furniture HERCULES™ Plastic Powder Coated Frame Stack Chair, Black, 12/Pack",1097.79,https://www.staples.com/flash-furniture-hercules-plastic-powder-coated-frame-stack-chair-black-12-pack/product_201433,black,plastic,,0.05439684329199549
W_BDAV1227,Furniture > Chairs & Seating > Stacking & Folding Chairs,Furniture > Chairs & Seating,0.22283901665344963,52.94964028776978,0.2158273381294964,1.0,0.7623994946479797,1.0,5,85.74397277832031,1.9661562554376197,1.0,6,0.022688838782412638,False,S_69ffbdecd929,False,,STYLE-EXTENSION,Approve,False,Furniture > Chairs & Seating > Stacking & Folding Chairs :: price_band=$125–$250,Stackable Reception Chair with Metal Frame,225.99,https://www.wayfair.com/commercial-office-furniture/pdp/clatina-stackable-reception-chair-with-metal-frame-bdav1227.html,Clatina,False,False,,metal,,0.12471815107102593,,S_69ffbdecd929,"Flash Furniture Jana Mesh Stackable Side Chair, Black (GO5152)",116.99,https://www.staples.com/flash-furniture-jana-mesh-stackable-side-chair-black-go5152/product_1983507,black,mesh,contemporary,0.1020293122886133
W_W113000295,Furniture > Chairs & Seating > Stacking & Folding Chairs,Furniture > Chairs & Seating,0.7441921169407466,51.618705035971225,0.1936450839328537,1.0,0.7792434692382812,1.0,5,86.75460815429688,0.9056732528924596,1.0,12,0.4704058624577226,True,S_cae6114ac58f,False,,STYLE-EXTENSION,Approve,False,Furniture > Chairs & Seating > Stacking & Folding Chairs :: price_band=$250–$500,Treillage Side Chair,291.98,https://www.wayfair.com/furniture/pdp/lark-manor-side-chair-w113000295.html,Lark Manor,True,False,brown/wood,wood,farmhouse/rustic,0.5501691093573844,,S_cae6114ac58f,"Flash Furniture Tiffany Fabric Stackable Side Reception Chair with Arms, Black (BT5161BK)",112.99,https://www.staples.com/Flash-Furniture-Fabric-Stackable-Steel-Side-Chair-with-Arms-Black/product_256957,black,fabric,,0.07976324689966179
W_OCRS3114,Furniture > Chairs & Seating > Stacking & Folding Chairs,Furniture > Chairs & Seating,0.22283901665344963,35.26378896882494,0.07613908872901679,0.7673860911270982,0.7362647652626038,0.8,5,76.17588806152344,2.735645460348339,1.0,3,0.09766065388951523,False,S_bc9cb3978c21,False,,STYLE-EXTENSION,Approve,False,Furniture > Chairs & Seating > Stacking & Folding Chairs :: price_band=$500+,Dorota Outdoor Swivel Chair(set Of 2),900.0,https://www.wayfair.com/outdoor/pdp/latitude-run-dorota-outdoor-swivel-chairset-of-2-ocrs3114.html,Latitude Run,True,False,brown/wood,metal,,0.18616121758737317,,S_bc9cb3978c21,"Flash Furniture HERCULES Series Fabric Stack Chair with Arms, Navy Blue Dot (XU60154NVY)",79.79,https://www.staples.com/flash-furniture-hercules-series-fabric-stack-chair-with-arms-navy-blue-dot-xu60154nvy/product_257092,blue,fabric,contemporary,0.08850056369785794
W_W113914923,Furniture > Chairs & Seating > Stacking & Folding Chairs,Furniture > Chairs & Seating,0.615082482325216,33.82494004796163,0.23201438848920863,0.49760191846522783,0.7025783061981201,0.8,5,74.15470123291016,1.0489544723407231,0.9,15,0.39670236753100335,True,S_fd3bb1482044,False,,STYLE-EXTENSION,Approve,False,Furniture > Chairs & Seating > Stacking & Folding Chairs :: price_band=$125–$250,"Candide 27.5"" Modern Glam Accent Chair with Velvet Fabric Upholstery, Metal Legs in Gold Finish, Foam Wrapped in Poly Fiber",149.99,https://www.wayfair.com/furniture/pdp/mercer41-candide-275-modern-glam-accent-chair-velvet-chair-with-elegant-gold-metal-legs-and-comfortable-foam-cushions-w113914923.html?piid=1582782002,Mercer41,True,False,metallic,velvet,glam,0.7157553551296505,blue,S_fd3bb1482044,"NPS 9200 Series Vinyl Padded Stacking Chair, Midnight Blue/Silvervein (9204-SV)",132.99,https://www.staples.com/nps-9200-series-dome-back-vinyl-padded-stack-chair-midnight-blue-silvervein-9204-sv/product_310788,blue,vinyl,,0.31905298759864714
W_W115205405,Furniture > Chairs & Seating > Stools & Ottomans > Counter & Bar Stools > Bar,Furniture > Chairs & Seating,0.0,67.44604316546763,0.45743405275779375,1.0,0.787803053855896,0.75,4,77.26818084716797,2.7570971475253594,1.0,15,-0.11020293122886132,False,S_32fe42e2ad99,False,,STYLE-EXTENSION,Approve,False,Furniture > Chairs & Seating > Stools & Ottomans > Counter & Bar Stools > Bar :: price_band=$400+,"360 Degree Swivel Bar Stool With Stunning Nailhead Trim, Set Of 2",404.99,https://www.wayfair.com/furniture/pdp/wildon-home-360-degree-swivel-bar-stool-with-stunning-nailhead-trim-set-of-2-w115205405.html,Wildon Home,True,False,,,minimalist,0.4083990980834273,,S_32fe42e2ad99,Flash Furniture Ghost Barstool in Transparent Crystal with Oval Back (OWGHOSTBACK29),129.09,https://www.staples.com/Ghost-Barstool-in-Transparent-Crystal-with-Oval-Back-OWGHOSTBACK29/product_24070346,clear,plastic,contemporary,0.5186020293122886
W_W115252794,Furniture > Chairs & Seating > Stools & Ottomans > Counter & Bar Stools > Bar,Furniture > Chairs & Seating,0.0,33.63309352517986,0.07733812949640288,0.724820143884892,0.701217770576477,0.75,4,72.07306671142578,0.9049338670379394,1.0,7,0.08187711386696728,False,S_79af17dad2b2,False,,STYLE-EXTENSION,Approve,False,Furniture > Chairs & Seating > Stools & Ottomans > Counter & Bar Stools > Bar :: price_band=$150–$250 · colour_tone=warm-neutral,"35"" Square Upholstered Ottoman Coffee Table With Large Storage",207.99,https://www.wayfair.com/furniture/pdp/latitude-run-35-square-upholstered-ottoman-coffee-table-with-large-storage-w115252794.html?piid=511623505,Latitude Run,True,False,brown/wood,,modern,0.7161781285231116,beige/cream,S_79af17dad2b2,"Flash Furniture HERCULES Series Traditional Metal Ladder Back Barstool, Black/Black Seat, 2-Pieces/Pack (2XU6F8BLDSWVBKV)",257.28999999999996,https://www.staples.com/Flash-Furniture-HERCULES-Series-Black-Ladder-Back-Swivel-Metal-Bar-Stool-Black-Vinyl-Seat-2-Pack/product_257721,black,metal,traditional,0.6343010146561443
W_W111289261,Furniture > Chairs & Seating > Stools & Ottomans > Counter & Bar Stools > Bar,Furniture > Chairs & Seating,0.8622327790973872,47.3021582733813,0.12170263788968826,1.0,0.64680016040802,0.8,5,70.80801391601562,0.9252791172509667,0.95,15,0.5787767756482525,False,S_89cb5903183d,False,,STYLE-EXTENSION,Approve,False,Furniture > Chairs & Seating > Stools & Ottomans > Counter & Bar Stools > Bar :: price_band=$150–$250 · colour_tone=bold,Gabrel 2 Piece Tufted Velvet Upholstered Accent Dining Chairs,212.99,https://www.wayfair.com/furniture/pdp/mercer41-gabrel-2-piece-tufted-velvet-upholstered-accent-dining-chairs-w111289261.html?piid=1747390016,Mercer41,True,False,green,velvet,modern,0.9947857948139797,green,S_89cb5903183d,"Flash Furniture HERCULES Traditional Wood School House Back Restaurant Barstool, Black (XUDGW0006BBLK)",158.59,https://www.staples.com/flash-furniture-hercules-traditional-wood-school-house-back-restaurant-barstool-black-xudgw0006bblk/product_24616188,black,wood,traditional,0.4160090191657272
W_W007082531,Furniture > Chairs & Seating > Stools & Ottomans > Counter & Bar Stools > Bar,Furniture > Chairs & Seating,0.04918032786885229,56.18705035971223,0.2697841726618705,1.0,0.7200838327407837,0.8,5,75.20502471923828,1.346670142056562,0.9,15,0.3675310033821872,True,S_b9bd3648b81e,False,,STYLE-EXTENSION,Approve,False,Furniture > Chairs & Seating > Stools & Ottomans > Counter & Bar Stools > Bar :: price_band=$250–$400,Wilhelm Faux Leather Chrome Feet 'Z' Leg Dining Chairs Modern Design,309.99,https://www.wayfair.com/furniture/pdp/east-urban-home-wilhelm-faux-leather-chrome-feet-z-leg-dining-chairs-modern-design-w007082531.html?piid=1732024864,East Urban Home,True,False,metallic,faux leather,modern,0.7523957158962796,black,S_b9bd3648b81e,"Flash Furniture Wright Transitional Steel Boomerang Back Barstool, Black/Walnut/Blue (XUDG6V6BLVWAL)",159.99,https://www.staples.com/flash-furniture-wright-transitional-steel-boomerang-back-barstool-black-walnut-blue-xudg6v6blvwal/product_24547383,black,metal,transitional,0.38486471251409243
W_W002333195,Furniture > Chairs & Seating > Stools & Ottomans > Counter & Bar Stools > Bar,Furniture > Chairs & Seating,0.23348017621145367,62.37410071942446,0.37290167865707435,1.0,0.7683654427528381,0.75,4,76.1019287109375,1.0873803374822812,0.875,15,0.21152762119503943,True,S_b8c029eddf6d,False,,STYLE-EXTENSION,Approve,False,Furniture > Chairs & Seating > Stools & Ottomans > Counter & Bar Stools > Bar :: price_band=$400+ · colour_tone=dark-neutral,Bernier 20'' H Faux Leather Upholstered Parsons Chair,559.99,https://www.wayfair.com/furniture/pdp/loon-peak-bernier-upholstered-side-chair-w002333195.html?piid=1599534045%2C1599534046,Loon Peak,True,False,black,faux leather,,0.718010146561443,black,S_b8c029eddf6d,Flash Furniture 24'' Round Table Set W/4 Ladder Back Bar Stools (RSRB1038),537.24,https://www.staples.com/Flash-Furniture-24-Round-Mahogany-Laminate-Table-Set-with-Round-Base-and-4-Ladder-Back-Metal-Bar-Stools-Burgundy-Vinyl-Seat/product_257908,brown/wood,vinyl,,0.5064825253664036
W_W112976226,Furniture > Chairs & Seating > Stools & Ottomans > Counter & Bar Stools > Bar,Furniture > Chairs & Seating,1.0,56.18705035971223,0.2697841726618705,1.0,0.7200838327407837,0.8,5,75.20502471923828,1.059950475693992,0.8333333333333334,15,0.4255918827508455,True,S_072b1557e156,False,,STYLE-EXTENSION,Approve,False,Furniture > Chairs & Seating > Stools & Ottomans > Counter & Bar Stools > Bar :: price_band=$150–$250,19.5'' Seat Height Upholstered Rattan Back Dining Chair (Set of 2),243.99,https://www.wayfair.com/furniture/pdp/george-oliver-195-seat-height-upholstered-rattan-back-dining-chair-set-of-2-w112976226.html,George Oliver,True,False,,wicker/rattan,mid-century,0.8730270574971815,,S_072b1557e156,"Flash Furniture HERCULES Traditional Metal School House Back Barstool, Black/Natural Wood, 2-Pieces/Pack (2XU6R8BSCHBARNW)",256.29,https://www.staples.com/flash-furniture-hercules-traditional-metal-school-house-back-barstool-black-natural-wood-2-pieces-pack-2xu6r8bschbarnw/product_24513266,black,metal,traditional,0.447435174746336
W_W005641640,Furniture > Chairs & Seating > Stools & Ottomans > Counter & Bar Stools > Bar,Furniture > Chairs & Seating,0.3176470588235294,73.70503597122303,0.5617505995203836,1.0,0.8207274675369263,1.0,3,89.24365234375,1.0873803374822812,0.8,15,-0.1341600901916573,False,S_89d3e1e18d46,False,,STYLE-EXTENSION,Approve,False,Furniture > Chairs & Seating > Stools & Ottomans > Counter & Bar Stools > Bar :: price_band=$400+ · colour_tone=dark-neutral,Gariner Dining Table,559.99,https://www.wayfair.com/furniture/pdp/red-barrel-studio-gariner-trestle-dining-table-w005641640.html?piid=475343830%2C475343833,Red Barrel Studio,True,False,black,wood,farmhouse/rustic,0.6833427282976324,black,S_89d3e1e18d46,"Linon Home Decor Products Talabis Barstool, Brown, 2-Pieces (AC144BRN02ASU)",309.49,https://www.staples.com/linon-home-decor-products-talabis-barstool-brown-2-pieces-ac144brn02asu/product_24779160,brown/wood,wood,farmhouse/rustic,0.8175028184892897
W_W120551616,Furniture > Chairs & Seating > Stools & Ottomans > Counter & Bar Stools > Bar,Furniture > Chairs & Seating,0.5886524822695035,67.44604316546763,0.45743405275779375,1.0,0.787803053855896,0.75,4,77.26818084716797,1.2934168425352306,0.8,15,0.1877113866967306,True,S_32fe42e2ad99,False,,STYLE-EXTENSION,Approve,False,Furniture > Chairs & Seating > Stools & Ottomans > Counter & Bar Stools > Bar :: price_band=$150–$250 · colour_tone=light-neutral,"Colchester Swivel 25"" Bar Stool",189.99,https://www.wayfair.com/furniture/pdp/colchester-swivel-25-bar-stool-w120551616.html,Laurel Foundry Modern Farmhouse,True,False,white,wood,farmhouse/rustic,0.7063134160090192,,S_32fe42e2ad99,Flash Furniture Ghost Barstool in Transparent Crystal with Oval Back (OWGHOSTBACK29),129.09,https://www.staples.com/Ghost-Barstool-in-Transparent-Crystal-with-Oval-Back-OWGHOSTBACK29/product_24070346,clear,plastic,contemporary,0.5186020293122886
W_W119946883,Furniture > Chairs & Seating > Stools & Ottomans > Counter & Bar Stools > Counter,Furniture > Chairs & Seating,0.0,80.6115107913669,0.6768585131894485,1.0,0.8207274675369263,1.0,4,89.24365234375,1.3977553034040453,1.0,15,0.12570462232243518,True,S_ba8f772abf65,False,,STYLE-EXTENSION,Approve,False,Furniture > Chairs & Seating > Stools & Ottomans > Counter & Bar Stools > Counter :: price_band=$250–$350 · colour_tone=mid-neutral,25 In. H Gray Velvet Backless Metal Counter Height Stools With Silver Base (Set Of 2),339.99,https://www.wayfair.com/furniture/pdp/george-oliver-31-h-velvet-bar-stool-set-of-2-with-gold-plated-metal-frame-backless-counter-stool-for-kitchen-dining-room-gray-w119946883.html?piid=1465297716%2C1465297717%2C1465297719,George Oliver,True,False,grey,velvet,,0.6863021420518602,grey,S_ba8f772abf65,Flash Furniture Ghost Counter Stool in Transparent Crystal with Oval Back (OWGHOSTBACK24),122.09,https://www.staples.com/Ghost-Counter-Stool-in-Transparent-Crystal-with-Oval-Back-OWGHOSTBACK24/product_24070345,clear,plastic,contemporary,0.5605975197294251
W_W117230254,Furniture > Chairs & Seating > Stools & Ottomans > Counter & Bar Stools > Counter,Furniture > Chairs & Seating,0.27977839335180055,63.201438848920866,0.38669064748201437,1.0,0.7949706315994263,1.0,5,87.6982421875,0.9012833168805529,0.8,12,-0.06820744081172492,True,S_8751d7638254,False,,STYLE-EXTENSION,Approve,False,Furniture > Chairs & Seating > Stools & Ottomans > Counter & Bar Stools > Counter :: price_band=$150–$250 · colour_tone=dark-neutral,"Caesar Swivel 26"" Counter Stool",209.99,https://www.wayfair.com/furniture/pdp/wildon-home-caesar-swivel-26-counter-stool-set-of-2-w117230254.html?piid=1268283242,Wildon Home,True,False,navy,wood,mid-century,0.7246335963923337,navy,S_8751d7638254,"Winsome Walcott Faux Leather Counter Stool, Black/Walnut (94164)",66.89,https://www.staples.com/winsome-walcott-24-round-faux-leather-seat-swivel-counter-stool-94164/product_24233273,brown/wood,faux leather,contemporary,0.7928410372040586
W_W115111264,Furniture > Chairs & Seating > Stools & Ottomans > Counter & Bar Stools > Counter,Furniture > Chairs & Seating,0.0,66.90647482014388,0.44844124700239807,1.0,0.8004096746444702,1.0,4,88.02458190917969,0.9866387107383654,0.75,15,0.05961104847801574,False,S_8b0e24995109,False,,STYLE-EXTENSION,Approve,False,Furniture > Chairs & Seating > Stools & Ottomans > Counter & Bar Stools > Counter :: mixed,Comfortable Swivel Counter Stool With Sturdy Build And Sophisticated Design,239.99,https://www.wayfair.com/furniture/pdp/lark-manor-comfortable-swivel-counter-stool-with-sturdy-build-and-sophisticated-design-w115111264.html?piid=1830186538,Lark Manor,True,False,grey,,industrial,0.504086809470124,grey,S_8b0e24995109,"Flash Furniture Transitional Vinyl Swivel Barstool, Black (YBYJ909KD)",52.09,https://www.staples.com/Flash-Furniture-30-Vinyl-Bar-Stool-With-Crown-Back-Black/product_1179826,black,vinyl,transitional,0.4444757609921082
W_W116355273,Furniture > Chairs & Seating > Stools & Ottomans > Counter & Bar Stools > Counter,Furniture > Chairs & Seating,0.0,56.330935251798564,0.27218225419664266,1.0,0.7451643943786621,1.0,5,84.7098617553711,1.3658685312411074,0.75,15,-0.07032130777903034,False,S_9fc84ad8a8da,False,,STYLE-EXTENSION,Approve,False,Furniture > Chairs & Seating > Stools & Ottomans > Counter & Bar Stools > Counter :: price_band=$250–$350 · colour_tone=light-neutral,"4-piece Multi-functional Transparent Chair Set - Nordic Creative Armless Plastic Crystal Stool With Black Metal Legs (dining/makeup/negotiation, Tw-1200)",335.99,https://www.wayfair.com/furniture/pdp/orren-ellis-4-piece-multi-functional-transparent-chair-set-nordic-creative-armless-plastic-crystal-stool-with-black-metal-legs-diningmakeupnegotiation-tw-1200-w116355273.html,Orren Ellis,True,False,clear,plastic,scandinavian,0.5901916572717024,,S_9fc84ad8a8da,"bali & pari Kyle Bohemian Natural Rattan Counter Stool, Natural/Off-White (212-12805-HiT)",440.79,https://www.staples.com/bali-pari-kyle-bohemian-natural-rattan-counter-stool-natural-off-white-212-12805-hit/product_24687096,brown/wood,wicker/rattan,boho/coastal,0.6605129650507328
W_W110510985,Furniture > Chairs & Seating > Stools & Ottomans > Counter & Bar Stools > Counter,Furniture > Chairs & Seating,0.4420600858369098,52.44604316546763,0.20743405275779375,1.0,0.7009428143501282,0.75,4,72.05656433105469,1.3154908732116428,0.75,15,-0.12908680947012396,False,S_1c1d3cc046b1,False,,STYLE-EXTENSION,Approve,False,Furniture > Chairs & Seating > Stools & Ottomans > Counter & Bar Stools > Counter :: price_band=$250–$350 · colour_tone=mid-neutral,Cailly 26'' H Upholstered Side Chair,319.98,https://www.wayfair.com/furniture/pdp/august-grove-cailly-cross-back-side-chair-in-brown-w110510985.html,August Grove,False,False,grey,fabric,farmhouse/rustic,0.6623449830890643,,S_1c1d3cc046b1,"Linon Home Decor Products Lola Counter Stool, Black, 2-Pieces (AC205BLKW02ASU)",243.24,https://www.staples.com/linon-home-decor-products-lola-counter-stool-black-2-pieces-ac205blkw02asu/product_24779169,black,wood,farmhouse/rustic,0.7914317925591883
W_W116431099,Furniture > Chairs & Seating > Stools & Ottomans > Counter & Bar Stools > Counter,Furniture > Chairs & Seating,0.12751677852348997,42.805755395683455,0.2302158273381295,0.724820143884892,0.7591570615768433,0.8333333333333334,6,78.88275909423828,1.1301354734207039,0.7333333333333334,14,-0.03847237880496046,False,S_15cb67dfcbfc,False,,STYLE-EXTENSION,Approve,False,Furniture > Chairs & Seating > Stools & Ottomans > Counter & Bar Stools > Counter :: price_band=$250–$350,"Dusty Mauve Corduroy & Walnut Finish Side Chairs ( Of 2), Scandinavian Design, 19.6"" Product Width, 24.15"" Depth Upholstered With (2), Style, 13"" Floor , 30Lb Weight",306.99,https://www.wayfair.com/furniture/pdp/george-oliver-2-gray-corduroy-walnut-side-chair-padded-seat-back-scandinavian-design-d24-foam-density-wood-veneer-upholstered-19-width-17-depth-220lbs-max-weight-load-capacity-chairs-and-upholstery-w-w116431099.html?piid=1893599204,George Oliver,True,False,purple,faux leather,scandinavian,0.7838218714768884,purple,S_15cb67dfcbfc,"Flash Furniture Carmel Series Transitional LeatherSoft Counter Height Stool, Light Gray (CH18202024LTGY)",215.89,https://www.staples.com/flash-furniture-carmel-series-transitional-leathersoft-counter-height-stool-light-gray-ch18202024ltgy/product_24513862,grey,faux leather,transitional,0.8222942502818489
W_W116599531,Furniture > Chairs & Seating > Stools & Ottomans > Counter & Bar Stools > Counter,Furniture > Chairs & Seating,0.12751677852348986,62.37410071942446,0.37290167865707435,1.0,0.766257107257843,0.75,4,75.97543334960938,1.0483061996382175,0.72,15,0.14571589627959414,False,S_78f101cd378f,False,,STYLE-EXTENSION,Approve,False,Furniture > Chairs & Seating > Stools & Ottomans > Counter & Bar Stools > Counter :: price_band=$250–$350 · colour_tone=mid-neutral,Gray Rustic Ladderback Dining Chair (2Pcs) With Upholstered Seat Pad 2 Piece In Colorway,254.99,https://www.wayfair.com/furniture/pdp/hokku-designs-gray-rustic-ladderback-dining-chair-2pcs-with-upholstered-seat-pad-2-piece-in-colorway-w116599531.html,Hokku Designs,True,False,grey,fabric,farmhouse/rustic,0.8594983089064262,,S_78f101cd378f,"Linon Home Decor Products Darby Counter Stool, Brown, 2-Pieces (AC1857BRN02ASU)",303.59,https://www.staples.com/linon-home-decor-products-darby-counter-stool-brown-2-pieces-ac1857brn02asu/product_24779168,brown/wood,wood,traditional,0.7137824126268321
W_W111725965,Furniture > Chairs & Seating > Stools & Ottomans > Counter & Bar Stools > Counter,Furniture > Chairs & Seating,0.4420600858369098,65.64748201438849,0.4274580335731415,1.0,0.7877733707427979,1.0,5,87.26640319824219,1.8137188054002453,0.6,15,-0.0022547914317925244,False,S_cead7bce3ef7,False,,STYLE-EXTENSION,Approve,False,Furniture > Chairs & Seating > Stools & Ottomans > Counter & Bar Stools > Counter :: price_band=$350+ · colour_tone=warm-neutral,Piera Upholstered 27.36'' Counter Stool,399.0,https://www.wayfair.com/furniture/pdp/allmodern-piera-upholstered-2736-counter-stool-w111725965.html?piid=1391736567,AllModern,True,False,brown/wood,fabric,contemporary,0.616685456595265,brown/wood,S_cead7bce3ef7,"bali & pari Nadim Bohemian Seagrass and Acacia Wood with back Counter Stool, Brown and Off-White (242-13488-HiT)",219.99,https://www.staples.com/bali-pari-nadim-bohemian-seagrass-and-acacia-wood-with-back-counter-stool-brown-and-off-white-242-13488-hit/product_24767908,brown/wood,wood,boho/coastal,0.6189402480270575
W_BLOI4342,Furniture > Chairs & Seating > Stools & Ottomans > Drafting Chairs & Office Stools,Furniture > Chairs & Seating,0.4654377880184333,48.05755395683453,0.4676258992805755,0.5,0.8040527701377869,0.6,5,72.2431640625,1.02564168312008,0.6666666666666666,15,0.011555806087936882,False,S_d28d61236821,False,,STYLE-EXTENSION,Approve,False,Furniture > Chairs & Seating > Stools & Ottomans > Drafting Chairs & Office Stools :: price_band=$250–$400,Symple Stuff Caleb Vinyl Drafting Chair,399.99,https://www.wayfair.com/furniture/pdp/symple-stuff-caleb-ergonomic-drafting-chair-bloi4342.html?piid=30683514%2C30683516%2C30683521,Symple Stuff,True,False,blue,vinyl,traditional,0.39120631341600903,blue,S_d28d61236821,"Tempur-Pedic Healthcare Vinyl Drafting Stool with Footrest and Lumbar Support, Dark Grey (TP-HCSTLDLDGR)",459.99,https://www.staples.com/tempur-pedic-healthcare-vinyl-drafting-stool-with-footrest-and-lumbar-support-dark-grey-tp-hcstldldgr/product_24695066,grey,vinyl,,0.37965050732807215
W_BLOI3937,Furniture > Chairs & Seating > Stools & Ottomans > Drafting Chairs & Office Stools,Furniture > Chairs & Seating,0.5703703703703704,48.05755395683453,0.4676258992805755,0.5,0.8040527701377869,0.6,5,72.2431640625,1.05128336624016,0.6666666666666666,15,-0.010851183765501704,False,S_d28d61236821,False,,STYLE-EXTENSION,Approve,False,Furniture > Chairs & Seating > Stools & Ottomans > Drafting Chairs & Office Stools :: price_band=$400+,Symple Stuff Evangeline Drafting Chair,409.99,https://www.wayfair.com/furniture/pdp/symple-stuff-evangeline-drafting-chair-bloi3937.html?piid=30671895%2C30671902%2C30671903,Symple Stuff,True,False,yellow/orange,vinyl,,0.36879932356257045,yellow/orange,S_d28d61236821,"Tempur-Pedic Healthcare Vinyl Drafting Stool with Footrest and Lumbar Support, Dark Grey (TP-HCSTLDLDGR)",459.99,https://www.staples.com/tempur-pedic-healthcare-vinyl-drafting-stool-with-footrest-and-lumbar-support-dark-grey-tp-hcstldldgr/product_24695066,grey,vinyl,,0.37965050732807215
W_BLOI3499,Furniture > Chairs & Seating > Stools & Ottomans > Drafting Chairs & Office Stools,Furniture > Chairs & Seating,0.5703703703703704,48.05755395683453,0.4676258992805755,0.5,0.8040527701377869,0.6,5,72.2431640625,1.10256673248032,0.6666666666666666,15,-0.010851183765501704,False,S_d28d61236821,False,,STYLE-EXTENSION,Approve,False,Furniture > Chairs & Seating > Stools & Ottomans > Drafting Chairs & Office Stools :: price_band=$400+,Symple Stuff Aryana Vinyl Drafting Chair,429.99,https://www.wayfair.com/furniture/pdp/symple-stuff-aryana-bench-drafting-chair-bloi3499.html?piid=30671845%2C30671851%2C30671853,Symple Stuff,True,False,yellow/orange,vinyl,,0.36879932356257045,yellow/orange,S_d28d61236821,"Tempur-Pedic Healthcare Vinyl Drafting Stool with Footrest and Lumbar Support, Dark Grey (TP-HCSTLDLDGR)",459.99,https://www.staples.com/tempur-pedic-healthcare-vinyl-drafting-stool-with-footrest-and-lumbar-support-dark-grey-tp-hcstldldgr/product_24695066,grey,vinyl,,0.37965050732807215
W_BLOI1825,Furniture > Chairs & Seating > Stools & Ottomans > Drafting Chairs & Office Stools,Furniture > Chairs & Seating,0.8447121820615797,41.40287769784173,0.3567146282973621,0.5,0.7961931228637695,0.8,5,79.77159118652344,1.1210801114705788,0.6666666666666666,15,-0.09822435174746336,True,S_ac51766a10c0,False,,STYLE-EXTENSION,Approve,False,Furniture > Chairs & Seating > Stools & Ottomans > Drafting Chairs & Office Stools :: price_band=$250–$400,Symple Stuff Aryanna Drafting Chair,349.99,https://www.wayfair.com/furniture/pdp/symple-stuff-aryanna-drafting-chair-bloi1825.html?piid=30686225,Symple Stuff,True,False,metallic,faux leather,,0.3967023675310034,,S_ac51766a10c0,"Boss Caressoft Vinyl Medical/Drafting Stool with Back Cushion, Grey (B16245-GY",195.99,https://www.staples.com/boss-caressoft-vinyl-medical-drafting-stool-with-back-cushion-grey-b16245-gy/product_2859947,grey,vinyl,,0.49492671927846676
W_DBHC5912,Furniture > Chairs & Seating > Stools & Ottomans > Drafting Chairs & Office Stools,Furniture > Chairs & Seating,0.0,58.908872901678656,0.3567146282973621,0.9376498800959232,0.7961931228637695,0.8,5,79.77159118652344,1.2492072135558474,0.5,15,0.10625704622322438,True,S_d24a15f2259d,False,,STYLE-EXTENSION,Approve,False,Furniture > Chairs & Seating > Stools & Ottomans > Drafting Chairs & Office Stools :: price_band=$250–$400,Darby Home Co Chambers Drafting Chair,389.99,https://www.wayfair.com/furniture/pdp/darby-home-co-chambers-executive-chair-dbhc5912.html,Darby Home Co,True,False,black,leather,traditional,0.34174182638105977,,S_d24a15f2259d,"Workplace 2.0 Drafting Stool, Mesh, Ergonomic, Lumbar Support, Adjustable Height, Black",199.99,https://www.staples.com/union-scale-essentials-5-50m-fabric-mesh-task-stool-with-footrest-and-lumbar-support-black-un60992/product_24525435,black,fabric,,0.2354847801578354
W_BNKJ2286,Furniture > Chairs & Seating > Stools & Ottomans > Drafting Chairs & Office Stools,Furniture > Chairs & Seating,0.0,46.2589928057554,0.43764988009592326,0.5,0.7921283841133118,0.6666666666666666,6,74.19437408447266,0.9578450729505885,0.5,15,-0.04749154453213078,False,S_2ddf7842e221,False,,STYLE-EXTENSION,Approve,False,Furniture > Chairs & Seating > Stools & Ottomans > Drafting Chairs & Office Stools :: price_band=$250–$400,"Jea Drafting Stool, Seat Tilt Lock, Adjustable Arms, Black Crepe",373.55,https://www.wayfair.com/furniture/pdp/benjara-reza-swivel-drafting-stool-adjustable-arms-footring-bnkj2286.html?piid=128712386,Benjara,False,False,black,metal,,0.3051014656144307,black,S_2ddf7842e221,"Tempur-Pedic Fabric Drafting Chair with Backrest and Footrest with Lumbar Support, Black (TP8200-BLACK)",419.99,https://www.staples.com/tempur-pedic-mesh-back-fabric-drafting-stool-black-tp8200-black/product_953735,black,fabric,contemporary,0.35259301014656147
W_W011301740,Furniture > Desks > Office Desks > Computer,Furniture > Desks,0.6020343293070566,63.796992481203006,0.3966165413533835,1.0,0.7864931225776672,1.0,4,87.18959045410156,1.2810017920750458,1.0,15,-0.18242074927953894,True,S_7c97181becc1,False,,STYLE-EXTENSION,Approve,False,Furniture > Desks > Office Desks > Computer :: price_band=$300–$600,Amara Rattan Desk,579.0,https://www.wayfair.com/shop-product-type/pdp/beachcrest-home-amara-rattan-desk-w011301740.html?piid=1940626571,Beachcrest Home,True,False,black,wicker/rattan,boho/coastal,0.2873198847262248,black,S_7c97181becc1,"Regency Fusion 48"" Single Pedestal Computer Desk, Mahogany (MSP4824MH)",842.99,https://www.staples.com/Regency-Fusion-48-x-24-Single-Pedestal-Desk-Mahogany-MSP4824MH/product_2494013,brown/wood,engineered wood,modern,0.4697406340057637
W_W118418373,Furniture > Desks > Office Desks > Computer,Furniture > Desks,1.0,59.060150375939855,0.3176691729323308,1.0,0.7908242344856262,1.0,4,87.44945526123047,1.1061970397575167,1.0,15,-0.2037463976945245,False,S_2fdf74c2a90f,False,,STYLE-EXTENSION,Approve,False,Furniture > Desks > Office Desks > Computer :: price_band=$300–$600 · style_family=contemporary,Black 2-Drawer 7-Shelf Computer Desk With Hutch,499.99,https://www.wayfair.com/shop-product-type/pdp/latitude-run-black-2-drawer-7-shelf-computer-desk-with-hutch-w118418373.html,Latitude Run,True,False,black,,contemporary,0.010662824207492795,,S_2fdf74c2a90f,"Sauder Harbor View Computer Desk with Hutch, Salt Oak (415109)",402.99,https://www.staples.com/Sauder-Harbor-View-Computer-Desk-with-Hutch-A2-415109/product_2410414,brown/wood,metal,industrial,0.21440922190201728
W_W119939316,Furniture > Desks > Office Desks > Computer,Furniture > Desks,1.0,59.060150375939855,0.3176691729323308,1.0,0.7908242344856262,1.0,4,87.44945526123047,1.3274408725856766,1.0,15,-0.019308357348703148,False,S_2fdf74c2a90f,False,,STYLE-EXTENSION,Approve,False,Furniture > Desks > Office Desks > Computer :: price_band=$300–$600 · style_family=contemporary,Home Office Computer Desk With Hutch,599.99,https://www.wayfair.com/shop-product-type/pdp/corrigan-studio-home-office-computer-desk-with-hutch-w119939316.html?piid=962444883,Corrigan Studio,True,False,black,,contemporary,0.19510086455331413,black,S_2fdf74c2a90f,"Sauder Harbor View Computer Desk with Hutch, Salt Oak (415109)",402.99,https://www.staples.com/Sauder-Harbor-View-Computer-Desk-with-Hutch-A2-415109/product_2410414,brown/wood,metal,industrial,0.21440922190201728
W_W116124055,Furniture > Desks > Office Desks > Computer,Furniture > Desks,0.0,55.56390977443609,0.2593984962406015,1.0,0.7734125852584839,0.6,5,70.40475463867188,1.6352334430491204,1.0,4,-0.5576368876080692,False,S_6be539944461,False,,STYLE-EXTENSION,Approve,False,Furniture > Desks > Office Desks > Computer :: price_band=$600+ · style_family=contemporary,Ulloa 83-Inch L-Shaped Office Computer Desk,779.99,https://www.wayfair.com/shop-product-type/pdp/latitude-run-ulloa-83-inch-l-shaped-office-computer-desk-w116124055.html,Latitude Run,True,False,metallic,,contemporary,0.05648414985590778,,S_6be539944461,"Techni Mobili Modern L-Shaped Computer Desk with File Cabinet, Espresso (RTA-4804L-ES)",422.29,https://www.staples.com/techni-mobili-modern-l-shaped-computer-desk-with-file-cabinet-espresso-rta-4804l-es/product_24343243,brown/wood,engineered wood,modern,0.614121037463977
W_MCAP3424,Furniture > Desks > Office Desks > Computer,Furniture > Desks,1.0,55.112781954887225,0.2518796992481203,1.0,0.7859257459640503,1.0,5,87.15554809570312,1.1949726409358687,1.0,4,-0.6037463976945245,False,S_6be539944461,False,,STYLE-EXTENSION,Approve,False,Furniture > Desks > Office Desks > Computer :: price_band=$300–$600 · style_family=contemporary,"L-Shaped Computer Desk with Open Shelves, Cabinet & Drawers",569.99,https://www.wayfair.com/shop-product-type/pdp/ebern-designs-l-shaped-computer-desk-with-open-shelves-cabinet-drawers-mcap3424.html?piid=118343176,Ebern Designs,True,False,black,,contemporary,0.01037463976945245,black,S_6be539944461,"Techni Mobili Modern L-Shaped Computer Desk with File Cabinet, Espresso (RTA-4804L-ES)",422.29,https://www.staples.com/techni-mobili-modern-l-shaped-computer-desk-with-file-cabinet-espresso-rta-4804l-es/product_24343243,brown/wood,engineered wood,modern,0.614121037463977
W_W120353136,Furniture > Desks > Office Desks > Computer,Furniture > Desks,1.0,53.53383458646617,0.22556390977443608,1.0,0.7424607276916504,0.8333333333333334,6,77.8809814453125,1.2012637491223965,1.0,3,0.6066282420749279,True,S_49ea1a1c6464,False,,STYLE-EXTENSION,Approve,False,Furniture > Desks > Office Desks > Computer :: price_band=under $200 · style_family=modern · colour_tone=light-neutral,"Home Office Computer Desk, natural-toned Solid Bamboo, 41.33 x 21.65 Inch Rectangle Writing Table",153.99,https://www.wayfair.com/shop-product-type/pdp/corrigan-studio-home-office-computer-desk-natural-toned-solid-bamboo-4133-x-2165-inch-rectangle-writing-table-w120353136.html,Corrigan Studio,True,False,beige/cream,wood,modern,0.6890489913544668,,S_49ea1a1c6464,"Offices To Go Superior 21"" Desk Center Drawer, Artisan Gray (TDSL20CD-AGL)",128.19,https://www.staples.com/offices-to-go-superior-21-desk-center-drawer-artisan-gray-tdsl20cd-agl/product_24418402,grey,engineered wood,contemporary,0.08242074927953891
W_W117998942,Furniture > Desks > Office Desks > Computer,Furniture > Desks,0.3028953229398663,47.03007518796992,0.25093984962406013,0.7993421052631579,0.6994336843490601,0.8,5,73.96602630615234,0.8724093934273596,1.0,3,0.11498559077809795,True,S_106c1f63a75b,False,,STYLE-EXTENSION,Approve,False,Furniture > Desks > Office Desks > Computer :: price_band=$200–$300 · style_family=modern · colour_tone=light-neutral,"58"" Home Office Desk With Drawers, Executive Desk With Charging Station & Keyboard Tray, Modern Writing Desk With File Drawer & Storage Cabinet, Wood Computer Desk With Adjustable Shelf",252.99,https://www.wayfair.com/shop-product-type/pdp/inbox-zero-58-home-office-desk-with-drawers-executive-desk-with-charging-station-keyboard-tray-modern-writing-desk-with-file-drawer-storage-cabinet-wood-computer-desk-with-adjustable-shelf-w117998942.html?piid=2077175859,Inbox Zero,True,False,white,wood,modern,0.41354466858789624,white,S_106c1f63a75b,"Staples Kendall Park 58.5"" Double Pedestal Desk, Cherry Finish, Executive Office Desk with Storage Drawers & Spacious Worktop",199.99,https://www.staples.com/staples-kendall-park-double-pedestal-desk-cherry-52105/product_24290479,brown/wood,engineered wood,traditional,0.2985590778097983
W_W115074175,Furniture > Desks > Office Desks > Computer,Furniture > Desks,1.0,44.4110275689223,0.2518796992481203,0.7324561403508771,0.7859257459640503,1.0,5,87.15554809570312,0.859535839325772,1.0,4,-0.21383285302593658,False,S_6be539944461,False,,STYLE-EXTENSION,Approve,False,Furniture > Desks > Office Desks > Computer :: price_band=$300–$600 · style_family=contemporary · colour_tone=light-neutral,"L Shaped Desk with Charger,Computer Desk with Drawers,Bookshelf, with LED Light",409.99,https://www.wayfair.com/shop-product-type/pdp/brayden-studio-l-shaped-desk-with-chargercomputer-desk-with-drawersbookshelf-with-led-light-w115074175.html?piid=1943297372,Brayden Studio,True,False,white,,contemporary,0.4002881844380404,white,S_6be539944461,"Techni Mobili Modern L-Shaped Computer Desk with File Cabinet, Espresso (RTA-4804L-ES)",422.29,https://www.staples.com/techni-mobili-modern-l-shaped-computer-desk-with-file-cabinet-espresso-rta-4804l-es/product_24343243,brown/wood,engineered wood,modern,0.614121037463977
W_W122959028,Furniture > Desks > Office Desks > Executive,Furniture > Desks,1.0,45.92105263157895,0.09868421052631579,1.0,0.7761188745498657,1.0,4,86.56713104248047,2.5555771607939,1.0,3,0.1259365994236311,False,S_f1fe1bedaea3,False,,STYLE-EXTENSION,Approve,False,"Furniture > Desks > Office Desks > Executive :: price_band=$1,250+",The Homestead Executive Desk,1839.99,https://www.wayfair.com/shop-product-type/pdp/rosalind-wheeler-old-wood-desk-wdouble-drawers-w122959028.html,Rosalind Wheeler,False,False,,wood,farmhouse/rustic,0.8472622478386167,,S_f1fe1bedaea3,"Sauder Edge Water Executive Desk, Chalked Chestnut (418795)",725.69,https://www.staples.com/sauder-edge-water-executive-desk-chalked-chestnut-418795/product_2410339,brown/wood,wood,contemporary,0.7213256484149856
W_W117576891,Furniture > Desks > Office Desks > Executive,Furniture > Desks,0.03330486763450036,46.37218045112782,0.106203007518797,1.0,0.7623093128204346,0.75,4,75.73856353759766,3.436636706100059,0.8,8,-0.4812680115273775,False,S_f1fe1bedaea3,False,,STYLE-EXTENSION,Approve,False,"Furniture > Desks > Office Desks > Executive :: price_band=$1,250+ · style_family=modern",Picture color Half-circle Sintered Stone Executive Desk with drawers desk,2079.99,https://www.wayfair.com/shop-product-type/pdp/mercer41-picture-color-half-circle-sintered-stone-executive-desk-with-drawers-desk-w117576891.html?piid=1303017620,Mercer41,True,False,grey,metal,modern,0.24005763688760806,,S_f1fe1bedaea3,"Sauder Edge Water Executive Desk, Chalked Chestnut (418795)",725.69,https://www.staples.com/sauder-edge-water-executive-desk-chalked-chestnut-418795/product_2410339,brown/wood,wood,contemporary,0.7213256484149856
W_AGGR1098,Furniture > Desks > Office Desks > Executive,Furniture > Desks,0.0,40.789473684210535,0.013157894736842105,1.0,0.7290558815002441,0.75,4,73.74335479736328,2.137523060061675,0.8,5,0.13458213256484142,False,S_b3b267285b36,False,,STYLE-EXTENSION,Approve,False,"Furniture > Desks > Office Desks > Executive :: price_band=$1,250+",Jooseppi Credenza and Hutch Set,3140.0,https://www.wayfair.com/shop-product-type/pdp/canora-grey-jooseppi-credenza-and-hutch-set-aggr1098.html,Canora Grey,True,False,clear,engineered wood,traditional,0.7567723342939481,,S_b3b267285b36,"HON 10500 Series Bundle Solutions Left U-Station with Stack-On Storage, Mahogany, 72"" x 108""",2937.99,https://www.staples.com/hon-10500-series-bundle-solutions-left-u-station-with-stack-on-storage-mahogany-72-x-108/product_930126,brown/wood,engineered wood,contemporary,0.6221902017291067
W_W001863460,Furniture > Desks > Office Desks > Executive,Furniture > Desks,0.0,66.39097744360902,0.4398496240601504,1.0,0.7929769158363342,1.0,5,87.57862091064453,0.9161083856447046,0.6,15,-0.4250720461095101,False,S_4d8850856ffa,False,,STYLE-EXTENSION,Approve,False,"Furniture > Desks > Office Desks > Executive :: price_band=$400–$1,250 · style_family=contemporary",66.93?? Office Computer Executive Desk with Cabinet,521.0,https://www.wayfair.com/shop-product-type/pdp/alfa-furnishing-6693-office-computer-executive-desk-with-cabinet-w001863460.html?piid=300215392,ALFA Furnishing,False,False,grey,engineered wood,contemporary,0.30864553314121035,grey,S_4d8850856ffa,"Offices to Go Superior Laminate Executive Desk Bundle, American Mahogany (TDOTG1-AML)",1078.19,https://www.staples.com/Offices-to-Go-Superior-Laminate-Bundle-1-American-Mahogany-Laminate-66-W-x-96-L-x-29-5-H/product_70713,brown/wood,engineered wood,contemporary,0.7337175792507205
W_W120842207,Furniture > Desks > Office Desks > Executive,Furniture > Desks,0.0,63.7406015037594,0.3956766917293233,1.0,0.7859015464782715,0.8,5,79.15409851074219,1.1381004594095685,0.5333333333333334,14,-0.13948126801152738,True,S_d0f96f021f70,False,,STYLE-EXTENSION,Approve,False,"Furniture > Desks > Office Desks > Executive :: price_band=$400–$1,250 · style_family=modern · colour_tone=warm-neutral","Olivine 60""W Modern Solid Wood Executive Desk with Charging Station and Cable Management",819.99,https://www.wayfair.com/shop-product-type/pdp/everly-quinn-olivine-60w-modern-solid-wood-executive-desk-with-charging-station-and-cable-management-w120842207.html?piid=2090447207,Everly Quinn,True,False,brown/wood,wood,modern,0.6518731988472622,brown/wood,S_d0f96f021f70,"Sauder Heritage Hill 71""W Executive Desk, Classic Cherry (109843)",499.99,https://www.staples.com/sauder-heritage-hill-71-w-executive-desk-classic-cherry-109843/product_2410301,brown/wood,engineered wood,traditional,0.7913544668587896
W_W114955318,Furniture > Desks > Office Desks > Executive,Furniture > Desks,0.07667210440456762,69.15413533834587,0.4859022556390977,1.0,0.7777364253997803,0.8333333333333334,6,79.99752044677734,1.370804460620018,0.5,15,-0.15533141210374635,False,S_64f24881f168,False,,STYLE-EXTENSION,Approve,False,"Furniture > Desks > Office Desks > Executive :: price_band=$1,250+",Luxe Executive L-Shaped Desk With Digital Lock & Cable Management,1999.99,https://www.wayfair.com/shop-product-type/pdp/latitude-run-luxe-executive-l-shaped-desk-with-digital-lock-cable-management-w114955318.html?piid=290012761%2C290012765,Latitude Run,True,False,brown/wood,,glam,0.5838616714697407,brown/wood,S_64f24881f168,"Boss Office Products 71""W L-Shaped Executive Corner Desk with Dual Box/Box/File Storage Pedestals, Driftwood (GROUPA11-DW)",1138.69,https://www.staples.com/boss-office-products-71-w-l-shaped-executive-corner-desk-with-dual-box-box-file-storage-pedestals-driftwood-groupa11-dw/product_3092066,grey,engineered wood,contemporary,0.739193083573487
W_W118416737,Furniture > Desks > Office Desks > Executive,Furniture > Desks,0.0,68.13909774436091,0.46898496240601506,1.0,0.7714310884475708,0.6666666666666666,6,72.95252990722656,2.8786969067642683,0.5,15,-0.05158501440922192,False,S_64f24881f168,False,,STYLE-EXTENSION,Approve,False,"Furniture > Desks > Office Desks > Executive :: price_band=$1,250+ · style_family=modern · colour_tone=warm-neutral","94.49""Modern luxury brown L-shaped executive desk for office",4199.99,https://www.wayfair.com/shop-product-type/pdp/wrought-studio-modern-luxury-l-shaped-executive-desk-for-office-w118416737.html?piid=283431119,Wrought Studio,True,False,brown/wood,,modern,0.6876080691642651,,S_64f24881f168,"Boss Office Products 71""W L-Shaped Executive Corner Desk with Dual Box/Box/File Storage Pedestals, Driftwood (GROUPA11-DW)",1138.69,https://www.staples.com/boss-office-products-71-w-l-shaped-executive-corner-desk-with-dual-box-box-file-storage-pedestals-driftwood-groupa11-dw/product_3092066,grey,engineered wood,contemporary,0.739193083573487
W_WENB1311,Furniture > Desks > Office Desks > Executive,Furniture > Desks,0.0,51.127819548872175,0.45300751879699247,0.5986842105263158,0.7808394432067871,0.6666666666666666,6,73.51703643798828,1.4393450263538474,0.5,15,0.19077809798270895,True,S_eec02a3e7333,False,,STYLE-EXTENSION,Approve,False,"Furniture > Desks > Office Desks > Executive :: price_band=$1,250+",Brown U-Shaped Solid Wood desk,2099.99,https://www.wayfair.com/shop-product-type/pdp/wren-decors-brown-u-shaped-solid-wood-desk-wenb1311.html?piid=108839981,Wren Decors,False,False,brown/wood,wood,,0.47262247838616717,,S_eec02a3e7333,"Offices To Go Superior Laminate U-Shaped D-Island Desk, American Espresso (TDOTG5-AEL)",968.99,https://www.staples.com/offices-to-go-superior-laminate-u-shaped-d-island-desk-american-espresso-tdotg5-ael/product_1025970,brown/wood,engineered wood,,0.2818443804034582
W_FOW21975,Furniture > Desks > Office Desks > Other,Furniture > Desks,1.0,41.12781954887218,0.018796992481203006,1.0,0.5370205044746399,1.0,4,72.22122955322266,1.1252694370645144,1.0,3,0.03400576368876074,False,S_7744f06126b1,False,,STYLE-EXTENSION,Approve,False,Furniture > Desks > Office Desks > Other :: price_band=$175–$300 · style_family=farmhouse/rustic,Emmeline 1-Drawer Scallop Writing Desk,224.48,https://www.wayfair.com/shop-product-type/pdp/modway-emmeline-1-drawer-scallop-writing-desk-fow21975.html?piid=106714562,Modway,False,False,white,engineered wood,farmhouse/rustic,0.9469740634005763,white,S_7744f06126b1,"Winsome Studio Beech Wood Writing Desk With Hutch, Honey (99333)",149.99,https://www.staples.com/winsome-studio-beech-wood-writing-desk-with-hutch-honey/product_55901,brown/wood,wood,traditional,0.9129682997118156
W_W114337678,Furniture > Desks > Office Desks > Other,Furniture > Desks,1.0,41.12781954887218,0.018796992481203006,1.0,0.5370205044746399,1.0,4,72.22122955322266,2.355957692114893,1.0,3,-0.14899135446685885,False,S_7744f06126b1,False,,STYLE-EXTENSION,Approve,False,Furniture > Desks > Office Desks > Other :: price_band=$300–$700 · style_family=modern,"Modern Black Writing Desk Office Desk With 1 Drawer & 4 Open Shelves (64.2"")",469.99,https://www.wayfair.com/shop-product-type/pdp/orren-ellis-modern-black-writing-desk-office-desk-with-1-drawer-4-open-shelves-642-w114337678.html,Orren Ellis,True,False,black,engineered wood,modern,0.7639769452449567,,S_7744f06126b1,"Winsome Studio Beech Wood Writing Desk With Hutch, Honey (99333)",149.99,https://www.staples.com/winsome-studio-beech-wood-writing-desk-with-hutch-honey/product_55901,brown/wood,wood,traditional,0.9129682997118156
W_W001717051,Furniture > Desks > Office Desks > Other,Furniture > Desks,0.4701670644391408,41.12781954887218,0.018796992481203006,1.0,0.5370200872421265,1.0,4,72.22120666503906,1.2832222166524638,1.0,3,0.012103746397694515,False,S_7744f06126b1,False,,STYLE-EXTENSION,Approve,False,Furniture > Desks > Office Desks > Other :: price_band=$175–$300 · style_family=mid-century,Spero Writing Desk,255.99,https://www.wayfair.com/shop-product-type/pdp/mercury-row-spero-desk-w001717051.html?piid=161734005,Mercury Row,True,False,white,engineered wood,mid-century,0.9250720461095101,white,S_7744f06126b1,"Winsome Studio Beech Wood Writing Desk With Hutch, Honey (99333)",149.99,https://www.staples.com/winsome-studio-beech-wood-writing-desk-with-hutch-honey/product_55901,brown/wood,wood,traditional,0.9129682997118156
W_W116156831,Furniture > Desks > Office Desks > Other,Furniture > Desks,1.0,41.12781954887218,0.018796992481203006,1.0,0.5370205044746399,1.0,4,72.22122955322266,1.9048072585091984,1.0,3,-0.10201729106628243,False,S_7744f06126b1,False,,STYLE-EXTENSION,Approve,False,Furniture > Desks > Office Desks > Other :: price_band=$300–$700 · style_family=modern,Verster Natural & Black Finish Writing Desk W/USB,379.99,https://www.wayfair.com/shop-product-type/pdp/latitude-run-verster-natural-black-finish-writing-desk-wusb-w116156831.html?piid=900600173,Latitude Run,True,False,beige/cream,metal,modern,0.8109510086455332,white,S_7744f06126b1,"Winsome Studio Beech Wood Writing Desk With Hutch, Honey (99333)",149.99,https://www.staples.com/winsome-studio-beech-wood-writing-desk-with-hutch-honey/product_55901,brown/wood,wood,traditional,0.9129682997118156
W_W121414665,Furniture > Desks > Office Desks > Other,Furniture > Desks,0.4701670644391408,41.12781954887218,0.018796992481203006,1.0,0.5370205044746399,1.0,4,72.22122955322266,0.8821996090029576,1.0,3,-0.11729106628242081,False,S_7744f06126b1,False,,STYLE-EXTENSION,Approve,False,Furniture > Desks > Office Desks > Other :: price_band=$175–$300 · style_family=contemporary,Amiel All Purpose Writing Desk with Ample Storage and Sleek Design for Home or Office Use,175.99,https://www.wayfair.com/shop-product-type/pdp/ebern-designs-amiel-all-purpose-writing-desk-with-spacious-wooden-top-and-eight-open-compartments-perfect-for-modern-workspaces-w121414665.html?piid=420274703,Ebern Designs,True,False,grey,metal,contemporary,0.7956772334293948,grey,S_7744f06126b1,"Winsome Studio Beech Wood Writing Desk With Hutch, Honey (99333)",149.99,https://www.staples.com/winsome-studio-beech-wood-writing-desk-with-hutch-honey/product_55901,brown/wood,wood,traditional,0.9129682997118156
W_W116123180,Furniture > Desks > Office Desks > Other,Furniture > Desks,0.12598425196850394,41.12781954887218,0.018796992481203006,1.0,0.5370200872421265,1.0,4,72.22120666503906,1.654168128728257,1.0,3,-0.17089337175792507,False,S_7744f06126b1,False,,STYLE-EXTENSION,Approve,False,Furniture > Desks > Office Desks > Other :: price_band=$300–$700 · style_family=contemporary,Providence 3-Drawer Writing Desk With Open Compartment Light Gray,329.99,https://www.wayfair.com/shop-product-type/pdp/latitude-run-providence-3-drawer-writing-desk-with-open-compartment-light-gray-w116123180.html,Latitude Run,True,False,grey,engineered wood,contemporary,0.7420749279538905,,S_7744f06126b1,"Winsome Studio Beech Wood Writing Desk With Hutch, Honey (99333)",149.99,https://www.staples.com/winsome-studio-beech-wood-writing-desk-with-hutch-honey/product_55901,brown/wood,wood,traditional,0.9129682997118156
W_W115704775,Furniture > Desks > Office Desks > Other,Furniture > Desks,1.0,40.84586466165413,0.014097744360902255,1.0,0.6032376885414124,1.0,5,76.19425964355469,2.666777785185679,1.0,3,-0.0377521613832853,False,S_ef16a59a5873,False,,STYLE-EXTENSION,Approve,False,Furniture > Desks > Office Desks > Other :: price_band=$300–$700 · style_family=contemporary,Contemporary White Marble-impression Writing Desk With Elements And Functional Storage Sophisticated Table Marble-effect Surface Base,399.99,https://www.wayfair.com/shop-product-type/pdp/ivy-bronx-contemporary-white-marble-impression-writing-desk-with-elements-and-functional-storage-sophisticated-table-marble-effect-surface-base-w115704775.html,Ivy Bronx,True,False,white,metal,contemporary,0.8438040345821326,,S_ef16a59a5873,"Winsome Brighton 28""W Wood Rectangular Writing Area and Hutch, Walnut (94628)",199.49,https://www.staples.com/winsome-high-desk-with-flip-out-writing-area-and-hutch-walnut-94628/product_2073071,brown/wood,wood,,0.8815561959654179
W_W006114255,Furniture > Desks > Office Desks > Other,Furniture > Desks,1.0,40.84586466165413,0.014097744360902255,1.0,0.6032376885414124,1.0,5,76.19425964355469,1.1600106673778252,1.0,3,0.04438040345821326,False,S_ef16a59a5873,False,,STYLE-EXTENSION,Approve,False,Furniture > Desks > Office Desks > Other :: price_band=under $175,Allegonda Glass Frame Writing Desk with 1 Drawer,173.99,https://www.wayfair.com/shop-product-type/pdp/wade-logan-allegonda-glass-frame-writing-desk-with-1-drawer-w006114255.html?piid=544214120,Wade Logan,True,False,white,glass,glam,0.9259365994236312,white,S_ef16a59a5873,"Winsome Brighton 28""W Wood Rectangular Writing Area and Hutch, Walnut (94628)",199.49,https://www.staples.com/winsome-high-desk-with-flip-out-writing-area-and-hutch-walnut-94628/product_2073071,brown/wood,wood,,0.8815561959654179
W_W114679178,Furniture > Desks > Office Desks > Table,Furniture > Desks,0.3571428571428571,40.526315789473685,0.34210526315789475,0.5,0.74982750415802,0.8,5,76.98965454101562,5.816418255725568,1.0,6,0.0377521613832853,False,S_9ad04d349a9f,False,,STYLE-EXTENSION,Approve,False,"Furniture > Desks > Office Desks > Table :: price_band=$1,000+",Haskell,1759.99,https://www.wayfair.com/shop-product-type/pdp/red-barrel-studio-haskell-w114679178.html?piid=1310900724,Red Barrel Studio,True,False,,,,0.18559077809798272,,S_9ad04d349a9f,"Bestar Universel 48""W Laminated Wood Table Desk, Bark Grey (65855-47)",278.29,https://www.staples.com/bestar-universel-48-table-desk-bark-grey-65855-47/product_24478502,grey,engineered wood,modern,0.14783861671469742
W_W100642171,Furniture > Desks > Office Desks > Table,Furniture > Desks,0.0,86.63533834586465,0.7772556390977443,1.0,0.7909024357795715,0.8333333333333334,6,80.78748321533203,2.5860910243950648,0.75,15,0.02247838616714698,False,S_7a0e457e02aa,False,,STYLE-EXTENSION,Approve,False,"Furniture > Desks > Office Desks > Table :: price_band=$1,000+",Elsabe 70'' W Rectangular Standard Desk,1569.99,https://www.wayfair.com/shop-product-type/pdp/wildon-home-elsabe-70-w-rectangular-standard-desk-w100642171.html,Wildon Home,True,False,black,,traditional,0.3080691642651297,,S_7a0e457e02aa,"HON Mod 60""W x 30""D Single-Pedestal Desk, Gray (HLPLDS60PSSL1)",630.99,https://www.staples.com/hon-mod-60-table-desk-gray-hlplds60pssl1/product_24530255,brown/wood,engineered wood,traditional,0.2855907780979827
W_W009569208,Furniture > Desks > Office Desks > Table,Furniture > Desks,0.0,46.37218045112782,0.106203007518797,1.0,0.7773404717445374,1.0,6,86.64042663574219,1.089756008960465,0.7,3,-0.17406340057636893,False,S_f97b7e2fcde4,False,,STYLE-EXTENSION,Approve,False,"Furniture > Desks > Office Desks > Table :: price_band=$350–$1,000",Parven Rectangular Credenza Shell,359.99,https://www.wayfair.com/shop-product-type/pdp/inbox-zero-parven-rectangular-credenza-shell-w009569208.html?piid=1122078214%2C1126591689,Inbox Zero,True,False,green,engineered wood,minimalist,0.6193083573487032,green,S_f97b7e2fcde4,"Offices To Go Superior 60"" Credenza Shell, Autumn Walnut (TDSL6024CSAWL)",330.34000000000003,https://www.staples.com/offices-to-go-superior-60-credenza-shell-autumn-walnut-tdsl6024csawl/product_24455270,brown/wood,engineered wood,contemporary,0.7933717579250721
W_W119935289,Furniture > Desks > Office Desks > Table,Furniture > Desks,0.0,54.661654135338345,0.24436090225563908,1.0,0.6786148548126221,1.0,4,80.7168960571289,1.2022069199074334,0.6666666666666666,3,-0.04956772334293952,False,S_8130dd2d0c1c,False,,STYLE-EXTENSION,Approve,False,"Furniture > Desks > Office Desks > Table :: price_band=$350–$1,000","Computer Desk, Home Office, Laptop, Storage Drawers, 48""L, Work, Brown Laminate, Black Metal, Transitional",425.99,https://www.wayfair.com/shop-product-type/pdp/corrigan-studio-computer-desk-home-office-laptop-storage-drawers-48l-work-brown-laminate-black-metal-transitional-w119935289.html?piid=653113122,Corrigan Studio,True,False,black,engineered wood,transitional,0.4723342939481268,brown/wood,S_8130dd2d0c1c,"Sauder Craft Pro Series Work Table, Mystic Oak (427456)",749.99,https://www.staples.com/sauder-craft-pro-series-work-table-mystic-oak-427456/product_24698742,brown/wood,engineered wood,,0.5219020172910663
W_AGTG1196,Furniture > Desks > Office Desks > Table,Furniture > Desks,0.7615894039735099,38.27067669172932,0.30451127819548873,0.5,0.6314593553543091,1.0,3,77.88756561279297,1.3828244059377996,0.6666666666666666,3,-0.0002881844380403509,True,S_bda258224f76,False,,STYLE-EXTENSION,Approve,False,"Furniture > Desks > Office Desks > Table :: price_band=$350–$1,000",Newville Solid Wood Solid Wood Computer Desk,489.99,https://www.wayfair.com/shop-product-type/pdp/august-grove-newville-solid-wood-desk-agtg1196.html,August Grove,False,False,,wood,contemporary,0.5795389048991354,,S_bda258224f76,"Boss Office Products Simple System 36""W Meeting Table, Driftwood (S401)",309.99,https://www.staples.com/boss-office-products-simple-system-36-w-meeting-table-driftwood-s401/product_24766388,grey,engineered wood,contemporary,0.5798270893371757
W_W111078620,Furniture > Desks > Office Desks > Table,Furniture > Desks,0.3571428571428571,58.27067669172933,0.30451127819548873,1.0,0.6314593553543091,1.0,3,77.88756561279297,0.9030592086696393,0.6,3,-0.21383285302593658,False,S_bda258224f76,False,,STYLE-EXTENSION,Approve,False,Furniture > Desks > Office Desks > Table :: price_band=$200–$350 · style_family=contemporary,Milimir Modular Computer Desk,319.99,https://www.wayfair.com/shop-product-type/pdp/hokku-designs-milimir-4724-w-rectangle-computer-desk-w111078620.html,Hokku Designs,True,False,beige/cream,metal,contemporary,0.3659942363112392,,S_bda258224f76,"Boss Office Products Simple System 36""W Meeting Table, Driftwood (S401)",309.99,https://www.staples.com/boss-office-products-simple-system-36-w-meeting-table-driftwood-s401/product_24766388,grey,engineered wood,contemporary,0.5798270893371757
W_W111455088,Furniture > Desks > Office Desks > Table,Furniture > Desks,0.7615894039735099,54.661654135338345,0.24436090225563908,1.0,0.6786148548126221,1.0,4,80.7168960571289,0.8945927640119659,0.6,3,-0.028818443804034533,True,S_a9b2c2a8c8da,False,,STYLE-EXTENSION,Approve,False,Furniture > Desks > Office Desks > Table :: price_band=$200–$350 · style_family=contemporary,Mendi Adjustable Height Glass Plastic / Acrylic Drafting Table,316.99,https://www.wayfair.com/shop-product-type/pdp/ivy-bronx-mendi-3-drawer-drafting-desk-champagne-w111455088.html,Ivy Bronx,True,False,beige/cream,glass,contemporary,0.41268011527377524,,S_a9b2c2a8c8da,"Safco Mirella SOHO 36""W Table Desk with Drawer, White Ash (5512WAH)",354.34000000000003,https://www.staples.com/safco-mirella-soho-36-w-table-desk-with-drawer-white-ash-5512wah/product_24541789,grey,engineered wood,contemporary,0.44149855907780977
W_W114196156,Furniture > Desks > Office Desks > Table,Furniture > Desks,0.0,60.150375939849624,0.6691729323308271,0.5,0.7900950312614441,0.8,5,79.40570068359375,8.615564865440602,0.5,10,0.13717579250720463,False,S_529a678a73b6,False,,STYLE-EXTENSION,Approve,False,"Furniture > Desks > Office Desks > Table :: price_band=$1,000+",European style creative light luxury desk,3639.99,https://www.wayfair.com/shop-product-type/pdp/hokku-designs-european-style-creative-light-luxury-desk-w114196156.html?piid=1032485025%2C1032485027,Hokku Designs,True,False,grey,,scandinavian,0.37694524495677234,grey,S_529a678a73b6,"Bush Furniture Somerset 60""W Office Desk with Lateral File Cabinet and 5 Shelf Bookcase, Storm Gray (SET013SG)",1171.75,https://www.staples.com/bush-furniture-somerset-60-w-office-desk-with-lateral-file-cabinet-and-5-shelf-bookcase-storm-gray-set013sg/product_24457564,grey,engineered wood,transitional,0.2397694524495677
W_W119991665,Furniture > Desks > Office Desks > Workstations,Furniture > Desks,1.0,80.37593984962406,0.6729323308270677,1.0,0.7940011620521545,1.0,4,87.64006805419922,2.6829473530165,1.0,15,0.06599423631123918,False,S_c18731635f9e,False,,STYLE-EXTENSION,Approve,False,"Furniture > Desks > Office Desks > Workstations :: price_band=$1,250+ · style_family=minimalist",Pamalia,2199.99,https://www.wayfair.com/shop-product-type/pdp/inbox-zero-pamalia-w119991665.html,Inbox Zero,True,False,,,minimalist,0.3253602305475504,,S_c18731635f9e,"Boss Office Products Simple System 60"" Office Desk with Pedestal, Driftwood (SGSD002-201)",649.99,https://www.staples.com/boss-office-products-simple-system-60-office-desk-with-pedestal-driftwood-sgsd002-201/product_24766069,grey,engineered wood,contemporary,0.25936599423631124
W_W119991647,Furniture > Desks > Office Desks > Workstations,Furniture > Desks,1.0,80.37593984962406,0.6729323308270677,1.0,0.7940011620521545,1.0,4,87.64006805419922,2.560994646276174,1.0,15,0.06599423631123918,False,S_c18731635f9e,False,,STYLE-EXTENSION,Approve,False,"Furniture > Desks > Office Desks > Workstations :: price_band=$1,250+ · style_family=minimalist",Pamalia,2099.99,https://www.wayfair.com/shop-product-type/pdp/inbox-zero-pamalia-w119991647.html,Inbox Zero,True,False,,,minimalist,0.3253602305475504,,S_c18731635f9e,"Boss Office Products Simple System 60"" Office Desk with Pedestal, Driftwood (SGSD002-201)",649.99,https://www.staples.com/boss-office-products-simple-system-60-office-desk-with-pedestal-driftwood-sgsd002-201/product_24766069,grey,engineered wood,contemporary,0.25936599423631124
W_OOKE1001,Furniture > Desks > Office Desks > Workstations,Furniture > Desks,1.0,68.0827067669173,0.4680451127819549,1.0,0.7940008640289307,1.0,4,87.64005279541016,1.3953534343422598,1.0,15,-0.2276657060518732,False,S_b8e125729c99,False,,STYLE-EXTENSION,Approve,False,"Furniture > Desks > Office Desks > Workstations :: price_band=$400–$1,250 · style_family=modern",4-Person Benching Workstation,1199.99,https://www.wayfair.com/shop-office-spaces/pdp/taokelai-4-person-benching-workstation-ooke1001.html,TAOKELAI,False,False,,,modern,0.05763688760806916,,S_b8e125729c99,"Boss Office Products Simple System 71"" Side-by-Side Double Desks, Driftwood (SGSD005-203)",819.99,https://www.staples.com/boss-office-products-simple-system-71-side-by-side-double-desks-driftwood-sgsd005-203/product_24766099,grey,engineered wood,contemporary,0.28530259365994237
W_W121880712,Furniture > Desks > Office Desks > Workstations,Furniture > Desks,1.0,60.37593984962406,0.6729323308270677,0.5,0.7940011620521545,1.0,4,87.64006805419922,1.4303851947493007,1.0,15,-0.20806916426512967,False,S_c18731635f9e,False,,STYLE-EXTENSION,Approve,False,"Furniture > Desks > Office Desks > Workstations :: price_band=$400–$1,250",Terra Marble Top Round Desk,1129.99,https://www.wayfair.com/shop-product-type/pdp/ebern-designs-terra-marble-top-round-desk-w121880712.html,Ebern Designs,True,False,,,boho/coastal,0.051296829971181554,,S_c18731635f9e,"Boss Office Products Simple System 60"" Office Desk with Pedestal, Driftwood (SGSD002-201)",649.99,https://www.staples.com/boss-office-products-simple-system-60-office-desk-with-pedestal-driftwood-sgsd002-201/product_24766069,grey,engineered wood,contemporary,0.25936599423631124
W_W114854157,Furniture > Desks > Office Desks > Workstations,Furniture > Desks,0.0,57.81954887218046,0.29699248120300753,1.0,0.7289462089538574,0.8,5,75.73677062988281,1.0847256314830944,1.0,3,0.19740634005763688,False,S_ffb562a10e3f,False,,STYLE-EXTENSION,Approve,False,Furniture > Desks > Office Desks > Workstations :: price_band=under $200 · style_family=modern,"Yaak Desk, 1 Drawer, 4 Legs, Natural Oak - Office",136.99,https://www.wayfair.com/shop-product-type/pdp/ebern-designs-yaak-desk-1-drawer-4-legs-w114854157.html,Ebern Designs,True,False,brown/wood,,modern,0.21988472622478386,,S_ffb562a10e3f,"Ameriwood Home Parsons 39"" W Desk with Drawer, Black Oak (9178396)",126.29,https://www.staples.com/ameriwood-home-parsons-39-w-desk-with-drawer-black-oak-9178396/product_310217,black,engineered wood,minimalist,0.022478386167146973
W_W118389845,Furniture > Desks > Office Desks > Workstations,Furniture > Desks,1.0,56.93609022556391,0.6156015037593985,0.5,0.782250165939331,1.0,4,86.93501281738281,1.4936771351536096,1.0,15,-0.010662824207492802,True,S_32eb2d296650,False,,STYLE-EXTENSION,Approve,False,"Furniture > Desks > Office Desks > Workstations :: price_band=$400–$1,250",E7B4AD9B73C645EA8353C794CD4904F6,1179.99,https://www.wayfair.com/shop-product-type/pdp/canora-grey-e7b4ad9b73c645ea8353c794cd4904f6-w118389845.html,Canora Grey,True,False,,wood,traditional,0.09711815561959654,,S_32eb2d296650,"Boss Office Products Simple System 71"" Side-by-Side Double Desks with Two Pedestals, White (SGSD006-203-WT)",1289.99,https://www.staples.com/boss-office-products-simple-system-71-side-by-side-double-desks-with-two-pedestals-white-sgsd006-203-wt/product_24766110,white,engineered wood,contemporary,0.10778097982708934
W_DCEG1078,Furniture > Desks > Office Desks > Workstations,Furniture > Desks,1.0,49.02255639097744,0.15037593984962405,1.0,0.6674843430519104,1.0,5,80.04906463623047,0.8734161191913822,1.0,3,-0.20518731988472624,False,S_ce02e5797774,False,,STYLE-EXTENSION,Approve,False,"Furniture > Desks > Office Desks > Workstations :: price_band=$400–$1,250 · style_family=modern","78.7"" Modern L-Shaped Desk with Metal Frame",689.99,https://www.wayfair.com/shop-office-spaces/pdp/direct-marketplace-787-modern-l-shaped-desk-with-metal-frame-dceg1078.html,Direct Marketplace,False,False,,metal,modern,0.032853025936599424,,S_ce02e5797774,"Boss Office Products Simple System 66"" L-Shaped Desk with Return and Pedestal, Driftwood (SGSD029-202)",799.99,https://www.staples.com/boss-office-products-simple-system-66-l-shaped-desk-with-return-and-pedestal-driftwood-sgsd029-202/product_24766360,grey,engineered wood,contemporary,0.23804034582132566
W_W117792235,Furniture > Desks > Office Desks > Workstations,Furniture > Desks,0.0,97.96992481203007,0.9661654135338346,1.0,0.7940011620521545,1.0,5,87.64006805419922,1.009174396095377,0.8,15,0.14092219020172908,True,S_0be91f8772bd,False,,STYLE-EXTENSION,Approve,False,"Furniture > Desks > Office Desks > Workstations :: price_band=$400–$1,250 · style_family=modern",Modern and simple solid wood desk,1099.99,https://www.wayfair.com/shop-product-type/pdp/east-urban-home-modern-and-simple-solid-wood-desk-w117792235.html?piid=1580863242,East Urban Home,True,False,clear,wood,modern,0.31873198847262246,,S_0be91f8772bd,"Boss Office Products Simple System 71""W Desk, White, 4/Set (SGSD015-203-WT)",2839.99,https://www.staples.com/boss-office-products-simple-system-71-w-desk-white-4-set-sgsd015-203-wt/product_24766216,white,engineered wood,contemporary,0.17780979827089338
W_W121295003,Furniture > Desks > Sit & Stand Desks,Furniture > Desks,1.0,55.56390977443609,0.2593984962406015,1.0,0.7857385873794556,0.8,5,79.14431762695312,1.4385646486239396,0.6666666666666666,7,0.2334293948126801,True,S_2611435669a6,False,,STYLE-EXTENSION,Approve,False,Furniture > Desks > Sit & Stand Desks :: price_band=$600+,"70.9-Inch Electric Height Adjustable Executive Standing Desk with 4 Push-to-Open Drawers, Built-In Power Outlet and Double Pedestal Wood Base for Home Office",1069.99,https://www.wayfair.com/shop-product-type/pdp/ebern-designs-709-inch-electric-height-adjustable-executive-standing-desk-with-4-push-to-open-drawers-built-in-power-outlet-and-double-pedestal-wood-base-for-home-office-w121295003.html,Ebern Designs,True,False,,wood,modern,0.8481268011527378,,S_2611435669a6,"Workplace 2.0 55"" Electric Standing Desk, Espresso/Gray Steel, Adjustable Height Sit-Stand Desk with Micro-Movement",399.99,https://www.staples.com/workplace-2-0-55-w-electric-rectangular-adjustable-standing-desk-with-micro-movements-espresso-wp63152/product_24623232,brown/wood,engineered wood,modern,0.6146974063400577
W_W121077117,Furniture > Desks > Sit & Stand Desks,Furniture > Desks,0.0,43.79699248120301,0.3966165413533835,0.5,0.7546128034591675,0.8333333333333334,6,78.610107421875,2.840763661058451,0.6,15,0.08645533141210376,False,S_e41acb18de02,False,,STYLE-EXTENSION,Approve,False,Furniture > Desks > Sit & Stand Desks :: price_band=$600+,"62.99""Minimalist Sintered Stone Tabletop with Three Drawers and Electric Height-Adjustable Feature Desk",2969.99,https://www.wayfair.com/shop-product-type/pdp/wrought-studio-minimalist-sintered-stone-tabletop-with-three-drawers-and-electric-height-adjustable-feature-desk-w121077117.html?piid=740458959,Wrought Studio,True,False,grey,metal,minimalist,0.32305475504322767,,S_e41acb18de02,"Bush Business Furniture Office 500 72""W Adjustable Desk with Storage and Bookcase, Storm Gray (OF5006SGSU)",2030.99,https://www.staples.com/bush-business-furniture-office-500-72-w-adjustable-desk-with-storage-and-bookcase-storm-gray-of5006sgsu/product_24430498,grey,engineered wood,modern,0.2365994236311239
W_W118351226,Furniture > Desks > Sit & Stand Desks,Furniture > Desks,0.0,66.2406015037594,0.7706766917293233,0.5,0.7939996719360352,0.8333333333333334,6,80.97331237792969,1.8687307439769685,0.5,15,-0.37896253602305474,False,S_db67026af9ea,False,,STYLE-EXTENSION,Approve,False,Furniture > Desks > Sit & Stand Desks :: price_band=$300–$600 · colour_tone=light-neutral,"32 in. White Height Adjustable Standing Desk Converter with Anti Fatigue Mat, Dual Monitor and Gas Spring Tray System",369.99,https://www.wayfair.com/shop-product-type/pdp/wrought-studio-32-in-black-height-adjustable-standing-desk-converter-with-anti-fatigue-mat-dual-monitor-and-gas-spring-tray-system-w118351226.html?piid=1982970476,Wrought Studio,True,False,white,,,0.5115273775216138,white,S_db67026af9ea,"Union & Scale Essentials 24"" Adjustable Mobile Standing Desk, Natural, Compact Sit-Stand Workstation on Wheels",99.99,https://www.staples.com/union-scale-essentials-24-w-adjustable-standing-mobile-desk-natural-un60413-cc/product_24503862,brown/wood,engineered wood,contemporary,0.8904899135446686
W_W118387785,Furniture > Desks > Sit & Stand Desks,Furniture > Desks,0.0,60.6015037593985,0.6766917293233082,0.5,0.7940005660057068,0.6666666666666666,6,74.30670166015625,3.1250265628320353,0.5,15,0.10547550432276653,False,S_1e77e5853438,False,,STYLE-EXTENSION,Approve,False,Furniture > Desks > Sit & Stand Desks :: price_band=$600+,Modern Luxury Leather Dual-Motor Electric Height-Adjustable Desk (With Drawer Cabinet) – 3 Desktop Options Available,2499.99,https://www.wayfair.com/shop-product-type/pdp/wrought-studio-modern-luxury-leather-dual-motor-electric-height-adjustable-desk-with-drawer-cabinet-3-desktop-options-available-w118387785.html?piid=1502721281,Wrought Studio,True,False,white,leather,modern,0.9025936599423631,,S_1e77e5853438,"LifeFlo Ergonomics Height Adjustable Desk, 60"" W x 30"" D x 1 1/8"" Thick, White (LFO-6030-E2-WH)",1213.99,https://www.staples.com/lifeflo-ergonomics-height-adjustable-desk-60-w-x-30-d-x-1-1-8-thick-white-lfo-6030-e2-wh/product_24294681,white,,contemporary,0.7971181556195965
W_W112436522,Furniture > Desks > Sit & Stand Desks,Furniture > Desks,0.03563941299790352,58.27067669172933,0.30451127819548873,1.0,0.6983017325401306,0.8,5,73.89810180664062,1.2500089288903176,0.5,15,0.34899135446685875,True,S_ab20906ee973,False,,STYLE-EXTENSION,Approve,False,Furniture > Desks > Sit & Stand Desks :: price_band=$300–$600 · colour_tone=light-neutral,"Glass Standing Desk with Writable Surface and Built-In Storage Drawers, Adjustable Height",349.99,https://www.wayfair.com/shop-product-type/pdp/latitude-run-glass-standing-desk-with-writable-surface-and-built-in-storage-drawers-adjustable-height-w112436522.html?piid=614875031%2C615160082,,False,False,white,glass,minimalist,0.8406340057636887,white,S_ab20906ee973,"FlexiSpot EW8 48""W Rectangular Adjustable Metal Standing Desk, White (EW8W)",328.79,https://www.staples.com/flexispot-ew8-48-w-adjustable-standing-desk-white-ew8w/product_24572667,white,engineered wood,,0.49164265129683
W_W117679409,Furniture > Desks > Sit & Stand Desks,Furniture > Desks,0.3263363436660971,54.51127819548872,0.5902255639097744,0.47744360902255645,0.7890334129333496,0.8571428571428571,7,81.62772369384766,1.39152682812668,0.5,15,0.2259365994236311,True,S_4f2d6a83566c,False,,STYLE-EXTENSION,Approve,False,Furniture > Desks > Sit & Stand Desks :: price_band=$600+ · colour_tone=dark-neutral,"L-Shaped Electric Height Adjustable Standing Desk, Black Leather Surface Corner Gaming & Home Office Computer Desk with Built-in Power Outlet",2199.99,https://www.wayfair.com/shop-product-type/pdp/east-urban-home-black-l-shaped-leather-standing-desk-w117679409.html?piid=404001651%2C404001653,East Urban Home,True,False,black,leather,gaming,0.7881844380403458,,S_4f2d6a83566c,"FlexiSpot E7L Series 76""W Electric L-Shaped Adjustable Standing Desk, Black/White (E7LW557624B)",899.99,https://www.staples.com/flexispot-e7l-series-76-w-electric-l-shaped-adjustable-standing-desk-black-white-e7lw557624b/product_24615658,black,engineered wood,,0.5622478386167147
W_W118373943,Furniture > Desks > Sit & Stand Desks,Furniture > Desks,0.1775923718712754,54.00375939849624,0.5667293233082706,0.5,0.7940018177032471,1.0,6,87.6401138305664,1.7603281021761115,0.5,15,0.10086455331412103,False,S_77179ec404c4,False,,STYLE-EXTENSION,Approve,False,Furniture > Desks > Sit & Stand Desks :: price_band=$300–$600 · colour_tone=light-neutral,46 in. Beige Height Adjustable Standing Desk Converter with Anti Fatigue Mat Triple Monitor Riser Keyboard Tray,469.99,https://www.wayfair.com/shop-product-type/pdp/latitude-run-46-in-beige-height-adjustable-standing-desk-converter-with-anti-fatigue-mat-triple-monitor-riser-keyboard-tray-w118373943.html?piid=264480306%2C264480307,Latitude Run,True,False,beige/cream,,,0.6763688760806916,beige/cream,S_77179ec404c4,"Rocelco 46""W Large Standing Desk Converter, Stand Up Triple Monitor Riser, White (R DADRW-46)",283.99,https://www.staples.com/rocelco-46-w-large-standing-desk-converter-stand-up-triple-monitor-riser-white-r-dadrw-46/product_24563280,white,engineered wood,gaming,0.5755043227665706
W_UCZF1352,Furniture > Desks > Sit & Stand Desks,Furniture > Desks,0.03563941299790352,48.402255639097746,0.1400375939849624,1.0,0.643796980381012,0.8333333333333334,6,71.96115112304688,1.2748737824468357,0.5,15,0.03170028818443804,False,S_c5c6f2a05468,False,,STYLE-EXTENSION,Approve,False,Furniture > Desks > Sit & Stand Desks :: price_band=$175–$300 · colour_tone=warm-neutral,"44"" Corner Standing Desk Converter DESK-V000VC Series",249.99,https://www.wayfair.com/shop-product-type/pdp/vivo-44-corner-standing-desk-converter-desk-v000vc-series-uczf1352.html?piid=93617807,Vivo,False,False,brown/wood,,minimalist,0.7429394812680116,brown/wood,S_c5c6f2a05468,"Mount-It! 30""W Manual Rectangular Adjustable Standing Desk Converter, Dark Walnut Woodgrain (MI-15006S)",206.99,https://www.staples.com/mount-it-30-w-manual-rectangular-adjustable-standing-desk-converter-dark-walnut-woodgrain-mi-15006s/product_24606166,brown/wood,engineered wood,traditional,0.7112391930835735
